ISO-10303-21;
HEADER;
/* Generated by software containing ST-Developer
 * from STEP Tools, Inc. (www.steptools.com) 
 */
/* OPTION: using custom renumber hook */

FILE_DESCRIPTION(
/* description */ ('STEP AP214'),
/* implementation_level */ '2;1');

FILE_NAME(
/* name */ '2716-102',
/* time_stamp */ '2025-10-12T05:26:37+02:00',
/* author */ ('License CC BY-ND 4.0'),
/* organization */ ('CADENAS'),
/* preprocessor_version */ 'ST-DEVELOPER v19.3',
/* originating_system */ 'PARTsolutions',
/* authorisation */ '  ');

FILE_SCHEMA (('AUTOMOTIVE_DESIGN {1 0 10303 214 3 1 1}'));
ENDSEC;

DATA;
#10=PROPERTY_DEFINITION_REPRESENTATION(#14,#12);
#11=PROPERTY_DEFINITION_REPRESENTATION(#15,#13);
#12=REPRESENTATION('',(#16),#5970);
#13=REPRESENTATION('',(#17),#5970);
#14=PROPERTY_DEFINITION('pmi validation property','',#5975);
#15=PROPERTY_DEFINITION('pmi validation property','',#5975);
#16=VALUE_REPRESENTATION_ITEM('number of annotations',COUNT_MEASURE(0.));
#17=VALUE_REPRESENTATION_ITEM('number of views',COUNT_MEASURE(0.));
#18=SHAPE_REPRESENTATION_RELATIONSHIP('','',#4088,#19);
#19=ADVANCED_BREP_SHAPE_REPRESENTATION('',(#4086),#5970);
#20=CONICAL_SURFACE('',#4219,1.45,0.982793723247329);
#21=CONICAL_SURFACE('',#4224,1.45,0.982793723247329);
#22=CONICAL_SURFACE('',#4229,4.7,0.380506377112361);
#23=CONICAL_SURFACE('',#4234,4.7,0.380506377112361);
#24=B_SPLINE_CURVE_WITH_KNOTS('',3,(#5343,#5344,#5345,#5346,#5347),
 .UNSPECIFIED.,.F.,.F.,(4,1,4),(5.71121529856364E-7,0.00191409018353315,
0.00382760924553644),.UNSPECIFIED.);
#25=B_SPLINE_CURVE_WITH_KNOTS('',3,(#5360,#5361,#5362,#5363,#5364),
 .UNSPECIFIED.,.F.,.F.,(4,1,4),(5.71121529859269E-7,0.00191409018353315,
0.00382760924553644),.UNSPECIFIED.);
#26=PLANE('',#4097);
#27=PLANE('',#4098);
#28=PLANE('',#4106);
#29=PLANE('',#4107);
#30=PLANE('',#4108);
#31=PLANE('',#4109);
#32=PLANE('',#4113);
#33=PLANE('',#4117);
#34=PLANE('',#4121);
#35=PLANE('',#4125);
#36=PLANE('',#4126);
#37=PLANE('',#4127);
#38=PLANE('',#4128);
#39=PLANE('',#4129);
#40=PLANE('',#4130);
#41=PLANE('',#4131);
#42=PLANE('',#4132);
#43=PLANE('',#4133);
#44=PLANE('',#4134);
#45=PLANE('',#4138);
#46=PLANE('',#4139);
#47=PLANE('',#4140);
#48=PLANE('',#4141);
#49=PLANE('',#4142);
#50=PLANE('',#4146);
#51=PLANE('',#4147);
#52=PLANE('',#4155);
#53=PLANE('',#4159);
#54=PLANE('',#4160);
#55=PLANE('',#4161);
#56=PLANE('',#4162);
#57=PLANE('',#4163);
#58=PLANE('',#4164);
#59=PLANE('',#4165);
#60=PLANE('',#4166);
#61=PLANE('',#4167);
#62=PLANE('',#4168);
#63=PLANE('',#4169);
#64=PLANE('',#4170);
#65=PLANE('',#4171);
#66=PLANE('',#4172);
#67=PLANE('',#4173);
#68=PLANE('',#4174);
#69=PLANE('',#4175);
#70=PLANE('',#4176);
#71=PLANE('',#4177);
#72=PLANE('',#4178);
#73=PLANE('',#4179);
#74=PLANE('',#4180);
#75=PLANE('',#4181);
#76=PLANE('',#4182);
#77=PLANE('',#4183);
#78=PLANE('',#4184);
#79=PLANE('',#4185);
#80=PLANE('',#4186);
#81=PLANE('',#4187);
#82=PLANE('',#4188);
#83=PLANE('',#4189);
#84=PLANE('',#4190);
#85=PLANE('',#4191);
#86=PLANE('',#4192);
#87=PLANE('',#4193);
#88=PLANE('',#4194);
#89=PLANE('',#4195);
#90=PLANE('',#4196);
#91=PLANE('',#4197);
#92=PLANE('',#4198);
#93=PLANE('',#4199);
#94=PLANE('',#4200);
#95=PLANE('',#4201);
#96=PLANE('',#4202);
#97=PLANE('',#4203);
#98=PLANE('',#4204);
#99=PLANE('',#4205);
#100=PLANE('',#4206);
#101=PLANE('',#4207);
#102=PLANE('',#4208);
#103=PLANE('',#4210);
#104=PLANE('',#4213);
#105=PLANE('',#4214);
#106=PLANE('',#4216);
#107=PLANE('',#4223);
#108=PLANE('',#4228);
#109=PLANE('',#4233);
#110=PLANE('',#4238);
#111=PLANE('',#4239);
#112=PLANE('',#4240);
#113=PLANE('',#4241);
#114=PLANE('',#4242);
#115=PLANE('',#4243);
#116=PLANE('',#4244);
#117=PLANE('',#4245);
#118=PLANE('',#4246);
#119=PLANE('',#4247);
#120=PLANE('',#4248);
#121=PLANE('',#4249);
#122=PLANE('',#4250);
#123=PLANE('',#4251);
#124=PLANE('',#4252);
#125=PLANE('',#4253);
#126=PLANE('',#4254);
#127=PLANE('',#4255);
#128=PLANE('',#4256);
#129=PLANE('',#4258);
#130=PLANE('',#4259);
#131=PLANE('',#4261);
#132=PLANE('',#4264);
#133=PLANE('',#4265);
#134=PLANE('',#4271);
#135=PLANE('',#4275);
#136=PLANE('',#4276);
#137=PLANE('',#4278);
#138=PLANE('',#4281);
#139=PLANE('',#4282);
#140=PLANE('',#4288);
#141=PLANE('',#4292);
#142=PLANE('',#4293);
#143=PLANE('',#4295);
#144=PLANE('',#4297);
#145=PLANE('',#4299);
#146=PLANE('',#4300);
#147=PLANE('',#4303);
#148=PLANE('',#4304);
#149=PLANE('',#4305);
#150=PLANE('',#4307);
#151=PLANE('',#4309);
#152=PLANE('',#4310);
#153=PLANE('',#4313);
#154=PLANE('',#4314);
#155=CIRCLE('',#4091,5.6);
#156=CIRCLE('',#4092,5.6);
#157=CIRCLE('',#4093,5.6);
#158=CIRCLE('',#4094,5.6);
#159=CIRCLE('',#4095,5.6);
#160=CIRCLE('',#4096,5.6);
#161=CIRCLE('',#4100,5.6);
#162=CIRCLE('',#4101,5.6);
#163=CIRCLE('',#4102,5.6);
#164=CIRCLE('',#4103,5.6);
#165=CIRCLE('',#4104,5.6);
#166=CIRCLE('',#4105,5.6);
#167=CIRCLE('',#4111,5.);
#168=CIRCLE('',#4112,5.);
#169=CIRCLE('',#4115,2.00000000000001);
#170=CIRCLE('',#4116,2.00000000000001);
#171=CIRCLE('',#4119,5.);
#172=CIRCLE('',#4120,5.);
#173=CIRCLE('',#4123,2.00000000000001);
#174=CIRCLE('',#4124,2.00000000000001);
#175=CIRCLE('',#4136,2.00000000000003);
#176=CIRCLE('',#4137,2.00000000000003);
#177=CIRCLE('',#4144,2.00000000000009);
#178=CIRCLE('',#4145,2.00000000000009);
#179=CIRCLE('',#4148,4.7);
#180=CIRCLE('',#4149,4.7);
#181=CIRCLE('',#4150,1.45);
#182=CIRCLE('',#4151,1.45);
#183=CIRCLE('',#4153,5.);
#184=CIRCLE('',#4154,5.);
#185=CIRCLE('',#4157,2.00000000000001);
#186=CIRCLE('',#4158,2.00000000000001);
#187=CIRCLE('',#4209,0.299999999999991);
#188=CIRCLE('',#4211,0.299999999999991);
#189=CIRCLE('',#4215,0.299999999999991);
#190=CIRCLE('',#4217,0.299999999999991);
#191=CIRCLE('',#4220,1.15);
#192=CIRCLE('',#4222,1.15);
#193=CIRCLE('',#4225,1.15);
#194=CIRCLE('',#4227,1.15);
#195=CIRCLE('',#4230,4.5);
#196=CIRCLE('',#4232,4.5);
#197=CIRCLE('',#4235,4.5);
#198=CIRCLE('',#4237,4.5);
#199=CIRCLE('',#4257,10.0000000000001);
#200=CIRCLE('',#4260,10.0000000000001);
#201=CIRCLE('',#4262,4.99999999999999);
#202=CIRCLE('',#4263,10.0000000000001);
#203=CIRCLE('',#4267,10.0000000000001);
#204=CIRCLE('',#4269,0.499999999999998);
#205=CIRCLE('',#4270,0.499999999999998);
#206=CIRCLE('',#4273,0.499999999999997);
#207=CIRCLE('',#4274,0.499999999999997);
#208=CIRCLE('',#4277,4.99999999999999);
#209=CIRCLE('',#4279,4.99999999999999);
#210=CIRCLE('',#4280,10.0000000000001);
#211=CIRCLE('',#4284,10.0000000000001);
#212=CIRCLE('',#4286,0.499999999999998);
#213=CIRCLE('',#4287,0.499999999999998);
#214=CIRCLE('',#4290,0.499999999999997);
#215=CIRCLE('',#4291,0.499999999999997);
#216=CIRCLE('',#4294,4.99999999999999);
#217=CIRCLE('',#4296,4.99999999999999);
#218=CIRCLE('',#4302,4.99999999999999);
#219=CIRCLE('',#4306,4.99999999999999);
#220=CIRCLE('',#4312,4.99999999999999);
#221=ORIENTED_EDGE('',*,*,#1047,.F.);
#222=ORIENTED_EDGE('',*,*,#1048,.T.);
#223=ORIENTED_EDGE('',*,*,#1049,.F.);
#224=ORIENTED_EDGE('',*,*,#1050,.T.);
#225=ORIENTED_EDGE('',*,*,#1051,.T.);
#226=ORIENTED_EDGE('',*,*,#1052,.F.);
#227=ORIENTED_EDGE('',*,*,#1053,.T.);
#228=ORIENTED_EDGE('',*,*,#1054,.T.);
#229=ORIENTED_EDGE('',*,*,#1055,.F.);
#230=ORIENTED_EDGE('',*,*,#1056,.F.);
#231=ORIENTED_EDGE('',*,*,#1057,.T.);
#232=ORIENTED_EDGE('',*,*,#1058,.T.);
#233=ORIENTED_EDGE('',*,*,#1059,.F.);
#234=ORIENTED_EDGE('',*,*,#1060,.F.);
#235=ORIENTED_EDGE('',*,*,#1061,.F.);
#236=ORIENTED_EDGE('',*,*,#1062,.T.);
#237=ORIENTED_EDGE('',*,*,#1063,.F.);
#238=ORIENTED_EDGE('',*,*,#1064,.F.);
#239=ORIENTED_EDGE('',*,*,#1051,.F.);
#240=ORIENTED_EDGE('',*,*,#1065,.T.);
#241=ORIENTED_EDGE('',*,*,#1066,.F.);
#242=ORIENTED_EDGE('',*,*,#1058,.F.);
#243=ORIENTED_EDGE('',*,*,#1067,.F.);
#244=ORIENTED_EDGE('',*,*,#1062,.F.);
#245=ORIENTED_EDGE('',*,*,#1068,.F.);
#246=ORIENTED_EDGE('',*,*,#1069,.T.);
#247=ORIENTED_EDGE('',*,*,#1070,.F.);
#248=ORIENTED_EDGE('',*,*,#1071,.T.);
#249=ORIENTED_EDGE('',*,*,#1072,.T.);
#250=ORIENTED_EDGE('',*,*,#1073,.F.);
#251=ORIENTED_EDGE('',*,*,#1074,.T.);
#252=ORIENTED_EDGE('',*,*,#1075,.T.);
#253=ORIENTED_EDGE('',*,*,#1076,.F.);
#254=ORIENTED_EDGE('',*,*,#1077,.F.);
#255=ORIENTED_EDGE('',*,*,#1078,.T.);
#256=ORIENTED_EDGE('',*,*,#1079,.T.);
#257=ORIENTED_EDGE('',*,*,#1080,.F.);
#258=ORIENTED_EDGE('',*,*,#1081,.F.);
#259=ORIENTED_EDGE('',*,*,#1082,.F.);
#260=ORIENTED_EDGE('',*,*,#1083,.T.);
#261=ORIENTED_EDGE('',*,*,#1084,.F.);
#262=ORIENTED_EDGE('',*,*,#1085,.F.);
#263=ORIENTED_EDGE('',*,*,#1072,.F.);
#264=ORIENTED_EDGE('',*,*,#1086,.T.);
#265=ORIENTED_EDGE('',*,*,#1087,.F.);
#266=ORIENTED_EDGE('',*,*,#1079,.F.);
#267=ORIENTED_EDGE('',*,*,#1088,.F.);
#268=ORIENTED_EDGE('',*,*,#1083,.F.);
#269=ORIENTED_EDGE('',*,*,#1089,.F.);
#270=ORIENTED_EDGE('',*,*,#1090,.T.);
#271=ORIENTED_EDGE('',*,*,#1091,.F.);
#272=ORIENTED_EDGE('',*,*,#1092,.F.);
#273=ORIENTED_EDGE('',*,*,#1093,.T.);
#274=ORIENTED_EDGE('',*,*,#1094,.T.);
#275=ORIENTED_EDGE('',*,*,#1095,.F.);
#276=ORIENTED_EDGE('',*,*,#1096,.F.);
#277=ORIENTED_EDGE('',*,*,#1097,.T.);
#278=ORIENTED_EDGE('',*,*,#1098,.T.);
#279=ORIENTED_EDGE('',*,*,#1099,.F.);
#280=ORIENTED_EDGE('',*,*,#1100,.T.);
#281=ORIENTED_EDGE('',*,*,#1101,.F.);
#282=ORIENTED_EDGE('',*,*,#1102,.F.);
#283=ORIENTED_EDGE('',*,*,#1103,.F.);
#284=ORIENTED_EDGE('',*,*,#1104,.T.);
#285=ORIENTED_EDGE('',*,*,#1105,.T.);
#286=ORIENTED_EDGE('',*,*,#1106,.F.);
#287=ORIENTED_EDGE('',*,*,#1107,.F.);
#288=ORIENTED_EDGE('',*,*,#1106,.T.);
#289=ORIENTED_EDGE('',*,*,#1108,.T.);
#290=ORIENTED_EDGE('',*,*,#1109,.F.);
#291=ORIENTED_EDGE('',*,*,#1110,.F.);
#292=ORIENTED_EDGE('',*,*,#1109,.T.);
#293=ORIENTED_EDGE('',*,*,#1111,.T.);
#294=ORIENTED_EDGE('',*,*,#1097,.F.);
#295=ORIENTED_EDGE('',*,*,#1112,.F.);
#296=ORIENTED_EDGE('',*,*,#1113,.F.);
#297=ORIENTED_EDGE('',*,*,#1114,.T.);
#298=ORIENTED_EDGE('',*,*,#1115,.T.);
#299=ORIENTED_EDGE('',*,*,#1116,.F.);
#300=ORIENTED_EDGE('',*,*,#1117,.F.);
#301=ORIENTED_EDGE('',*,*,#1118,.F.);
#302=ORIENTED_EDGE('',*,*,#1119,.T.);
#303=ORIENTED_EDGE('',*,*,#1120,.T.);
#304=ORIENTED_EDGE('',*,*,#1121,.F.);
#305=ORIENTED_EDGE('',*,*,#1122,.F.);
#306=ORIENTED_EDGE('',*,*,#1121,.T.);
#307=ORIENTED_EDGE('',*,*,#1123,.T.);
#308=ORIENTED_EDGE('',*,*,#1124,.F.);
#309=ORIENTED_EDGE('',*,*,#1125,.F.);
#310=ORIENTED_EDGE('',*,*,#1124,.T.);
#311=ORIENTED_EDGE('',*,*,#1126,.T.);
#312=ORIENTED_EDGE('',*,*,#1114,.F.);
#313=ORIENTED_EDGE('',*,*,#1127,.T.);
#314=ORIENTED_EDGE('',*,*,#1128,.T.);
#315=ORIENTED_EDGE('',*,*,#1129,.F.);
#316=ORIENTED_EDGE('',*,*,#1130,.T.);
#317=ORIENTED_EDGE('',*,*,#1131,.T.);
#318=ORIENTED_EDGE('',*,*,#1132,.T.);
#319=ORIENTED_EDGE('',*,*,#1127,.F.);
#320=ORIENTED_EDGE('',*,*,#1133,.T.);
#321=ORIENTED_EDGE('',*,*,#1134,.T.);
#322=ORIENTED_EDGE('',*,*,#1135,.T.);
#323=ORIENTED_EDGE('',*,*,#1131,.F.);
#324=ORIENTED_EDGE('',*,*,#1136,.F.);
#325=ORIENTED_EDGE('',*,*,#1137,.T.);
#326=ORIENTED_EDGE('',*,*,#1138,.T.);
#327=ORIENTED_EDGE('',*,*,#1134,.F.);
#328=ORIENTED_EDGE('',*,*,#1139,.T.);
#329=ORIENTED_EDGE('',*,*,#1140,.T.);
#330=ORIENTED_EDGE('',*,*,#1141,.T.);
#331=ORIENTED_EDGE('',*,*,#1137,.F.);
#332=ORIENTED_EDGE('',*,*,#1142,.T.);
#333=ORIENTED_EDGE('',*,*,#1143,.T.);
#334=ORIENTED_EDGE('',*,*,#1144,.T.);
#335=ORIENTED_EDGE('',*,*,#1145,.F.);
#336=ORIENTED_EDGE('',*,*,#1146,.T.);
#337=ORIENTED_EDGE('',*,*,#1147,.T.);
#338=ORIENTED_EDGE('',*,*,#1148,.T.);
#339=ORIENTED_EDGE('',*,*,#1143,.F.);
#340=ORIENTED_EDGE('',*,*,#1149,.T.);
#341=ORIENTED_EDGE('',*,*,#1150,.T.);
#342=ORIENTED_EDGE('',*,*,#1151,.T.);
#343=ORIENTED_EDGE('',*,*,#1147,.F.);
#344=ORIENTED_EDGE('',*,*,#1152,.F.);
#345=ORIENTED_EDGE('',*,*,#1153,.T.);
#346=ORIENTED_EDGE('',*,*,#1154,.T.);
#347=ORIENTED_EDGE('',*,*,#1150,.F.);
#348=ORIENTED_EDGE('',*,*,#1155,.T.);
#349=ORIENTED_EDGE('',*,*,#1156,.T.);
#350=ORIENTED_EDGE('',*,*,#1157,.T.);
#351=ORIENTED_EDGE('',*,*,#1153,.F.);
#352=ORIENTED_EDGE('',*,*,#1158,.T.);
#353=ORIENTED_EDGE('',*,*,#1159,.F.);
#354=ORIENTED_EDGE('',*,*,#1160,.F.);
#355=ORIENTED_EDGE('',*,*,#1161,.F.);
#356=ORIENTED_EDGE('',*,*,#1162,.T.);
#357=ORIENTED_EDGE('',*,*,#1163,.T.);
#358=ORIENTED_EDGE('',*,*,#1164,.F.);
#359=ORIENTED_EDGE('',*,*,#1165,.F.);
#360=ORIENTED_EDGE('',*,*,#1166,.F.);
#361=ORIENTED_EDGE('',*,*,#1091,.T.);
#362=ORIENTED_EDGE('',*,*,#1167,.F.);
#363=ORIENTED_EDGE('',*,*,#1168,.T.);
#364=ORIENTED_EDGE('',*,*,#1169,.T.);
#365=ORIENTED_EDGE('',*,*,#1101,.T.);
#366=ORIENTED_EDGE('',*,*,#1170,.F.);
#367=ORIENTED_EDGE('',*,*,#1171,.T.);
#368=ORIENTED_EDGE('',*,*,#1172,.T.);
#369=ORIENTED_EDGE('',*,*,#1116,.T.);
#370=ORIENTED_EDGE('',*,*,#1173,.T.);
#371=ORIENTED_EDGE('',*,*,#1174,.F.);
#372=ORIENTED_EDGE('',*,*,#1175,.F.);
#373=ORIENTED_EDGE('',*,*,#1176,.F.);
#374=ORIENTED_EDGE('',*,*,#1177,.F.);
#375=ORIENTED_EDGE('',*,*,#1178,.F.);
#376=ORIENTED_EDGE('',*,*,#1179,.F.);
#377=ORIENTED_EDGE('',*,*,#1180,.F.);
#378=ORIENTED_EDGE('',*,*,#1181,.F.);
#379=ORIENTED_EDGE('',*,*,#1182,.F.);
#380=ORIENTED_EDGE('',*,*,#1183,.F.);
#381=ORIENTED_EDGE('',*,*,#1184,.F.);
#382=ORIENTED_EDGE('',*,*,#1185,.F.);
#383=ORIENTED_EDGE('',*,*,#1186,.F.);
#384=ORIENTED_EDGE('',*,*,#1182,.T.);
#385=ORIENTED_EDGE('',*,*,#1187,.T.);
#386=ORIENTED_EDGE('',*,*,#1178,.T.);
#387=ORIENTED_EDGE('',*,*,#1188,.F.);
#388=ORIENTED_EDGE('',*,*,#1189,.F.);
#389=ORIENTED_EDGE('',*,*,#1190,.F.);
#390=ORIENTED_EDGE('',*,*,#1191,.F.);
#391=ORIENTED_EDGE('',*,*,#1192,.F.);
#392=ORIENTED_EDGE('',*,*,#1189,.T.);
#393=ORIENTED_EDGE('',*,*,#1193,.F.);
#394=ORIENTED_EDGE('',*,*,#1194,.F.);
#395=ORIENTED_EDGE('',*,*,#1195,.F.);
#396=ORIENTED_EDGE('',*,*,#1196,.T.);
#397=ORIENTED_EDGE('',*,*,#1197,.T.);
#398=ORIENTED_EDGE('',*,*,#1198,.F.);
#399=ORIENTED_EDGE('',*,*,#1199,.F.);
#400=ORIENTED_EDGE('',*,*,#1185,.T.);
#401=ORIENTED_EDGE('',*,*,#1200,.T.);
#402=ORIENTED_EDGE('',*,*,#1174,.T.);
#403=ORIENTED_EDGE('',*,*,#1201,.T.);
#404=ORIENTED_EDGE('',*,*,#1196,.F.);
#405=ORIENTED_EDGE('',*,*,#1202,.T.);
#406=ORIENTED_EDGE('',*,*,#1203,.F.);
#407=ORIENTED_EDGE('',*,*,#1204,.F.);
#408=ORIENTED_EDGE('',*,*,#1198,.T.);
#409=ORIENTED_EDGE('',*,*,#1205,.T.);
#410=ORIENTED_EDGE('',*,*,#1162,.F.);
#411=ORIENTED_EDGE('',*,*,#1206,.F.);
#412=ORIENTED_EDGE('',*,*,#1203,.T.);
#413=ORIENTED_EDGE('',*,*,#1207,.F.);
#414=ORIENTED_EDGE('',*,*,#1208,.T.);
#415=ORIENTED_EDGE('',*,*,#1209,.F.);
#416=ORIENTED_EDGE('',*,*,#1210,.F.);
#417=ORIENTED_EDGE('',*,*,#1160,.T.);
#418=ORIENTED_EDGE('',*,*,#1211,.F.);
#419=ORIENTED_EDGE('',*,*,#1166,.T.);
#420=ORIENTED_EDGE('',*,*,#1212,.F.);
#421=ORIENTED_EDGE('',*,*,#1164,.T.);
#422=ORIENTED_EDGE('',*,*,#1213,.T.);
#423=ORIENTED_EDGE('',*,*,#1119,.F.);
#424=ORIENTED_EDGE('',*,*,#1214,.F.);
#425=ORIENTED_EDGE('',*,*,#1215,.F.);
#426=ORIENTED_EDGE('',*,*,#1216,.T.);
#427=ORIENTED_EDGE('',*,*,#1104,.F.);
#428=ORIENTED_EDGE('',*,*,#1217,.F.);
#429=ORIENTED_EDGE('',*,*,#1218,.T.);
#430=ORIENTED_EDGE('',*,*,#1219,.T.);
#431=ORIENTED_EDGE('',*,*,#1209,.T.);
#432=ORIENTED_EDGE('',*,*,#1220,.T.);
#433=ORIENTED_EDGE('',*,*,#1221,.F.);
#434=ORIENTED_EDGE('',*,*,#1222,.F.);
#435=ORIENTED_EDGE('',*,*,#1221,.T.);
#436=ORIENTED_EDGE('',*,*,#1223,.T.);
#437=ORIENTED_EDGE('',*,*,#1224,.F.);
#438=ORIENTED_EDGE('',*,*,#1225,.F.);
#439=ORIENTED_EDGE('',*,*,#1224,.T.);
#440=ORIENTED_EDGE('',*,*,#1226,.T.);
#441=ORIENTED_EDGE('',*,*,#1093,.F.);
#442=ORIENTED_EDGE('',*,*,#1227,.F.);
#443=ORIENTED_EDGE('',*,*,#1092,.T.);
#444=ORIENTED_EDGE('',*,*,#1183,.T.);
#445=ORIENTED_EDGE('',*,*,#1186,.T.);
#446=ORIENTED_EDGE('',*,*,#1199,.T.);
#447=ORIENTED_EDGE('',*,*,#1204,.T.);
#448=ORIENTED_EDGE('',*,*,#1206,.T.);
#449=ORIENTED_EDGE('',*,*,#1161,.T.);
#450=ORIENTED_EDGE('',*,*,#1210,.T.);
#451=ORIENTED_EDGE('',*,*,#1222,.T.);
#452=ORIENTED_EDGE('',*,*,#1225,.T.);
#453=ORIENTED_EDGE('',*,*,#1227,.T.);
#454=ORIENTED_EDGE('',*,*,#1115,.F.);
#455=ORIENTED_EDGE('',*,*,#1126,.F.);
#456=ORIENTED_EDGE('',*,*,#1123,.F.);
#457=ORIENTED_EDGE('',*,*,#1120,.F.);
#458=ORIENTED_EDGE('',*,*,#1213,.F.);
#459=ORIENTED_EDGE('',*,*,#1163,.F.);
#460=ORIENTED_EDGE('',*,*,#1205,.F.);
#461=ORIENTED_EDGE('',*,*,#1202,.F.);
#462=ORIENTED_EDGE('',*,*,#1197,.F.);
#463=ORIENTED_EDGE('',*,*,#1201,.F.);
#464=ORIENTED_EDGE('',*,*,#1173,.F.);
#465=ORIENTED_EDGE('',*,*,#1228,.F.);
#466=ORIENTED_EDGE('',*,*,#1229,.T.);
#467=ORIENTED_EDGE('',*,*,#1230,.T.);
#468=ORIENTED_EDGE('',*,*,#1231,.T.);
#469=ORIENTED_EDGE('',*,*,#1232,.F.);
#470=ORIENTED_EDGE('',*,*,#1233,.T.);
#471=ORIENTED_EDGE('',*,*,#1234,.T.);
#472=ORIENTED_EDGE('',*,*,#1235,.T.);
#473=ORIENTED_EDGE('',*,*,#1236,.F.);
#474=ORIENTED_EDGE('',*,*,#1237,.T.);
#475=ORIENTED_EDGE('',*,*,#1238,.T.);
#476=ORIENTED_EDGE('',*,*,#1239,.T.);
#477=ORIENTED_EDGE('',*,*,#1240,.F.);
#478=ORIENTED_EDGE('',*,*,#1241,.T.);
#479=ORIENTED_EDGE('',*,*,#1242,.T.);
#480=ORIENTED_EDGE('',*,*,#1243,.T.);
#481=ORIENTED_EDGE('',*,*,#1176,.T.);
#482=ORIENTED_EDGE('',*,*,#1244,.F.);
#483=ORIENTED_EDGE('',*,*,#1194,.T.);
#484=ORIENTED_EDGE('',*,*,#1245,.T.);
#485=ORIENTED_EDGE('',*,*,#1177,.T.);
#486=ORIENTED_EDGE('',*,*,#1245,.F.);
#487=ORIENTED_EDGE('',*,*,#1193,.T.);
#488=ORIENTED_EDGE('',*,*,#1188,.T.);
#489=ORIENTED_EDGE('',*,*,#1175,.T.);
#490=ORIENTED_EDGE('',*,*,#1200,.F.);
#491=ORIENTED_EDGE('',*,*,#1195,.T.);
#492=ORIENTED_EDGE('',*,*,#1244,.T.);
#493=ORIENTED_EDGE('',*,*,#1246,.F.);
#494=ORIENTED_EDGE('',*,*,#1247,.T.);
#495=ORIENTED_EDGE('',*,*,#1248,.T.);
#496=ORIENTED_EDGE('',*,*,#1249,.T.);
#497=ORIENTED_EDGE('',*,*,#1250,.F.);
#498=ORIENTED_EDGE('',*,*,#1251,.T.);
#499=ORIENTED_EDGE('',*,*,#1252,.T.);
#500=ORIENTED_EDGE('',*,*,#1253,.T.);
#501=ORIENTED_EDGE('',*,*,#1254,.F.);
#502=ORIENTED_EDGE('',*,*,#1255,.T.);
#503=ORIENTED_EDGE('',*,*,#1256,.T.);
#504=ORIENTED_EDGE('',*,*,#1257,.T.);
#505=ORIENTED_EDGE('',*,*,#1258,.F.);
#506=ORIENTED_EDGE('',*,*,#1259,.T.);
#507=ORIENTED_EDGE('',*,*,#1260,.T.);
#508=ORIENTED_EDGE('',*,*,#1261,.T.);
#509=ORIENTED_EDGE('',*,*,#1180,.T.);
#510=ORIENTED_EDGE('',*,*,#1262,.F.);
#511=ORIENTED_EDGE('',*,*,#1191,.T.);
#512=ORIENTED_EDGE('',*,*,#1263,.T.);
#513=ORIENTED_EDGE('',*,*,#1181,.T.);
#514=ORIENTED_EDGE('',*,*,#1263,.F.);
#515=ORIENTED_EDGE('',*,*,#1190,.T.);
#516=ORIENTED_EDGE('',*,*,#1184,.T.);
#517=ORIENTED_EDGE('',*,*,#1179,.T.);
#518=ORIENTED_EDGE('',*,*,#1187,.F.);
#519=ORIENTED_EDGE('',*,*,#1192,.T.);
#520=ORIENTED_EDGE('',*,*,#1262,.T.);
#521=ORIENTED_EDGE('',*,*,#1243,.F.);
#522=ORIENTED_EDGE('',*,*,#1264,.T.);
#523=ORIENTED_EDGE('',*,*,#1265,.F.);
#524=ORIENTED_EDGE('',*,*,#1266,.F.);
#525=ORIENTED_EDGE('',*,*,#1267,.T.);
#526=ORIENTED_EDGE('',*,*,#1268,.F.);
#527=ORIENTED_EDGE('',*,*,#1269,.F.);
#528=ORIENTED_EDGE('',*,*,#1265,.T.);
#529=ORIENTED_EDGE('',*,*,#1241,.F.);
#530=ORIENTED_EDGE('',*,*,#1270,.F.);
#531=ORIENTED_EDGE('',*,*,#1268,.T.);
#532=ORIENTED_EDGE('',*,*,#1271,.T.);
#533=ORIENTED_EDGE('',*,*,#1270,.T.);
#534=ORIENTED_EDGE('',*,*,#1240,.T.);
#535=ORIENTED_EDGE('',*,*,#1266,.T.);
#536=ORIENTED_EDGE('',*,*,#1269,.T.);
#537=ORIENTED_EDGE('',*,*,#1242,.F.);
#538=ORIENTED_EDGE('',*,*,#1271,.F.);
#539=ORIENTED_EDGE('',*,*,#1267,.F.);
#540=ORIENTED_EDGE('',*,*,#1264,.F.);
#541=ORIENTED_EDGE('',*,*,#1261,.F.);
#542=ORIENTED_EDGE('',*,*,#1272,.T.);
#543=ORIENTED_EDGE('',*,*,#1273,.F.);
#544=ORIENTED_EDGE('',*,*,#1274,.F.);
#545=ORIENTED_EDGE('',*,*,#1275,.T.);
#546=ORIENTED_EDGE('',*,*,#1276,.F.);
#547=ORIENTED_EDGE('',*,*,#1277,.F.);
#548=ORIENTED_EDGE('',*,*,#1273,.T.);
#549=ORIENTED_EDGE('',*,*,#1259,.F.);
#550=ORIENTED_EDGE('',*,*,#1278,.F.);
#551=ORIENTED_EDGE('',*,*,#1276,.T.);
#552=ORIENTED_EDGE('',*,*,#1279,.T.);
#553=ORIENTED_EDGE('',*,*,#1278,.T.);
#554=ORIENTED_EDGE('',*,*,#1258,.T.);
#555=ORIENTED_EDGE('',*,*,#1274,.T.);
#556=ORIENTED_EDGE('',*,*,#1277,.T.);
#557=ORIENTED_EDGE('',*,*,#1260,.F.);
#558=ORIENTED_EDGE('',*,*,#1279,.F.);
#559=ORIENTED_EDGE('',*,*,#1275,.F.);
#560=ORIENTED_EDGE('',*,*,#1272,.F.);
#561=ORIENTED_EDGE('',*,*,#1239,.F.);
#562=ORIENTED_EDGE('',*,*,#1280,.T.);
#563=ORIENTED_EDGE('',*,*,#1281,.F.);
#564=ORIENTED_EDGE('',*,*,#1282,.F.);
#565=ORIENTED_EDGE('',*,*,#1283,.T.);
#566=ORIENTED_EDGE('',*,*,#1284,.F.);
#567=ORIENTED_EDGE('',*,*,#1285,.F.);
#568=ORIENTED_EDGE('',*,*,#1281,.T.);
#569=ORIENTED_EDGE('',*,*,#1237,.F.);
#570=ORIENTED_EDGE('',*,*,#1286,.F.);
#571=ORIENTED_EDGE('',*,*,#1284,.T.);
#572=ORIENTED_EDGE('',*,*,#1287,.T.);
#573=ORIENTED_EDGE('',*,*,#1286,.T.);
#574=ORIENTED_EDGE('',*,*,#1236,.T.);
#575=ORIENTED_EDGE('',*,*,#1282,.T.);
#576=ORIENTED_EDGE('',*,*,#1285,.T.);
#577=ORIENTED_EDGE('',*,*,#1238,.F.);
#578=ORIENTED_EDGE('',*,*,#1287,.F.);
#579=ORIENTED_EDGE('',*,*,#1283,.F.);
#580=ORIENTED_EDGE('',*,*,#1280,.F.);
#581=ORIENTED_EDGE('',*,*,#1257,.F.);
#582=ORIENTED_EDGE('',*,*,#1288,.T.);
#583=ORIENTED_EDGE('',*,*,#1289,.F.);
#584=ORIENTED_EDGE('',*,*,#1290,.F.);
#585=ORIENTED_EDGE('',*,*,#1291,.T.);
#586=ORIENTED_EDGE('',*,*,#1292,.F.);
#587=ORIENTED_EDGE('',*,*,#1293,.F.);
#588=ORIENTED_EDGE('',*,*,#1289,.T.);
#589=ORIENTED_EDGE('',*,*,#1255,.F.);
#590=ORIENTED_EDGE('',*,*,#1294,.F.);
#591=ORIENTED_EDGE('',*,*,#1292,.T.);
#592=ORIENTED_EDGE('',*,*,#1295,.T.);
#593=ORIENTED_EDGE('',*,*,#1294,.T.);
#594=ORIENTED_EDGE('',*,*,#1254,.T.);
#595=ORIENTED_EDGE('',*,*,#1290,.T.);
#596=ORIENTED_EDGE('',*,*,#1293,.T.);
#597=ORIENTED_EDGE('',*,*,#1256,.F.);
#598=ORIENTED_EDGE('',*,*,#1295,.F.);
#599=ORIENTED_EDGE('',*,*,#1291,.F.);
#600=ORIENTED_EDGE('',*,*,#1288,.F.);
#601=ORIENTED_EDGE('',*,*,#1235,.F.);
#602=ORIENTED_EDGE('',*,*,#1296,.T.);
#603=ORIENTED_EDGE('',*,*,#1297,.F.);
#604=ORIENTED_EDGE('',*,*,#1298,.F.);
#605=ORIENTED_EDGE('',*,*,#1299,.T.);
#606=ORIENTED_EDGE('',*,*,#1300,.F.);
#607=ORIENTED_EDGE('',*,*,#1301,.F.);
#608=ORIENTED_EDGE('',*,*,#1297,.T.);
#609=ORIENTED_EDGE('',*,*,#1233,.F.);
#610=ORIENTED_EDGE('',*,*,#1302,.F.);
#611=ORIENTED_EDGE('',*,*,#1300,.T.);
#612=ORIENTED_EDGE('',*,*,#1303,.T.);
#613=ORIENTED_EDGE('',*,*,#1302,.T.);
#614=ORIENTED_EDGE('',*,*,#1232,.T.);
#615=ORIENTED_EDGE('',*,*,#1298,.T.);
#616=ORIENTED_EDGE('',*,*,#1301,.T.);
#617=ORIENTED_EDGE('',*,*,#1234,.F.);
#618=ORIENTED_EDGE('',*,*,#1303,.F.);
#619=ORIENTED_EDGE('',*,*,#1299,.F.);
#620=ORIENTED_EDGE('',*,*,#1296,.F.);
#621=ORIENTED_EDGE('',*,*,#1253,.F.);
#622=ORIENTED_EDGE('',*,*,#1304,.T.);
#623=ORIENTED_EDGE('',*,*,#1305,.F.);
#624=ORIENTED_EDGE('',*,*,#1306,.F.);
#625=ORIENTED_EDGE('',*,*,#1307,.T.);
#626=ORIENTED_EDGE('',*,*,#1308,.F.);
#627=ORIENTED_EDGE('',*,*,#1309,.F.);
#628=ORIENTED_EDGE('',*,*,#1305,.T.);
#629=ORIENTED_EDGE('',*,*,#1251,.F.);
#630=ORIENTED_EDGE('',*,*,#1310,.F.);
#631=ORIENTED_EDGE('',*,*,#1308,.T.);
#632=ORIENTED_EDGE('',*,*,#1311,.T.);
#633=ORIENTED_EDGE('',*,*,#1310,.T.);
#634=ORIENTED_EDGE('',*,*,#1250,.T.);
#635=ORIENTED_EDGE('',*,*,#1306,.T.);
#636=ORIENTED_EDGE('',*,*,#1309,.T.);
#637=ORIENTED_EDGE('',*,*,#1252,.F.);
#638=ORIENTED_EDGE('',*,*,#1311,.F.);
#639=ORIENTED_EDGE('',*,*,#1307,.F.);
#640=ORIENTED_EDGE('',*,*,#1304,.F.);
#641=ORIENTED_EDGE('',*,*,#1231,.F.);
#642=ORIENTED_EDGE('',*,*,#1312,.T.);
#643=ORIENTED_EDGE('',*,*,#1313,.F.);
#644=ORIENTED_EDGE('',*,*,#1314,.F.);
#645=ORIENTED_EDGE('',*,*,#1315,.T.);
#646=ORIENTED_EDGE('',*,*,#1316,.F.);
#647=ORIENTED_EDGE('',*,*,#1317,.F.);
#648=ORIENTED_EDGE('',*,*,#1313,.T.);
#649=ORIENTED_EDGE('',*,*,#1229,.F.);
#650=ORIENTED_EDGE('',*,*,#1318,.F.);
#651=ORIENTED_EDGE('',*,*,#1316,.T.);
#652=ORIENTED_EDGE('',*,*,#1319,.T.);
#653=ORIENTED_EDGE('',*,*,#1318,.T.);
#654=ORIENTED_EDGE('',*,*,#1228,.T.);
#655=ORIENTED_EDGE('',*,*,#1314,.T.);
#656=ORIENTED_EDGE('',*,*,#1317,.T.);
#657=ORIENTED_EDGE('',*,*,#1230,.F.);
#658=ORIENTED_EDGE('',*,*,#1319,.F.);
#659=ORIENTED_EDGE('',*,*,#1315,.F.);
#660=ORIENTED_EDGE('',*,*,#1312,.F.);
#661=ORIENTED_EDGE('',*,*,#1249,.F.);
#662=ORIENTED_EDGE('',*,*,#1320,.T.);
#663=ORIENTED_EDGE('',*,*,#1321,.F.);
#664=ORIENTED_EDGE('',*,*,#1322,.F.);
#665=ORIENTED_EDGE('',*,*,#1323,.T.);
#666=ORIENTED_EDGE('',*,*,#1324,.F.);
#667=ORIENTED_EDGE('',*,*,#1325,.F.);
#668=ORIENTED_EDGE('',*,*,#1321,.T.);
#669=ORIENTED_EDGE('',*,*,#1247,.F.);
#670=ORIENTED_EDGE('',*,*,#1326,.F.);
#671=ORIENTED_EDGE('',*,*,#1324,.T.);
#672=ORIENTED_EDGE('',*,*,#1327,.T.);
#673=ORIENTED_EDGE('',*,*,#1326,.T.);
#674=ORIENTED_EDGE('',*,*,#1246,.T.);
#675=ORIENTED_EDGE('',*,*,#1322,.T.);
#676=ORIENTED_EDGE('',*,*,#1325,.T.);
#677=ORIENTED_EDGE('',*,*,#1248,.F.);
#678=ORIENTED_EDGE('',*,*,#1327,.F.);
#679=ORIENTED_EDGE('',*,*,#1323,.F.);
#680=ORIENTED_EDGE('',*,*,#1320,.F.);
#681=ORIENTED_EDGE('',*,*,#1328,.F.);
#682=ORIENTED_EDGE('',*,*,#1156,.F.);
#683=ORIENTED_EDGE('',*,*,#1329,.T.);
#684=ORIENTED_EDGE('',*,*,#1145,.T.);
#685=ORIENTED_EDGE('',*,*,#1330,.T.);
#686=ORIENTED_EDGE('',*,*,#1331,.F.);
#687=ORIENTED_EDGE('',*,*,#1112,.T.);
#688=ORIENTED_EDGE('',*,*,#1332,.T.);
#689=ORIENTED_EDGE('',*,*,#1333,.F.);
#690=ORIENTED_EDGE('',*,*,#1334,.F.);
#691=ORIENTED_EDGE('',*,*,#1099,.T.);
#692=ORIENTED_EDGE('',*,*,#1335,.T.);
#693=ORIENTED_EDGE('',*,*,#1100,.F.);
#694=ORIENTED_EDGE('',*,*,#1334,.T.);
#695=ORIENTED_EDGE('',*,*,#1336,.T.);
#696=ORIENTED_EDGE('',*,*,#1170,.T.);
#697=ORIENTED_EDGE('',*,*,#1332,.F.);
#698=ORIENTED_EDGE('',*,*,#1117,.T.);
#699=ORIENTED_EDGE('',*,*,#1172,.F.);
#700=ORIENTED_EDGE('',*,*,#1337,.F.);
#701=ORIENTED_EDGE('',*,*,#1337,.T.);
#702=ORIENTED_EDGE('',*,*,#1171,.F.);
#703=ORIENTED_EDGE('',*,*,#1336,.F.);
#704=ORIENTED_EDGE('',*,*,#1333,.T.);
#705=ORIENTED_EDGE('',*,*,#1338,.F.);
#706=ORIENTED_EDGE('',*,*,#1140,.F.);
#707=ORIENTED_EDGE('',*,*,#1339,.T.);
#708=ORIENTED_EDGE('',*,*,#1129,.T.);
#709=ORIENTED_EDGE('',*,*,#1340,.T.);
#710=ORIENTED_EDGE('',*,*,#1341,.F.);
#711=ORIENTED_EDGE('',*,*,#1095,.T.);
#712=ORIENTED_EDGE('',*,*,#1342,.T.);
#713=ORIENTED_EDGE('',*,*,#1343,.F.);
#714=ORIENTED_EDGE('',*,*,#1344,.F.);
#715=ORIENTED_EDGE('',*,*,#1089,.T.);
#716=ORIENTED_EDGE('',*,*,#1345,.T.);
#717=ORIENTED_EDGE('',*,*,#1090,.F.);
#718=ORIENTED_EDGE('',*,*,#1344,.T.);
#719=ORIENTED_EDGE('',*,*,#1346,.T.);
#720=ORIENTED_EDGE('',*,*,#1167,.T.);
#721=ORIENTED_EDGE('',*,*,#1342,.F.);
#722=ORIENTED_EDGE('',*,*,#1102,.T.);
#723=ORIENTED_EDGE('',*,*,#1169,.F.);
#724=ORIENTED_EDGE('',*,*,#1347,.F.);
#725=ORIENTED_EDGE('',*,*,#1347,.T.);
#726=ORIENTED_EDGE('',*,*,#1168,.F.);
#727=ORIENTED_EDGE('',*,*,#1346,.F.);
#728=ORIENTED_EDGE('',*,*,#1343,.T.);
#729=ORIENTED_EDGE('',*,*,#1348,.T.);
#730=ORIENTED_EDGE('',*,*,#1219,.F.);
#731=ORIENTED_EDGE('',*,*,#1349,.T.);
#732=ORIENTED_EDGE('',*,*,#1348,.F.);
#733=ORIENTED_EDGE('',*,*,#1349,.F.);
#734=ORIENTED_EDGE('',*,*,#1350,.T.);
#735=ORIENTED_EDGE('',*,*,#1218,.F.);
#736=ORIENTED_EDGE('',*,*,#1351,.T.);
#737=ORIENTED_EDGE('',*,*,#1350,.F.);
#738=ORIENTED_EDGE('',*,*,#1351,.F.);
#739=ORIENTED_EDGE('',*,*,#1352,.T.);
#740=ORIENTED_EDGE('',*,*,#1165,.T.);
#741=ORIENTED_EDGE('',*,*,#1212,.T.);
#742=ORIENTED_EDGE('',*,*,#1353,.T.);
#743=ORIENTED_EDGE('',*,*,#1352,.F.);
#744=ORIENTED_EDGE('',*,*,#1353,.F.);
#745=ORIENTED_EDGE('',*,*,#1354,.T.);
#746=ORIENTED_EDGE('',*,*,#1159,.T.);
#747=ORIENTED_EDGE('',*,*,#1211,.T.);
#748=ORIENTED_EDGE('',*,*,#1355,.T.);
#749=ORIENTED_EDGE('',*,*,#1354,.F.);
#750=ORIENTED_EDGE('',*,*,#1355,.F.);
#751=ORIENTED_EDGE('',*,*,#1144,.F.);
#752=ORIENTED_EDGE('',*,*,#1356,.F.);
#753=ORIENTED_EDGE('',*,*,#1157,.F.);
#754=ORIENTED_EDGE('',*,*,#1328,.T.);
#755=ORIENTED_EDGE('',*,*,#1148,.F.);
#756=ORIENTED_EDGE('',*,*,#1151,.F.);
#757=ORIENTED_EDGE('',*,*,#1154,.F.);
#758=ORIENTED_EDGE('',*,*,#1356,.T.);
#759=ORIENTED_EDGE('',*,*,#1149,.F.);
#760=ORIENTED_EDGE('',*,*,#1357,.F.);
#761=ORIENTED_EDGE('',*,*,#1155,.F.);
#762=ORIENTED_EDGE('',*,*,#1152,.T.);
#763=ORIENTED_EDGE('',*,*,#1146,.F.);
#764=ORIENTED_EDGE('',*,*,#1329,.F.);
#765=ORIENTED_EDGE('',*,*,#1158,.F.);
#766=ORIENTED_EDGE('',*,*,#1357,.T.);
#767=ORIENTED_EDGE('',*,*,#1128,.F.);
#768=ORIENTED_EDGE('',*,*,#1358,.F.);
#769=ORIENTED_EDGE('',*,*,#1141,.F.);
#770=ORIENTED_EDGE('',*,*,#1338,.T.);
#771=ORIENTED_EDGE('',*,*,#1132,.F.);
#772=ORIENTED_EDGE('',*,*,#1135,.F.);
#773=ORIENTED_EDGE('',*,*,#1138,.F.);
#774=ORIENTED_EDGE('',*,*,#1358,.T.);
#775=ORIENTED_EDGE('',*,*,#1133,.F.);
#776=ORIENTED_EDGE('',*,*,#1359,.F.);
#777=ORIENTED_EDGE('',*,*,#1139,.F.);
#778=ORIENTED_EDGE('',*,*,#1136,.T.);
#779=ORIENTED_EDGE('',*,*,#1130,.F.);
#780=ORIENTED_EDGE('',*,*,#1339,.F.);
#781=ORIENTED_EDGE('',*,*,#1142,.F.);
#782=ORIENTED_EDGE('',*,*,#1359,.T.);
#783=ORIENTED_EDGE('',*,*,#1216,.F.);
#784=ORIENTED_EDGE('',*,*,#1360,.F.);
#785=ORIENTED_EDGE('',*,*,#1077,.T.);
#786=ORIENTED_EDGE('',*,*,#1361,.F.);
#787=ORIENTED_EDGE('',*,*,#1335,.F.);
#788=ORIENTED_EDGE('',*,*,#1098,.F.);
#789=ORIENTED_EDGE('',*,*,#1111,.F.);
#790=ORIENTED_EDGE('',*,*,#1108,.F.);
#791=ORIENTED_EDGE('',*,*,#1105,.F.);
#792=ORIENTED_EDGE('',*,*,#1118,.T.);
#793=ORIENTED_EDGE('',*,*,#1122,.T.);
#794=ORIENTED_EDGE('',*,*,#1125,.T.);
#795=ORIENTED_EDGE('',*,*,#1113,.T.);
#796=ORIENTED_EDGE('',*,*,#1331,.T.);
#797=ORIENTED_EDGE('',*,*,#1362,.T.);
#798=ORIENTED_EDGE('',*,*,#1075,.F.);
#799=ORIENTED_EDGE('',*,*,#1363,.T.);
#800=ORIENTED_EDGE('',*,*,#1214,.T.);
#801=ORIENTED_EDGE('',*,*,#1362,.F.);
#802=ORIENTED_EDGE('',*,*,#1330,.F.);
#803=ORIENTED_EDGE('',*,*,#1361,.T.);
#804=ORIENTED_EDGE('',*,*,#1076,.T.);
#805=ORIENTED_EDGE('',*,*,#1215,.T.);
#806=ORIENTED_EDGE('',*,*,#1363,.F.);
#807=ORIENTED_EDGE('',*,*,#1074,.F.);
#808=ORIENTED_EDGE('',*,*,#1364,.F.);
#809=ORIENTED_EDGE('',*,*,#1084,.T.);
#810=ORIENTED_EDGE('',*,*,#1088,.T.);
#811=ORIENTED_EDGE('',*,*,#1078,.F.);
#812=ORIENTED_EDGE('',*,*,#1360,.T.);
#813=ORIENTED_EDGE('',*,*,#1208,.F.);
#814=ORIENTED_EDGE('',*,*,#1365,.F.);
#815=ORIENTED_EDGE('',*,*,#1056,.T.);
#816=ORIENTED_EDGE('',*,*,#1366,.F.);
#817=ORIENTED_EDGE('',*,*,#1345,.F.);
#818=ORIENTED_EDGE('',*,*,#1094,.F.);
#819=ORIENTED_EDGE('',*,*,#1226,.F.);
#820=ORIENTED_EDGE('',*,*,#1223,.F.);
#821=ORIENTED_EDGE('',*,*,#1220,.F.);
#822=ORIENTED_EDGE('',*,*,#1103,.T.);
#823=ORIENTED_EDGE('',*,*,#1107,.T.);
#824=ORIENTED_EDGE('',*,*,#1110,.T.);
#825=ORIENTED_EDGE('',*,*,#1096,.T.);
#826=ORIENTED_EDGE('',*,*,#1341,.T.);
#827=ORIENTED_EDGE('',*,*,#1367,.T.);
#828=ORIENTED_EDGE('',*,*,#1054,.F.);
#829=ORIENTED_EDGE('',*,*,#1368,.T.);
#830=ORIENTED_EDGE('',*,*,#1217,.T.);
#831=ORIENTED_EDGE('',*,*,#1367,.F.);
#832=ORIENTED_EDGE('',*,*,#1340,.F.);
#833=ORIENTED_EDGE('',*,*,#1366,.T.);
#834=ORIENTED_EDGE('',*,*,#1055,.T.);
#835=ORIENTED_EDGE('',*,*,#1207,.T.);
#836=ORIENTED_EDGE('',*,*,#1368,.F.);
#837=ORIENTED_EDGE('',*,*,#1053,.F.);
#838=ORIENTED_EDGE('',*,*,#1369,.F.);
#839=ORIENTED_EDGE('',*,*,#1063,.T.);
#840=ORIENTED_EDGE('',*,*,#1067,.T.);
#841=ORIENTED_EDGE('',*,*,#1057,.F.);
#842=ORIENTED_EDGE('',*,*,#1365,.T.);
#843=ORIENTED_EDGE('',*,*,#1073,.T.);
#844=ORIENTED_EDGE('',*,*,#1085,.T.);
#845=ORIENTED_EDGE('',*,*,#1364,.T.);
#846=ORIENTED_EDGE('',*,*,#1370,.F.);
#847=ORIENTED_EDGE('',*,*,#1086,.F.);
#848=ORIENTED_EDGE('',*,*,#1071,.F.);
#849=ORIENTED_EDGE('',*,*,#1371,.F.);
#850=ORIENTED_EDGE('',*,*,#1052,.T.);
#851=ORIENTED_EDGE('',*,*,#1064,.T.);
#852=ORIENTED_EDGE('',*,*,#1369,.T.);
#853=ORIENTED_EDGE('',*,*,#1372,.F.);
#854=ORIENTED_EDGE('',*,*,#1065,.F.);
#855=ORIENTED_EDGE('',*,*,#1050,.F.);
#856=ORIENTED_EDGE('',*,*,#1373,.F.);
#857=ORIENTED_EDGE('',*,*,#1374,.F.);
#858=ORIENTED_EDGE('',*,*,#1375,.T.);
#859=ORIENTED_EDGE('',*,*,#1376,.F.);
#860=ORIENTED_EDGE('',*,*,#1377,.F.);
#861=ORIENTED_EDGE('',*,*,#1081,.T.);
#862=ORIENTED_EDGE('',*,*,#1378,.F.);
#863=ORIENTED_EDGE('',*,*,#1379,.F.);
#864=ORIENTED_EDGE('',*,*,#1380,.F.);
#865=ORIENTED_EDGE('',*,*,#1378,.T.);
#866=ORIENTED_EDGE('',*,*,#1080,.T.);
#867=ORIENTED_EDGE('',*,*,#1370,.T.);
#868=ORIENTED_EDGE('',*,*,#1381,.T.);
#869=ORIENTED_EDGE('',*,*,#1382,.F.);
#870=ORIENTED_EDGE('',*,*,#1383,.F.);
#871=ORIENTED_EDGE('',*,*,#1384,.T.);
#872=ORIENTED_EDGE('',*,*,#1385,.F.);
#873=ORIENTED_EDGE('',*,*,#1068,.T.);
#874=ORIENTED_EDGE('',*,*,#1087,.T.);
#875=ORIENTED_EDGE('',*,*,#1082,.T.);
#876=ORIENTED_EDGE('',*,*,#1377,.T.);
#877=ORIENTED_EDGE('',*,*,#1386,.T.);
#878=ORIENTED_EDGE('',*,*,#1387,.T.);
#879=ORIENTED_EDGE('',*,*,#1371,.T.);
#880=ORIENTED_EDGE('',*,*,#1070,.T.);
#881=ORIENTED_EDGE('',*,*,#1388,.F.);
#882=ORIENTED_EDGE('',*,*,#1389,.T.);
#883=ORIENTED_EDGE('',*,*,#1379,.T.);
#884=ORIENTED_EDGE('',*,*,#1381,.F.);
#885=ORIENTED_EDGE('',*,*,#1382,.T.);
#886=ORIENTED_EDGE('',*,*,#1390,.T.);
#887=ORIENTED_EDGE('',*,*,#1391,.F.);
#888=ORIENTED_EDGE('',*,*,#1392,.F.);
#889=ORIENTED_EDGE('',*,*,#1391,.T.);
#890=ORIENTED_EDGE('',*,*,#1393,.T.);
#891=ORIENTED_EDGE('',*,*,#1394,.F.);
#892=ORIENTED_EDGE('',*,*,#1395,.F.);
#893=ORIENTED_EDGE('',*,*,#1394,.T.);
#894=ORIENTED_EDGE('',*,*,#1396,.T.);
#895=ORIENTED_EDGE('',*,*,#1397,.F.);
#896=ORIENTED_EDGE('',*,*,#1398,.F.);
#897=ORIENTED_EDGE('',*,*,#1397,.T.);
#898=ORIENTED_EDGE('',*,*,#1399,.T.);
#899=ORIENTED_EDGE('',*,*,#1400,.F.);
#900=ORIENTED_EDGE('',*,*,#1380,.T.);
#901=ORIENTED_EDGE('',*,*,#1389,.F.);
#902=ORIENTED_EDGE('',*,*,#1401,.F.);
#903=ORIENTED_EDGE('',*,*,#1402,.F.);
#904=ORIENTED_EDGE('',*,*,#1403,.F.);
#905=ORIENTED_EDGE('',*,*,#1404,.F.);
#906=ORIENTED_EDGE('',*,*,#1405,.T.);
#907=ORIENTED_EDGE('',*,*,#1401,.T.);
#908=ORIENTED_EDGE('',*,*,#1388,.T.);
#909=ORIENTED_EDGE('',*,*,#1069,.F.);
#910=ORIENTED_EDGE('',*,*,#1385,.T.);
#911=ORIENTED_EDGE('',*,*,#1406,.T.);
#912=ORIENTED_EDGE('',*,*,#1407,.F.);
#913=ORIENTED_EDGE('',*,*,#1408,.T.);
#914=ORIENTED_EDGE('',*,*,#1409,.F.);
#915=ORIENTED_EDGE('',*,*,#1410,.F.);
#916=ORIENTED_EDGE('',*,*,#1060,.T.);
#917=ORIENTED_EDGE('',*,*,#1411,.F.);
#918=ORIENTED_EDGE('',*,*,#1412,.F.);
#919=ORIENTED_EDGE('',*,*,#1413,.F.);
#920=ORIENTED_EDGE('',*,*,#1411,.T.);
#921=ORIENTED_EDGE('',*,*,#1059,.T.);
#922=ORIENTED_EDGE('',*,*,#1372,.T.);
#923=ORIENTED_EDGE('',*,*,#1414,.T.);
#924=ORIENTED_EDGE('',*,*,#1415,.F.);
#925=ORIENTED_EDGE('',*,*,#1416,.F.);
#926=ORIENTED_EDGE('',*,*,#1417,.T.);
#927=ORIENTED_EDGE('',*,*,#1418,.F.);
#928=ORIENTED_EDGE('',*,*,#1047,.T.);
#929=ORIENTED_EDGE('',*,*,#1066,.T.);
#930=ORIENTED_EDGE('',*,*,#1061,.T.);
#931=ORIENTED_EDGE('',*,*,#1410,.T.);
#932=ORIENTED_EDGE('',*,*,#1419,.T.);
#933=ORIENTED_EDGE('',*,*,#1420,.T.);
#934=ORIENTED_EDGE('',*,*,#1373,.T.);
#935=ORIENTED_EDGE('',*,*,#1049,.T.);
#936=ORIENTED_EDGE('',*,*,#1421,.F.);
#937=ORIENTED_EDGE('',*,*,#1422,.T.);
#938=ORIENTED_EDGE('',*,*,#1412,.T.);
#939=ORIENTED_EDGE('',*,*,#1414,.F.);
#940=ORIENTED_EDGE('',*,*,#1415,.T.);
#941=ORIENTED_EDGE('',*,*,#1423,.T.);
#942=ORIENTED_EDGE('',*,*,#1424,.F.);
#943=ORIENTED_EDGE('',*,*,#1425,.F.);
#944=ORIENTED_EDGE('',*,*,#1424,.T.);
#945=ORIENTED_EDGE('',*,*,#1426,.T.);
#946=ORIENTED_EDGE('',*,*,#1427,.F.);
#947=ORIENTED_EDGE('',*,*,#1428,.F.);
#948=ORIENTED_EDGE('',*,*,#1427,.T.);
#949=ORIENTED_EDGE('',*,*,#1429,.T.);
#950=ORIENTED_EDGE('',*,*,#1430,.F.);
#951=ORIENTED_EDGE('',*,*,#1431,.F.);
#952=ORIENTED_EDGE('',*,*,#1430,.T.);
#953=ORIENTED_EDGE('',*,*,#1432,.T.);
#954=ORIENTED_EDGE('',*,*,#1433,.F.);
#955=ORIENTED_EDGE('',*,*,#1413,.T.);
#956=ORIENTED_EDGE('',*,*,#1422,.F.);
#957=ORIENTED_EDGE('',*,*,#1434,.F.);
#958=ORIENTED_EDGE('',*,*,#1435,.F.);
#959=ORIENTED_EDGE('',*,*,#1436,.F.);
#960=ORIENTED_EDGE('',*,*,#1437,.F.);
#961=ORIENTED_EDGE('',*,*,#1438,.T.);
#962=ORIENTED_EDGE('',*,*,#1434,.T.);
#963=ORIENTED_EDGE('',*,*,#1421,.T.);
#964=ORIENTED_EDGE('',*,*,#1048,.F.);
#965=ORIENTED_EDGE('',*,*,#1418,.T.);
#966=ORIENTED_EDGE('',*,*,#1439,.T.);
#967=ORIENTED_EDGE('',*,*,#1403,.T.);
#968=ORIENTED_EDGE('',*,*,#1440,.T.);
#969=ORIENTED_EDGE('',*,*,#1441,.F.);
#970=ORIENTED_EDGE('',*,*,#1442,.T.);
#971=ORIENTED_EDGE('',*,*,#1383,.T.);
#972=ORIENTED_EDGE('',*,*,#1392,.T.);
#973=ORIENTED_EDGE('',*,*,#1395,.T.);
#974=ORIENTED_EDGE('',*,*,#1398,.T.);
#975=ORIENTED_EDGE('',*,*,#1406,.F.);
#976=ORIENTED_EDGE('',*,*,#1384,.F.);
#977=ORIENTED_EDGE('',*,*,#1442,.F.);
#978=ORIENTED_EDGE('',*,*,#1443,.T.);
#979=ORIENTED_EDGE('',*,*,#1444,.T.);
#980=ORIENTED_EDGE('',*,*,#1404,.T.);
#981=ORIENTED_EDGE('',*,*,#1443,.F.);
#982=ORIENTED_EDGE('',*,*,#1441,.T.);
#983=ORIENTED_EDGE('',*,*,#1405,.F.);
#984=ORIENTED_EDGE('',*,*,#1444,.F.);
#985=ORIENTED_EDGE('',*,*,#1440,.F.);
#986=ORIENTED_EDGE('',*,*,#1402,.T.);
#987=ORIENTED_EDGE('',*,*,#1445,.F.);
#988=ORIENTED_EDGE('',*,*,#1374,.T.);
#989=ORIENTED_EDGE('',*,*,#1400,.T.);
#990=ORIENTED_EDGE('',*,*,#1446,.T.);
#991=ORIENTED_EDGE('',*,*,#1375,.F.);
#992=ORIENTED_EDGE('',*,*,#1445,.T.);
#993=ORIENTED_EDGE('',*,*,#1447,.F.);
#994=ORIENTED_EDGE('',*,*,#1448,.F.);
#995=ORIENTED_EDGE('',*,*,#1386,.F.);
#996=ORIENTED_EDGE('',*,*,#1376,.T.);
#997=ORIENTED_EDGE('',*,*,#1448,.T.);
#998=ORIENTED_EDGE('',*,*,#1449,.T.);
#999=ORIENTED_EDGE('',*,*,#1399,.F.);
#1000=ORIENTED_EDGE('',*,*,#1396,.F.);
#1001=ORIENTED_EDGE('',*,*,#1393,.F.);
#1002=ORIENTED_EDGE('',*,*,#1390,.F.);
#1003=ORIENTED_EDGE('',*,*,#1387,.F.);
#1004=ORIENTED_EDGE('',*,*,#1449,.F.);
#1005=ORIENTED_EDGE('',*,*,#1447,.T.);
#1006=ORIENTED_EDGE('',*,*,#1446,.F.);
#1007=ORIENTED_EDGE('',*,*,#1436,.T.);
#1008=ORIENTED_EDGE('',*,*,#1450,.T.);
#1009=ORIENTED_EDGE('',*,*,#1451,.F.);
#1010=ORIENTED_EDGE('',*,*,#1452,.T.);
#1011=ORIENTED_EDGE('',*,*,#1416,.T.);
#1012=ORIENTED_EDGE('',*,*,#1425,.T.);
#1013=ORIENTED_EDGE('',*,*,#1428,.T.);
#1014=ORIENTED_EDGE('',*,*,#1431,.T.);
#1015=ORIENTED_EDGE('',*,*,#1439,.F.);
#1016=ORIENTED_EDGE('',*,*,#1417,.F.);
#1017=ORIENTED_EDGE('',*,*,#1452,.F.);
#1018=ORIENTED_EDGE('',*,*,#1453,.T.);
#1019=ORIENTED_EDGE('',*,*,#1454,.T.);
#1020=ORIENTED_EDGE('',*,*,#1437,.T.);
#1021=ORIENTED_EDGE('',*,*,#1453,.F.);
#1022=ORIENTED_EDGE('',*,*,#1451,.T.);
#1023=ORIENTED_EDGE('',*,*,#1438,.F.);
#1024=ORIENTED_EDGE('',*,*,#1454,.F.);
#1025=ORIENTED_EDGE('',*,*,#1450,.F.);
#1026=ORIENTED_EDGE('',*,*,#1435,.T.);
#1027=ORIENTED_EDGE('',*,*,#1455,.F.);
#1028=ORIENTED_EDGE('',*,*,#1407,.T.);
#1029=ORIENTED_EDGE('',*,*,#1433,.T.);
#1030=ORIENTED_EDGE('',*,*,#1456,.T.);
#1031=ORIENTED_EDGE('',*,*,#1408,.F.);
#1032=ORIENTED_EDGE('',*,*,#1455,.T.);
#1033=ORIENTED_EDGE('',*,*,#1457,.F.);
#1034=ORIENTED_EDGE('',*,*,#1458,.F.);
#1035=ORIENTED_EDGE('',*,*,#1419,.F.);
#1036=ORIENTED_EDGE('',*,*,#1409,.T.);
#1037=ORIENTED_EDGE('',*,*,#1458,.T.);
#1038=ORIENTED_EDGE('',*,*,#1459,.T.);
#1039=ORIENTED_EDGE('',*,*,#1432,.F.);
#1040=ORIENTED_EDGE('',*,*,#1429,.F.);
#1041=ORIENTED_EDGE('',*,*,#1426,.F.);
#1042=ORIENTED_EDGE('',*,*,#1423,.F.);
#1043=ORIENTED_EDGE('',*,*,#1420,.F.);
#1044=ORIENTED_EDGE('',*,*,#1459,.F.);
#1045=ORIENTED_EDGE('',*,*,#1457,.T.);
#1046=ORIENTED_EDGE('',*,*,#1456,.F.);
#1047=EDGE_CURVE('',#1460,#1461,#1736,.T.);
#1048=EDGE_CURVE('',#1460,#1462,#155,.T.);
#1049=EDGE_CURVE('',#1463,#1462,#1737,.F.);
#1050=EDGE_CURVE('',#1463,#1464,#156,.T.);
#1051=EDGE_CURVE('',#1464,#1465,#1738,.T.);
#1052=EDGE_CURVE('',#1466,#1465,#157,.T.);
#1053=EDGE_CURVE('',#1466,#1467,#1739,.T.);
#1054=EDGE_CURVE('',#1467,#1468,#158,.T.);
#1055=EDGE_CURVE('',#1469,#1468,#1740,.T.);
#1056=EDGE_CURVE('',#1470,#1469,#159,.T.);
#1057=EDGE_CURVE('',#1470,#1471,#1741,.T.);
#1058=EDGE_CURVE('',#1471,#1461,#160,.T.);
#1059=EDGE_CURVE('',#1472,#1473,#1742,.T.);
#1060=EDGE_CURVE('',#1474,#1472,#1743,.T.);
#1061=EDGE_CURVE('',#1475,#1474,#1744,.T.);
#1062=EDGE_CURVE('',#1475,#1476,#1745,.T.);
#1063=EDGE_CURVE('',#1477,#1476,#1746,.T.);
#1064=EDGE_CURVE('',#1465,#1477,#1747,.T.);
#1065=EDGE_CURVE('',#1464,#1473,#1748,.T.);
#1066=EDGE_CURVE('',#1461,#1475,#1749,.T.);
#1067=EDGE_CURVE('',#1476,#1471,#1750,.T.);
#1068=EDGE_CURVE('',#1478,#1479,#1751,.T.);
#1069=EDGE_CURVE('',#1478,#1480,#161,.T.);
#1070=EDGE_CURVE('',#1481,#1480,#1752,.F.);
#1071=EDGE_CURVE('',#1481,#1482,#162,.T.);
#1072=EDGE_CURVE('',#1482,#1483,#1753,.T.);
#1073=EDGE_CURVE('',#1484,#1483,#163,.T.);
#1074=EDGE_CURVE('',#1484,#1485,#1754,.T.);
#1075=EDGE_CURVE('',#1485,#1486,#164,.T.);
#1076=EDGE_CURVE('',#1487,#1486,#1755,.T.);
#1077=EDGE_CURVE('',#1488,#1487,#165,.T.);
#1078=EDGE_CURVE('',#1488,#1489,#1756,.T.);
#1079=EDGE_CURVE('',#1489,#1479,#166,.T.);
#1080=EDGE_CURVE('',#1490,#1491,#1757,.T.);
#1081=EDGE_CURVE('',#1492,#1490,#1758,.T.);
#1082=EDGE_CURVE('',#1493,#1492,#1759,.T.);
#1083=EDGE_CURVE('',#1493,#1494,#1760,.T.);
#1084=EDGE_CURVE('',#1495,#1494,#1761,.T.);
#1085=EDGE_CURVE('',#1483,#1495,#1762,.T.);
#1086=EDGE_CURVE('',#1482,#1491,#1763,.T.);
#1087=EDGE_CURVE('',#1479,#1493,#1764,.T.);
#1088=EDGE_CURVE('',#1494,#1489,#1765,.T.);
#1089=EDGE_CURVE('',#1496,#1497,#1766,.T.);
#1090=EDGE_CURVE('',#1496,#1498,#1767,.T.);
#1091=EDGE_CURVE('',#1499,#1498,#1768,.T.);
#1092=EDGE_CURVE('',#1500,#1499,#1769,.T.);
#1093=EDGE_CURVE('',#1500,#1501,#1770,.T.);
#1094=EDGE_CURVE('',#1501,#1497,#1771,.T.);
#1095=EDGE_CURVE('',#1502,#1503,#1772,.T.);
#1096=EDGE_CURVE('',#1504,#1502,#1773,.T.);
#1097=EDGE_CURVE('',#1504,#1505,#1774,.T.);
#1098=EDGE_CURVE('',#1505,#1506,#1775,.T.);
#1099=EDGE_CURVE('',#1507,#1506,#1776,.T.);
#1100=EDGE_CURVE('',#1507,#1508,#1777,.T.);
#1101=EDGE_CURVE('',#1509,#1508,#1778,.T.);
#1102=EDGE_CURVE('',#1503,#1509,#1779,.T.);
#1103=EDGE_CURVE('',#1510,#1511,#167,.T.);
#1104=EDGE_CURVE('',#1510,#1512,#1780,.T.);
#1105=EDGE_CURVE('',#1512,#1513,#168,.T.);
#1106=EDGE_CURVE('',#1511,#1513,#1781,.T.);
#1107=EDGE_CURVE('',#1511,#1514,#1782,.T.);
#1108=EDGE_CURVE('',#1513,#1515,#1783,.T.);
#1109=EDGE_CURVE('',#1514,#1515,#1784,.T.);
#1110=EDGE_CURVE('',#1514,#1504,#169,.T.);
#1111=EDGE_CURVE('',#1515,#1505,#170,.T.);
#1112=EDGE_CURVE('',#1516,#1517,#1785,.T.);
#1113=EDGE_CURVE('',#1518,#1516,#1786,.T.);
#1114=EDGE_CURVE('',#1518,#1519,#1787,.T.);
#1115=EDGE_CURVE('',#1519,#1520,#1788,.T.);
#1116=EDGE_CURVE('',#1521,#1520,#1789,.T.);
#1117=EDGE_CURVE('',#1517,#1521,#1790,.T.);
#1118=EDGE_CURVE('',#1522,#1523,#171,.T.);
#1119=EDGE_CURVE('',#1522,#1524,#1791,.T.);
#1120=EDGE_CURVE('',#1524,#1525,#172,.T.);
#1121=EDGE_CURVE('',#1523,#1525,#1792,.T.);
#1122=EDGE_CURVE('',#1523,#1526,#1793,.T.);
#1123=EDGE_CURVE('',#1525,#1527,#1794,.T.);
#1124=EDGE_CURVE('',#1526,#1527,#1795,.T.);
#1125=EDGE_CURVE('',#1526,#1518,#173,.T.);
#1126=EDGE_CURVE('',#1527,#1519,#174,.T.);
#1127=EDGE_CURVE('',#1528,#1529,#1796,.T.);
#1128=EDGE_CURVE('',#1529,#1530,#1797,.T.);
#1129=EDGE_CURVE('',#1531,#1530,#1798,.T.);
#1130=EDGE_CURVE('',#1531,#1528,#1799,.T.);
#1131=EDGE_CURVE('',#1532,#1533,#1800,.T.);
#1132=EDGE_CURVE('',#1533,#1529,#1801,.T.);
#1133=EDGE_CURVE('',#1528,#1532,#1802,.T.);
#1134=EDGE_CURVE('',#1534,#1535,#1803,.T.);
#1135=EDGE_CURVE('',#1535,#1533,#1804,.T.);
#1136=EDGE_CURVE('',#1534,#1532,#1805,.T.);
#1137=EDGE_CURVE('',#1536,#1537,#1806,.T.);
#1138=EDGE_CURVE('',#1537,#1535,#1807,.T.);
#1139=EDGE_CURVE('',#1534,#1536,#1808,.T.);
#1140=EDGE_CURVE('',#1538,#1539,#1809,.T.);
#1141=EDGE_CURVE('',#1539,#1537,#1810,.T.);
#1142=EDGE_CURVE('',#1536,#1538,#1811,.T.);
#1143=EDGE_CURVE('',#1540,#1541,#1812,.T.);
#1144=EDGE_CURVE('',#1541,#1542,#1813,.T.);
#1145=EDGE_CURVE('',#1543,#1542,#1814,.T.);
#1146=EDGE_CURVE('',#1543,#1540,#1815,.T.);
#1147=EDGE_CURVE('',#1544,#1545,#1816,.T.);
#1148=EDGE_CURVE('',#1545,#1541,#1817,.T.);
#1149=EDGE_CURVE('',#1540,#1544,#1818,.T.);
#1150=EDGE_CURVE('',#1546,#1547,#1819,.T.);
#1151=EDGE_CURVE('',#1547,#1545,#1820,.T.);
#1152=EDGE_CURVE('',#1546,#1544,#1821,.T.);
#1153=EDGE_CURVE('',#1548,#1549,#1822,.T.);
#1154=EDGE_CURVE('',#1549,#1547,#1823,.T.);
#1155=EDGE_CURVE('',#1546,#1548,#1824,.T.);
#1156=EDGE_CURVE('',#1550,#1551,#1825,.T.);
#1157=EDGE_CURVE('',#1551,#1549,#1826,.T.);
#1158=EDGE_CURVE('',#1548,#1550,#1827,.T.);
#1159=EDGE_CURVE('',#1552,#1553,#24,.T.);
#1160=EDGE_CURVE('',#1554,#1552,#1828,.T.);
#1161=EDGE_CURVE('',#1555,#1554,#175,.T.);
#1162=EDGE_CURVE('',#1555,#1556,#1829,.T.);
#1163=EDGE_CURVE('',#1556,#1557,#176,.T.);
#1164=EDGE_CURVE('',#1558,#1557,#1830,.T.);
#1165=EDGE_CURVE('',#1559,#1558,#25,.T.);
#1166=EDGE_CURVE('',#1553,#1559,#1831,.T.);
#1167=EDGE_CURVE('',#1560,#1498,#1832,.T.);
#1168=EDGE_CURVE('',#1560,#1561,#1833,.T.);
#1169=EDGE_CURVE('',#1561,#1509,#1834,.T.);
#1170=EDGE_CURVE('',#1562,#1508,#1835,.T.);
#1171=EDGE_CURVE('',#1562,#1563,#1836,.T.);
#1172=EDGE_CURVE('',#1563,#1521,#1837,.T.);
#1173=EDGE_CURVE('',#1520,#1564,#1838,.T.);
#1174=EDGE_CURVE('',#1565,#1564,#1839,.T.);
#1175=EDGE_CURVE('',#1566,#1565,#1840,.T.);
#1176=EDGE_CURVE('',#1567,#1566,#1841,.T.);
#1177=EDGE_CURVE('',#1568,#1567,#1842,.T.);
#1178=EDGE_CURVE('',#1569,#1568,#1843,.T.);
#1179=EDGE_CURVE('',#1570,#1569,#1844,.T.);
#1180=EDGE_CURVE('',#1571,#1570,#1845,.T.);
#1181=EDGE_CURVE('',#1572,#1571,#1846,.T.);
#1182=EDGE_CURVE('',#1573,#1572,#1847,.T.);
#1183=EDGE_CURVE('',#1499,#1573,#1848,.T.);
#1184=EDGE_CURVE('',#1574,#1572,#1849,.T.);
#1185=EDGE_CURVE('',#1575,#1574,#1850,.T.);
#1186=EDGE_CURVE('',#1573,#1575,#1851,.T.);
#1187=EDGE_CURVE('',#1576,#1569,#1852,.T.);
#1188=EDGE_CURVE('',#1577,#1568,#1853,.T.);
#1189=EDGE_CURVE('',#1576,#1577,#1854,.T.);
#1190=EDGE_CURVE('',#1578,#1574,#1855,.T.);
#1191=EDGE_CURVE('',#1579,#1578,#1856,.T.);
#1192=EDGE_CURVE('',#1576,#1579,#1857,.T.);
#1193=EDGE_CURVE('',#1580,#1577,#1858,.T.);
#1194=EDGE_CURVE('',#1581,#1580,#1859,.T.);
#1195=EDGE_CURVE('',#1582,#1581,#1860,.T.);
#1196=EDGE_CURVE('',#1582,#1583,#1861,.T.);
#1197=EDGE_CURVE('',#1583,#1584,#1862,.T.);
#1198=EDGE_CURVE('',#1585,#1584,#1863,.T.);
#1199=EDGE_CURVE('',#1575,#1585,#1864,.T.);
#1200=EDGE_CURVE('',#1582,#1565,#1865,.T.);
#1201=EDGE_CURVE('',#1564,#1583,#1866,.T.);
#1202=EDGE_CURVE('',#1584,#1586,#177,.T.);
#1203=EDGE_CURVE('',#1587,#1586,#1867,.T.);
#1204=EDGE_CURVE('',#1585,#1587,#178,.T.);
#1205=EDGE_CURVE('',#1586,#1556,#1868,.T.);
#1206=EDGE_CURVE('',#1587,#1555,#1869,.T.);
#1207=EDGE_CURVE('',#1588,#1589,#1870,.T.);
#1208=EDGE_CURVE('',#1588,#1590,#1871,.T.);
#1209=EDGE_CURVE('',#1591,#1590,#1872,.T.);
#1210=EDGE_CURVE('',#1554,#1591,#1873,.T.);
#1211=EDGE_CURVE('',#1553,#1552,#179,.F.);
#1212=EDGE_CURVE('',#1558,#1559,#180,.F.);
#1213=EDGE_CURVE('',#1557,#1524,#1874,.T.);
#1214=EDGE_CURVE('',#1592,#1522,#1875,.T.);
#1215=EDGE_CURVE('',#1593,#1592,#1876,.T.);
#1216=EDGE_CURVE('',#1593,#1512,#1877,.T.);
#1217=EDGE_CURVE('',#1589,#1510,#1878,.T.);
#1218=EDGE_CURVE('',#1594,#1594,#181,.T.);
#1219=EDGE_CURVE('',#1595,#1595,#182,.T.);
#1220=EDGE_CURVE('',#1590,#1596,#183,.T.);
#1221=EDGE_CURVE('',#1597,#1596,#1879,.T.);
#1222=EDGE_CURVE('',#1591,#1597,#184,.T.);
#1223=EDGE_CURVE('',#1596,#1598,#1880,.T.);
#1224=EDGE_CURVE('',#1599,#1598,#1881,.T.);
#1225=EDGE_CURVE('',#1597,#1599,#1882,.T.);
#1226=EDGE_CURVE('',#1598,#1501,#185,.T.);
#1227=EDGE_CURVE('',#1599,#1500,#186,.T.);
#1228=EDGE_CURVE('',#1600,#1601,#1883,.T.);
#1229=EDGE_CURVE('',#1600,#1602,#1884,.T.);
#1230=EDGE_CURVE('',#1602,#1603,#1885,.T.);
#1231=EDGE_CURVE('',#1603,#1601,#1886,.T.);
#1232=EDGE_CURVE('',#1604,#1605,#1887,.T.);
#1233=EDGE_CURVE('',#1604,#1606,#1888,.T.);
#1234=EDGE_CURVE('',#1606,#1607,#1889,.T.);
#1235=EDGE_CURVE('',#1607,#1605,#1890,.T.);
#1236=EDGE_CURVE('',#1608,#1609,#1891,.T.);
#1237=EDGE_CURVE('',#1608,#1610,#1892,.T.);
#1238=EDGE_CURVE('',#1610,#1611,#1893,.T.);
#1239=EDGE_CURVE('',#1611,#1609,#1894,.T.);
#1240=EDGE_CURVE('',#1612,#1613,#1895,.T.);
#1241=EDGE_CURVE('',#1612,#1614,#1896,.T.);
#1242=EDGE_CURVE('',#1614,#1615,#1897,.T.);
#1243=EDGE_CURVE('',#1615,#1613,#1898,.T.);
#1244=EDGE_CURVE('',#1581,#1566,#1899,.T.);
#1245=EDGE_CURVE('',#1580,#1567,#1900,.T.);
#1246=EDGE_CURVE('',#1616,#1617,#1901,.T.);
#1247=EDGE_CURVE('',#1616,#1618,#1902,.T.);
#1248=EDGE_CURVE('',#1618,#1619,#1903,.T.);
#1249=EDGE_CURVE('',#1619,#1617,#1904,.T.);
#1250=EDGE_CURVE('',#1620,#1621,#1905,.T.);
#1251=EDGE_CURVE('',#1620,#1622,#1906,.T.);
#1252=EDGE_CURVE('',#1622,#1623,#1907,.T.);
#1253=EDGE_CURVE('',#1623,#1621,#1908,.T.);
#1254=EDGE_CURVE('',#1624,#1625,#1909,.T.);
#1255=EDGE_CURVE('',#1624,#1626,#1910,.T.);
#1256=EDGE_CURVE('',#1626,#1627,#1911,.T.);
#1257=EDGE_CURVE('',#1627,#1625,#1912,.T.);
#1258=EDGE_CURVE('',#1628,#1629,#1913,.T.);
#1259=EDGE_CURVE('',#1628,#1630,#1914,.T.);
#1260=EDGE_CURVE('',#1630,#1631,#1915,.T.);
#1261=EDGE_CURVE('',#1631,#1629,#1916,.T.);
#1262=EDGE_CURVE('',#1579,#1570,#1917,.T.);
#1263=EDGE_CURVE('',#1578,#1571,#1918,.T.);
#1264=EDGE_CURVE('',#1615,#1632,#1919,.T.);
#1265=EDGE_CURVE('',#1633,#1632,#1920,.T.);
#1266=EDGE_CURVE('',#1613,#1633,#1921,.T.);
#1267=EDGE_CURVE('',#1632,#1634,#1922,.T.);
#1268=EDGE_CURVE('',#1635,#1634,#1923,.T.);
#1269=EDGE_CURVE('',#1633,#1635,#1924,.T.);
#1270=EDGE_CURVE('',#1635,#1612,#1925,.T.);
#1271=EDGE_CURVE('',#1634,#1614,#1926,.T.);
#1272=EDGE_CURVE('',#1631,#1636,#1927,.T.);
#1273=EDGE_CURVE('',#1637,#1636,#1928,.T.);
#1274=EDGE_CURVE('',#1629,#1637,#1929,.T.);
#1275=EDGE_CURVE('',#1636,#1638,#1930,.T.);
#1276=EDGE_CURVE('',#1639,#1638,#1931,.T.);
#1277=EDGE_CURVE('',#1637,#1639,#1932,.T.);
#1278=EDGE_CURVE('',#1639,#1628,#1933,.T.);
#1279=EDGE_CURVE('',#1638,#1630,#1934,.T.);
#1280=EDGE_CURVE('',#1611,#1640,#1935,.T.);
#1281=EDGE_CURVE('',#1641,#1640,#1936,.T.);
#1282=EDGE_CURVE('',#1609,#1641,#1937,.T.);
#1283=EDGE_CURVE('',#1640,#1642,#1938,.T.);
#1284=EDGE_CURVE('',#1643,#1642,#1939,.T.);
#1285=EDGE_CURVE('',#1641,#1643,#1940,.T.);
#1286=EDGE_CURVE('',#1643,#1608,#1941,.T.);
#1287=EDGE_CURVE('',#1642,#1610,#1942,.T.);
#1288=EDGE_CURVE('',#1627,#1644,#1943,.T.);
#1289=EDGE_CURVE('',#1645,#1644,#1944,.T.);
#1290=EDGE_CURVE('',#1625,#1645,#1945,.T.);
#1291=EDGE_CURVE('',#1644,#1646,#1946,.T.);
#1292=EDGE_CURVE('',#1647,#1646,#1947,.T.);
#1293=EDGE_CURVE('',#1645,#1647,#1948,.T.);
#1294=EDGE_CURVE('',#1647,#1624,#1949,.T.);
#1295=EDGE_CURVE('',#1646,#1626,#1950,.T.);
#1296=EDGE_CURVE('',#1607,#1648,#1951,.T.);
#1297=EDGE_CURVE('',#1649,#1648,#1952,.T.);
#1298=EDGE_CURVE('',#1605,#1649,#1953,.T.);
#1299=EDGE_CURVE('',#1648,#1650,#1954,.T.);
#1300=EDGE_CURVE('',#1651,#1650,#1955,.T.);
#1301=EDGE_CURVE('',#1649,#1651,#1956,.T.);
#1302=EDGE_CURVE('',#1651,#1604,#1957,.T.);
#1303=EDGE_CURVE('',#1650,#1606,#1958,.T.);
#1304=EDGE_CURVE('',#1623,#1652,#1959,.T.);
#1305=EDGE_CURVE('',#1653,#1652,#1960,.T.);
#1306=EDGE_CURVE('',#1621,#1653,#1961,.T.);
#1307=EDGE_CURVE('',#1652,#1654,#1962,.T.);
#1308=EDGE_CURVE('',#1655,#1654,#1963,.T.);
#1309=EDGE_CURVE('',#1653,#1655,#1964,.T.);
#1310=EDGE_CURVE('',#1655,#1620,#1965,.T.);
#1311=EDGE_CURVE('',#1654,#1622,#1966,.T.);
#1312=EDGE_CURVE('',#1603,#1656,#1967,.T.);
#1313=EDGE_CURVE('',#1657,#1656,#1968,.T.);
#1314=EDGE_CURVE('',#1601,#1657,#1969,.T.);
#1315=EDGE_CURVE('',#1656,#1658,#1970,.T.);
#1316=EDGE_CURVE('',#1659,#1658,#1971,.T.);
#1317=EDGE_CURVE('',#1657,#1659,#1972,.T.);
#1318=EDGE_CURVE('',#1659,#1600,#1973,.T.);
#1319=EDGE_CURVE('',#1658,#1602,#1974,.T.);
#1320=EDGE_CURVE('',#1619,#1660,#1975,.T.);
#1321=EDGE_CURVE('',#1661,#1660,#1976,.T.);
#1322=EDGE_CURVE('',#1617,#1661,#1977,.T.);
#1323=EDGE_CURVE('',#1660,#1662,#1978,.T.);
#1324=EDGE_CURVE('',#1663,#1662,#1979,.T.);
#1325=EDGE_CURVE('',#1661,#1663,#1980,.T.);
#1326=EDGE_CURVE('',#1663,#1616,#1981,.T.);
#1327=EDGE_CURVE('',#1662,#1618,#1982,.T.);
#1328=EDGE_CURVE('',#1551,#1542,#1983,.T.);
#1329=EDGE_CURVE('',#1550,#1543,#1984,.T.);
#1330=EDGE_CURVE('',#1664,#1665,#1985,.T.);
#1331=EDGE_CURVE('',#1516,#1665,#1986,.T.);
#1332=EDGE_CURVE('',#1517,#1666,#1987,.T.);
#1333=EDGE_CURVE('',#1667,#1666,#1988,.T.);
#1334=EDGE_CURVE('',#1507,#1667,#1989,.T.);
#1335=EDGE_CURVE('',#1506,#1664,#1990,.T.);
#1336=EDGE_CURVE('',#1667,#1562,#187,.T.);
#1337=EDGE_CURVE('',#1666,#1563,#188,.T.);
#1338=EDGE_CURVE('',#1539,#1530,#1991,.T.);
#1339=EDGE_CURVE('',#1538,#1531,#1992,.T.);
#1340=EDGE_CURVE('',#1668,#1669,#1993,.T.);
#1341=EDGE_CURVE('',#1502,#1669,#1994,.T.);
#1342=EDGE_CURVE('',#1503,#1670,#1995,.T.);
#1343=EDGE_CURVE('',#1671,#1670,#1996,.T.);
#1344=EDGE_CURVE('',#1496,#1671,#1997,.T.);
#1345=EDGE_CURVE('',#1497,#1668,#1998,.T.);
#1346=EDGE_CURVE('',#1671,#1560,#189,.T.);
#1347=EDGE_CURVE('',#1670,#1561,#190,.T.);
#1348=EDGE_CURVE('',#1672,#1672,#191,.T.);
#1349=EDGE_CURVE('',#1673,#1673,#192,.T.);
#1350=EDGE_CURVE('',#1674,#1674,#193,.T.);
#1351=EDGE_CURVE('',#1675,#1675,#194,.T.);
#1352=EDGE_CURVE('',#1676,#1676,#195,.T.);
#1353=EDGE_CURVE('',#1677,#1677,#196,.T.);
#1354=EDGE_CURVE('',#1678,#1678,#197,.T.);
#1355=EDGE_CURVE('',#1679,#1679,#198,.T.);
#1356=EDGE_CURVE('',#1549,#1541,#1999,.T.);
#1357=EDGE_CURVE('',#1548,#1540,#2000,.T.);
#1358=EDGE_CURVE('',#1537,#1529,#2001,.T.);
#1359=EDGE_CURVE('',#1536,#1528,#2002,.T.);
#1360=EDGE_CURVE('',#1488,#1593,#2003,.T.);
#1361=EDGE_CURVE('',#1664,#1487,#2004,.T.);
#1362=EDGE_CURVE('',#1665,#1486,#2005,.T.);
#1363=EDGE_CURVE('',#1485,#1592,#2006,.T.);
#1364=EDGE_CURVE('',#1495,#1484,#2007,.T.);
#1365=EDGE_CURVE('',#1470,#1588,#2008,.T.);
#1366=EDGE_CURVE('',#1668,#1469,#2009,.T.);
#1367=EDGE_CURVE('',#1669,#1468,#2010,.T.);
#1368=EDGE_CURVE('',#1467,#1589,#2011,.T.);
#1369=EDGE_CURVE('',#1477,#1466,#2012,.T.);
#1370=EDGE_CURVE('',#1491,#1680,#2013,.T.);
#1371=EDGE_CURVE('',#1680,#1481,#199,.F.);
#1372=EDGE_CURVE('',#1473,#1681,#2014,.T.);
#1373=EDGE_CURVE('',#1681,#1463,#200,.F.);
#1374=EDGE_CURVE('',#1682,#1683,#2015,.T.);
#1375=EDGE_CURVE('',#1682,#1684,#201,.F.);
#1376=EDGE_CURVE('',#1685,#1684,#2016,.T.);
#1377=EDGE_CURVE('',#1492,#1685,#2017,.T.);
#1378=EDGE_CURVE('',#1686,#1490,#2018,.T.);
#1379=EDGE_CURVE('',#1687,#1686,#202,.T.);
#1380=EDGE_CURVE('',#1683,#1687,#2019,.T.);
#1381=EDGE_CURVE('',#1680,#1686,#2020,.T.);
#1382=EDGE_CURVE('',#1688,#1689,#2021,.T.);
#1383=EDGE_CURVE('',#1690,#1688,#2022,.T.);
#1384=EDGE_CURVE('',#1690,#1691,#2023,.T.);
#1385=EDGE_CURVE('',#1478,#1691,#2024,.T.);
#1386=EDGE_CURVE('',#1685,#1692,#2025,.T.);
#1387=EDGE_CURVE('',#1692,#1689,#2026,.T.);
#1388=EDGE_CURVE('',#1693,#1480,#203,.T.);
#1389=EDGE_CURVE('',#1693,#1687,#2027,.T.);
#1390=EDGE_CURVE('',#1689,#1694,#204,.T.);
#1391=EDGE_CURVE('',#1695,#1694,#2028,.T.);
#1392=EDGE_CURVE('',#1688,#1695,#205,.T.);
#1393=EDGE_CURVE('',#1694,#1696,#2029,.T.);
#1394=EDGE_CURVE('',#1697,#1696,#2030,.T.);
#1395=EDGE_CURVE('',#1695,#1697,#2031,.T.);
#1396=EDGE_CURVE('',#1696,#1698,#206,.T.);
#1397=EDGE_CURVE('',#1699,#1698,#2032,.T.);
#1398=EDGE_CURVE('',#1697,#1699,#207,.T.);
#1399=EDGE_CURVE('',#1698,#1700,#2033,.T.);
#1400=EDGE_CURVE('',#1683,#1700,#2034,.T.);
#1401=EDGE_CURVE('',#1701,#1693,#2035,.T.);
#1402=EDGE_CURVE('',#1702,#1701,#2036,.T.);
#1403=EDGE_CURVE('',#1699,#1702,#2037,.T.);
#1404=EDGE_CURVE('',#1703,#1704,#208,.F.);
#1405=EDGE_CURVE('',#1703,#1701,#2038,.T.);
#1406=EDGE_CURVE('',#1691,#1704,#2039,.T.);
#1407=EDGE_CURVE('',#1705,#1706,#2040,.T.);
#1408=EDGE_CURVE('',#1705,#1707,#209,.F.);
#1409=EDGE_CURVE('',#1708,#1707,#2041,.T.);
#1410=EDGE_CURVE('',#1474,#1708,#2042,.T.);
#1411=EDGE_CURVE('',#1709,#1472,#2043,.T.);
#1412=EDGE_CURVE('',#1710,#1709,#210,.T.);
#1413=EDGE_CURVE('',#1706,#1710,#2044,.T.);
#1414=EDGE_CURVE('',#1681,#1709,#2045,.T.);
#1415=EDGE_CURVE('',#1711,#1712,#2046,.T.);
#1416=EDGE_CURVE('',#1713,#1711,#2047,.T.);
#1417=EDGE_CURVE('',#1713,#1714,#2048,.T.);
#1418=EDGE_CURVE('',#1460,#1714,#2049,.T.);
#1419=EDGE_CURVE('',#1708,#1715,#2050,.T.);
#1420=EDGE_CURVE('',#1715,#1712,#2051,.T.);
#1421=EDGE_CURVE('',#1716,#1462,#211,.T.);
#1422=EDGE_CURVE('',#1716,#1710,#2052,.T.);
#1423=EDGE_CURVE('',#1712,#1717,#212,.T.);
#1424=EDGE_CURVE('',#1718,#1717,#2053,.T.);
#1425=EDGE_CURVE('',#1711,#1718,#213,.T.);
#1426=EDGE_CURVE('',#1717,#1719,#2054,.T.);
#1427=EDGE_CURVE('',#1720,#1719,#2055,.T.);
#1428=EDGE_CURVE('',#1718,#1720,#2056,.T.);
#1429=EDGE_CURVE('',#1719,#1721,#214,.T.);
#1430=EDGE_CURVE('',#1722,#1721,#2057,.T.);
#1431=EDGE_CURVE('',#1720,#1722,#215,.T.);
#1432=EDGE_CURVE('',#1721,#1723,#2058,.T.);
#1433=EDGE_CURVE('',#1706,#1723,#2059,.T.);
#1434=EDGE_CURVE('',#1724,#1716,#2060,.T.);
#1435=EDGE_CURVE('',#1725,#1724,#2061,.T.);
#1436=EDGE_CURVE('',#1722,#1725,#2062,.T.);
#1437=EDGE_CURVE('',#1726,#1727,#216,.F.);
#1438=EDGE_CURVE('',#1726,#1724,#2063,.T.);
#1439=EDGE_CURVE('',#1714,#1727,#2064,.T.);
#1440=EDGE_CURVE('',#1702,#1728,#2065,.T.);
#1441=EDGE_CURVE('',#1729,#1728,#217,.T.);
#1442=EDGE_CURVE('',#1729,#1690,#2066,.T.);
#1443=EDGE_CURVE('',#1729,#1704,#2067,.T.);
#1444=EDGE_CURVE('',#1728,#1703,#2068,.T.);
#1445=EDGE_CURVE('',#1682,#1730,#2069,.T.);
#1446=EDGE_CURVE('',#1700,#1730,#2070,.T.);
#1447=EDGE_CURVE('',#1731,#1730,#218,.T.);
#1448=EDGE_CURVE('',#1684,#1731,#2071,.T.);
#1449=EDGE_CURVE('',#1731,#1692,#2072,.T.);
#1450=EDGE_CURVE('',#1725,#1732,#2073,.T.);
#1451=EDGE_CURVE('',#1733,#1732,#219,.T.);
#1452=EDGE_CURVE('',#1733,#1713,#2074,.T.);
#1453=EDGE_CURVE('',#1733,#1727,#2075,.T.);
#1454=EDGE_CURVE('',#1732,#1726,#2076,.T.);
#1455=EDGE_CURVE('',#1705,#1734,#2077,.T.);
#1456=EDGE_CURVE('',#1723,#1734,#2078,.T.);
#1457=EDGE_CURVE('',#1735,#1734,#220,.T.);
#1458=EDGE_CURVE('',#1707,#1735,#2079,.T.);
#1459=EDGE_CURVE('',#1735,#1715,#2080,.T.);
#1460=VERTEX_POINT('',#5115);
#1461=VERTEX_POINT('',#5116);
#1462=VERTEX_POINT('',#5118);
#1463=VERTEX_POINT('',#5120);
#1464=VERTEX_POINT('',#5122);
#1465=VERTEX_POINT('',#5124);
#1466=VERTEX_POINT('',#5126);
#1467=VERTEX_POINT('',#5128);
#1468=VERTEX_POINT('',#5130);
#1469=VERTEX_POINT('',#5132);
#1470=VERTEX_POINT('',#5134);
#1471=VERTEX_POINT('',#5136);
#1472=VERTEX_POINT('',#5140);
#1473=VERTEX_POINT('',#5141);
#1474=VERTEX_POINT('',#5143);
#1475=VERTEX_POINT('',#5145);
#1476=VERTEX_POINT('',#5147);
#1477=VERTEX_POINT('',#5149);
#1478=VERTEX_POINT('',#5157);
#1479=VERTEX_POINT('',#5158);
#1480=VERTEX_POINT('',#5160);
#1481=VERTEX_POINT('',#5162);
#1482=VERTEX_POINT('',#5164);
#1483=VERTEX_POINT('',#5166);
#1484=VERTEX_POINT('',#5168);
#1485=VERTEX_POINT('',#5170);
#1486=VERTEX_POINT('',#5172);
#1487=VERTEX_POINT('',#5174);
#1488=VERTEX_POINT('',#5176);
#1489=VERTEX_POINT('',#5178);
#1490=VERTEX_POINT('',#5182);
#1491=VERTEX_POINT('',#5183);
#1492=VERTEX_POINT('',#5185);
#1493=VERTEX_POINT('',#5187);
#1494=VERTEX_POINT('',#5189);
#1495=VERTEX_POINT('',#5191);
#1496=VERTEX_POINT('',#5199);
#1497=VERTEX_POINT('',#5200);
#1498=VERTEX_POINT('',#5202);
#1499=VERTEX_POINT('',#5204);
#1500=VERTEX_POINT('',#5206);
#1501=VERTEX_POINT('',#5208);
#1502=VERTEX_POINT('',#5212);
#1503=VERTEX_POINT('',#5213);
#1504=VERTEX_POINT('',#5215);
#1505=VERTEX_POINT('',#5217);
#1506=VERTEX_POINT('',#5219);
#1507=VERTEX_POINT('',#5221);
#1508=VERTEX_POINT('',#5223);
#1509=VERTEX_POINT('',#5225);
#1510=VERTEX_POINT('',#5229);
#1511=VERTEX_POINT('',#5230);
#1512=VERTEX_POINT('',#5232);
#1513=VERTEX_POINT('',#5234);
#1514=VERTEX_POINT('',#5238);
#1515=VERTEX_POINT('',#5240);
#1516=VERTEX_POINT('',#5247);
#1517=VERTEX_POINT('',#5248);
#1518=VERTEX_POINT('',#5250);
#1519=VERTEX_POINT('',#5252);
#1520=VERTEX_POINT('',#5254);
#1521=VERTEX_POINT('',#5256);
#1522=VERTEX_POINT('',#5260);
#1523=VERTEX_POINT('',#5261);
#1524=VERTEX_POINT('',#5263);
#1525=VERTEX_POINT('',#5265);
#1526=VERTEX_POINT('',#5269);
#1527=VERTEX_POINT('',#5271);
#1528=VERTEX_POINT('',#5278);
#1529=VERTEX_POINT('',#5279);
#1530=VERTEX_POINT('',#5281);
#1531=VERTEX_POINT('',#5283);
#1532=VERTEX_POINT('',#5287);
#1533=VERTEX_POINT('',#5288);
#1534=VERTEX_POINT('',#5293);
#1535=VERTEX_POINT('',#5294);
#1536=VERTEX_POINT('',#5299);
#1537=VERTEX_POINT('',#5300);
#1538=VERTEX_POINT('',#5305);
#1539=VERTEX_POINT('',#5306);
#1540=VERTEX_POINT('',#5311);
#1541=VERTEX_POINT('',#5312);
#1542=VERTEX_POINT('',#5314);
#1543=VERTEX_POINT('',#5316);
#1544=VERTEX_POINT('',#5320);
#1545=VERTEX_POINT('',#5321);
#1546=VERTEX_POINT('',#5326);
#1547=VERTEX_POINT('',#5327);
#1548=VERTEX_POINT('',#5332);
#1549=VERTEX_POINT('',#5333);
#1550=VERTEX_POINT('',#5338);
#1551=VERTEX_POINT('',#5339);
#1552=VERTEX_POINT('',#5348);
#1553=VERTEX_POINT('',#5349);
#1554=VERTEX_POINT('',#5351);
#1555=VERTEX_POINT('',#5353);
#1556=VERTEX_POINT('',#5355);
#1557=VERTEX_POINT('',#5357);
#1558=VERTEX_POINT('',#5359);
#1559=VERTEX_POINT('',#5365);
#1560=VERTEX_POINT('',#5369);
#1561=VERTEX_POINT('',#5371);
#1562=VERTEX_POINT('',#5374);
#1563=VERTEX_POINT('',#5376);
#1564=VERTEX_POINT('',#5379);
#1565=VERTEX_POINT('',#5381);
#1566=VERTEX_POINT('',#5383);
#1567=VERTEX_POINT('',#5385);
#1568=VERTEX_POINT('',#5387);
#1569=VERTEX_POINT('',#5389);
#1570=VERTEX_POINT('',#5391);
#1571=VERTEX_POINT('',#5393);
#1572=VERTEX_POINT('',#5395);
#1573=VERTEX_POINT('',#5397);
#1574=VERTEX_POINT('',#5401);
#1575=VERTEX_POINT('',#5403);
#1576=VERTEX_POINT('',#5407);
#1577=VERTEX_POINT('',#5409);
#1578=VERTEX_POINT('',#5413);
#1579=VERTEX_POINT('',#5415);
#1580=VERTEX_POINT('',#5418);
#1581=VERTEX_POINT('',#5420);
#1582=VERTEX_POINT('',#5422);
#1583=VERTEX_POINT('',#5424);
#1584=VERTEX_POINT('',#5426);
#1585=VERTEX_POINT('',#5428);
#1586=VERTEX_POINT('',#5435);
#1587=VERTEX_POINT('',#5437);
#1588=VERTEX_POINT('',#5444);
#1589=VERTEX_POINT('',#5445);
#1590=VERTEX_POINT('',#5447);
#1591=VERTEX_POINT('',#5449);
#1592=VERTEX_POINT('',#5455);
#1593=VERTEX_POINT('',#5457);
#1594=VERTEX_POINT('',#5461);
#1595=VERTEX_POINT('',#5463);
#1596=VERTEX_POINT('',#5466);
#1597=VERTEX_POINT('',#5468);
#1598=VERTEX_POINT('',#5472);
#1599=VERTEX_POINT('',#5474);
#1600=VERTEX_POINT('',#5483);
#1601=VERTEX_POINT('',#5484);
#1602=VERTEX_POINT('',#5486);
#1603=VERTEX_POINT('',#5488);
#1604=VERTEX_POINT('',#5491);
#1605=VERTEX_POINT('',#5492);
#1606=VERTEX_POINT('',#5494);
#1607=VERTEX_POINT('',#5496);
#1608=VERTEX_POINT('',#5499);
#1609=VERTEX_POINT('',#5500);
#1610=VERTEX_POINT('',#5502);
#1611=VERTEX_POINT('',#5504);
#1612=VERTEX_POINT('',#5507);
#1613=VERTEX_POINT('',#5508);
#1614=VERTEX_POINT('',#5510);
#1615=VERTEX_POINT('',#5512);
#1616=VERTEX_POINT('',#5520);
#1617=VERTEX_POINT('',#5521);
#1618=VERTEX_POINT('',#5523);
#1619=VERTEX_POINT('',#5525);
#1620=VERTEX_POINT('',#5528);
#1621=VERTEX_POINT('',#5529);
#1622=VERTEX_POINT('',#5531);
#1623=VERTEX_POINT('',#5533);
#1624=VERTEX_POINT('',#5536);
#1625=VERTEX_POINT('',#5537);
#1626=VERTEX_POINT('',#5539);
#1627=VERTEX_POINT('',#5541);
#1628=VERTEX_POINT('',#5544);
#1629=VERTEX_POINT('',#5545);
#1630=VERTEX_POINT('',#5547);
#1631=VERTEX_POINT('',#5549);
#1632=VERTEX_POINT('',#5557);
#1633=VERTEX_POINT('',#5559);
#1634=VERTEX_POINT('',#5563);
#1635=VERTEX_POINT('',#5565);
#1636=VERTEX_POINT('',#5574);
#1637=VERTEX_POINT('',#5576);
#1638=VERTEX_POINT('',#5580);
#1639=VERTEX_POINT('',#5582);
#1640=VERTEX_POINT('',#5591);
#1641=VERTEX_POINT('',#5593);
#1642=VERTEX_POINT('',#5597);
#1643=VERTEX_POINT('',#5599);
#1644=VERTEX_POINT('',#5608);
#1645=VERTEX_POINT('',#5610);
#1646=VERTEX_POINT('',#5614);
#1647=VERTEX_POINT('',#5616);
#1648=VERTEX_POINT('',#5625);
#1649=VERTEX_POINT('',#5627);
#1650=VERTEX_POINT('',#5631);
#1651=VERTEX_POINT('',#5633);
#1652=VERTEX_POINT('',#5642);
#1653=VERTEX_POINT('',#5644);
#1654=VERTEX_POINT('',#5648);
#1655=VERTEX_POINT('',#5650);
#1656=VERTEX_POINT('',#5659);
#1657=VERTEX_POINT('',#5661);
#1658=VERTEX_POINT('',#5665);
#1659=VERTEX_POINT('',#5667);
#1660=VERTEX_POINT('',#5676);
#1661=VERTEX_POINT('',#5678);
#1662=VERTEX_POINT('',#5682);
#1663=VERTEX_POINT('',#5684);
#1664=VERTEX_POINT('',#5695);
#1665=VERTEX_POINT('',#5696);
#1666=VERTEX_POINT('',#5699);
#1667=VERTEX_POINT('',#5701);
#1668=VERTEX_POINT('',#5713);
#1669=VERTEX_POINT('',#5714);
#1670=VERTEX_POINT('',#5717);
#1671=VERTEX_POINT('',#5719);
#1672=VERTEX_POINT('',#5729);
#1673=VERTEX_POINT('',#5732);
#1674=VERTEX_POINT('',#5736);
#1675=VERTEX_POINT('',#5739);
#1676=VERTEX_POINT('',#5743);
#1677=VERTEX_POINT('',#5746);
#1678=VERTEX_POINT('',#5750);
#1679=VERTEX_POINT('',#5753);
#1680=VERTEX_POINT('',#5788);
#1681=VERTEX_POINT('',#5793);
#1682=VERTEX_POINT('',#5797);
#1683=VERTEX_POINT('',#5798);
#1684=VERTEX_POINT('',#5800);
#1685=VERTEX_POINT('',#5802);
#1686=VERTEX_POINT('',#5805);
#1687=VERTEX_POINT('',#5807);
#1688=VERTEX_POINT('',#5813);
#1689=VERTEX_POINT('',#5814);
#1690=VERTEX_POINT('',#5816);
#1691=VERTEX_POINT('',#5818);
#1692=VERTEX_POINT('',#5821);
#1693=VERTEX_POINT('',#5825);
#1694=VERTEX_POINT('',#5829);
#1695=VERTEX_POINT('',#5831);
#1696=VERTEX_POINT('',#5835);
#1697=VERTEX_POINT('',#5837);
#1698=VERTEX_POINT('',#5841);
#1699=VERTEX_POINT('',#5843);
#1700=VERTEX_POINT('',#5847);
#1701=VERTEX_POINT('',#5850);
#1702=VERTEX_POINT('',#5852);
#1703=VERTEX_POINT('',#5856);
#1704=VERTEX_POINT('',#5857);
#1705=VERTEX_POINT('',#5862);
#1706=VERTEX_POINT('',#5863);
#1707=VERTEX_POINT('',#5865);
#1708=VERTEX_POINT('',#5867);
#1709=VERTEX_POINT('',#5870);
#1710=VERTEX_POINT('',#5872);
#1711=VERTEX_POINT('',#5878);
#1712=VERTEX_POINT('',#5879);
#1713=VERTEX_POINT('',#5881);
#1714=VERTEX_POINT('',#5883);
#1715=VERTEX_POINT('',#5886);
#1716=VERTEX_POINT('',#5890);
#1717=VERTEX_POINT('',#5894);
#1718=VERTEX_POINT('',#5896);
#1719=VERTEX_POINT('',#5900);
#1720=VERTEX_POINT('',#5902);
#1721=VERTEX_POINT('',#5906);
#1722=VERTEX_POINT('',#5908);
#1723=VERTEX_POINT('',#5912);
#1724=VERTEX_POINT('',#5915);
#1725=VERTEX_POINT('',#5917);
#1726=VERTEX_POINT('',#5921);
#1727=VERTEX_POINT('',#5922);
#1728=VERTEX_POINT('',#5927);
#1729=VERTEX_POINT('',#5929);
#1730=VERTEX_POINT('',#5938);
#1731=VERTEX_POINT('',#5942);
#1732=VERTEX_POINT('',#5949);
#1733=VERTEX_POINT('',#5951);
#1734=VERTEX_POINT('',#5960);
#1735=VERTEX_POINT('',#5964);
#1736=LINE('',#5114,#2081);
#1737=LINE('',#5119,#2082);
#1738=LINE('',#5123,#2083);
#1739=LINE('',#5127,#2084);
#1740=LINE('',#5131,#2085);
#1741=LINE('',#5135,#2086);
#1742=LINE('',#5139,#2087);
#1743=LINE('',#5142,#2088);
#1744=LINE('',#5144,#2089);
#1745=LINE('',#5146,#2090);
#1746=LINE('',#5148,#2091);
#1747=LINE('',#5150,#2092);
#1748=LINE('',#5151,#2093);
#1749=LINE('',#5153,#2094);
#1750=LINE('',#5154,#2095);
#1751=LINE('',#5156,#2096);
#1752=LINE('',#5161,#2097);
#1753=LINE('',#5165,#2098);
#1754=LINE('',#5169,#2099);
#1755=LINE('',#5173,#2100);
#1756=LINE('',#5177,#2101);
#1757=LINE('',#5181,#2102);
#1758=LINE('',#5184,#2103);
#1759=LINE('',#5186,#2104);
#1760=LINE('',#5188,#2105);
#1761=LINE('',#5190,#2106);
#1762=LINE('',#5192,#2107);
#1763=LINE('',#5193,#2108);
#1764=LINE('',#5195,#2109);
#1765=LINE('',#5196,#2110);
#1766=LINE('',#5198,#2111);
#1767=LINE('',#5201,#2112);
#1768=LINE('',#5203,#2113);
#1769=LINE('',#5205,#2114);
#1770=LINE('',#5207,#2115);
#1771=LINE('',#5209,#2116);
#1772=LINE('',#5211,#2117);
#1773=LINE('',#5214,#2118);
#1774=LINE('',#5216,#2119);
#1775=LINE('',#5218,#2120);
#1776=LINE('',#5220,#2121);
#1777=LINE('',#5222,#2122);
#1778=LINE('',#5224,#2123);
#1779=LINE('',#5226,#2124);
#1780=LINE('',#5231,#2125);
#1781=LINE('',#5235,#2126);
#1782=LINE('',#5237,#2127);
#1783=LINE('',#5239,#2128);
#1784=LINE('',#5241,#2129);
#1785=LINE('',#5246,#2130);
#1786=LINE('',#5249,#2131);
#1787=LINE('',#5251,#2132);
#1788=LINE('',#5253,#2133);
#1789=LINE('',#5255,#2134);
#1790=LINE('',#5257,#2135);
#1791=LINE('',#5262,#2136);
#1792=LINE('',#5266,#2137);
#1793=LINE('',#5268,#2138);
#1794=LINE('',#5270,#2139);
#1795=LINE('',#5272,#2140);
#1796=LINE('',#5277,#2141);
#1797=LINE('',#5280,#2142);
#1798=LINE('',#5282,#2143);
#1799=LINE('',#5284,#2144);
#1800=LINE('',#5286,#2145);
#1801=LINE('',#5289,#2146);
#1802=LINE('',#5290,#2147);
#1803=LINE('',#5292,#2148);
#1804=LINE('',#5295,#2149);
#1805=LINE('',#5296,#2150);
#1806=LINE('',#5298,#2151);
#1807=LINE('',#5301,#2152);
#1808=LINE('',#5302,#2153);
#1809=LINE('',#5304,#2154);
#1810=LINE('',#5307,#2155);
#1811=LINE('',#5308,#2156);
#1812=LINE('',#5310,#2157);
#1813=LINE('',#5313,#2158);
#1814=LINE('',#5315,#2159);
#1815=LINE('',#5317,#2160);
#1816=LINE('',#5319,#2161);
#1817=LINE('',#5322,#2162);
#1818=LINE('',#5323,#2163);
#1819=LINE('',#5325,#2164);
#1820=LINE('',#5328,#2165);
#1821=LINE('',#5329,#2166);
#1822=LINE('',#5331,#2167);
#1823=LINE('',#5334,#2168);
#1824=LINE('',#5335,#2169);
#1825=LINE('',#5337,#2170);
#1826=LINE('',#5340,#2171);
#1827=LINE('',#5341,#2172);
#1828=LINE('',#5350,#2173);
#1829=LINE('',#5354,#2174);
#1830=LINE('',#5358,#2175);
#1831=LINE('',#5366,#2176);
#1832=LINE('',#5368,#2177);
#1833=LINE('',#5370,#2178);
#1834=LINE('',#5372,#2179);
#1835=LINE('',#5373,#2180);
#1836=LINE('',#5375,#2181);
#1837=LINE('',#5377,#2182);
#1838=LINE('',#5378,#2183);
#1839=LINE('',#5380,#2184);
#1840=LINE('',#5382,#2185);
#1841=LINE('',#5384,#2186);
#1842=LINE('',#5386,#2187);
#1843=LINE('',#5388,#2188);
#1844=LINE('',#5390,#2189);
#1845=LINE('',#5392,#2190);
#1846=LINE('',#5394,#2191);
#1847=LINE('',#5396,#2192);
#1848=LINE('',#5398,#2193);
#1849=LINE('',#5400,#2194);
#1850=LINE('',#5402,#2195);
#1851=LINE('',#5404,#2196);
#1852=LINE('',#5406,#2197);
#1853=LINE('',#5408,#2198);
#1854=LINE('',#5410,#2199);
#1855=LINE('',#5412,#2200);
#1856=LINE('',#5414,#2201);
#1857=LINE('',#5416,#2202);
#1858=LINE('',#5417,#2203);
#1859=LINE('',#5419,#2204);
#1860=LINE('',#5421,#2205);
#1861=LINE('',#5423,#2206);
#1862=LINE('',#5425,#2207);
#1863=LINE('',#5427,#2208);
#1864=LINE('',#5429,#2209);
#1865=LINE('',#5431,#2210);
#1866=LINE('',#5432,#2211);
#1867=LINE('',#5436,#2212);
#1868=LINE('',#5440,#2213);
#1869=LINE('',#5441,#2214);
#1870=LINE('',#5443,#2215);
#1871=LINE('',#5446,#2216);
#1872=LINE('',#5448,#2217);
#1873=LINE('',#5450,#2218);
#1874=LINE('',#5453,#2219);
#1875=LINE('',#5454,#2220);
#1876=LINE('',#5456,#2221);
#1877=LINE('',#5458,#2222);
#1878=LINE('',#5459,#2223);
#1879=LINE('',#5467,#2224);
#1880=LINE('',#5471,#2225);
#1881=LINE('',#5473,#2226);
#1882=LINE('',#5475,#2227);
#1883=LINE('',#5482,#2228);
#1884=LINE('',#5485,#2229);
#1885=LINE('',#5487,#2230);
#1886=LINE('',#5489,#2231);
#1887=LINE('',#5490,#2232);
#1888=LINE('',#5493,#2233);
#1889=LINE('',#5495,#2234);
#1890=LINE('',#5497,#2235);
#1891=LINE('',#5498,#2236);
#1892=LINE('',#5501,#2237);
#1893=LINE('',#5503,#2238);
#1894=LINE('',#5505,#2239);
#1895=LINE('',#5506,#2240);
#1896=LINE('',#5509,#2241);
#1897=LINE('',#5511,#2242);
#1898=LINE('',#5513,#2243);
#1899=LINE('',#5514,#2244);
#1900=LINE('',#5515,#2245);
#1901=LINE('',#5519,#2246);
#1902=LINE('',#5522,#2247);
#1903=LINE('',#5524,#2248);
#1904=LINE('',#5526,#2249);
#1905=LINE('',#5527,#2250);
#1906=LINE('',#5530,#2251);
#1907=LINE('',#5532,#2252);
#1908=LINE('',#5534,#2253);
#1909=LINE('',#5535,#2254);
#1910=LINE('',#5538,#2255);
#1911=LINE('',#5540,#2256);
#1912=LINE('',#5542,#2257);
#1913=LINE('',#5543,#2258);
#1914=LINE('',#5546,#2259);
#1915=LINE('',#5548,#2260);
#1916=LINE('',#5550,#2261);
#1917=LINE('',#5551,#2262);
#1918=LINE('',#5552,#2263);
#1919=LINE('',#5556,#2264);
#1920=LINE('',#5558,#2265);
#1921=LINE('',#5560,#2266);
#1922=LINE('',#5562,#2267);
#1923=LINE('',#5564,#2268);
#1924=LINE('',#5566,#2269);
#1925=LINE('',#5568,#2270);
#1926=LINE('',#5569,#2271);
#1927=LINE('',#5573,#2272);
#1928=LINE('',#5575,#2273);
#1929=LINE('',#5577,#2274);
#1930=LINE('',#5579,#2275);
#1931=LINE('',#5581,#2276);
#1932=LINE('',#5583,#2277);
#1933=LINE('',#5585,#2278);
#1934=LINE('',#5586,#2279);
#1935=LINE('',#5590,#2280);
#1936=LINE('',#5592,#2281);
#1937=LINE('',#5594,#2282);
#1938=LINE('',#5596,#2283);
#1939=LINE('',#5598,#2284);
#1940=LINE('',#5600,#2285);
#1941=LINE('',#5602,#2286);
#1942=LINE('',#5603,#2287);
#1943=LINE('',#5607,#2288);
#1944=LINE('',#5609,#2289);
#1945=LINE('',#5611,#2290);
#1946=LINE('',#5613,#2291);
#1947=LINE('',#5615,#2292);
#1948=LINE('',#5617,#2293);
#1949=LINE('',#5619,#2294);
#1950=LINE('',#5620,#2295);
#1951=LINE('',#5624,#2296);
#1952=LINE('',#5626,#2297);
#1953=LINE('',#5628,#2298);
#1954=LINE('',#5630,#2299);
#1955=LINE('',#5632,#2300);
#1956=LINE('',#5634,#2301);
#1957=LINE('',#5636,#2302);
#1958=LINE('',#5637,#2303);
#1959=LINE('',#5641,#2304);
#1960=LINE('',#5643,#2305);
#1961=LINE('',#5645,#2306);
#1962=LINE('',#5647,#2307);
#1963=LINE('',#5649,#2308);
#1964=LINE('',#5651,#2309);
#1965=LINE('',#5653,#2310);
#1966=LINE('',#5654,#2311);
#1967=LINE('',#5658,#2312);
#1968=LINE('',#5660,#2313);
#1969=LINE('',#5662,#2314);
#1970=LINE('',#5664,#2315);
#1971=LINE('',#5666,#2316);
#1972=LINE('',#5668,#2317);
#1973=LINE('',#5670,#2318);
#1974=LINE('',#5671,#2319);
#1975=LINE('',#5675,#2320);
#1976=LINE('',#5677,#2321);
#1977=LINE('',#5679,#2322);
#1978=LINE('',#5681,#2323);
#1979=LINE('',#5683,#2324);
#1980=LINE('',#5685,#2325);
#1981=LINE('',#5687,#2326);
#1982=LINE('',#5688,#2327);
#1983=LINE('',#5692,#2328);
#1984=LINE('',#5693,#2329);
#1985=LINE('',#5694,#2330);
#1986=LINE('',#5697,#2331);
#1987=LINE('',#5698,#2332);
#1988=LINE('',#5700,#2333);
#1989=LINE('',#5702,#2334);
#1990=LINE('',#5703,#2335);
#1991=LINE('',#5710,#2336);
#1992=LINE('',#5711,#2337);
#1993=LINE('',#5712,#2338);
#1994=LINE('',#5715,#2339);
#1995=LINE('',#5716,#2340);
#1996=LINE('',#5718,#2341);
#1997=LINE('',#5720,#2342);
#1998=LINE('',#5721,#2343);
#1999=LINE('',#5756,#2344);
#2000=LINE('',#5759,#2345);
#2001=LINE('',#5762,#2346);
#2002=LINE('',#5765,#2347);
#2003=LINE('',#5768,#2348);
#2004=LINE('',#5769,#2349);
#2005=LINE('',#5771,#2350);
#2006=LINE('',#5772,#2351);
#2007=LINE('',#5775,#2352);
#2008=LINE('',#5777,#2353);
#2009=LINE('',#5778,#2354);
#2010=LINE('',#5780,#2355);
#2011=LINE('',#5781,#2356);
#2012=LINE('',#5784,#2357);
#2013=LINE('',#5787,#2358);
#2014=LINE('',#5792,#2359);
#2015=LINE('',#5796,#2360);
#2016=LINE('',#5801,#2361);
#2017=LINE('',#5803,#2362);
#2018=LINE('',#5804,#2363);
#2019=LINE('',#5808,#2364);
#2020=LINE('',#5810,#2365);
#2021=LINE('',#5812,#2366);
#2022=LINE('',#5815,#2367);
#2023=LINE('',#5817,#2368);
#2024=LINE('',#5819,#2369);
#2025=LINE('',#5820,#2370);
#2026=LINE('',#5822,#2371);
#2027=LINE('',#5826,#2372);
#2028=LINE('',#5830,#2373);
#2029=LINE('',#5834,#2374);
#2030=LINE('',#5836,#2375);
#2031=LINE('',#5838,#2376);
#2032=LINE('',#5842,#2377);
#2033=LINE('',#5846,#2378);
#2034=LINE('',#5848,#2379);
#2035=LINE('',#5849,#2380);
#2036=LINE('',#5851,#2381);
#2037=LINE('',#5853,#2382);
#2038=LINE('',#5858,#2383);
#2039=LINE('',#5859,#2384);
#2040=LINE('',#5861,#2385);
#2041=LINE('',#5866,#2386);
#2042=LINE('',#5868,#2387);
#2043=LINE('',#5869,#2388);
#2044=LINE('',#5873,#2389);
#2045=LINE('',#5875,#2390);
#2046=LINE('',#5877,#2391);
#2047=LINE('',#5880,#2392);
#2048=LINE('',#5882,#2393);
#2049=LINE('',#5884,#2394);
#2050=LINE('',#5885,#2395);
#2051=LINE('',#5887,#2396);
#2052=LINE('',#5891,#2397);
#2053=LINE('',#5895,#2398);
#2054=LINE('',#5899,#2399);
#2055=LINE('',#5901,#2400);
#2056=LINE('',#5903,#2401);
#2057=LINE('',#5907,#2402);
#2058=LINE('',#5911,#2403);
#2059=LINE('',#5913,#2404);
#2060=LINE('',#5914,#2405);
#2061=LINE('',#5916,#2406);
#2062=LINE('',#5918,#2407);
#2063=LINE('',#5923,#2408);
#2064=LINE('',#5924,#2409);
#2065=LINE('',#5926,#2410);
#2066=LINE('',#5930,#2411);
#2067=LINE('',#5932,#2412);
#2068=LINE('',#5934,#2413);
#2069=LINE('',#5937,#2414);
#2070=LINE('',#5939,#2415);
#2071=LINE('',#5943,#2416);
#2072=LINE('',#5945,#2417);
#2073=LINE('',#5948,#2418);
#2074=LINE('',#5952,#2419);
#2075=LINE('',#5954,#2420);
#2076=LINE('',#5956,#2421);
#2077=LINE('',#5959,#2422);
#2078=LINE('',#5961,#2423);
#2079=LINE('',#5965,#2424);
#2080=LINE('',#5967,#2425);
#2081=VECTOR('',#4319,1000.);
#2082=VECTOR('',#4322,1000.);
#2083=VECTOR('',#4325,1000.);
#2084=VECTOR('',#4328,1000.);
#2085=VECTOR('',#4331,1000.);
#2086=VECTOR('',#4334,1000.);
#2087=VECTOR('',#4339,1000.);
#2088=VECTOR('',#4340,1000.);
#2089=VECTOR('',#4341,1000.);
#2090=VECTOR('',#4342,1000.);
#2091=VECTOR('',#4343,1000.);
#2092=VECTOR('',#4344,1000.);
#2093=VECTOR('',#4345,1000.);
#2094=VECTOR('',#4348,1000.);
#2095=VECTOR('',#4349,1000.);
#2096=VECTOR('',#4352,1000.);
#2097=VECTOR('',#4355,1000.);
#2098=VECTOR('',#4358,1000.);
#2099=VECTOR('',#4361,1000.);
#2100=VECTOR('',#4364,1000.);
#2101=VECTOR('',#4367,1000.);
#2102=VECTOR('',#4372,1000.);
#2103=VECTOR('',#4373,1000.);
#2104=VECTOR('',#4374,1000.);
#2105=VECTOR('',#4375,1000.);
#2106=VECTOR('',#4376,1000.);
#2107=VECTOR('',#4377,1000.);
#2108=VECTOR('',#4378,1000.);
#2109=VECTOR('',#4381,1000.);
#2110=VECTOR('',#4382,1000.);
#2111=VECTOR('',#4385,1000.);
#2112=VECTOR('',#4386,1000.);
#2113=VECTOR('',#4387,1000.);
#2114=VECTOR('',#4388,1000.);
#2115=VECTOR('',#4389,1000.);
#2116=VECTOR('',#4390,1000.);
#2117=VECTOR('',#4393,1000.);
#2118=VECTOR('',#4394,1000.);
#2119=VECTOR('',#4395,1000.);
#2120=VECTOR('',#4396,1000.);
#2121=VECTOR('',#4397,1000.);
#2122=VECTOR('',#4398,1000.);
#2123=VECTOR('',#4399,1000.);
#2124=VECTOR('',#4400,1000.);
#2125=VECTOR('',#4405,1000.);
#2126=VECTOR('',#4408,1000.);
#2127=VECTOR('',#4411,1000.);
#2128=VECTOR('',#4412,1000.);
#2129=VECTOR('',#4413,1000.);
#2130=VECTOR('',#4422,1000.);
#2131=VECTOR('',#4423,1000.);
#2132=VECTOR('',#4424,1000.);
#2133=VECTOR('',#4425,1000.);
#2134=VECTOR('',#4426,1000.);
#2135=VECTOR('',#4427,1000.);
#2136=VECTOR('',#4432,1000.);
#2137=VECTOR('',#4435,1000.);
#2138=VECTOR('',#4438,1000.);
#2139=VECTOR('',#4439,1000.);
#2140=VECTOR('',#4440,1000.);
#2141=VECTOR('',#4449,1000.);
#2142=VECTOR('',#4450,1000.);
#2143=VECTOR('',#4451,1000.);
#2144=VECTOR('',#4452,1000.);
#2145=VECTOR('',#4455,1000.);
#2146=VECTOR('',#4456,1000.);
#2147=VECTOR('',#4457,1000.);
#2148=VECTOR('',#4460,1000.);
#2149=VECTOR('',#4461,1000.);
#2150=VECTOR('',#4462,1000.);
#2151=VECTOR('',#4465,1000.);
#2152=VECTOR('',#4466,1000.);
#2153=VECTOR('',#4467,1000.);
#2154=VECTOR('',#4470,1000.);
#2155=VECTOR('',#4471,1000.);
#2156=VECTOR('',#4472,1000.);
#2157=VECTOR('',#4475,1000.);
#2158=VECTOR('',#4476,1000.);
#2159=VECTOR('',#4477,1000.);
#2160=VECTOR('',#4478,1000.);
#2161=VECTOR('',#4481,1000.);
#2162=VECTOR('',#4482,1000.);
#2163=VECTOR('',#4483,1000.);
#2164=VECTOR('',#4486,1000.);
#2165=VECTOR('',#4487,1000.);
#2166=VECTOR('',#4488,1000.);
#2167=VECTOR('',#4491,1000.);
#2168=VECTOR('',#4492,1000.);
#2169=VECTOR('',#4493,1000.);
#2170=VECTOR('',#4496,1000.);
#2171=VECTOR('',#4497,1000.);
#2172=VECTOR('',#4498,1000.);
#2173=VECTOR('',#4501,1000.);
#2174=VECTOR('',#4504,1000.);
#2175=VECTOR('',#4507,1000.);
#2176=VECTOR('',#4508,1000.);
#2177=VECTOR('',#4511,1000.);
#2178=VECTOR('',#4512,1000.);
#2179=VECTOR('',#4513,1000.);
#2180=VECTOR('',#4514,1000.);
#2181=VECTOR('',#4515,1000.);
#2182=VECTOR('',#4516,1000.);
#2183=VECTOR('',#4517,1000.);
#2184=VECTOR('',#4518,1000.);
#2185=VECTOR('',#4519,1000.);
#2186=VECTOR('',#4520,1000.);
#2187=VECTOR('',#4521,1000.);
#2188=VECTOR('',#4522,1000.);
#2189=VECTOR('',#4523,1000.);
#2190=VECTOR('',#4524,1000.);
#2191=VECTOR('',#4525,1000.);
#2192=VECTOR('',#4526,1000.);
#2193=VECTOR('',#4527,1000.);
#2194=VECTOR('',#4530,1000.);
#2195=VECTOR('',#4531,1000.);
#2196=VECTOR('',#4532,1000.);
#2197=VECTOR('',#4535,1000.);
#2198=VECTOR('',#4536,1000.);
#2199=VECTOR('',#4537,1000.);
#2200=VECTOR('',#4540,1000.);
#2201=VECTOR('',#4541,1000.);
#2202=VECTOR('',#4542,1000.);
#2203=VECTOR('',#4543,1000.);
#2204=VECTOR('',#4544,1000.);
#2205=VECTOR('',#4545,1000.);
#2206=VECTOR('',#4546,1000.);
#2207=VECTOR('',#4547,1000.);
#2208=VECTOR('',#4548,1000.);
#2209=VECTOR('',#4549,1000.);
#2210=VECTOR('',#4552,1000.);
#2211=VECTOR('',#4553,1000.);
#2212=VECTOR('',#4558,1000.);
#2213=VECTOR('',#4563,1000.);
#2214=VECTOR('',#4564,1000.);
#2215=VECTOR('',#4567,1000.);
#2216=VECTOR('',#4568,1000.);
#2217=VECTOR('',#4569,1000.);
#2218=VECTOR('',#4570,1000.);
#2219=VECTOR('',#4575,1000.);
#2220=VECTOR('',#4576,1000.);
#2221=VECTOR('',#4577,1000.);
#2222=VECTOR('',#4578,1000.);
#2223=VECTOR('',#4579,1000.);
#2224=VECTOR('',#4588,1000.);
#2225=VECTOR('',#4593,1000.);
#2226=VECTOR('',#4594,1000.);
#2227=VECTOR('',#4595,1000.);
#2228=VECTOR('',#4608,1000.);
#2229=VECTOR('',#4609,1000.);
#2230=VECTOR('',#4610,1000.);
#2231=VECTOR('',#4611,1000.);
#2232=VECTOR('',#4612,1000.);
#2233=VECTOR('',#4613,1000.);
#2234=VECTOR('',#4614,1000.);
#2235=VECTOR('',#4615,1000.);
#2236=VECTOR('',#4616,1000.);
#2237=VECTOR('',#4617,1000.);
#2238=VECTOR('',#4618,1000.);
#2239=VECTOR('',#4619,1000.);
#2240=VECTOR('',#4620,1000.);
#2241=VECTOR('',#4621,1000.);
#2242=VECTOR('',#4622,1000.);
#2243=VECTOR('',#4623,1000.);
#2244=VECTOR('',#4624,1000.);
#2245=VECTOR('',#4625,1000.);
#2246=VECTOR('',#4632,1000.);
#2247=VECTOR('',#4633,1000.);
#2248=VECTOR('',#4634,1000.);
#2249=VECTOR('',#4635,1000.);
#2250=VECTOR('',#4636,1000.);
#2251=VECTOR('',#4637,1000.);
#2252=VECTOR('',#4638,1000.);
#2253=VECTOR('',#4639,1000.);
#2254=VECTOR('',#4640,1000.);
#2255=VECTOR('',#4641,1000.);
#2256=VECTOR('',#4642,1000.);
#2257=VECTOR('',#4643,1000.);
#2258=VECTOR('',#4644,1000.);
#2259=VECTOR('',#4645,1000.);
#2260=VECTOR('',#4646,1000.);
#2261=VECTOR('',#4647,1000.);
#2262=VECTOR('',#4648,1000.);
#2263=VECTOR('',#4649,1000.);
#2264=VECTOR('',#4656,1000.);
#2265=VECTOR('',#4657,1000.);
#2266=VECTOR('',#4658,1000.);
#2267=VECTOR('',#4661,1000.);
#2268=VECTOR('',#4662,1000.);
#2269=VECTOR('',#4663,1000.);
#2270=VECTOR('',#4666,1000.);
#2271=VECTOR('',#4667,1000.);
#2272=VECTOR('',#4674,1000.);
#2273=VECTOR('',#4675,1000.);
#2274=VECTOR('',#4676,1000.);
#2275=VECTOR('',#4679,1000.);
#2276=VECTOR('',#4680,1000.);
#2277=VECTOR('',#4681,1000.);
#2278=VECTOR('',#4684,1000.);
#2279=VECTOR('',#4685,1000.);
#2280=VECTOR('',#4692,1000.);
#2281=VECTOR('',#4693,1000.);
#2282=VECTOR('',#4694,1000.);
#2283=VECTOR('',#4697,1000.);
#2284=VECTOR('',#4698,1000.);
#2285=VECTOR('',#4699,1000.);
#2286=VECTOR('',#4702,1000.);
#2287=VECTOR('',#4703,1000.);
#2288=VECTOR('',#4710,1000.);
#2289=VECTOR('',#4711,1000.);
#2290=VECTOR('',#4712,1000.);
#2291=VECTOR('',#4715,1000.);
#2292=VECTOR('',#4716,1000.);
#2293=VECTOR('',#4717,1000.);
#2294=VECTOR('',#4720,1000.);
#2295=VECTOR('',#4721,1000.);
#2296=VECTOR('',#4728,1000.);
#2297=VECTOR('',#4729,1000.);
#2298=VECTOR('',#4730,1000.);
#2299=VECTOR('',#4733,1000.);
#2300=VECTOR('',#4734,1000.);
#2301=VECTOR('',#4735,1000.);
#2302=VECTOR('',#4738,1000.);
#2303=VECTOR('',#4739,1000.);
#2304=VECTOR('',#4746,1000.);
#2305=VECTOR('',#4747,1000.);
#2306=VECTOR('',#4748,1000.);
#2307=VECTOR('',#4751,1000.);
#2308=VECTOR('',#4752,1000.);
#2309=VECTOR('',#4753,1000.);
#2310=VECTOR('',#4756,1000.);
#2311=VECTOR('',#4757,1000.);
#2312=VECTOR('',#4764,1000.);
#2313=VECTOR('',#4765,1000.);
#2314=VECTOR('',#4766,1000.);
#2315=VECTOR('',#4769,1000.);
#2316=VECTOR('',#4770,1000.);
#2317=VECTOR('',#4771,1000.);
#2318=VECTOR('',#4774,1000.);
#2319=VECTOR('',#4775,1000.);
#2320=VECTOR('',#4782,1000.);
#2321=VECTOR('',#4783,1000.);
#2322=VECTOR('',#4784,1000.);
#2323=VECTOR('',#4787,1000.);
#2324=VECTOR('',#4788,1000.);
#2325=VECTOR('',#4789,1000.);
#2326=VECTOR('',#4792,1000.);
#2327=VECTOR('',#4793,1000.);
#2328=VECTOR('',#4800,1000.);
#2329=VECTOR('',#4801,1000.);
#2330=VECTOR('',#4802,1000.);
#2331=VECTOR('',#4803,1000.);
#2332=VECTOR('',#4804,1000.);
#2333=VECTOR('',#4805,1000.);
#2334=VECTOR('',#4806,1000.);
#2335=VECTOR('',#4807,1000.);
#2336=VECTOR('',#4820,1000.);
#2337=VECTOR('',#4821,1000.);
#2338=VECTOR('',#4822,1000.);
#2339=VECTOR('',#4823,1000.);
#2340=VECTOR('',#4824,1000.);
#2341=VECTOR('',#4825,1000.);
#2342=VECTOR('',#4826,1000.);
#2343=VECTOR('',#4827,1000.);
#2344=VECTOR('',#4880,1000.);
#2345=VECTOR('',#4885,1000.);
#2346=VECTOR('',#4890,1000.);
#2347=VECTOR('',#4895,1000.);
#2348=VECTOR('',#4900,1000.);
#2349=VECTOR('',#4901,1000.);
#2350=VECTOR('',#4904,1000.);
#2351=VECTOR('',#4905,1000.);
#2352=VECTOR('',#4910,1000.);
#2353=VECTOR('',#4913,1000.);
#2354=VECTOR('',#4914,1000.);
#2355=VECTOR('',#4917,1000.);
#2356=VECTOR('',#4918,1000.);
#2357=VECTOR('',#4923,1000.);
#2358=VECTOR('',#4928,1000.);
#2359=VECTOR('',#4935,1000.);
#2360=VECTOR('',#4940,1000.);
#2361=VECTOR('',#4943,1000.);
#2362=VECTOR('',#4944,1000.);
#2363=VECTOR('',#4945,1000.);
#2364=VECTOR('',#4948,1000.);
#2365=VECTOR('',#4951,1000.);
#2366=VECTOR('',#4954,1000.);
#2367=VECTOR('',#4955,1000.);
#2368=VECTOR('',#4956,1000.);
#2369=VECTOR('',#4957,1000.);
#2370=VECTOR('',#4958,1000.);
#2371=VECTOR('',#4959,1000.);
#2372=VECTOR('',#4964,1000.);
#2373=VECTOR('',#4969,1000.);
#2374=VECTOR('',#4974,1000.);
#2375=VECTOR('',#4975,1000.);
#2376=VECTOR('',#4976,1000.);
#2377=VECTOR('',#4981,1000.);
#2378=VECTOR('',#4986,1000.);
#2379=VECTOR('',#4987,1000.);
#2380=VECTOR('',#4988,1000.);
#2381=VECTOR('',#4989,1000.);
#2382=VECTOR('',#4990,1000.);
#2383=VECTOR('',#4995,1000.);
#2384=VECTOR('',#4996,1000.);
#2385=VECTOR('',#4999,1000.);
#2386=VECTOR('',#5002,1000.);
#2387=VECTOR('',#5003,1000.);
#2388=VECTOR('',#5004,1000.);
#2389=VECTOR('',#5007,1000.);
#2390=VECTOR('',#5010,1000.);
#2391=VECTOR('',#5013,1000.);
#2392=VECTOR('',#5014,1000.);
#2393=VECTOR('',#5015,1000.);
#2394=VECTOR('',#5016,1000.);
#2395=VECTOR('',#5017,1000.);
#2396=VECTOR('',#5018,1000.);
#2397=VECTOR('',#5023,1000.);
#2398=VECTOR('',#5028,1000.);
#2399=VECTOR('',#5033,1000.);
#2400=VECTOR('',#5034,1000.);
#2401=VECTOR('',#5035,1000.);
#2402=VECTOR('',#5040,1000.);
#2403=VECTOR('',#5045,1000.);
#2404=VECTOR('',#5046,1000.);
#2405=VECTOR('',#5047,1000.);
#2406=VECTOR('',#5048,1000.);
#2407=VECTOR('',#5049,1000.);
#2408=VECTOR('',#5054,1000.);
#2409=VECTOR('',#5055,1000.);
#2410=VECTOR('',#5058,1000.);
#2411=VECTOR('',#5061,1000.);
#2412=VECTOR('',#5064,1000.);
#2413=VECTOR('',#5067,1000.);
#2414=VECTOR('',#5072,1000.);
#2415=VECTOR('',#5073,1000.);
#2416=VECTOR('',#5078,1000.);
#2417=VECTOR('',#5081,1000.);
#2418=VECTOR('',#5086,1000.);
#2419=VECTOR('',#5089,1000.);
#2420=VECTOR('',#5092,1000.);
#2421=VECTOR('',#5095,1000.);
#2422=VECTOR('',#5100,1000.);
#2423=VECTOR('',#5101,1000.);
#2424=VECTOR('',#5106,1000.);
#2425=VECTOR('',#5109,1000.);
#2426=EDGE_LOOP('',(#221,#222,#223,#224,#225,#226,#227,#228,#229,#230,#231,
#232));
#2427=EDGE_LOOP('',(#233,#234,#235,#236,#237,#238,#239,#240));
#2428=EDGE_LOOP('',(#241,#242,#243,#244));
#2429=EDGE_LOOP('',(#245,#246,#247,#248,#249,#250,#251,#252,#253,#254,#255,
#256));
#2430=EDGE_LOOP('',(#257,#258,#259,#260,#261,#262,#263,#264));
#2431=EDGE_LOOP('',(#265,#266,#267,#268));
#2432=EDGE_LOOP('',(#269,#270,#271,#272,#273,#274));
#2433=EDGE_LOOP('',(#275,#276,#277,#278,#279,#280,#281,#282));
#2434=EDGE_LOOP('',(#283,#284,#285,#286));
#2435=EDGE_LOOP('',(#287,#288,#289,#290));
#2436=EDGE_LOOP('',(#291,#292,#293,#294));
#2437=EDGE_LOOP('',(#295,#296,#297,#298,#299,#300));
#2438=EDGE_LOOP('',(#301,#302,#303,#304));
#2439=EDGE_LOOP('',(#305,#306,#307,#308));
#2440=EDGE_LOOP('',(#309,#310,#311,#312));
#2441=EDGE_LOOP('',(#313,#314,#315,#316));
#2442=EDGE_LOOP('',(#317,#318,#319,#320));
#2443=EDGE_LOOP('',(#321,#322,#323,#324));
#2444=EDGE_LOOP('',(#325,#326,#327,#328));
#2445=EDGE_LOOP('',(#329,#330,#331,#332));
#2446=EDGE_LOOP('',(#333,#334,#335,#336));
#2447=EDGE_LOOP('',(#337,#338,#339,#340));
#2448=EDGE_LOOP('',(#341,#342,#343,#344));
#2449=EDGE_LOOP('',(#345,#346,#347,#348));
#2450=EDGE_LOOP('',(#349,#350,#351,#352));
#2451=EDGE_LOOP('',(#353,#354,#355,#356,#357,#358,#359,#360));
#2452=EDGE_LOOP('',(#361,#362,#363,#364,#365,#366,#367,#368,#369,#370,#371,
#372,#373,#374,#375,#376,#377,#378,#379,#380));
#2453=EDGE_LOOP('',(#381,#382,#383,#384));
#2454=EDGE_LOOP('',(#385,#386,#387,#388));
#2455=EDGE_LOOP('',(#389,#390,#391,#392,#393,#394,#395,#396,#397,#398,#399,
#400));
#2456=EDGE_LOOP('',(#401,#402,#403,#404));
#2457=EDGE_LOOP('',(#405,#406,#407,#408));
#2458=EDGE_LOOP('',(#409,#410,#411,#412));
#2459=EDGE_LOOP('',(#413,#414,#415,#416,#417,#418,#419,#420,#421,#422,#423,
#424,#425,#426,#427,#428));
#2460=EDGE_LOOP('',(#429));
#2461=EDGE_LOOP('',(#430));
#2462=EDGE_LOOP('',(#431,#432,#433,#434));
#2463=EDGE_LOOP('',(#435,#436,#437,#438));
#2464=EDGE_LOOP('',(#439,#440,#441,#442));
#2465=EDGE_LOOP('',(#443,#444,#445,#446,#447,#448,#449,#450,#451,#452,#453));
#2466=EDGE_LOOP('',(#454,#455,#456,#457,#458,#459,#460,#461,#462,#463,#464));
#2467=EDGE_LOOP('',(#465,#466,#467,#468));
#2468=EDGE_LOOP('',(#469,#470,#471,#472));
#2469=EDGE_LOOP('',(#473,#474,#475,#476));
#2470=EDGE_LOOP('',(#477,#478,#479,#480));
#2471=EDGE_LOOP('',(#481,#482,#483,#484));
#2472=EDGE_LOOP('',(#485,#486,#487,#488));
#2473=EDGE_LOOP('',(#489,#490,#491,#492));
#2474=EDGE_LOOP('',(#493,#494,#495,#496));
#2475=EDGE_LOOP('',(#497,#498,#499,#500));
#2476=EDGE_LOOP('',(#501,#502,#503,#504));
#2477=EDGE_LOOP('',(#505,#506,#507,#508));
#2478=EDGE_LOOP('',(#509,#510,#511,#512));
#2479=EDGE_LOOP('',(#513,#514,#515,#516));
#2480=EDGE_LOOP('',(#517,#518,#519,#520));
#2481=EDGE_LOOP('',(#521,#522,#523,#524));
#2482=EDGE_LOOP('',(#525,#526,#527,#528));
#2483=EDGE_LOOP('',(#529,#530,#531,#532));
#2484=EDGE_LOOP('',(#533,#534,#535,#536));
#2485=EDGE_LOOP('',(#537,#538,#539,#540));
#2486=EDGE_LOOP('',(#541,#542,#543,#544));
#2487=EDGE_LOOP('',(#545,#546,#547,#548));
#2488=EDGE_LOOP('',(#549,#550,#551,#552));
#2489=EDGE_LOOP('',(#553,#554,#555,#556));
#2490=EDGE_LOOP('',(#557,#558,#559,#560));
#2491=EDGE_LOOP('',(#561,#562,#563,#564));
#2492=EDGE_LOOP('',(#565,#566,#567,#568));
#2493=EDGE_LOOP('',(#569,#570,#571,#572));
#2494=EDGE_LOOP('',(#573,#574,#575,#576));
#2495=EDGE_LOOP('',(#577,#578,#579,#580));
#2496=EDGE_LOOP('',(#581,#582,#583,#584));
#2497=EDGE_LOOP('',(#585,#586,#587,#588));
#2498=EDGE_LOOP('',(#589,#590,#591,#592));
#2499=EDGE_LOOP('',(#593,#594,#595,#596));
#2500=EDGE_LOOP('',(#597,#598,#599,#600));
#2501=EDGE_LOOP('',(#601,#602,#603,#604));
#2502=EDGE_LOOP('',(#605,#606,#607,#608));
#2503=EDGE_LOOP('',(#609,#610,#611,#612));
#2504=EDGE_LOOP('',(#613,#614,#615,#616));
#2505=EDGE_LOOP('',(#617,#618,#619,#620));
#2506=EDGE_LOOP('',(#621,#622,#623,#624));
#2507=EDGE_LOOP('',(#625,#626,#627,#628));
#2508=EDGE_LOOP('',(#629,#630,#631,#632));
#2509=EDGE_LOOP('',(#633,#634,#635,#636));
#2510=EDGE_LOOP('',(#637,#638,#639,#640));
#2511=EDGE_LOOP('',(#641,#642,#643,#644));
#2512=EDGE_LOOP('',(#645,#646,#647,#648));
#2513=EDGE_LOOP('',(#649,#650,#651,#652));
#2514=EDGE_LOOP('',(#653,#654,#655,#656));
#2515=EDGE_LOOP('',(#657,#658,#659,#660));
#2516=EDGE_LOOP('',(#661,#662,#663,#664));
#2517=EDGE_LOOP('',(#665,#666,#667,#668));
#2518=EDGE_LOOP('',(#669,#670,#671,#672));
#2519=EDGE_LOOP('',(#673,#674,#675,#676));
#2520=EDGE_LOOP('',(#677,#678,#679,#680));
#2521=EDGE_LOOP('',(#681,#682,#683,#684));
#2522=EDGE_LOOP('',(#685,#686,#687,#688,#689,#690,#691,#692));
#2523=EDGE_LOOP('',(#693,#694,#695,#696));
#2524=EDGE_LOOP('',(#697,#698,#699,#700));
#2525=EDGE_LOOP('',(#701,#702,#703,#704));
#2526=EDGE_LOOP('',(#705,#706,#707,#708));
#2527=EDGE_LOOP('',(#709,#710,#711,#712,#713,#714,#715,#716));
#2528=EDGE_LOOP('',(#717,#718,#719,#720));
#2529=EDGE_LOOP('',(#721,#722,#723,#724));
#2530=EDGE_LOOP('',(#725,#726,#727,#728));
#2531=EDGE_LOOP('',(#729));
#2532=EDGE_LOOP('',(#730));
#2533=EDGE_LOOP('',(#731));
#2534=EDGE_LOOP('',(#732));
#2535=EDGE_LOOP('',(#733));
#2536=EDGE_LOOP('',(#734));
#2537=EDGE_LOOP('',(#735));
#2538=EDGE_LOOP('',(#736));
#2539=EDGE_LOOP('',(#737));
#2540=EDGE_LOOP('',(#738));
#2541=EDGE_LOOP('',(#739));
#2542=EDGE_LOOP('',(#740,#741));
#2543=EDGE_LOOP('',(#742));
#2544=EDGE_LOOP('',(#743));
#2545=EDGE_LOOP('',(#744));
#2546=EDGE_LOOP('',(#745));
#2547=EDGE_LOOP('',(#746,#747));
#2548=EDGE_LOOP('',(#748));
#2549=EDGE_LOOP('',(#749));
#2550=EDGE_LOOP('',(#750));
#2551=EDGE_LOOP('',(#751,#752,#753,#754));
#2552=EDGE_LOOP('',(#755,#756,#757,#758));
#2553=EDGE_LOOP('',(#759,#760,#761,#762));
#2554=EDGE_LOOP('',(#763,#764,#765,#766));
#2555=EDGE_LOOP('',(#767,#768,#769,#770));
#2556=EDGE_LOOP('',(#771,#772,#773,#774));
#2557=EDGE_LOOP('',(#775,#776,#777,#778));
#2558=EDGE_LOOP('',(#779,#780,#781,#782));
#2559=EDGE_LOOP('',(#783,#784,#785,#786,#787,#788,#789,#790,#791));
#2560=EDGE_LOOP('',(#792,#793,#794,#795,#796,#797,#798,#799,#800));
#2561=EDGE_LOOP('',(#801,#802,#803,#804));
#2562=EDGE_LOOP('',(#805,#806,#807,#808,#809,#810,#811,#812));
#2563=EDGE_LOOP('',(#813,#814,#815,#816,#817,#818,#819,#820,#821));
#2564=EDGE_LOOP('',(#822,#823,#824,#825,#826,#827,#828,#829,#830));
#2565=EDGE_LOOP('',(#831,#832,#833,#834));
#2566=EDGE_LOOP('',(#835,#836,#837,#838,#839,#840,#841,#842));
#2567=EDGE_LOOP('',(#843,#844,#845));
#2568=EDGE_LOOP('',(#846,#847,#848,#849));
#2569=EDGE_LOOP('',(#850,#851,#852));
#2570=EDGE_LOOP('',(#853,#854,#855,#856));
#2571=EDGE_LOOP('',(#857,#858,#859,#860,#861,#862,#863,#864));
#2572=EDGE_LOOP('',(#865,#866,#867,#868));
#2573=EDGE_LOOP('',(#869,#870,#871,#872,#873,#874,#875,#876,#877,#878));
#2574=EDGE_LOOP('',(#879,#880,#881,#882,#883,#884));
#2575=EDGE_LOOP('',(#885,#886,#887,#888));
#2576=EDGE_LOOP('',(#889,#890,#891,#892));
#2577=EDGE_LOOP('',(#893,#894,#895,#896));
#2578=EDGE_LOOP('',(#897,#898,#899,#900,#901,#902,#903,#904));
#2579=EDGE_LOOP('',(#905,#906,#907,#908,#909,#910,#911));
#2580=EDGE_LOOP('',(#912,#913,#914,#915,#916,#917,#918,#919));
#2581=EDGE_LOOP('',(#920,#921,#922,#923));
#2582=EDGE_LOOP('',(#924,#925,#926,#927,#928,#929,#930,#931,#932,#933));
#2583=EDGE_LOOP('',(#934,#935,#936,#937,#938,#939));
#2584=EDGE_LOOP('',(#940,#941,#942,#943));
#2585=EDGE_LOOP('',(#944,#945,#946,#947));
#2586=EDGE_LOOP('',(#948,#949,#950,#951));
#2587=EDGE_LOOP('',(#952,#953,#954,#955,#956,#957,#958,#959));
#2588=EDGE_LOOP('',(#960,#961,#962,#963,#964,#965,#966));
#2589=EDGE_LOOP('',(#967,#968,#969,#970,#971,#972,#973,#974));
#2590=EDGE_LOOP('',(#975,#976,#977,#978));
#2591=EDGE_LOOP('',(#979,#980,#981,#982));
#2592=EDGE_LOOP('',(#983,#984,#985,#986));
#2593=EDGE_LOOP('',(#987,#988,#989,#990));
#2594=EDGE_LOOP('',(#991,#992,#993,#994));
#2595=EDGE_LOOP('',(#995,#996,#997,#998));
#2596=EDGE_LOOP('',(#999,#1000,#1001,#1002,#1003,#1004,#1005,#1006));
#2597=EDGE_LOOP('',(#1007,#1008,#1009,#1010,#1011,#1012,#1013,#1014));
#2598=EDGE_LOOP('',(#1015,#1016,#1017,#1018));
#2599=EDGE_LOOP('',(#1019,#1020,#1021,#1022));
#2600=EDGE_LOOP('',(#1023,#1024,#1025,#1026));
#2601=EDGE_LOOP('',(#1027,#1028,#1029,#1030));
#2602=EDGE_LOOP('',(#1031,#1032,#1033,#1034));
#2603=EDGE_LOOP('',(#1035,#1036,#1037,#1038));
#2604=EDGE_LOOP('',(#1039,#1040,#1041,#1042,#1043,#1044,#1045,#1046));
#2605=FACE_BOUND('',#2426,.T.);
#2606=FACE_BOUND('',#2427,.T.);
#2607=FACE_BOUND('',#2428,.T.);
#2608=FACE_BOUND('',#2429,.T.);
#2609=FACE_BOUND('',#2430,.T.);
#2610=FACE_BOUND('',#2431,.T.);
#2611=FACE_BOUND('',#2432,.T.);
#2612=FACE_BOUND('',#2433,.T.);
#2613=FACE_BOUND('',#2434,.T.);
#2614=FACE_BOUND('',#2435,.T.);
#2615=FACE_BOUND('',#2436,.T.);
#2616=FACE_BOUND('',#2437,.T.);
#2617=FACE_BOUND('',#2438,.T.);
#2618=FACE_BOUND('',#2439,.T.);
#2619=FACE_BOUND('',#2440,.T.);
#2620=FACE_BOUND('',#2441,.T.);
#2621=FACE_BOUND('',#2442,.T.);
#2622=FACE_BOUND('',#2443,.T.);
#2623=FACE_BOUND('',#2444,.T.);
#2624=FACE_BOUND('',#2445,.T.);
#2625=FACE_BOUND('',#2446,.T.);
#2626=FACE_BOUND('',#2447,.T.);
#2627=FACE_BOUND('',#2448,.T.);
#2628=FACE_BOUND('',#2449,.T.);
#2629=FACE_BOUND('',#2450,.T.);
#2630=FACE_BOUND('',#2451,.T.);
#2631=FACE_BOUND('',#2452,.T.);
#2632=FACE_BOUND('',#2453,.T.);
#2633=FACE_BOUND('',#2454,.T.);
#2634=FACE_BOUND('',#2455,.T.);
#2635=FACE_BOUND('',#2456,.T.);
#2636=FACE_BOUND('',#2457,.T.);
#2637=FACE_BOUND('',#2458,.T.);
#2638=FACE_BOUND('',#2459,.T.);
#2639=FACE_BOUND('',#2460,.T.);
#2640=FACE_BOUND('',#2461,.T.);
#2641=FACE_BOUND('',#2462,.T.);
#2642=FACE_BOUND('',#2463,.T.);
#2643=FACE_BOUND('',#2464,.T.);
#2644=FACE_BOUND('',#2465,.T.);
#2645=FACE_BOUND('',#2466,.T.);
#2646=FACE_BOUND('',#2467,.T.);
#2647=FACE_BOUND('',#2468,.T.);
#2648=FACE_BOUND('',#2469,.T.);
#2649=FACE_BOUND('',#2470,.T.);
#2650=FACE_BOUND('',#2471,.T.);
#2651=FACE_BOUND('',#2472,.T.);
#2652=FACE_BOUND('',#2473,.T.);
#2653=FACE_BOUND('',#2474,.T.);
#2654=FACE_BOUND('',#2475,.T.);
#2655=FACE_BOUND('',#2476,.T.);
#2656=FACE_BOUND('',#2477,.T.);
#2657=FACE_BOUND('',#2478,.T.);
#2658=FACE_BOUND('',#2479,.T.);
#2659=FACE_BOUND('',#2480,.T.);
#2660=FACE_BOUND('',#2481,.T.);
#2661=FACE_BOUND('',#2482,.T.);
#2662=FACE_BOUND('',#2483,.T.);
#2663=FACE_BOUND('',#2484,.T.);
#2664=FACE_BOUND('',#2485,.T.);
#2665=FACE_BOUND('',#2486,.T.);
#2666=FACE_BOUND('',#2487,.T.);
#2667=FACE_BOUND('',#2488,.T.);
#2668=FACE_BOUND('',#2489,.T.);
#2669=FACE_BOUND('',#2490,.T.);
#2670=FACE_BOUND('',#2491,.T.);
#2671=FACE_BOUND('',#2492,.T.);
#2672=FACE_BOUND('',#2493,.T.);
#2673=FACE_BOUND('',#2494,.T.);
#2674=FACE_BOUND('',#2495,.T.);
#2675=FACE_BOUND('',#2496,.T.);
#2676=FACE_BOUND('',#2497,.T.);
#2677=FACE_BOUND('',#2498,.T.);
#2678=FACE_BOUND('',#2499,.T.);
#2679=FACE_BOUND('',#2500,.T.);
#2680=FACE_BOUND('',#2501,.T.);
#2681=FACE_BOUND('',#2502,.T.);
#2682=FACE_BOUND('',#2503,.T.);
#2683=FACE_BOUND('',#2504,.T.);
#2684=FACE_BOUND('',#2505,.T.);
#2685=FACE_BOUND('',#2506,.T.);
#2686=FACE_BOUND('',#2507,.T.);
#2687=FACE_BOUND('',#2508,.T.);
#2688=FACE_BOUND('',#2509,.T.);
#2689=FACE_BOUND('',#2510,.T.);
#2690=FACE_BOUND('',#2511,.T.);
#2691=FACE_BOUND('',#2512,.T.);
#2692=FACE_BOUND('',#2513,.T.);
#2693=FACE_BOUND('',#2514,.T.);
#2694=FACE_BOUND('',#2515,.T.);
#2695=FACE_BOUND('',#2516,.T.);
#2696=FACE_BOUND('',#2517,.T.);
#2697=FACE_BOUND('',#2518,.T.);
#2698=FACE_BOUND('',#2519,.T.);
#2699=FACE_BOUND('',#2520,.T.);
#2700=FACE_BOUND('',#2521,.T.);
#2701=FACE_BOUND('',#2522,.T.);
#2702=FACE_BOUND('',#2523,.T.);
#2703=FACE_BOUND('',#2524,.T.);
#2704=FACE_BOUND('',#2525,.T.);
#2705=FACE_BOUND('',#2526,.T.);
#2706=FACE_BOUND('',#2527,.T.);
#2707=FACE_BOUND('',#2528,.T.);
#2708=FACE_BOUND('',#2529,.T.);
#2709=FACE_BOUND('',#2530,.T.);
#2710=FACE_BOUND('',#2531,.T.);
#2711=FACE_BOUND('',#2532,.T.);
#2712=FACE_BOUND('',#2533,.T.);
#2713=FACE_BOUND('',#2534,.T.);
#2714=FACE_BOUND('',#2535,.T.);
#2715=FACE_BOUND('',#2536,.T.);
#2716=FACE_BOUND('',#2537,.T.);
#2717=FACE_BOUND('',#2538,.T.);
#2718=FACE_BOUND('',#2539,.T.);
#2719=FACE_BOUND('',#2540,.T.);
#2720=FACE_BOUND('',#2541,.T.);
#2721=FACE_BOUND('',#2542,.T.);
#2722=FACE_BOUND('',#2543,.T.);
#2723=FACE_BOUND('',#2544,.T.);
#2724=FACE_BOUND('',#2545,.T.);
#2725=FACE_BOUND('',#2546,.T.);
#2726=FACE_BOUND('',#2547,.T.);
#2727=FACE_BOUND('',#2548,.T.);
#2728=FACE_BOUND('',#2549,.T.);
#2729=FACE_BOUND('',#2550,.T.);
#2730=FACE_BOUND('',#2551,.T.);
#2731=FACE_BOUND('',#2552,.T.);
#2732=FACE_BOUND('',#2553,.T.);
#2733=FACE_BOUND('',#2554,.T.);
#2734=FACE_BOUND('',#2555,.T.);
#2735=FACE_BOUND('',#2556,.T.);
#2736=FACE_BOUND('',#2557,.T.);
#2737=FACE_BOUND('',#2558,.T.);
#2738=FACE_BOUND('',#2559,.T.);
#2739=FACE_BOUND('',#2560,.T.);
#2740=FACE_BOUND('',#2561,.T.);
#2741=FACE_BOUND('',#2562,.T.);
#2742=FACE_BOUND('',#2563,.T.);
#2743=FACE_BOUND('',#2564,.T.);
#2744=FACE_BOUND('',#2565,.T.);
#2745=FACE_BOUND('',#2566,.T.);
#2746=FACE_BOUND('',#2567,.T.);
#2747=FACE_BOUND('',#2568,.T.);
#2748=FACE_BOUND('',#2569,.T.);
#2749=FACE_BOUND('',#2570,.T.);
#2750=FACE_BOUND('',#2571,.T.);
#2751=FACE_BOUND('',#2572,.T.);
#2752=FACE_BOUND('',#2573,.T.);
#2753=FACE_BOUND('',#2574,.T.);
#2754=FACE_BOUND('',#2575,.T.);
#2755=FACE_BOUND('',#2576,.T.);
#2756=FACE_BOUND('',#2577,.T.);
#2757=FACE_BOUND('',#2578,.T.);
#2758=FACE_BOUND('',#2579,.T.);
#2759=FACE_BOUND('',#2580,.T.);
#2760=FACE_BOUND('',#2581,.T.);
#2761=FACE_BOUND('',#2582,.T.);
#2762=FACE_BOUND('',#2583,.T.);
#2763=FACE_BOUND('',#2584,.T.);
#2764=FACE_BOUND('',#2585,.T.);
#2765=FACE_BOUND('',#2586,.T.);
#2766=FACE_BOUND('',#2587,.T.);
#2767=FACE_BOUND('',#2588,.T.);
#2768=FACE_BOUND('',#2589,.T.);
#2769=FACE_BOUND('',#2590,.T.);
#2770=FACE_BOUND('',#2591,.T.);
#2771=FACE_BOUND('',#2592,.T.);
#2772=FACE_BOUND('',#2593,.T.);
#2773=FACE_BOUND('',#2594,.T.);
#2774=FACE_BOUND('',#2595,.T.);
#2775=FACE_BOUND('',#2596,.T.);
#2776=FACE_BOUND('',#2597,.T.);
#2777=FACE_BOUND('',#2598,.T.);
#2778=FACE_BOUND('',#2599,.T.);
#2779=FACE_BOUND('',#2600,.T.);
#2780=FACE_BOUND('',#2601,.T.);
#2781=FACE_BOUND('',#2602,.T.);
#2782=FACE_BOUND('',#2603,.T.);
#2783=FACE_BOUND('',#2604,.T.);
#2784=CYLINDRICAL_SURFACE('',#4090,5.6);
#2785=CYLINDRICAL_SURFACE('',#4099,5.6);
#2786=CYLINDRICAL_SURFACE('',#4110,5.);
#2787=CYLINDRICAL_SURFACE('',#4114,2.00000000000001);
#2788=CYLINDRICAL_SURFACE('',#4118,5.);
#2789=CYLINDRICAL_SURFACE('',#4122,2.00000000000001);
#2790=CYLINDRICAL_SURFACE('',#4135,2.00000000000003);
#2791=CYLINDRICAL_SURFACE('',#4143,2.00000000000009);
#2792=CYLINDRICAL_SURFACE('',#4152,5.);
#2793=CYLINDRICAL_SURFACE('',#4156,2.00000000000001);
#2794=CYLINDRICAL_SURFACE('',#4212,0.299999999999991);
#2795=CYLINDRICAL_SURFACE('',#4218,0.299999999999991);
#2796=CYLINDRICAL_SURFACE('',#4221,1.15);
#2797=CYLINDRICAL_SURFACE('',#4226,1.15);
#2798=CYLINDRICAL_SURFACE('',#4231,4.5);
#2799=CYLINDRICAL_SURFACE('',#4236,4.5);
#2800=CYLINDRICAL_SURFACE('',#4266,10.0000000000001);
#2801=CYLINDRICAL_SURFACE('',#4268,0.500000000000003);
#2802=CYLINDRICAL_SURFACE('',#4272,0.499999999999998);
#2803=CYLINDRICAL_SURFACE('',#4283,10.0000000000001);
#2804=CYLINDRICAL_SURFACE('',#4285,0.500000000000003);
#2805=CYLINDRICAL_SURFACE('',#4289,0.499999999999998);
#2806=CYLINDRICAL_SURFACE('',#4298,4.99999999999999);
#2807=CYLINDRICAL_SURFACE('',#4301,4.99999999999999);
#2808=CYLINDRICAL_SURFACE('',#4308,4.99999999999999);
#2809=CYLINDRICAL_SURFACE('',#4311,4.99999999999999);
#2810=STYLED_ITEM('',(#2969),#3926);
#2811=STYLED_ITEM('',(#2970),#3927);
#2812=STYLED_ITEM('',(#2971),#3928);
#2813=STYLED_ITEM('',(#2972),#3929);
#2814=STYLED_ITEM('',(#2973),#3930);
#2815=STYLED_ITEM('',(#2974),#3931);
#2816=STYLED_ITEM('',(#2975),#3932);
#2817=STYLED_ITEM('',(#2976),#3933);
#2818=STYLED_ITEM('',(#2977),#3934);
#2819=STYLED_ITEM('',(#2978),#3935);
#2820=STYLED_ITEM('',(#2979),#3936);
#2821=STYLED_ITEM('',(#2980),#3937);
#2822=STYLED_ITEM('',(#2981),#3938);
#2823=STYLED_ITEM('',(#2982),#3939);
#2824=STYLED_ITEM('',(#2983),#3940);
#2825=STYLED_ITEM('',(#2984),#3941);
#2826=STYLED_ITEM('',(#2985),#3942);
#2827=STYLED_ITEM('',(#2986),#3943);
#2828=STYLED_ITEM('',(#2987),#3944);
#2829=STYLED_ITEM('',(#2988),#3945);
#2830=STYLED_ITEM('',(#2989),#3946);
#2831=STYLED_ITEM('',(#2990),#3947);
#2832=STYLED_ITEM('',(#2991),#3948);
#2833=STYLED_ITEM('',(#2992),#3949);
#2834=STYLED_ITEM('',(#2993),#3950);
#2835=STYLED_ITEM('',(#2994),#3951);
#2836=STYLED_ITEM('',(#2995),#3952);
#2837=STYLED_ITEM('',(#2996),#3953);
#2838=STYLED_ITEM('',(#2997),#3954);
#2839=STYLED_ITEM('',(#2998),#3955);
#2840=STYLED_ITEM('',(#2999),#3956);
#2841=STYLED_ITEM('',(#3000),#3957);
#2842=STYLED_ITEM('',(#3001),#3958);
#2843=STYLED_ITEM('',(#3002),#3959);
#2844=STYLED_ITEM('',(#3003),#3960);
#2845=STYLED_ITEM('',(#3004),#3961);
#2846=STYLED_ITEM('',(#3005),#3962);
#2847=STYLED_ITEM('',(#3006),#3963);
#2848=STYLED_ITEM('',(#3007),#3964);
#2849=STYLED_ITEM('',(#3008),#3965);
#2850=STYLED_ITEM('',(#3009),#3966);
#2851=STYLED_ITEM('',(#3010),#3967);
#2852=STYLED_ITEM('',(#3011),#3968);
#2853=STYLED_ITEM('',(#3012),#3969);
#2854=STYLED_ITEM('',(#3013),#3970);
#2855=STYLED_ITEM('',(#3014),#3971);
#2856=STYLED_ITEM('',(#3015),#3972);
#2857=STYLED_ITEM('',(#3016),#3973);
#2858=STYLED_ITEM('',(#3017),#3974);
#2859=STYLED_ITEM('',(#3018),#3975);
#2860=STYLED_ITEM('',(#3019),#3976);
#2861=STYLED_ITEM('',(#3020),#3977);
#2862=STYLED_ITEM('',(#3021),#3978);
#2863=STYLED_ITEM('',(#3022),#3979);
#2864=STYLED_ITEM('',(#3023),#3980);
#2865=STYLED_ITEM('',(#3024),#3981);
#2866=STYLED_ITEM('',(#3025),#3982);
#2867=STYLED_ITEM('',(#3026),#3983);
#2868=STYLED_ITEM('',(#3027),#3984);
#2869=STYLED_ITEM('',(#3028),#3985);
#2870=STYLED_ITEM('',(#3029),#3986);
#2871=STYLED_ITEM('',(#3030),#3987);
#2872=STYLED_ITEM('',(#3031),#3988);
#2873=STYLED_ITEM('',(#3032),#3989);
#2874=STYLED_ITEM('',(#3033),#3990);
#2875=STYLED_ITEM('',(#3034),#3991);
#2876=STYLED_ITEM('',(#3035),#3992);
#2877=STYLED_ITEM('',(#3036),#3993);
#2878=STYLED_ITEM('',(#3037),#3994);
#2879=STYLED_ITEM('',(#3038),#3995);
#2880=STYLED_ITEM('',(#3039),#3996);
#2881=STYLED_ITEM('',(#3040),#3997);
#2882=STYLED_ITEM('',(#3041),#3998);
#2883=STYLED_ITEM('',(#3042),#3999);
#2884=STYLED_ITEM('',(#3043),#4000);
#2885=STYLED_ITEM('',(#3044),#4001);
#2886=STYLED_ITEM('',(#3045),#4002);
#2887=STYLED_ITEM('',(#3046),#4003);
#2888=STYLED_ITEM('',(#3047),#4004);
#2889=STYLED_ITEM('',(#3048),#4005);
#2890=STYLED_ITEM('',(#3049),#4006);
#2891=STYLED_ITEM('',(#3050),#4007);
#2892=STYLED_ITEM('',(#3051),#4008);
#2893=STYLED_ITEM('',(#3052),#4009);
#2894=STYLED_ITEM('',(#3053),#4010);
#2895=STYLED_ITEM('',(#3054),#4011);
#2896=STYLED_ITEM('',(#3055),#4012);
#2897=STYLED_ITEM('',(#3056),#4013);
#2898=STYLED_ITEM('',(#3057),#4014);
#2899=STYLED_ITEM('',(#3058),#4015);
#2900=STYLED_ITEM('',(#3059),#4016);
#2901=STYLED_ITEM('',(#3060),#4017);
#2902=STYLED_ITEM('',(#3061),#4018);
#2903=STYLED_ITEM('',(#3062),#4019);
#2904=STYLED_ITEM('',(#3063),#4020);
#2905=STYLED_ITEM('',(#3064),#4021);
#2906=STYLED_ITEM('',(#3065),#4022);
#2907=STYLED_ITEM('',(#3066),#4023);
#2908=STYLED_ITEM('',(#3067),#4024);
#2909=STYLED_ITEM('',(#3068),#4025);
#2910=STYLED_ITEM('',(#3069),#4026);
#2911=STYLED_ITEM('',(#3070),#4027);
#2912=STYLED_ITEM('',(#3071),#4028);
#2913=STYLED_ITEM('',(#3072),#4029);
#2914=STYLED_ITEM('',(#3073),#4030);
#2915=STYLED_ITEM('',(#3074),#4031);
#2916=STYLED_ITEM('',(#3075),#4032);
#2917=STYLED_ITEM('',(#3076),#4033);
#2918=STYLED_ITEM('',(#3077),#4034);
#2919=STYLED_ITEM('',(#3078),#4035);
#2920=STYLED_ITEM('',(#3079),#4036);
#2921=STYLED_ITEM('',(#3080),#4037);
#2922=STYLED_ITEM('',(#3081),#4038);
#2923=STYLED_ITEM('',(#3082),#4039);
#2924=STYLED_ITEM('',(#3083),#4040);
#2925=STYLED_ITEM('',(#3084),#4041);
#2926=STYLED_ITEM('',(#3085),#4042);
#2927=STYLED_ITEM('',(#3086),#4043);
#2928=STYLED_ITEM('',(#3087),#4044);
#2929=STYLED_ITEM('',(#3088),#4045);
#2930=STYLED_ITEM('',(#3089),#4046);
#2931=STYLED_ITEM('',(#3090),#4047);
#2932=STYLED_ITEM('',(#3091),#4048);
#2933=STYLED_ITEM('',(#3092),#4049);
#2934=STYLED_ITEM('',(#3093),#4050);
#2935=STYLED_ITEM('',(#3094),#4051);
#2936=STYLED_ITEM('',(#3095),#4052);
#2937=STYLED_ITEM('',(#3096),#4053);
#2938=STYLED_ITEM('',(#3097),#4054);
#2939=STYLED_ITEM('',(#3098),#4055);
#2940=STYLED_ITEM('',(#3099),#4056);
#2941=STYLED_ITEM('',(#3100),#4057);
#2942=STYLED_ITEM('',(#3101),#4058);
#2943=STYLED_ITEM('',(#3102),#4059);
#2944=STYLED_ITEM('',(#3103),#4060);
#2945=STYLED_ITEM('',(#3104),#4061);
#2946=STYLED_ITEM('',(#3105),#4062);
#2947=STYLED_ITEM('',(#3106),#4063);
#2948=STYLED_ITEM('',(#3107),#4064);
#2949=STYLED_ITEM('',(#3108),#4065);
#2950=STYLED_ITEM('',(#3109),#4066);
#2951=STYLED_ITEM('',(#3110),#4067);
#2952=STYLED_ITEM('',(#3111),#4068);
#2953=STYLED_ITEM('',(#3112),#4069);
#2954=STYLED_ITEM('',(#3113),#4070);
#2955=STYLED_ITEM('',(#3114),#4071);
#2956=STYLED_ITEM('',(#3115),#4072);
#2957=STYLED_ITEM('',(#3116),#4073);
#2958=STYLED_ITEM('',(#3117),#4074);
#2959=STYLED_ITEM('',(#3118),#4075);
#2960=STYLED_ITEM('',(#3119),#4076);
#2961=STYLED_ITEM('',(#3120),#4077);
#2962=STYLED_ITEM('',(#3121),#4078);
#2963=STYLED_ITEM('',(#3122),#4079);
#2964=STYLED_ITEM('',(#3123),#4080);
#2965=STYLED_ITEM('',(#3124),#4081);
#2966=STYLED_ITEM('',(#3125),#4082);
#2967=STYLED_ITEM('',(#3126),#4083);
#2968=STYLED_ITEM('',(#3127),#4084);
#2969=PRESENTATION_STYLE_ASSIGNMENT((#3128));
#2970=PRESENTATION_STYLE_ASSIGNMENT((#3129));
#2971=PRESENTATION_STYLE_ASSIGNMENT((#3130));
#2972=PRESENTATION_STYLE_ASSIGNMENT((#3131));
#2973=PRESENTATION_STYLE_ASSIGNMENT((#3132));
#2974=PRESENTATION_STYLE_ASSIGNMENT((#3133));
#2975=PRESENTATION_STYLE_ASSIGNMENT((#3134));
#2976=PRESENTATION_STYLE_ASSIGNMENT((#3135));
#2977=PRESENTATION_STYLE_ASSIGNMENT((#3136));
#2978=PRESENTATION_STYLE_ASSIGNMENT((#3137));
#2979=PRESENTATION_STYLE_ASSIGNMENT((#3138));
#2980=PRESENTATION_STYLE_ASSIGNMENT((#3139));
#2981=PRESENTATION_STYLE_ASSIGNMENT((#3140));
#2982=PRESENTATION_STYLE_ASSIGNMENT((#3141));
#2983=PRESENTATION_STYLE_ASSIGNMENT((#3142));
#2984=PRESENTATION_STYLE_ASSIGNMENT((#3143));
#2985=PRESENTATION_STYLE_ASSIGNMENT((#3144));
#2986=PRESENTATION_STYLE_ASSIGNMENT((#3145));
#2987=PRESENTATION_STYLE_ASSIGNMENT((#3146));
#2988=PRESENTATION_STYLE_ASSIGNMENT((#3147));
#2989=PRESENTATION_STYLE_ASSIGNMENT((#3148));
#2990=PRESENTATION_STYLE_ASSIGNMENT((#3149));
#2991=PRESENTATION_STYLE_ASSIGNMENT((#3150));
#2992=PRESENTATION_STYLE_ASSIGNMENT((#3151));
#2993=PRESENTATION_STYLE_ASSIGNMENT((#3152));
#2994=PRESENTATION_STYLE_ASSIGNMENT((#3153));
#2995=PRESENTATION_STYLE_ASSIGNMENT((#3154));
#2996=PRESENTATION_STYLE_ASSIGNMENT((#3155));
#2997=PRESENTATION_STYLE_ASSIGNMENT((#3156));
#2998=PRESENTATION_STYLE_ASSIGNMENT((#3157));
#2999=PRESENTATION_STYLE_ASSIGNMENT((#3158));
#3000=PRESENTATION_STYLE_ASSIGNMENT((#3159));
#3001=PRESENTATION_STYLE_ASSIGNMENT((#3160));
#3002=PRESENTATION_STYLE_ASSIGNMENT((#3161));
#3003=PRESENTATION_STYLE_ASSIGNMENT((#3162));
#3004=PRESENTATION_STYLE_ASSIGNMENT((#3163));
#3005=PRESENTATION_STYLE_ASSIGNMENT((#3164));
#3006=PRESENTATION_STYLE_ASSIGNMENT((#3165));
#3007=PRESENTATION_STYLE_ASSIGNMENT((#3166));
#3008=PRESENTATION_STYLE_ASSIGNMENT((#3167));
#3009=PRESENTATION_STYLE_ASSIGNMENT((#3168));
#3010=PRESENTATION_STYLE_ASSIGNMENT((#3169));
#3011=PRESENTATION_STYLE_ASSIGNMENT((#3170));
#3012=PRESENTATION_STYLE_ASSIGNMENT((#3171));
#3013=PRESENTATION_STYLE_ASSIGNMENT((#3172));
#3014=PRESENTATION_STYLE_ASSIGNMENT((#3173));
#3015=PRESENTATION_STYLE_ASSIGNMENT((#3174));
#3016=PRESENTATION_STYLE_ASSIGNMENT((#3175));
#3017=PRESENTATION_STYLE_ASSIGNMENT((#3176));
#3018=PRESENTATION_STYLE_ASSIGNMENT((#3177));
#3019=PRESENTATION_STYLE_ASSIGNMENT((#3178));
#3020=PRESENTATION_STYLE_ASSIGNMENT((#3179));
#3021=PRESENTATION_STYLE_ASSIGNMENT((#3180));
#3022=PRESENTATION_STYLE_ASSIGNMENT((#3181));
#3023=PRESENTATION_STYLE_ASSIGNMENT((#3182));
#3024=PRESENTATION_STYLE_ASSIGNMENT((#3183));
#3025=PRESENTATION_STYLE_ASSIGNMENT((#3184));
#3026=PRESENTATION_STYLE_ASSIGNMENT((#3185));
#3027=PRESENTATION_STYLE_ASSIGNMENT((#3186));
#3028=PRESENTATION_STYLE_ASSIGNMENT((#3187));
#3029=PRESENTATION_STYLE_ASSIGNMENT((#3188));
#3030=PRESENTATION_STYLE_ASSIGNMENT((#3189));
#3031=PRESENTATION_STYLE_ASSIGNMENT((#3190));
#3032=PRESENTATION_STYLE_ASSIGNMENT((#3191));
#3033=PRESENTATION_STYLE_ASSIGNMENT((#3192));
#3034=PRESENTATION_STYLE_ASSIGNMENT((#3193));
#3035=PRESENTATION_STYLE_ASSIGNMENT((#3194));
#3036=PRESENTATION_STYLE_ASSIGNMENT((#3195));
#3037=PRESENTATION_STYLE_ASSIGNMENT((#3196));
#3038=PRESENTATION_STYLE_ASSIGNMENT((#3197));
#3039=PRESENTATION_STYLE_ASSIGNMENT((#3198));
#3040=PRESENTATION_STYLE_ASSIGNMENT((#3199));
#3041=PRESENTATION_STYLE_ASSIGNMENT((#3200));
#3042=PRESENTATION_STYLE_ASSIGNMENT((#3201));
#3043=PRESENTATION_STYLE_ASSIGNMENT((#3202));
#3044=PRESENTATION_STYLE_ASSIGNMENT((#3203));
#3045=PRESENTATION_STYLE_ASSIGNMENT((#3204));
#3046=PRESENTATION_STYLE_ASSIGNMENT((#3205));
#3047=PRESENTATION_STYLE_ASSIGNMENT((#3206));
#3048=PRESENTATION_STYLE_ASSIGNMENT((#3207));
#3049=PRESENTATION_STYLE_ASSIGNMENT((#3208));
#3050=PRESENTATION_STYLE_ASSIGNMENT((#3209));
#3051=PRESENTATION_STYLE_ASSIGNMENT((#3210));
#3052=PRESENTATION_STYLE_ASSIGNMENT((#3211));
#3053=PRESENTATION_STYLE_ASSIGNMENT((#3212));
#3054=PRESENTATION_STYLE_ASSIGNMENT((#3213));
#3055=PRESENTATION_STYLE_ASSIGNMENT((#3214));
#3056=PRESENTATION_STYLE_ASSIGNMENT((#3215));
#3057=PRESENTATION_STYLE_ASSIGNMENT((#3216));
#3058=PRESENTATION_STYLE_ASSIGNMENT((#3217));
#3059=PRESENTATION_STYLE_ASSIGNMENT((#3218));
#3060=PRESENTATION_STYLE_ASSIGNMENT((#3219));
#3061=PRESENTATION_STYLE_ASSIGNMENT((#3220));
#3062=PRESENTATION_STYLE_ASSIGNMENT((#3221));
#3063=PRESENTATION_STYLE_ASSIGNMENT((#3222));
#3064=PRESENTATION_STYLE_ASSIGNMENT((#3223));
#3065=PRESENTATION_STYLE_ASSIGNMENT((#3224));
#3066=PRESENTATION_STYLE_ASSIGNMENT((#3225));
#3067=PRESENTATION_STYLE_ASSIGNMENT((#3226));
#3068=PRESENTATION_STYLE_ASSIGNMENT((#3227));
#3069=PRESENTATION_STYLE_ASSIGNMENT((#3228));
#3070=PRESENTATION_STYLE_ASSIGNMENT((#3229));
#3071=PRESENTATION_STYLE_ASSIGNMENT((#3230));
#3072=PRESENTATION_STYLE_ASSIGNMENT((#3231));
#3073=PRESENTATION_STYLE_ASSIGNMENT((#3232));
#3074=PRESENTATION_STYLE_ASSIGNMENT((#3233));
#3075=PRESENTATION_STYLE_ASSIGNMENT((#3234));
#3076=PRESENTATION_STYLE_ASSIGNMENT((#3235));
#3077=PRESENTATION_STYLE_ASSIGNMENT((#3236));
#3078=PRESENTATION_STYLE_ASSIGNMENT((#3237));
#3079=PRESENTATION_STYLE_ASSIGNMENT((#3238));
#3080=PRESENTATION_STYLE_ASSIGNMENT((#3239));
#3081=PRESENTATION_STYLE_ASSIGNMENT((#3240));
#3082=PRESENTATION_STYLE_ASSIGNMENT((#3241));
#3083=PRESENTATION_STYLE_ASSIGNMENT((#3242));
#3084=PRESENTATION_STYLE_ASSIGNMENT((#3243));
#3085=PRESENTATION_STYLE_ASSIGNMENT((#3244));
#3086=PRESENTATION_STYLE_ASSIGNMENT((#3245));
#3087=PRESENTATION_STYLE_ASSIGNMENT((#3246));
#3088=PRESENTATION_STYLE_ASSIGNMENT((#3247));
#3089=PRESENTATION_STYLE_ASSIGNMENT((#3248));
#3090=PRESENTATION_STYLE_ASSIGNMENT((#3249));
#3091=PRESENTATION_STYLE_ASSIGNMENT((#3250));
#3092=PRESENTATION_STYLE_ASSIGNMENT((#3251));
#3093=PRESENTATION_STYLE_ASSIGNMENT((#3252));
#3094=PRESENTATION_STYLE_ASSIGNMENT((#3253));
#3095=PRESENTATION_STYLE_ASSIGNMENT((#3254));
#3096=PRESENTATION_STYLE_ASSIGNMENT((#3255));
#3097=PRESENTATION_STYLE_ASSIGNMENT((#3256));
#3098=PRESENTATION_STYLE_ASSIGNMENT((#3257));
#3099=PRESENTATION_STYLE_ASSIGNMENT((#3258));
#3100=PRESENTATION_STYLE_ASSIGNMENT((#3259));
#3101=PRESENTATION_STYLE_ASSIGNMENT((#3260));
#3102=PRESENTATION_STYLE_ASSIGNMENT((#3261));
#3103=PRESENTATION_STYLE_ASSIGNMENT((#3262));
#3104=PRESENTATION_STYLE_ASSIGNMENT((#3263));
#3105=PRESENTATION_STYLE_ASSIGNMENT((#3264));
#3106=PRESENTATION_STYLE_ASSIGNMENT((#3265));
#3107=PRESENTATION_STYLE_ASSIGNMENT((#3266));
#3108=PRESENTATION_STYLE_ASSIGNMENT((#3267));
#3109=PRESENTATION_STYLE_ASSIGNMENT((#3268));
#3110=PRESENTATION_STYLE_ASSIGNMENT((#3269));
#3111=PRESENTATION_STYLE_ASSIGNMENT((#3270));
#3112=PRESENTATION_STYLE_ASSIGNMENT((#3271));
#3113=PRESENTATION_STYLE_ASSIGNMENT((#3272));
#3114=PRESENTATION_STYLE_ASSIGNMENT((#3273));
#3115=PRESENTATION_STYLE_ASSIGNMENT((#3274));
#3116=PRESENTATION_STYLE_ASSIGNMENT((#3275));
#3117=PRESENTATION_STYLE_ASSIGNMENT((#3276));
#3118=PRESENTATION_STYLE_ASSIGNMENT((#3277));
#3119=PRESENTATION_STYLE_ASSIGNMENT((#3278));
#3120=PRESENTATION_STYLE_ASSIGNMENT((#3279));
#3121=PRESENTATION_STYLE_ASSIGNMENT((#3280));
#3122=PRESENTATION_STYLE_ASSIGNMENT((#3281));
#3123=PRESENTATION_STYLE_ASSIGNMENT((#3282));
#3124=PRESENTATION_STYLE_ASSIGNMENT((#3283));
#3125=PRESENTATION_STYLE_ASSIGNMENT((#3284));
#3126=PRESENTATION_STYLE_ASSIGNMENT((#3285));
#3127=PRESENTATION_STYLE_ASSIGNMENT((#3286));
#3128=SURFACE_STYLE_USAGE(.BOTH.,#3287);
#3129=SURFACE_STYLE_USAGE(.BOTH.,#3288);
#3130=SURFACE_STYLE_USAGE(.BOTH.,#3289);
#3131=SURFACE_STYLE_USAGE(.BOTH.,#3290);
#3132=SURFACE_STYLE_USAGE(.BOTH.,#3291);
#3133=SURFACE_STYLE_USAGE(.BOTH.,#3292);
#3134=SURFACE_STYLE_USAGE(.BOTH.,#3293);
#3135=SURFACE_STYLE_USAGE(.BOTH.,#3294);
#3136=SURFACE_STYLE_USAGE(.BOTH.,#3295);
#3137=SURFACE_STYLE_USAGE(.BOTH.,#3296);
#3138=SURFACE_STYLE_USAGE(.BOTH.,#3297);
#3139=SURFACE_STYLE_USAGE(.BOTH.,#3298);
#3140=SURFACE_STYLE_USAGE(.BOTH.,#3299);
#3141=SURFACE_STYLE_USAGE(.BOTH.,#3300);
#3142=SURFACE_STYLE_USAGE(.BOTH.,#3301);
#3143=SURFACE_STYLE_USAGE(.BOTH.,#3302);
#3144=SURFACE_STYLE_USAGE(.BOTH.,#3303);
#3145=SURFACE_STYLE_USAGE(.BOTH.,#3304);
#3146=SURFACE_STYLE_USAGE(.BOTH.,#3305);
#3147=SURFACE_STYLE_USAGE(.BOTH.,#3306);
#3148=SURFACE_STYLE_USAGE(.BOTH.,#3307);
#3149=SURFACE_STYLE_USAGE(.BOTH.,#3308);
#3150=SURFACE_STYLE_USAGE(.BOTH.,#3309);
#3151=SURFACE_STYLE_USAGE(.BOTH.,#3310);
#3152=SURFACE_STYLE_USAGE(.BOTH.,#3311);
#3153=SURFACE_STYLE_USAGE(.BOTH.,#3312);
#3154=SURFACE_STYLE_USAGE(.BOTH.,#3313);
#3155=SURFACE_STYLE_USAGE(.BOTH.,#3314);
#3156=SURFACE_STYLE_USAGE(.BOTH.,#3315);
#3157=SURFACE_STYLE_USAGE(.BOTH.,#3316);
#3158=SURFACE_STYLE_USAGE(.BOTH.,#3317);
#3159=SURFACE_STYLE_USAGE(.BOTH.,#3318);
#3160=SURFACE_STYLE_USAGE(.BOTH.,#3319);
#3161=SURFACE_STYLE_USAGE(.BOTH.,#3320);
#3162=SURFACE_STYLE_USAGE(.BOTH.,#3321);
#3163=SURFACE_STYLE_USAGE(.BOTH.,#3322);
#3164=SURFACE_STYLE_USAGE(.BOTH.,#3323);
#3165=SURFACE_STYLE_USAGE(.BOTH.,#3324);
#3166=SURFACE_STYLE_USAGE(.BOTH.,#3325);
#3167=SURFACE_STYLE_USAGE(.BOTH.,#3326);
#3168=SURFACE_STYLE_USAGE(.BOTH.,#3327);
#3169=SURFACE_STYLE_USAGE(.BOTH.,#3328);
#3170=SURFACE_STYLE_USAGE(.BOTH.,#3329);
#3171=SURFACE_STYLE_USAGE(.BOTH.,#3330);
#3172=SURFACE_STYLE_USAGE(.BOTH.,#3331);
#3173=SURFACE_STYLE_USAGE(.BOTH.,#3332);
#3174=SURFACE_STYLE_USAGE(.BOTH.,#3333);
#3175=SURFACE_STYLE_USAGE(.BOTH.,#3334);
#3176=SURFACE_STYLE_USAGE(.BOTH.,#3335);
#3177=SURFACE_STYLE_USAGE(.BOTH.,#3336);
#3178=SURFACE_STYLE_USAGE(.BOTH.,#3337);
#3179=SURFACE_STYLE_USAGE(.BOTH.,#3338);
#3180=SURFACE_STYLE_USAGE(.BOTH.,#3339);
#3181=SURFACE_STYLE_USAGE(.BOTH.,#3340);
#3182=SURFACE_STYLE_USAGE(.BOTH.,#3341);
#3183=SURFACE_STYLE_USAGE(.BOTH.,#3342);
#3184=SURFACE_STYLE_USAGE(.BOTH.,#3343);
#3185=SURFACE_STYLE_USAGE(.BOTH.,#3344);
#3186=SURFACE_STYLE_USAGE(.BOTH.,#3345);
#3187=SURFACE_STYLE_USAGE(.BOTH.,#3346);
#3188=SURFACE_STYLE_USAGE(.BOTH.,#3347);
#3189=SURFACE_STYLE_USAGE(.BOTH.,#3348);
#3190=SURFACE_STYLE_USAGE(.BOTH.,#3349);
#3191=SURFACE_STYLE_USAGE(.BOTH.,#3350);
#3192=SURFACE_STYLE_USAGE(.BOTH.,#3351);
#3193=SURFACE_STYLE_USAGE(.BOTH.,#3352);
#3194=SURFACE_STYLE_USAGE(.BOTH.,#3353);
#3195=SURFACE_STYLE_USAGE(.BOTH.,#3354);
#3196=SURFACE_STYLE_USAGE(.BOTH.,#3355);
#3197=SURFACE_STYLE_USAGE(.BOTH.,#3356);
#3198=SURFACE_STYLE_USAGE(.BOTH.,#3357);
#3199=SURFACE_STYLE_USAGE(.BOTH.,#3358);
#3200=SURFACE_STYLE_USAGE(.BOTH.,#3359);
#3201=SURFACE_STYLE_USAGE(.BOTH.,#3360);
#3202=SURFACE_STYLE_USAGE(.BOTH.,#3361);
#3203=SURFACE_STYLE_USAGE(.BOTH.,#3362);
#3204=SURFACE_STYLE_USAGE(.BOTH.,#3363);
#3205=SURFACE_STYLE_USAGE(.BOTH.,#3364);
#3206=SURFACE_STYLE_USAGE(.BOTH.,#3365);
#3207=SURFACE_STYLE_USAGE(.BOTH.,#3366);
#3208=SURFACE_STYLE_USAGE(.BOTH.,#3367);
#3209=SURFACE_STYLE_USAGE(.BOTH.,#3368);
#3210=SURFACE_STYLE_USAGE(.BOTH.,#3369);
#3211=SURFACE_STYLE_USAGE(.BOTH.,#3370);
#3212=SURFACE_STYLE_USAGE(.BOTH.,#3371);
#3213=SURFACE_STYLE_USAGE(.BOTH.,#3372);
#3214=SURFACE_STYLE_USAGE(.BOTH.,#3373);
#3215=SURFACE_STYLE_USAGE(.BOTH.,#3374);
#3216=SURFACE_STYLE_USAGE(.BOTH.,#3375);
#3217=SURFACE_STYLE_USAGE(.BOTH.,#3376);
#3218=SURFACE_STYLE_USAGE(.BOTH.,#3377);
#3219=SURFACE_STYLE_USAGE(.BOTH.,#3378);
#3220=SURFACE_STYLE_USAGE(.BOTH.,#3379);
#3221=SURFACE_STYLE_USAGE(.BOTH.,#3380);
#3222=SURFACE_STYLE_USAGE(.BOTH.,#3381);
#3223=SURFACE_STYLE_USAGE(.BOTH.,#3382);
#3224=SURFACE_STYLE_USAGE(.BOTH.,#3383);
#3225=SURFACE_STYLE_USAGE(.BOTH.,#3384);
#3226=SURFACE_STYLE_USAGE(.BOTH.,#3385);
#3227=SURFACE_STYLE_USAGE(.BOTH.,#3386);
#3228=SURFACE_STYLE_USAGE(.BOTH.,#3387);
#3229=SURFACE_STYLE_USAGE(.BOTH.,#3388);
#3230=SURFACE_STYLE_USAGE(.BOTH.,#3389);
#3231=SURFACE_STYLE_USAGE(.BOTH.,#3390);
#3232=SURFACE_STYLE_USAGE(.BOTH.,#3391);
#3233=SURFACE_STYLE_USAGE(.BOTH.,#3392);
#3234=SURFACE_STYLE_USAGE(.BOTH.,#3393);
#3235=SURFACE_STYLE_USAGE(.BOTH.,#3394);
#3236=SURFACE_STYLE_USAGE(.BOTH.,#3395);
#3237=SURFACE_STYLE_USAGE(.BOTH.,#3396);
#3238=SURFACE_STYLE_USAGE(.BOTH.,#3397);
#3239=SURFACE_STYLE_USAGE(.BOTH.,#3398);
#3240=SURFACE_STYLE_USAGE(.BOTH.,#3399);
#3241=SURFACE_STYLE_USAGE(.BOTH.,#3400);
#3242=SURFACE_STYLE_USAGE(.BOTH.,#3401);
#3243=SURFACE_STYLE_USAGE(.BOTH.,#3402);
#3244=SURFACE_STYLE_USAGE(.BOTH.,#3403);
#3245=SURFACE_STYLE_USAGE(.BOTH.,#3404);
#3246=SURFACE_STYLE_USAGE(.BOTH.,#3405);
#3247=SURFACE_STYLE_USAGE(.BOTH.,#3406);
#3248=SURFACE_STYLE_USAGE(.BOTH.,#3407);
#3249=SURFACE_STYLE_USAGE(.BOTH.,#3408);
#3250=SURFACE_STYLE_USAGE(.BOTH.,#3409);
#3251=SURFACE_STYLE_USAGE(.BOTH.,#3410);
#3252=SURFACE_STYLE_USAGE(.BOTH.,#3411);
#3253=SURFACE_STYLE_USAGE(.BOTH.,#3412);
#3254=SURFACE_STYLE_USAGE(.BOTH.,#3413);
#3255=SURFACE_STYLE_USAGE(.BOTH.,#3414);
#3256=SURFACE_STYLE_USAGE(.BOTH.,#3415);
#3257=SURFACE_STYLE_USAGE(.BOTH.,#3416);
#3258=SURFACE_STYLE_USAGE(.BOTH.,#3417);
#3259=SURFACE_STYLE_USAGE(.BOTH.,#3418);
#3260=SURFACE_STYLE_USAGE(.BOTH.,#3419);
#3261=SURFACE_STYLE_USAGE(.BOTH.,#3420);
#3262=SURFACE_STYLE_USAGE(.BOTH.,#3421);
#3263=SURFACE_STYLE_USAGE(.BOTH.,#3422);
#3264=SURFACE_STYLE_USAGE(.BOTH.,#3423);
#3265=SURFACE_STYLE_USAGE(.BOTH.,#3424);
#3266=SURFACE_STYLE_USAGE(.BOTH.,#3425);
#3267=SURFACE_STYLE_USAGE(.BOTH.,#3426);
#3268=SURFACE_STYLE_USAGE(.BOTH.,#3427);
#3269=SURFACE_STYLE_USAGE(.BOTH.,#3428);
#3270=SURFACE_STYLE_USAGE(.BOTH.,#3429);
#3271=SURFACE_STYLE_USAGE(.BOTH.,#3430);
#3272=SURFACE_STYLE_USAGE(.BOTH.,#3431);
#3273=SURFACE_STYLE_USAGE(.BOTH.,#3432);
#3274=SURFACE_STYLE_USAGE(.BOTH.,#3433);
#3275=SURFACE_STYLE_USAGE(.BOTH.,#3434);
#3276=SURFACE_STYLE_USAGE(.BOTH.,#3435);
#3277=SURFACE_STYLE_USAGE(.BOTH.,#3436);
#3278=SURFACE_STYLE_USAGE(.BOTH.,#3437);
#3279=SURFACE_STYLE_USAGE(.BOTH.,#3438);
#3280=SURFACE_STYLE_USAGE(.BOTH.,#3439);
#3281=SURFACE_STYLE_USAGE(.BOTH.,#3440);
#3282=SURFACE_STYLE_USAGE(.BOTH.,#3441);
#3283=SURFACE_STYLE_USAGE(.BOTH.,#3442);
#3284=SURFACE_STYLE_USAGE(.BOTH.,#3443);
#3285=SURFACE_STYLE_USAGE(.BOTH.,#3444);
#3286=SURFACE_STYLE_USAGE(.BOTH.,#3445);
#3287=SURFACE_SIDE_STYLE('',(#3446));
#3288=SURFACE_SIDE_STYLE('',(#3447));
#3289=SURFACE_SIDE_STYLE('',(#3448));
#3290=SURFACE_SIDE_STYLE('',(#3449));
#3291=SURFACE_SIDE_STYLE('',(#3450));
#3292=SURFACE_SIDE_STYLE('',(#3451));
#3293=SURFACE_SIDE_STYLE('',(#3452));
#3294=SURFACE_SIDE_STYLE('',(#3453));
#3295=SURFACE_SIDE_STYLE('',(#3454));
#3296=SURFACE_SIDE_STYLE('',(#3455));
#3297=SURFACE_SIDE_STYLE('',(#3456));
#3298=SURFACE_SIDE_STYLE('',(#3457));
#3299=SURFACE_SIDE_STYLE('',(#3458));
#3300=SURFACE_SIDE_STYLE('',(#3459));
#3301=SURFACE_SIDE_STYLE('',(#3460));
#3302=SURFACE_SIDE_STYLE('',(#3461));
#3303=SURFACE_SIDE_STYLE('',(#3462));
#3304=SURFACE_SIDE_STYLE('',(#3463));
#3305=SURFACE_SIDE_STYLE('',(#3464));
#3306=SURFACE_SIDE_STYLE('',(#3465));
#3307=SURFACE_SIDE_STYLE('',(#3466));
#3308=SURFACE_SIDE_STYLE('',(#3467));
#3309=SURFACE_SIDE_STYLE('',(#3468));
#3310=SURFACE_SIDE_STYLE('',(#3469));
#3311=SURFACE_SIDE_STYLE('',(#3470));
#3312=SURFACE_SIDE_STYLE('',(#3471));
#3313=SURFACE_SIDE_STYLE('',(#3472));
#3314=SURFACE_SIDE_STYLE('',(#3473));
#3315=SURFACE_SIDE_STYLE('',(#3474));
#3316=SURFACE_SIDE_STYLE('',(#3475));
#3317=SURFACE_SIDE_STYLE('',(#3476));
#3318=SURFACE_SIDE_STYLE('',(#3477));
#3319=SURFACE_SIDE_STYLE('',(#3478));
#3320=SURFACE_SIDE_STYLE('',(#3479));
#3321=SURFACE_SIDE_STYLE('',(#3480));
#3322=SURFACE_SIDE_STYLE('',(#3481));
#3323=SURFACE_SIDE_STYLE('',(#3482));
#3324=SURFACE_SIDE_STYLE('',(#3483));
#3325=SURFACE_SIDE_STYLE('',(#3484));
#3326=SURFACE_SIDE_STYLE('',(#3485));
#3327=SURFACE_SIDE_STYLE('',(#3486));
#3328=SURFACE_SIDE_STYLE('',(#3487));
#3329=SURFACE_SIDE_STYLE('',(#3488));
#3330=SURFACE_SIDE_STYLE('',(#3489));
#3331=SURFACE_SIDE_STYLE('',(#3490));
#3332=SURFACE_SIDE_STYLE('',(#3491));
#3333=SURFACE_SIDE_STYLE('',(#3492));
#3334=SURFACE_SIDE_STYLE('',(#3493));
#3335=SURFACE_SIDE_STYLE('',(#3494));
#3336=SURFACE_SIDE_STYLE('',(#3495));
#3337=SURFACE_SIDE_STYLE('',(#3496));
#3338=SURFACE_SIDE_STYLE('',(#3497));
#3339=SURFACE_SIDE_STYLE('',(#3498));
#3340=SURFACE_SIDE_STYLE('',(#3499));
#3341=SURFACE_SIDE_STYLE('',(#3500));
#3342=SURFACE_SIDE_STYLE('',(#3501));
#3343=SURFACE_SIDE_STYLE('',(#3502));
#3344=SURFACE_SIDE_STYLE('',(#3503));
#3345=SURFACE_SIDE_STYLE('',(#3504));
#3346=SURFACE_SIDE_STYLE('',(#3505));
#3347=SURFACE_SIDE_STYLE('',(#3506));
#3348=SURFACE_SIDE_STYLE('',(#3507));
#3349=SURFACE_SIDE_STYLE('',(#3508));
#3350=SURFACE_SIDE_STYLE('',(#3509));
#3351=SURFACE_SIDE_STYLE('',(#3510));
#3352=SURFACE_SIDE_STYLE('',(#3511));
#3353=SURFACE_SIDE_STYLE('',(#3512));
#3354=SURFACE_SIDE_STYLE('',(#3513));
#3355=SURFACE_SIDE_STYLE('',(#3514));
#3356=SURFACE_SIDE_STYLE('',(#3515));
#3357=SURFACE_SIDE_STYLE('',(#3516));
#3358=SURFACE_SIDE_STYLE('',(#3517));
#3359=SURFACE_SIDE_STYLE('',(#3518));
#3360=SURFACE_SIDE_STYLE('',(#3519));
#3361=SURFACE_SIDE_STYLE('',(#3520));
#3362=SURFACE_SIDE_STYLE('',(#3521));
#3363=SURFACE_SIDE_STYLE('',(#3522));
#3364=SURFACE_SIDE_STYLE('',(#3523));
#3365=SURFACE_SIDE_STYLE('',(#3524));
#3366=SURFACE_SIDE_STYLE('',(#3525));
#3367=SURFACE_SIDE_STYLE('',(#3526));
#3368=SURFACE_SIDE_STYLE('',(#3527));
#3369=SURFACE_SIDE_STYLE('',(#3528));
#3370=SURFACE_SIDE_STYLE('',(#3529));
#3371=SURFACE_SIDE_STYLE('',(#3530));
#3372=SURFACE_SIDE_STYLE('',(#3531));
#3373=SURFACE_SIDE_STYLE('',(#3532));
#3374=SURFACE_SIDE_STYLE('',(#3533));
#3375=SURFACE_SIDE_STYLE('',(#3534));
#3376=SURFACE_SIDE_STYLE('',(#3535));
#3377=SURFACE_SIDE_STYLE('',(#3536));
#3378=SURFACE_SIDE_STYLE('',(#3537));
#3379=SURFACE_SIDE_STYLE('',(#3538));
#3380=SURFACE_SIDE_STYLE('',(#3539));
#3381=SURFACE_SIDE_STYLE('',(#3540));
#3382=SURFACE_SIDE_STYLE('',(#3541));
#3383=SURFACE_SIDE_STYLE('',(#3542));
#3384=SURFACE_SIDE_STYLE('',(#3543));
#3385=SURFACE_SIDE_STYLE('',(#3544));
#3386=SURFACE_SIDE_STYLE('',(#3545));
#3387=SURFACE_SIDE_STYLE('',(#3546));
#3388=SURFACE_SIDE_STYLE('',(#3547));
#3389=SURFACE_SIDE_STYLE('',(#3548));
#3390=SURFACE_SIDE_STYLE('',(#3549));
#3391=SURFACE_SIDE_STYLE('',(#3550));
#3392=SURFACE_SIDE_STYLE('',(#3551));
#3393=SURFACE_SIDE_STYLE('',(#3552));
#3394=SURFACE_SIDE_STYLE('',(#3553));
#3395=SURFACE_SIDE_STYLE('',(#3554));
#3396=SURFACE_SIDE_STYLE('',(#3555));
#3397=SURFACE_SIDE_STYLE('',(#3556));
#3398=SURFACE_SIDE_STYLE('',(#3557));
#3399=SURFACE_SIDE_STYLE('',(#3558));
#3400=SURFACE_SIDE_STYLE('',(#3559));
#3401=SURFACE_SIDE_STYLE('',(#3560));
#3402=SURFACE_SIDE_STYLE('',(#3561));
#3403=SURFACE_SIDE_STYLE('',(#3562));
#3404=SURFACE_SIDE_STYLE('',(#3563));
#3405=SURFACE_SIDE_STYLE('',(#3564));
#3406=SURFACE_SIDE_STYLE('',(#3565));
#3407=SURFACE_SIDE_STYLE('',(#3566));
#3408=SURFACE_SIDE_STYLE('',(#3567));
#3409=SURFACE_SIDE_STYLE('',(#3568));
#3410=SURFACE_SIDE_STYLE('',(#3569));
#3411=SURFACE_SIDE_STYLE('',(#3570));
#3412=SURFACE_SIDE_STYLE('',(#3571));
#3413=SURFACE_SIDE_STYLE('',(#3572));
#3414=SURFACE_SIDE_STYLE('',(#3573));
#3415=SURFACE_SIDE_STYLE('',(#3574));
#3416=SURFACE_SIDE_STYLE('',(#3575));
#3417=SURFACE_SIDE_STYLE('',(#3576));
#3418=SURFACE_SIDE_STYLE('',(#3577));
#3419=SURFACE_SIDE_STYLE('',(#3578));
#3420=SURFACE_SIDE_STYLE('',(#3579));
#3421=SURFACE_SIDE_STYLE('',(#3580));
#3422=SURFACE_SIDE_STYLE('',(#3581));
#3423=SURFACE_SIDE_STYLE('',(#3582));
#3424=SURFACE_SIDE_STYLE('',(#3583));
#3425=SURFACE_SIDE_STYLE('',(#3584));
#3426=SURFACE_SIDE_STYLE('',(#3585));
#3427=SURFACE_SIDE_STYLE('',(#3586));
#3428=SURFACE_SIDE_STYLE('',(#3587));
#3429=SURFACE_SIDE_STYLE('',(#3588));
#3430=SURFACE_SIDE_STYLE('',(#3589));
#3431=SURFACE_SIDE_STYLE('',(#3590));
#3432=SURFACE_SIDE_STYLE('',(#3591));
#3433=SURFACE_SIDE_STYLE('',(#3592));
#3434=SURFACE_SIDE_STYLE('',(#3593));
#3435=SURFACE_SIDE_STYLE('',(#3594));
#3436=SURFACE_SIDE_STYLE('',(#3595));
#3437=SURFACE_SIDE_STYLE('',(#3596));
#3438=SURFACE_SIDE_STYLE('',(#3597));
#3439=SURFACE_SIDE_STYLE('',(#3598));
#3440=SURFACE_SIDE_STYLE('',(#3599));
#3441=SURFACE_SIDE_STYLE('',(#3600));
#3442=SURFACE_SIDE_STYLE('',(#3601));
#3443=SURFACE_SIDE_STYLE('',(#3602));
#3444=SURFACE_SIDE_STYLE('',(#3603));
#3445=SURFACE_SIDE_STYLE('',(#3604));
#3446=SURFACE_STYLE_FILL_AREA(#3605);
#3447=SURFACE_STYLE_FILL_AREA(#3606);
#3448=SURFACE_STYLE_FILL_AREA(#3607);
#3449=SURFACE_STYLE_FILL_AREA(#3608);
#3450=SURFACE_STYLE_FILL_AREA(#3609);
#3451=SURFACE_STYLE_FILL_AREA(#3610);
#3452=SURFACE_STYLE_FILL_AREA(#3611);
#3453=SURFACE_STYLE_FILL_AREA(#3612);
#3454=SURFACE_STYLE_FILL_AREA(#3613);
#3455=SURFACE_STYLE_FILL_AREA(#3614);
#3456=SURFACE_STYLE_FILL_AREA(#3615);
#3457=SURFACE_STYLE_FILL_AREA(#3616);
#3458=SURFACE_STYLE_FILL_AREA(#3617);
#3459=SURFACE_STYLE_FILL_AREA(#3618);
#3460=SURFACE_STYLE_FILL_AREA(#3619);
#3461=SURFACE_STYLE_FILL_AREA(#3620);
#3462=SURFACE_STYLE_FILL_AREA(#3621);
#3463=SURFACE_STYLE_FILL_AREA(#3622);
#3464=SURFACE_STYLE_FILL_AREA(#3623);
#3465=SURFACE_STYLE_FILL_AREA(#3624);
#3466=SURFACE_STYLE_FILL_AREA(#3625);
#3467=SURFACE_STYLE_FILL_AREA(#3626);
#3468=SURFACE_STYLE_FILL_AREA(#3627);
#3469=SURFACE_STYLE_FILL_AREA(#3628);
#3470=SURFACE_STYLE_FILL_AREA(#3629);
#3471=SURFACE_STYLE_FILL_AREA(#3630);
#3472=SURFACE_STYLE_FILL_AREA(#3631);
#3473=SURFACE_STYLE_FILL_AREA(#3632);
#3474=SURFACE_STYLE_FILL_AREA(#3633);
#3475=SURFACE_STYLE_FILL_AREA(#3634);
#3476=SURFACE_STYLE_FILL_AREA(#3635);
#3477=SURFACE_STYLE_FILL_AREA(#3636);
#3478=SURFACE_STYLE_FILL_AREA(#3637);
#3479=SURFACE_STYLE_FILL_AREA(#3638);
#3480=SURFACE_STYLE_FILL_AREA(#3639);
#3481=SURFACE_STYLE_FILL_AREA(#3640);
#3482=SURFACE_STYLE_FILL_AREA(#3641);
#3483=SURFACE_STYLE_FILL_AREA(#3642);
#3484=SURFACE_STYLE_FILL_AREA(#3643);
#3485=SURFACE_STYLE_FILL_AREA(#3644);
#3486=SURFACE_STYLE_FILL_AREA(#3645);
#3487=SURFACE_STYLE_FILL_AREA(#3646);
#3488=SURFACE_STYLE_FILL_AREA(#3647);
#3489=SURFACE_STYLE_FILL_AREA(#3648);
#3490=SURFACE_STYLE_FILL_AREA(#3649);
#3491=SURFACE_STYLE_FILL_AREA(#3650);
#3492=SURFACE_STYLE_FILL_AREA(#3651);
#3493=SURFACE_STYLE_FILL_AREA(#3652);
#3494=SURFACE_STYLE_FILL_AREA(#3653);
#3495=SURFACE_STYLE_FILL_AREA(#3654);
#3496=SURFACE_STYLE_FILL_AREA(#3655);
#3497=SURFACE_STYLE_FILL_AREA(#3656);
#3498=SURFACE_STYLE_FILL_AREA(#3657);
#3499=SURFACE_STYLE_FILL_AREA(#3658);
#3500=SURFACE_STYLE_FILL_AREA(#3659);
#3501=SURFACE_STYLE_FILL_AREA(#3660);
#3502=SURFACE_STYLE_FILL_AREA(#3661);
#3503=SURFACE_STYLE_FILL_AREA(#3662);
#3504=SURFACE_STYLE_FILL_AREA(#3663);
#3505=SURFACE_STYLE_FILL_AREA(#3664);
#3506=SURFACE_STYLE_FILL_AREA(#3665);
#3507=SURFACE_STYLE_FILL_AREA(#3666);
#3508=SURFACE_STYLE_FILL_AREA(#3667);
#3509=SURFACE_STYLE_FILL_AREA(#3668);
#3510=SURFACE_STYLE_FILL_AREA(#3669);
#3511=SURFACE_STYLE_FILL_AREA(#3670);
#3512=SURFACE_STYLE_FILL_AREA(#3671);
#3513=SURFACE_STYLE_FILL_AREA(#3672);
#3514=SURFACE_STYLE_FILL_AREA(#3673);
#3515=SURFACE_STYLE_FILL_AREA(#3674);
#3516=SURFACE_STYLE_FILL_AREA(#3675);
#3517=SURFACE_STYLE_FILL_AREA(#3676);
#3518=SURFACE_STYLE_FILL_AREA(#3677);
#3519=SURFACE_STYLE_FILL_AREA(#3678);
#3520=SURFACE_STYLE_FILL_AREA(#3679);
#3521=SURFACE_STYLE_FILL_AREA(#3680);
#3522=SURFACE_STYLE_FILL_AREA(#3681);
#3523=SURFACE_STYLE_FILL_AREA(#3682);
#3524=SURFACE_STYLE_FILL_AREA(#3683);
#3525=SURFACE_STYLE_FILL_AREA(#3684);
#3526=SURFACE_STYLE_FILL_AREA(#3685);
#3527=SURFACE_STYLE_FILL_AREA(#3686);
#3528=SURFACE_STYLE_FILL_AREA(#3687);
#3529=SURFACE_STYLE_FILL_AREA(#3688);
#3530=SURFACE_STYLE_FILL_AREA(#3689);
#3531=SURFACE_STYLE_FILL_AREA(#3690);
#3532=SURFACE_STYLE_FILL_AREA(#3691);
#3533=SURFACE_STYLE_FILL_AREA(#3692);
#3534=SURFACE_STYLE_FILL_AREA(#3693);
#3535=SURFACE_STYLE_FILL_AREA(#3694);
#3536=SURFACE_STYLE_FILL_AREA(#3695);
#3537=SURFACE_STYLE_FILL_AREA(#3696);
#3538=SURFACE_STYLE_FILL_AREA(#3697);
#3539=SURFACE_STYLE_FILL_AREA(#3698);
#3540=SURFACE_STYLE_FILL_AREA(#3699);
#3541=SURFACE_STYLE_FILL_AREA(#3700);
#3542=SURFACE_STYLE_FILL_AREA(#3701);
#3543=SURFACE_STYLE_FILL_AREA(#3702);
#3544=SURFACE_STYLE_FILL_AREA(#3703);
#3545=SURFACE_STYLE_FILL_AREA(#3704);
#3546=SURFACE_STYLE_FILL_AREA(#3705);
#3547=SURFACE_STYLE_FILL_AREA(#3706);
#3548=SURFACE_STYLE_FILL_AREA(#3707);
#3549=SURFACE_STYLE_FILL_AREA(#3708);
#3550=SURFACE_STYLE_FILL_AREA(#3709);
#3551=SURFACE_STYLE_FILL_AREA(#3710);
#3552=SURFACE_STYLE_FILL_AREA(#3711);
#3553=SURFACE_STYLE_FILL_AREA(#3712);
#3554=SURFACE_STYLE_FILL_AREA(#3713);
#3555=SURFACE_STYLE_FILL_AREA(#3714);
#3556=SURFACE_STYLE_FILL_AREA(#3715);
#3557=SURFACE_STYLE_FILL_AREA(#3716);
#3558=SURFACE_STYLE_FILL_AREA(#3717);
#3559=SURFACE_STYLE_FILL_AREA(#3718);
#3560=SURFACE_STYLE_FILL_AREA(#3719);
#3561=SURFACE_STYLE_FILL_AREA(#3720);
#3562=SURFACE_STYLE_FILL_AREA(#3721);
#3563=SURFACE_STYLE_FILL_AREA(#3722);
#3564=SURFACE_STYLE_FILL_AREA(#3723);
#3565=SURFACE_STYLE_FILL_AREA(#3724);
#3566=SURFACE_STYLE_FILL_AREA(#3725);
#3567=SURFACE_STYLE_FILL_AREA(#3726);
#3568=SURFACE_STYLE_FILL_AREA(#3727);
#3569=SURFACE_STYLE_FILL_AREA(#3728);
#3570=SURFACE_STYLE_FILL_AREA(#3729);
#3571=SURFACE_STYLE_FILL_AREA(#3730);
#3572=SURFACE_STYLE_FILL_AREA(#3731);
#3573=SURFACE_STYLE_FILL_AREA(#3732);
#3574=SURFACE_STYLE_FILL_AREA(#3733);
#3575=SURFACE_STYLE_FILL_AREA(#3734);
#3576=SURFACE_STYLE_FILL_AREA(#3735);
#3577=SURFACE_STYLE_FILL_AREA(#3736);
#3578=SURFACE_STYLE_FILL_AREA(#3737);
#3579=SURFACE_STYLE_FILL_AREA(#3738);
#3580=SURFACE_STYLE_FILL_AREA(#3739);
#3581=SURFACE_STYLE_FILL_AREA(#3740);
#3582=SURFACE_STYLE_FILL_AREA(#3741);
#3583=SURFACE_STYLE_FILL_AREA(#3742);
#3584=SURFACE_STYLE_FILL_AREA(#3743);
#3585=SURFACE_STYLE_FILL_AREA(#3744);
#3586=SURFACE_STYLE_FILL_AREA(#3745);
#3587=SURFACE_STYLE_FILL_AREA(#3746);
#3588=SURFACE_STYLE_FILL_AREA(#3747);
#3589=SURFACE_STYLE_FILL_AREA(#3748);
#3590=SURFACE_STYLE_FILL_AREA(#3749);
#3591=SURFACE_STYLE_FILL_AREA(#3750);
#3592=SURFACE_STYLE_FILL_AREA(#3751);
#3593=SURFACE_STYLE_FILL_AREA(#3752);
#3594=SURFACE_STYLE_FILL_AREA(#3753);
#3595=SURFACE_STYLE_FILL_AREA(#3754);
#3596=SURFACE_STYLE_FILL_AREA(#3755);
#3597=SURFACE_STYLE_FILL_AREA(#3756);
#3598=SURFACE_STYLE_FILL_AREA(#3757);
#3599=SURFACE_STYLE_FILL_AREA(#3758);
#3600=SURFACE_STYLE_FILL_AREA(#3759);
#3601=SURFACE_STYLE_FILL_AREA(#3760);
#3602=SURFACE_STYLE_FILL_AREA(#3761);
#3603=SURFACE_STYLE_FILL_AREA(#3762);
#3604=SURFACE_STYLE_FILL_AREA(#3763);
#3605=FILL_AREA_STYLE('',(#3764));
#3606=FILL_AREA_STYLE('',(#3765));
#3607=FILL_AREA_STYLE('',(#3766));
#3608=FILL_AREA_STYLE('',(#3767));
#3609=FILL_AREA_STYLE('',(#3768));
#3610=FILL_AREA_STYLE('',(#3769));
#3611=FILL_AREA_STYLE('',(#3770));
#3612=FILL_AREA_STYLE('',(#3771));
#3613=FILL_AREA_STYLE('',(#3772));
#3614=FILL_AREA_STYLE('',(#3773));
#3615=FILL_AREA_STYLE('',(#3774));
#3616=FILL_AREA_STYLE('',(#3775));
#3617=FILL_AREA_STYLE('',(#3776));
#3618=FILL_AREA_STYLE('',(#3777));
#3619=FILL_AREA_STYLE('',(#3778));
#3620=FILL_AREA_STYLE('',(#3779));
#3621=FILL_AREA_STYLE('',(#3780));
#3622=FILL_AREA_STYLE('',(#3781));
#3623=FILL_AREA_STYLE('',(#3782));
#3624=FILL_AREA_STYLE('',(#3783));
#3625=FILL_AREA_STYLE('',(#3784));
#3626=FILL_AREA_STYLE('',(#3785));
#3627=FILL_AREA_STYLE('',(#3786));
#3628=FILL_AREA_STYLE('',(#3787));
#3629=FILL_AREA_STYLE('',(#3788));
#3630=FILL_AREA_STYLE('',(#3789));
#3631=FILL_AREA_STYLE('',(#3790));
#3632=FILL_AREA_STYLE('',(#3791));
#3633=FILL_AREA_STYLE('',(#3792));
#3634=FILL_AREA_STYLE('',(#3793));
#3635=FILL_AREA_STYLE('',(#3794));
#3636=FILL_AREA_STYLE('',(#3795));
#3637=FILL_AREA_STYLE('',(#3796));
#3638=FILL_AREA_STYLE('',(#3797));
#3639=FILL_AREA_STYLE('',(#3798));
#3640=FILL_AREA_STYLE('',(#3799));
#3641=FILL_AREA_STYLE('',(#3800));
#3642=FILL_AREA_STYLE('',(#3801));
#3643=FILL_AREA_STYLE('',(#3802));
#3644=FILL_AREA_STYLE('',(#3803));
#3645=FILL_AREA_STYLE('',(#3804));
#3646=FILL_AREA_STYLE('',(#3805));
#3647=FILL_AREA_STYLE('',(#3806));
#3648=FILL_AREA_STYLE('',(#3807));
#3649=FILL_AREA_STYLE('',(#3808));
#3650=FILL_AREA_STYLE('',(#3809));
#3651=FILL_AREA_STYLE('',(#3810));
#3652=FILL_AREA_STYLE('',(#3811));
#3653=FILL_AREA_STYLE('',(#3812));
#3654=FILL_AREA_STYLE('',(#3813));
#3655=FILL_AREA_STYLE('',(#3814));
#3656=FILL_AREA_STYLE('',(#3815));
#3657=FILL_AREA_STYLE('',(#3816));
#3658=FILL_AREA_STYLE('',(#3817));
#3659=FILL_AREA_STYLE('',(#3818));
#3660=FILL_AREA_STYLE('',(#3819));
#3661=FILL_AREA_STYLE('',(#3820));
#3662=FILL_AREA_STYLE('',(#3821));
#3663=FILL_AREA_STYLE('',(#3822));
#3664=FILL_AREA_STYLE('',(#3823));
#3665=FILL_AREA_STYLE('',(#3824));
#3666=FILL_AREA_STYLE('',(#3825));
#3667=FILL_AREA_STYLE('',(#3826));
#3668=FILL_AREA_STYLE('',(#3827));
#3669=FILL_AREA_STYLE('',(#3828));
#3670=FILL_AREA_STYLE('',(#3829));
#3671=FILL_AREA_STYLE('',(#3830));
#3672=FILL_AREA_STYLE('',(#3831));
#3673=FILL_AREA_STYLE('',(#3832));
#3674=FILL_AREA_STYLE('',(#3833));
#3675=FILL_AREA_STYLE('',(#3834));
#3676=FILL_AREA_STYLE('',(#3835));
#3677=FILL_AREA_STYLE('',(#3836));
#3678=FILL_AREA_STYLE('',(#3837));
#3679=FILL_AREA_STYLE('',(#3838));
#3680=FILL_AREA_STYLE('',(#3839));
#3681=FILL_AREA_STYLE('',(#3840));
#3682=FILL_AREA_STYLE('',(#3841));
#3683=FILL_AREA_STYLE('',(#3842));
#3684=FILL_AREA_STYLE('',(#3843));
#3685=FILL_AREA_STYLE('',(#3844));
#3686=FILL_AREA_STYLE('',(#3845));
#3687=FILL_AREA_STYLE('',(#3846));
#3688=FILL_AREA_STYLE('',(#3847));
#3689=FILL_AREA_STYLE('',(#3848));
#3690=FILL_AREA_STYLE('',(#3849));
#3691=FILL_AREA_STYLE('',(#3850));
#3692=FILL_AREA_STYLE('',(#3851));
#3693=FILL_AREA_STYLE('',(#3852));
#3694=FILL_AREA_STYLE('',(#3853));
#3695=FILL_AREA_STYLE('',(#3854));
#3696=FILL_AREA_STYLE('',(#3855));
#3697=FILL_AREA_STYLE('',(#3856));
#3698=FILL_AREA_STYLE('',(#3857));
#3699=FILL_AREA_STYLE('',(#3858));
#3700=FILL_AREA_STYLE('',(#3859));
#3701=FILL_AREA_STYLE('',(#3860));
#3702=FILL_AREA_STYLE('',(#3861));
#3703=FILL_AREA_STYLE('',(#3862));
#3704=FILL_AREA_STYLE('',(#3863));
#3705=FILL_AREA_STYLE('',(#3864));
#3706=FILL_AREA_STYLE('',(#3865));
#3707=FILL_AREA_STYLE('',(#3866));
#3708=FILL_AREA_STYLE('',(#3867));
#3709=FILL_AREA_STYLE('',(#3868));
#3710=FILL_AREA_STYLE('',(#3869));
#3711=FILL_AREA_STYLE('',(#3870));
#3712=FILL_AREA_STYLE('',(#3871));
#3713=FILL_AREA_STYLE('',(#3872));
#3714=FILL_AREA_STYLE('',(#3873));
#3715=FILL_AREA_STYLE('',(#3874));
#3716=FILL_AREA_STYLE('',(#3875));
#3717=FILL_AREA_STYLE('',(#3876));
#3718=FILL_AREA_STYLE('',(#3877));
#3719=FILL_AREA_STYLE('',(#3878));
#3720=FILL_AREA_STYLE('',(#3879));
#3721=FILL_AREA_STYLE('',(#3880));
#3722=FILL_AREA_STYLE('',(#3881));
#3723=FILL_AREA_STYLE('',(#3882));
#3724=FILL_AREA_STYLE('',(#3883));
#3725=FILL_AREA_STYLE('',(#3884));
#3726=FILL_AREA_STYLE('',(#3885));
#3727=FILL_AREA_STYLE('',(#3886));
#3728=FILL_AREA_STYLE('',(#3887));
#3729=FILL_AREA_STYLE('',(#3888));
#3730=FILL_AREA_STYLE('',(#3889));
#3731=FILL_AREA_STYLE('',(#3890));
#3732=FILL_AREA_STYLE('',(#3891));
#3733=FILL_AREA_STYLE('',(#3892));
#3734=FILL_AREA_STYLE('',(#3893));
#3735=FILL_AREA_STYLE('',(#3894));
#3736=FILL_AREA_STYLE('',(#3895));
#3737=FILL_AREA_STYLE('',(#3896));
#3738=FILL_AREA_STYLE('',(#3897));
#3739=FILL_AREA_STYLE('',(#3898));
#3740=FILL_AREA_STYLE('',(#3899));
#3741=FILL_AREA_STYLE('',(#3900));
#3742=FILL_AREA_STYLE('',(#3901));
#3743=FILL_AREA_STYLE('',(#3902));
#3744=FILL_AREA_STYLE('',(#3903));
#3745=FILL_AREA_STYLE('',(#3904));
#3746=FILL_AREA_STYLE('',(#3905));
#3747=FILL_AREA_STYLE('',(#3906));
#3748=FILL_AREA_STYLE('',(#3907));
#3749=FILL_AREA_STYLE('',(#3908));
#3750=FILL_AREA_STYLE('',(#3909));
#3751=FILL_AREA_STYLE('',(#3910));
#3752=FILL_AREA_STYLE('',(#3911));
#3753=FILL_AREA_STYLE('',(#3912));
#3754=FILL_AREA_STYLE('',(#3913));
#3755=FILL_AREA_STYLE('',(#3914));
#3756=FILL_AREA_STYLE('',(#3915));
#3757=FILL_AREA_STYLE('',(#3916));
#3758=FILL_AREA_STYLE('',(#3917));
#3759=FILL_AREA_STYLE('',(#3918));
#3760=FILL_AREA_STYLE('',(#3919));
#3761=FILL_AREA_STYLE('',(#3920));
#3762=FILL_AREA_STYLE('',(#3921));
#3763=FILL_AREA_STYLE('',(#3922));
#3764=FILL_AREA_STYLE_COLOUR('',#3923);
#3765=FILL_AREA_STYLE_COLOUR('',#3923);
#3766=FILL_AREA_STYLE_COLOUR('',#3923);
#3767=FILL_AREA_STYLE_COLOUR('',#3923);
#3768=FILL_AREA_STYLE_COLOUR('',#3923);
#3769=FILL_AREA_STYLE_COLOUR('',#3923);
#3770=FILL_AREA_STYLE_COLOUR('',#3923);
#3771=FILL_AREA_STYLE_COLOUR('',#3923);
#3772=FILL_AREA_STYLE_COLOUR('',#3923);
#3773=FILL_AREA_STYLE_COLOUR('',#3923);
#3774=FILL_AREA_STYLE_COLOUR('',#3923);
#3775=FILL_AREA_STYLE_COLOUR('',#3923);
#3776=FILL_AREA_STYLE_COLOUR('',#3923);
#3777=FILL_AREA_STYLE_COLOUR('',#3923);
#3778=FILL_AREA_STYLE_COLOUR('',#3923);
#3779=FILL_AREA_STYLE_COLOUR('',#3923);
#3780=FILL_AREA_STYLE_COLOUR('',#3923);
#3781=FILL_AREA_STYLE_COLOUR('',#3923);
#3782=FILL_AREA_STYLE_COLOUR('',#3923);
#3783=FILL_AREA_STYLE_COLOUR('',#3923);
#3784=FILL_AREA_STYLE_COLOUR('',#3923);
#3785=FILL_AREA_STYLE_COLOUR('',#3923);
#3786=FILL_AREA_STYLE_COLOUR('',#3923);
#3787=FILL_AREA_STYLE_COLOUR('',#3923);
#3788=FILL_AREA_STYLE_COLOUR('',#3923);
#3789=FILL_AREA_STYLE_COLOUR('',#3923);
#3790=FILL_AREA_STYLE_COLOUR('',#3923);
#3791=FILL_AREA_STYLE_COLOUR('',#3923);
#3792=FILL_AREA_STYLE_COLOUR('',#3923);
#3793=FILL_AREA_STYLE_COLOUR('',#3923);
#3794=FILL_AREA_STYLE_COLOUR('',#3923);
#3795=FILL_AREA_STYLE_COLOUR('',#3923);
#3796=FILL_AREA_STYLE_COLOUR('',#3923);
#3797=FILL_AREA_STYLE_COLOUR('',#3923);
#3798=FILL_AREA_STYLE_COLOUR('',#3923);
#3799=FILL_AREA_STYLE_COLOUR('',#3923);
#3800=FILL_AREA_STYLE_COLOUR('',#3923);
#3801=FILL_AREA_STYLE_COLOUR('',#3923);
#3802=FILL_AREA_STYLE_COLOUR('',#3923);
#3803=FILL_AREA_STYLE_COLOUR('',#3923);
#3804=FILL_AREA_STYLE_COLOUR('',#3923);
#3805=FILL_AREA_STYLE_COLOUR('',#3923);
#3806=FILL_AREA_STYLE_COLOUR('',#3923);
#3807=FILL_AREA_STYLE_COLOUR('',#3923);
#3808=FILL_AREA_STYLE_COLOUR('',#3923);
#3809=FILL_AREA_STYLE_COLOUR('',#3924);
#3810=FILL_AREA_STYLE_COLOUR('',#3924);
#3811=FILL_AREA_STYLE_COLOUR('',#3924);
#3812=FILL_AREA_STYLE_COLOUR('',#3924);
#3813=FILL_AREA_STYLE_COLOUR('',#3924);
#3814=FILL_AREA_STYLE_COLOUR('',#3924);
#3815=FILL_AREA_STYLE_COLOUR('',#3924);
#3816=FILL_AREA_STYLE_COLOUR('',#3924);
#3817=FILL_AREA_STYLE_COLOUR('',#3924);
#3818=FILL_AREA_STYLE_COLOUR('',#3924);
#3819=FILL_AREA_STYLE_COLOUR('',#3924);
#3820=FILL_AREA_STYLE_COLOUR('',#3924);
#3821=FILL_AREA_STYLE_COLOUR('',#3924);
#3822=FILL_AREA_STYLE_COLOUR('',#3924);
#3823=FILL_AREA_STYLE_COLOUR('',#3924);
#3824=FILL_AREA_STYLE_COLOUR('',#3924);
#3825=FILL_AREA_STYLE_COLOUR('',#3924);
#3826=FILL_AREA_STYLE_COLOUR('',#3924);
#3827=FILL_AREA_STYLE_COLOUR('',#3924);
#3828=FILL_AREA_STYLE_COLOUR('',#3924);
#3829=FILL_AREA_STYLE_COLOUR('',#3924);
#3830=FILL_AREA_STYLE_COLOUR('',#3924);
#3831=FILL_AREA_STYLE_COLOUR('',#3924);
#3832=FILL_AREA_STYLE_COLOUR('',#3924);
#3833=FILL_AREA_STYLE_COLOUR('',#3924);
#3834=FILL_AREA_STYLE_COLOUR('',#3924);
#3835=FILL_AREA_STYLE_COLOUR('',#3924);
#3836=FILL_AREA_STYLE_COLOUR('',#3924);
#3837=FILL_AREA_STYLE_COLOUR('',#3924);
#3838=FILL_AREA_STYLE_COLOUR('',#3924);
#3839=FILL_AREA_STYLE_COLOUR('',#3924);
#3840=FILL_AREA_STYLE_COLOUR('',#3924);
#3841=FILL_AREA_STYLE_COLOUR('',#3924);
#3842=FILL_AREA_STYLE_COLOUR('',#3924);
#3843=FILL_AREA_STYLE_COLOUR('',#3924);
#3844=FILL_AREA_STYLE_COLOUR('',#3924);
#3845=FILL_AREA_STYLE_COLOUR('',#3924);
#3846=FILL_AREA_STYLE_COLOUR('',#3924);
#3847=FILL_AREA_STYLE_COLOUR('',#3924);
#3848=FILL_AREA_STYLE_COLOUR('',#3924);
#3849=FILL_AREA_STYLE_COLOUR('',#3923);
#3850=FILL_AREA_STYLE_COLOUR('',#3923);
#3851=FILL_AREA_STYLE_COLOUR('',#3923);
#3852=FILL_AREA_STYLE_COLOUR('',#3923);
#3853=FILL_AREA_STYLE_COLOUR('',#3923);
#3854=FILL_AREA_STYLE_COLOUR('',#3923);
#3855=FILL_AREA_STYLE_COLOUR('',#3923);
#3856=FILL_AREA_STYLE_COLOUR('',#3923);
#3857=FILL_AREA_STYLE_COLOUR('',#3923);
#3858=FILL_AREA_STYLE_COLOUR('',#3923);
#3859=FILL_AREA_STYLE_COLOUR('',#3923);
#3860=FILL_AREA_STYLE_COLOUR('',#3923);
#3861=FILL_AREA_STYLE_COLOUR('',#3923);
#3862=FILL_AREA_STYLE_COLOUR('',#3923);
#3863=FILL_AREA_STYLE_COLOUR('',#3923);
#3864=FILL_AREA_STYLE_COLOUR('',#3923);
#3865=FILL_AREA_STYLE_COLOUR('',#3923);
#3866=FILL_AREA_STYLE_COLOUR('',#3923);
#3867=FILL_AREA_STYLE_COLOUR('',#3923);
#3868=FILL_AREA_STYLE_COLOUR('',#3923);
#3869=FILL_AREA_STYLE_COLOUR('',#3923);
#3870=FILL_AREA_STYLE_COLOUR('',#3923);
#3871=FILL_AREA_STYLE_COLOUR('',#3923);
#3872=FILL_AREA_STYLE_COLOUR('',#3923);
#3873=FILL_AREA_STYLE_COLOUR('',#3923);
#3874=FILL_AREA_STYLE_COLOUR('',#3923);
#3875=FILL_AREA_STYLE_COLOUR('',#3923);
#3876=FILL_AREA_STYLE_COLOUR('',#3923);
#3877=FILL_AREA_STYLE_COLOUR('',#3923);
#3878=FILL_AREA_STYLE_COLOUR('',#3923);
#3879=FILL_AREA_STYLE_COLOUR('',#3923);
#3880=FILL_AREA_STYLE_COLOUR('',#3923);
#3881=FILL_AREA_STYLE_COLOUR('',#3923);
#3882=FILL_AREA_STYLE_COLOUR('',#3923);
#3883=FILL_AREA_STYLE_COLOUR('',#3923);
#3884=FILL_AREA_STYLE_COLOUR('',#3923);
#3885=FILL_AREA_STYLE_COLOUR('',#3923);
#3886=FILL_AREA_STYLE_COLOUR('',#3923);
#3887=FILL_AREA_STYLE_COLOUR('',#3923);
#3888=FILL_AREA_STYLE_COLOUR('',#3923);
#3889=FILL_AREA_STYLE_COLOUR('',#3925);
#3890=FILL_AREA_STYLE_COLOUR('',#3925);
#3891=FILL_AREA_STYLE_COLOUR('',#3925);
#3892=FILL_AREA_STYLE_COLOUR('',#3925);
#3893=FILL_AREA_STYLE_COLOUR('',#3925);
#3894=FILL_AREA_STYLE_COLOUR('',#3925);
#3895=FILL_AREA_STYLE_COLOUR('',#3925);
#3896=FILL_AREA_STYLE_COLOUR('',#3925);
#3897=FILL_AREA_STYLE_COLOUR('',#3925);
#3898=FILL_AREA_STYLE_COLOUR('',#3925);
#3899=FILL_AREA_STYLE_COLOUR('',#3925);
#3900=FILL_AREA_STYLE_COLOUR('',#3925);
#3901=FILL_AREA_STYLE_COLOUR('',#3925);
#3902=FILL_AREA_STYLE_COLOUR('',#3925);
#3903=FILL_AREA_STYLE_COLOUR('',#3925);
#3904=FILL_AREA_STYLE_COLOUR('',#3925);
#3905=FILL_AREA_STYLE_COLOUR('',#3925);
#3906=FILL_AREA_STYLE_COLOUR('',#3925);
#3907=FILL_AREA_STYLE_COLOUR('',#3925);
#3908=FILL_AREA_STYLE_COLOUR('',#3925);
#3909=FILL_AREA_STYLE_COLOUR('',#3925);
#3910=FILL_AREA_STYLE_COLOUR('',#3925);
#3911=FILL_AREA_STYLE_COLOUR('',#3925);
#3912=FILL_AREA_STYLE_COLOUR('',#3925);
#3913=FILL_AREA_STYLE_COLOUR('',#3925);
#3914=FILL_AREA_STYLE_COLOUR('',#3925);
#3915=FILL_AREA_STYLE_COLOUR('',#3925);
#3916=FILL_AREA_STYLE_COLOUR('',#3925);
#3917=FILL_AREA_STYLE_COLOUR('',#3925);
#3918=FILL_AREA_STYLE_COLOUR('',#3925);
#3919=FILL_AREA_STYLE_COLOUR('',#3925);
#3920=FILL_AREA_STYLE_COLOUR('',#3925);
#3921=FILL_AREA_STYLE_COLOUR('',#3925);
#3922=FILL_AREA_STYLE_COLOUR('',#3925);
#3923=COLOUR_RGB('',0.560000002384186,0.569999992847443,0.569999992847443);
#3924=COLOUR_RGB('',0.77999997138977,0.77999997138977,0.77999997138977);
#3925=COLOUR_RGB('',0.94999998807907,0.93000000715256,0.87999999523163);
#3926=ADVANCED_FACE('',(#2605),#2784,.T.);
#3927=ADVANCED_FACE('',(#2606),#26,.F.);
#3928=ADVANCED_FACE('',(#2607),#27,.F.);
#3929=ADVANCED_FACE('',(#2608),#2785,.T.);
#3930=ADVANCED_FACE('',(#2609),#28,.F.);
#3931=ADVANCED_FACE('',(#2610),#29,.F.);
#3932=ADVANCED_FACE('',(#2611),#30,.F.);
#3933=ADVANCED_FACE('',(#2612),#31,.F.);
#3934=ADVANCED_FACE('',(#2613),#2786,.T.);
#3935=ADVANCED_FACE('',(#2614),#32,.F.);
#3936=ADVANCED_FACE('',(#2615),#2787,.T.);
#3937=ADVANCED_FACE('',(#2616),#33,.F.);
#3938=ADVANCED_FACE('',(#2617),#2788,.T.);
#3939=ADVANCED_FACE('',(#2618),#34,.F.);
#3940=ADVANCED_FACE('',(#2619),#2789,.T.);
#3941=ADVANCED_FACE('',(#2620),#35,.T.);
#3942=ADVANCED_FACE('',(#2621),#36,.T.);
#3943=ADVANCED_FACE('',(#2622),#37,.T.);
#3944=ADVANCED_FACE('',(#2623),#38,.T.);
#3945=ADVANCED_FACE('',(#2624),#39,.T.);
#3946=ADVANCED_FACE('',(#2625),#40,.T.);
#3947=ADVANCED_FACE('',(#2626),#41,.T.);
#3948=ADVANCED_FACE('',(#2627),#42,.T.);
#3949=ADVANCED_FACE('',(#2628),#43,.T.);
#3950=ADVANCED_FACE('',(#2629),#44,.T.);
#3951=ADVANCED_FACE('',(#2630),#2790,.T.);
#3952=ADVANCED_FACE('',(#2631),#45,.F.);
#3953=ADVANCED_FACE('',(#2632),#46,.F.);
#3954=ADVANCED_FACE('',(#2633),#47,.F.);
#3955=ADVANCED_FACE('',(#2634),#48,.F.);
#3956=ADVANCED_FACE('',(#2635),#49,.F.);
#3957=ADVANCED_FACE('',(#2636),#2791,.T.);
#3958=ADVANCED_FACE('',(#2637),#50,.F.);
#3959=ADVANCED_FACE('',(#2638,#2639,#2640),#51,.F.);
#3960=ADVANCED_FACE('',(#2641),#2792,.T.);
#3961=ADVANCED_FACE('',(#2642),#52,.F.);
#3962=ADVANCED_FACE('',(#2643),#2793,.T.);
#3963=ADVANCED_FACE('',(#2644),#53,.T.);
#3964=ADVANCED_FACE('',(#2645),#54,.F.);
#3965=ADVANCED_FACE('',(#2646,#2647,#2648,#2649,#2650),#55,.T.);
#3966=ADVANCED_FACE('',(#2651),#56,.T.);
#3967=ADVANCED_FACE('',(#2652),#57,.T.);
#3968=ADVANCED_FACE('',(#2653,#2654,#2655,#2656,#2657),#58,.T.);
#3969=ADVANCED_FACE('',(#2658),#59,.T.);
#3970=ADVANCED_FACE('',(#2659),#60,.T.);
#3971=ADVANCED_FACE('',(#2660),#61,.F.);
#3972=ADVANCED_FACE('',(#2661),#62,.F.);
#3973=ADVANCED_FACE('',(#2662),#63,.F.);
#3974=ADVANCED_FACE('',(#2663),#64,.T.);
#3975=ADVANCED_FACE('',(#2664),#65,.F.);
#3976=ADVANCED_FACE('',(#2665),#66,.F.);
#3977=ADVANCED_FACE('',(#2666),#67,.F.);
#3978=ADVANCED_FACE('',(#2667),#68,.F.);
#3979=ADVANCED_FACE('',(#2668),#69,.T.);
#3980=ADVANCED_FACE('',(#2669),#70,.F.);
#3981=ADVANCED_FACE('',(#2670),#71,.F.);
#3982=ADVANCED_FACE('',(#2671),#72,.F.);
#3983=ADVANCED_FACE('',(#2672),#73,.F.);
#3984=ADVANCED_FACE('',(#2673),#74,.T.);
#3985=ADVANCED_FACE('',(#2674),#75,.F.);
#3986=ADVANCED_FACE('',(#2675),#76,.F.);
#3987=ADVANCED_FACE('',(#2676),#77,.F.);
#3988=ADVANCED_FACE('',(#2677),#78,.F.);
#3989=ADVANCED_FACE('',(#2678),#79,.T.);
#3990=ADVANCED_FACE('',(#2679),#80,.F.);
#3991=ADVANCED_FACE('',(#2680),#81,.F.);
#3992=ADVANCED_FACE('',(#2681),#82,.F.);
#3993=ADVANCED_FACE('',(#2682),#83,.F.);
#3994=ADVANCED_FACE('',(#2683),#84,.T.);
#3995=ADVANCED_FACE('',(#2684),#85,.F.);
#3996=ADVANCED_FACE('',(#2685),#86,.F.);
#3997=ADVANCED_FACE('',(#2686),#87,.F.);
#3998=ADVANCED_FACE('',(#2687),#88,.F.);
#3999=ADVANCED_FACE('',(#2688),#89,.T.);
#4000=ADVANCED_FACE('',(#2689),#90,.F.);
#4001=ADVANCED_FACE('',(#2690),#91,.F.);
#4002=ADVANCED_FACE('',(#2691),#92,.F.);
#4003=ADVANCED_FACE('',(#2692),#93,.F.);
#4004=ADVANCED_FACE('',(#2693),#94,.T.);
#4005=ADVANCED_FACE('',(#2694),#95,.F.);
#4006=ADVANCED_FACE('',(#2695),#96,.F.);
#4007=ADVANCED_FACE('',(#2696),#97,.F.);
#4008=ADVANCED_FACE('',(#2697),#98,.F.);
#4009=ADVANCED_FACE('',(#2698),#99,.T.);
#4010=ADVANCED_FACE('',(#2699),#100,.F.);
#4011=ADVANCED_FACE('',(#2700,#2701),#101,.F.);
#4012=ADVANCED_FACE('',(#2702),#102,.T.);
#4013=ADVANCED_FACE('',(#2703),#103,.F.);
#4014=ADVANCED_FACE('',(#2704),#2794,.T.);
#4015=ADVANCED_FACE('',(#2705,#2706),#104,.F.);
#4016=ADVANCED_FACE('',(#2707),#105,.T.);
#4017=ADVANCED_FACE('',(#2708),#106,.F.);
#4018=ADVANCED_FACE('',(#2709),#2795,.T.);
#4019=ADVANCED_FACE('',(#2710,#2711),#20,.F.);
#4020=ADVANCED_FACE('',(#2712,#2713),#2796,.F.);
#4021=ADVANCED_FACE('',(#2714),#107,.T.);
#4022=ADVANCED_FACE('',(#2715,#2716),#21,.F.);
#4023=ADVANCED_FACE('',(#2717,#2718),#2797,.F.);
#4024=ADVANCED_FACE('',(#2719),#108,.T.);
#4025=ADVANCED_FACE('',(#2720,#2721),#22,.F.);
#4026=ADVANCED_FACE('',(#2722,#2723),#2798,.F.);
#4027=ADVANCED_FACE('',(#2724),#109,.T.);
#4028=ADVANCED_FACE('',(#2725,#2726),#23,.F.);
#4029=ADVANCED_FACE('',(#2727,#2728),#2799,.F.);
#4030=ADVANCED_FACE('',(#2729),#110,.T.);
#4031=ADVANCED_FACE('',(#2730),#111,.F.);
#4032=ADVANCED_FACE('',(#2731),#112,.F.);
#4033=ADVANCED_FACE('',(#2732),#113,.F.);
#4034=ADVANCED_FACE('',(#2733),#114,.F.);
#4035=ADVANCED_FACE('',(#2734),#115,.F.);
#4036=ADVANCED_FACE('',(#2735),#116,.F.);
#4037=ADVANCED_FACE('',(#2736),#117,.F.);
#4038=ADVANCED_FACE('',(#2737),#118,.F.);
#4039=ADVANCED_FACE('',(#2738),#119,.F.);
#4040=ADVANCED_FACE('',(#2739),#120,.T.);
#4041=ADVANCED_FACE('',(#2740),#121,.T.);
#4042=ADVANCED_FACE('',(#2741),#122,.T.);
#4043=ADVANCED_FACE('',(#2742),#123,.F.);
#4044=ADVANCED_FACE('',(#2743),#124,.T.);
#4045=ADVANCED_FACE('',(#2744),#125,.T.);
#4046=ADVANCED_FACE('',(#2745),#126,.T.);
#4047=ADVANCED_FACE('',(#2746),#127,.T.);
#4048=ADVANCED_FACE('',(#2747),#128,.F.);
#4049=ADVANCED_FACE('',(#2748),#129,.T.);
#4050=ADVANCED_FACE('',(#2749),#130,.F.);
#4051=ADVANCED_FACE('',(#2750),#131,.F.);
#4052=ADVANCED_FACE('',(#2751),#132,.F.);
#4053=ADVANCED_FACE('',(#2752),#133,.F.);
#4054=ADVANCED_FACE('',(#2753),#2800,.T.);
#4055=ADVANCED_FACE('',(#2754),#2801,.T.);
#4056=ADVANCED_FACE('',(#2755),#134,.F.);
#4057=ADVANCED_FACE('',(#2756),#2802,.T.);
#4058=ADVANCED_FACE('',(#2757),#135,.F.);
#4059=ADVANCED_FACE('',(#2758),#136,.T.);
#4060=ADVANCED_FACE('',(#2759),#137,.F.);
#4061=ADVANCED_FACE('',(#2760),#138,.F.);
#4062=ADVANCED_FACE('',(#2761),#139,.F.);
#4063=ADVANCED_FACE('',(#2762),#2803,.T.);
#4064=ADVANCED_FACE('',(#2763),#2804,.T.);
#4065=ADVANCED_FACE('',(#2764),#140,.F.);
#4066=ADVANCED_FACE('',(#2765),#2805,.T.);
#4067=ADVANCED_FACE('',(#2766),#141,.F.);
#4068=ADVANCED_FACE('',(#2767),#142,.T.);
#4069=ADVANCED_FACE('',(#2768),#143,.T.);
#4070=ADVANCED_FACE('',(#2769),#144,.F.);
#4071=ADVANCED_FACE('',(#2770),#2806,.F.);
#4072=ADVANCED_FACE('',(#2771),#145,.F.);
#4073=ADVANCED_FACE('',(#2772),#146,.F.);
#4074=ADVANCED_FACE('',(#2773),#2807,.F.);
#4075=ADVANCED_FACE('',(#2774),#147,.F.);
#4076=ADVANCED_FACE('',(#2775),#148,.F.);
#4077=ADVANCED_FACE('',(#2776),#149,.T.);
#4078=ADVANCED_FACE('',(#2777),#150,.F.);
#4079=ADVANCED_FACE('',(#2778),#2808,.F.);
#4080=ADVANCED_FACE('',(#2779),#151,.F.);
#4081=ADVANCED_FACE('',(#2780),#152,.F.);
#4082=ADVANCED_FACE('',(#2781),#2809,.F.);
#4083=ADVANCED_FACE('',(#2782),#153,.F.);
#4084=ADVANCED_FACE('',(#2783),#154,.F.);
#4085=CLOSED_SHELL('',(#3926,#3927,#3928,#3929,#3930,#3931,#3932,#3933,
#3934,#3935,#3936,#3937,#3938,#3939,#3940,#3941,#3942,#3943,#3944,#3945,
#3946,#3947,#3948,#3949,#3950,#3951,#3952,#3953,#3954,#3955,#3956,#3957,
#3958,#3959,#3960,#3961,#3962,#3963,#3964,#3965,#3966,#3967,#3968,#3969,
#3970,#3971,#3972,#3973,#3974,#3975,#3976,#3977,#3978,#3979,#3980,#3981,
#3982,#3983,#3984,#3985,#3986,#3987,#3988,#3989,#3990,#3991,#3992,#3993,
#3994,#3995,#3996,#3997,#3998,#3999,#4000,#4001,#4002,#4003,#4004,#4005,
#4006,#4007,#4008,#4009,#4010,#4011,#4012,#4013,#4014,#4015,#4016,#4017,
#4018,#4019,#4020,#4021,#4022,#4023,#4024,#4025,#4026,#4027,#4028,#4029,
#4030,#4031,#4032,#4033,#4034,#4035,#4036,#4037,#4038,#4039,#4040,#4041,
#4042,#4043,#4044,#4045,#4046,#4047,#4048,#4049,#4050,#4051,#4052,#4053,
#4054,#4055,#4056,#4057,#4058,#4059,#4060,#4061,#4062,#4063,#4064,#4065,
#4066,#4067,#4068,#4069,#4070,#4071,#4072,#4073,#4074,#4075,#4076,#4077,
#4078,#4079,#4080,#4081,#4082,#4083,#4084));
#4086=MANIFOLD_SOLID_BREP('2716-102',#4085);
#4087=SHAPE_DEFINITION_REPRESENTATION(#5975,#4088);
#4088=SHAPE_REPRESENTATION('2716-102',(#4089),#5970);
#4089=AXIS2_PLACEMENT_3D('',#5112,#4315,#4316);
#4090=AXIS2_PLACEMENT_3D('',#5113,#4317,#4318);
#4091=AXIS2_PLACEMENT_3D('',#5117,#4320,#4321);
#4092=AXIS2_PLACEMENT_3D('',#5121,#4323,#4324);
#4093=AXIS2_PLACEMENT_3D('',#5125,#4326,#4327);
#4094=AXIS2_PLACEMENT_3D('',#5129,#4329,#4330);
#4095=AXIS2_PLACEMENT_3D('',#5133,#4332,#4333);
#4096=AXIS2_PLACEMENT_3D('',#5137,#4335,#4336);
#4097=AXIS2_PLACEMENT_3D('',#5138,#4337,#4338);
#4098=AXIS2_PLACEMENT_3D('',#5152,#4346,#4347);
#4099=AXIS2_PLACEMENT_3D('',#5155,#4350,#4351);
#4100=AXIS2_PLACEMENT_3D('',#5159,#4353,#4354);
#4101=AXIS2_PLACEMENT_3D('',#5163,#4356,#4357);
#4102=AXIS2_PLACEMENT_3D('',#5167,#4359,#4360);
#4103=AXIS2_PLACEMENT_3D('',#5171,#4362,#4363);
#4104=AXIS2_PLACEMENT_3D('',#5175,#4365,#4366);
#4105=AXIS2_PLACEMENT_3D('',#5179,#4368,#4369);
#4106=AXIS2_PLACEMENT_3D('',#5180,#4370,#4371);
#4107=AXIS2_PLACEMENT_3D('',#5194,#4379,#4380);
#4108=AXIS2_PLACEMENT_3D('',#5197,#4383,#4384);
#4109=AXIS2_PLACEMENT_3D('',#5210,#4391,#4392);
#4110=AXIS2_PLACEMENT_3D('',#5227,#4401,#4402);
#4111=AXIS2_PLACEMENT_3D('',#5228,#4403,#4404);
#4112=AXIS2_PLACEMENT_3D('',#5233,#4406,#4407);
#4113=AXIS2_PLACEMENT_3D('',#5236,#4409,#4410);
#4114=AXIS2_PLACEMENT_3D('',#5242,#4414,#4415);
#4115=AXIS2_PLACEMENT_3D('',#5243,#4416,#4417);
#4116=AXIS2_PLACEMENT_3D('',#5244,#4418,#4419);
#4117=AXIS2_PLACEMENT_3D('',#5245,#4420,#4421);
#4118=AXIS2_PLACEMENT_3D('',#5258,#4428,#4429);
#4119=AXIS2_PLACEMENT_3D('',#5259,#4430,#4431);
#4120=AXIS2_PLACEMENT_3D('',#5264,#4433,#4434);
#4121=AXIS2_PLACEMENT_3D('',#5267,#4436,#4437);
#4122=AXIS2_PLACEMENT_3D('',#5273,#4441,#4442);
#4123=AXIS2_PLACEMENT_3D('',#5274,#4443,#4444);
#4124=AXIS2_PLACEMENT_3D('',#5275,#4445,#4446);
#4125=AXIS2_PLACEMENT_3D('',#5276,#4447,#4448);
#4126=AXIS2_PLACEMENT_3D('',#5285,#4453,#4454);
#4127=AXIS2_PLACEMENT_3D('',#5291,#4458,#4459);
#4128=AXIS2_PLACEMENT_3D('',#5297,#4463,#4464);
#4129=AXIS2_PLACEMENT_3D('',#5303,#4468,#4469);
#4130=AXIS2_PLACEMENT_3D('',#5309,#4473,#4474);
#4131=AXIS2_PLACEMENT_3D('',#5318,#4479,#4480);
#4132=AXIS2_PLACEMENT_3D('',#5324,#4484,#4485);
#4133=AXIS2_PLACEMENT_3D('',#5330,#4489,#4490);
#4134=AXIS2_PLACEMENT_3D('',#5336,#4494,#4495);
#4135=AXIS2_PLACEMENT_3D('',#5342,#4499,#4500);
#4136=AXIS2_PLACEMENT_3D('',#5352,#4502,#4503);
#4137=AXIS2_PLACEMENT_3D('',#5356,#4505,#4506);
#4138=AXIS2_PLACEMENT_3D('',#5367,#4509,#4510);
#4139=AXIS2_PLACEMENT_3D('',#5399,#4528,#4529);
#4140=AXIS2_PLACEMENT_3D('',#5405,#4533,#4534);
#4141=AXIS2_PLACEMENT_3D('',#5411,#4538,#4539);
#4142=AXIS2_PLACEMENT_3D('',#5430,#4550,#4551);
#4143=AXIS2_PLACEMENT_3D('',#5433,#4554,#4555);
#4144=AXIS2_PLACEMENT_3D('',#5434,#4556,#4557);
#4145=AXIS2_PLACEMENT_3D('',#5438,#4559,#4560);
#4146=AXIS2_PLACEMENT_3D('',#5439,#4561,#4562);
#4147=AXIS2_PLACEMENT_3D('',#5442,#4565,#4566);
#4148=AXIS2_PLACEMENT_3D('',#5451,#4571,#4572);
#4149=AXIS2_PLACEMENT_3D('',#5452,#4573,#4574);
#4150=AXIS2_PLACEMENT_3D('',#5460,#4580,#4581);
#4151=AXIS2_PLACEMENT_3D('',#5462,#4582,#4583);
#4152=AXIS2_PLACEMENT_3D('',#5464,#4584,#4585);
#4153=AXIS2_PLACEMENT_3D('',#5465,#4586,#4587);
#4154=AXIS2_PLACEMENT_3D('',#5469,#4589,#4590);
#4155=AXIS2_PLACEMENT_3D('',#5470,#4591,#4592);
#4156=AXIS2_PLACEMENT_3D('',#5476,#4596,#4597);
#4157=AXIS2_PLACEMENT_3D('',#5477,#4598,#4599);
#4158=AXIS2_PLACEMENT_3D('',#5478,#4600,#4601);
#4159=AXIS2_PLACEMENT_3D('',#5479,#4602,#4603);
#4160=AXIS2_PLACEMENT_3D('',#5480,#4604,#4605);
#4161=AXIS2_PLACEMENT_3D('',#5481,#4606,#4607);
#4162=AXIS2_PLACEMENT_3D('',#5516,#4626,#4627);
#4163=AXIS2_PLACEMENT_3D('',#5517,#4628,#4629);
#4164=AXIS2_PLACEMENT_3D('',#5518,#4630,#4631);
#4165=AXIS2_PLACEMENT_3D('',#5553,#4650,#4651);
#4166=AXIS2_PLACEMENT_3D('',#5554,#4652,#4653);
#4167=AXIS2_PLACEMENT_3D('',#5555,#4654,#4655);
#4168=AXIS2_PLACEMENT_3D('',#5561,#4659,#4660);
#4169=AXIS2_PLACEMENT_3D('',#5567,#4664,#4665);
#4170=AXIS2_PLACEMENT_3D('',#5570,#4668,#4669);
#4171=AXIS2_PLACEMENT_3D('',#5571,#4670,#4671);
#4172=AXIS2_PLACEMENT_3D('',#5572,#4672,#4673);
#4173=AXIS2_PLACEMENT_3D('',#5578,#4677,#4678);
#4174=AXIS2_PLACEMENT_3D('',#5584,#4682,#4683);
#4175=AXIS2_PLACEMENT_3D('',#5587,#4686,#4687);
#4176=AXIS2_PLACEMENT_3D('',#5588,#4688,#4689);
#4177=AXIS2_PLACEMENT_3D('',#5589,#4690,#4691);
#4178=AXIS2_PLACEMENT_3D('',#5595,#4695,#4696);
#4179=AXIS2_PLACEMENT_3D('',#5601,#4700,#4701);
#4180=AXIS2_PLACEMENT_3D('',#5604,#4704,#4705);
#4181=AXIS2_PLACEMENT_3D('',#5605,#4706,#4707);
#4182=AXIS2_PLACEMENT_3D('',#5606,#4708,#4709);
#4183=AXIS2_PLACEMENT_3D('',#5612,#4713,#4714);
#4184=AXIS2_PLACEMENT_3D('',#5618,#4718,#4719);
#4185=AXIS2_PLACEMENT_3D('',#5621,#4722,#4723);
#4186=AXIS2_PLACEMENT_3D('',#5622,#4724,#4725);
#4187=AXIS2_PLACEMENT_3D('',#5623,#4726,#4727);
#4188=AXIS2_PLACEMENT_3D('',#5629,#4731,#4732);
#4189=AXIS2_PLACEMENT_3D('',#5635,#4736,#4737);
#4190=AXIS2_PLACEMENT_3D('',#5638,#4740,#4741);
#4191=AXIS2_PLACEMENT_3D('',#5639,#4742,#4743);
#4192=AXIS2_PLACEMENT_3D('',#5640,#4744,#4745);
#4193=AXIS2_PLACEMENT_3D('',#5646,#4749,#4750);
#4194=AXIS2_PLACEMENT_3D('',#5652,#4754,#4755);
#4195=AXIS2_PLACEMENT_3D('',#5655,#4758,#4759);
#4196=AXIS2_PLACEMENT_3D('',#5656,#4760,#4761);
#4197=AXIS2_PLACEMENT_3D('',#5657,#4762,#4763);
#4198=AXIS2_PLACEMENT_3D('',#5663,#4767,#4768);
#4199=AXIS2_PLACEMENT_3D('',#5669,#4772,#4773);
#4200=AXIS2_PLACEMENT_3D('',#5672,#4776,#4777);
#4201=AXIS2_PLACEMENT_3D('',#5673,#4778,#4779);
#4202=AXIS2_PLACEMENT_3D('',#5674,#4780,#4781);
#4203=AXIS2_PLACEMENT_3D('',#5680,#4785,#4786);
#4204=AXIS2_PLACEMENT_3D('',#5686,#4790,#4791);
#4205=AXIS2_PLACEMENT_3D('',#5689,#4794,#4795);
#4206=AXIS2_PLACEMENT_3D('',#5690,#4796,#4797);
#4207=AXIS2_PLACEMENT_3D('',#5691,#4798,#4799);
#4208=AXIS2_PLACEMENT_3D('',#5704,#4808,#4809);
#4209=AXIS2_PLACEMENT_3D('',#5705,#4810,#4811);
#4210=AXIS2_PLACEMENT_3D('',#5706,#4812,#4813);
#4211=AXIS2_PLACEMENT_3D('',#5707,#4814,#4815);
#4212=AXIS2_PLACEMENT_3D('',#5708,#4816,#4817);
#4213=AXIS2_PLACEMENT_3D('',#5709,#4818,#4819);
#4214=AXIS2_PLACEMENT_3D('',#5722,#4828,#4829);
#4215=AXIS2_PLACEMENT_3D('',#5723,#4830,#4831);
#4216=AXIS2_PLACEMENT_3D('',#5724,#4832,#4833);
#4217=AXIS2_PLACEMENT_3D('',#5725,#4834,#4835);
#4218=AXIS2_PLACEMENT_3D('',#5726,#4836,#4837);
#4219=AXIS2_PLACEMENT_3D('',#5727,#4838,#4839);
#4220=AXIS2_PLACEMENT_3D('',#5728,#4840,#4841);
#4221=AXIS2_PLACEMENT_3D('',#5730,#4842,#4843);
#4222=AXIS2_PLACEMENT_3D('',#5731,#4844,#4845);
#4223=AXIS2_PLACEMENT_3D('',#5733,#4846,#4847);
#4224=AXIS2_PLACEMENT_3D('',#5734,#4848,#4849);
#4225=AXIS2_PLACEMENT_3D('',#5735,#4850,#4851);
#4226=AXIS2_PLACEMENT_3D('',#5737,#4852,#4853);
#4227=AXIS2_PLACEMENT_3D('',#5738,#4854,#4855);
#4228=AXIS2_PLACEMENT_3D('',#5740,#4856,#4857);
#4229=AXIS2_PLACEMENT_3D('',#5741,#4858,#4859);
#4230=AXIS2_PLACEMENT_3D('',#5742,#4860,#4861);
#4231=AXIS2_PLACEMENT_3D('',#5744,#4862,#4863);
#4232=AXIS2_PLACEMENT_3D('',#5745,#4864,#4865);
#4233=AXIS2_PLACEMENT_3D('',#5747,#4866,#4867);
#4234=AXIS2_PLACEMENT_3D('',#5748,#4868,#4869);
#4235=AXIS2_PLACEMENT_3D('',#5749,#4870,#4871);
#4236=AXIS2_PLACEMENT_3D('',#5751,#4872,#4873);
#4237=AXIS2_PLACEMENT_3D('',#5752,#4874,#4875);
#4238=AXIS2_PLACEMENT_3D('',#5754,#4876,#4877);
#4239=AXIS2_PLACEMENT_3D('',#5755,#4878,#4879);
#4240=AXIS2_PLACEMENT_3D('',#5757,#4881,#4882);
#4241=AXIS2_PLACEMENT_3D('',#5758,#4883,#4884);
#4242=AXIS2_PLACEMENT_3D('',#5760,#4886,#4887);
#4243=AXIS2_PLACEMENT_3D('',#5761,#4888,#4889);
#4244=AXIS2_PLACEMENT_3D('',#5763,#4891,#4892);
#4245=AXIS2_PLACEMENT_3D('',#5764,#4893,#4894);
#4246=AXIS2_PLACEMENT_3D('',#5766,#4896,#4897);
#4247=AXIS2_PLACEMENT_3D('',#5767,#4898,#4899);
#4248=AXIS2_PLACEMENT_3D('',#5770,#4902,#4903);
#4249=AXIS2_PLACEMENT_3D('',#5773,#4906,#4907);
#4250=AXIS2_PLACEMENT_3D('',#5774,#4908,#4909);
#4251=AXIS2_PLACEMENT_3D('',#5776,#4911,#4912);
#4252=AXIS2_PLACEMENT_3D('',#5779,#4915,#4916);
#4253=AXIS2_PLACEMENT_3D('',#5782,#4919,#4920);
#4254=AXIS2_PLACEMENT_3D('',#5783,#4921,#4922);
#4255=AXIS2_PLACEMENT_3D('',#5785,#4924,#4925);
#4256=AXIS2_PLACEMENT_3D('',#5786,#4926,#4927);
#4257=AXIS2_PLACEMENT_3D('',#5789,#4929,#4930);
#4258=AXIS2_PLACEMENT_3D('',#5790,#4931,#4932);
#4259=AXIS2_PLACEMENT_3D('',#5791,#4933,#4934);
#4260=AXIS2_PLACEMENT_3D('',#5794,#4936,#4937);
#4261=AXIS2_PLACEMENT_3D('',#5795,#4938,#4939);
#4262=AXIS2_PLACEMENT_3D('',#5799,#4941,#4942);
#4263=AXIS2_PLACEMENT_3D('',#5806,#4946,#4947);
#4264=AXIS2_PLACEMENT_3D('',#5809,#4949,#4950);
#4265=AXIS2_PLACEMENT_3D('',#5811,#4952,#4953);
#4266=AXIS2_PLACEMENT_3D('',#5823,#4960,#4961);
#4267=AXIS2_PLACEMENT_3D('',#5824,#4962,#4963);
#4268=AXIS2_PLACEMENT_3D('',#5827,#4965,#4966);
#4269=AXIS2_PLACEMENT_3D('',#5828,#4967,#4968);
#4270=AXIS2_PLACEMENT_3D('',#5832,#4970,#4971);
#4271=AXIS2_PLACEMENT_3D('',#5833,#4972,#4973);
#4272=AXIS2_PLACEMENT_3D('',#5839,#4977,#4978);
#4273=AXIS2_PLACEMENT_3D('',#5840,#4979,#4980);
#4274=AXIS2_PLACEMENT_3D('',#5844,#4982,#4983);
#4275=AXIS2_PLACEMENT_3D('',#5845,#4984,#4985);
#4276=AXIS2_PLACEMENT_3D('',#5854,#4991,#4992);
#4277=AXIS2_PLACEMENT_3D('',#5855,#4993,#4994);
#4278=AXIS2_PLACEMENT_3D('',#5860,#4997,#4998);
#4279=AXIS2_PLACEMENT_3D('',#5864,#5000,#5001);
#4280=AXIS2_PLACEMENT_3D('',#5871,#5005,#5006);
#4281=AXIS2_PLACEMENT_3D('',#5874,#5008,#5009);
#4282=AXIS2_PLACEMENT_3D('',#5876,#5011,#5012);
#4283=AXIS2_PLACEMENT_3D('',#5888,#5019,#5020);
#4284=AXIS2_PLACEMENT_3D('',#5889,#5021,#5022);
#4285=AXIS2_PLACEMENT_3D('',#5892,#5024,#5025);
#4286=AXIS2_PLACEMENT_3D('',#5893,#5026,#5027);
#4287=AXIS2_PLACEMENT_3D('',#5897,#5029,#5030);
#4288=AXIS2_PLACEMENT_3D('',#5898,#5031,#5032);
#4289=AXIS2_PLACEMENT_3D('',#5904,#5036,#5037);
#4290=AXIS2_PLACEMENT_3D('',#5905,#5038,#5039);
#4291=AXIS2_PLACEMENT_3D('',#5909,#5041,#5042);
#4292=AXIS2_PLACEMENT_3D('',#5910,#5043,#5044);
#4293=AXIS2_PLACEMENT_3D('',#5919,#5050,#5051);
#4294=AXIS2_PLACEMENT_3D('',#5920,#5052,#5053);
#4295=AXIS2_PLACEMENT_3D('',#5925,#5056,#5057);
#4296=AXIS2_PLACEMENT_3D('',#5928,#5059,#5060);
#4297=AXIS2_PLACEMENT_3D('',#5931,#5062,#5063);
#4298=AXIS2_PLACEMENT_3D('',#5933,#5065,#5066);
#4299=AXIS2_PLACEMENT_3D('',#5935,#5068,#5069);
#4300=AXIS2_PLACEMENT_3D('',#5936,#5070,#5071);
#4301=AXIS2_PLACEMENT_3D('',#5940,#5074,#5075);
#4302=AXIS2_PLACEMENT_3D('',#5941,#5076,#5077);
#4303=AXIS2_PLACEMENT_3D('',#5944,#5079,#5080);
#4304=AXIS2_PLACEMENT_3D('',#5946,#5082,#5083);
#4305=AXIS2_PLACEMENT_3D('',#5947,#5084,#5085);
#4306=AXIS2_PLACEMENT_3D('',#5950,#5087,#5088);
#4307=AXIS2_PLACEMENT_3D('',#5953,#5090,#5091);
#4308=AXIS2_PLACEMENT_3D('',#5955,#5093,#5094);
#4309=AXIS2_PLACEMENT_3D('',#5957,#5096,#5097);
#4310=AXIS2_PLACEMENT_3D('',#5958,#5098,#5099);
#4311=AXIS2_PLACEMENT_3D('',#5962,#5102,#5103);
#4312=AXIS2_PLACEMENT_3D('',#5963,#5104,#5105);
#4313=AXIS2_PLACEMENT_3D('',#5966,#5107,#5108);
#4314=AXIS2_PLACEMENT_3D('',#5968,#5110,#5111);
#4315=DIRECTION('',(0.,0.,1.));
#4316=DIRECTION('',(1.,0.,0.));
#4317=DIRECTION('',(0.,0.,-1.));
#4318=DIRECTION('',(-1.,0.,0.));
#4319=DIRECTION('',(0.,0.,-1.));
#4320=DIRECTION('',(0.,0.,1.));
#4321=DIRECTION('',(1.,0.,0.));
#4322=DIRECTION('',(0.,0.,-1.));
#4323=DIRECTION('',(0.,0.,1.));
#4324=DIRECTION('',(1.,0.,0.));
#4325=DIRECTION('',(0.,0.,-1.));
#4326=DIRECTION('',(0.,0.,1.));
#4327=DIRECTION('',(1.,0.,0.));
#4328=DIRECTION('',(0.,0.,-1.));
#4329=DIRECTION('',(0.,0.,1.));
#4330=DIRECTION('',(1.,0.,0.));
#4331=DIRECTION('',(0.,0.,-1.));
#4332=DIRECTION('',(0.,0.,1.));
#4333=DIRECTION('',(1.,0.,0.));
#4334=DIRECTION('',(0.,0.,-1.));
#4335=DIRECTION('',(0.,0.,1.));
#4336=DIRECTION('',(1.,0.,0.));
#4337=DIRECTION('',(0.,-1.,0.));
#4338=DIRECTION('',(0.,0.,-1.));
#4339=DIRECTION('',(0.,0.,1.));
#4340=DIRECTION('',(-1.,0.,0.));
#4341=DIRECTION('',(0.,0.,-1.));
#4342=DIRECTION('',(1.,0.,0.));
#4343=DIRECTION('',(0.,0.,1.));
#4344=DIRECTION('',(1.,0.,0.));
#4345=DIRECTION('',(1.,0.,0.));
#4346=DIRECTION('',(0.,0.,1.));
#4347=DIRECTION('',(1.,0.,0.));
#4348=DIRECTION('',(-0.984807753012208,-0.17364817766693,0.));
#4349=DIRECTION('',(0.984807753012208,0.17364817766693,0.));
#4350=DIRECTION('',(0.,0.,-1.));
#4351=DIRECTION('',(-1.,0.,0.));
#4352=DIRECTION('',(0.,0.,-1.));
#4353=DIRECTION('',(0.,0.,1.));
#4354=DIRECTION('',(1.,0.,0.));
#4355=DIRECTION('',(0.,0.,-1.));
#4356=DIRECTION('',(0.,0.,1.));
#4357=DIRECTION('',(1.,0.,0.));
#4358=DIRECTION('',(0.,0.,-1.));
#4359=DIRECTION('',(0.,0.,1.));
#4360=DIRECTION('',(1.,0.,0.));
#4361=DIRECTION('',(0.,0.,-1.));
#4362=DIRECTION('',(0.,0.,1.));
#4363=DIRECTION('',(1.,0.,0.));
#4364=DIRECTION('',(0.,0.,-1.));
#4365=DIRECTION('',(0.,0.,1.));
#4366=DIRECTION('',(1.,0.,0.));
#4367=DIRECTION('',(0.,0.,-1.));
#4368=DIRECTION('',(0.,0.,1.));
#4369=DIRECTION('',(1.,0.,0.));
#4370=DIRECTION('',(0.,-1.,0.));
#4371=DIRECTION('',(0.,0.,-1.));
#4372=DIRECTION('',(0.,0.,1.));
#4373=DIRECTION('',(-1.,0.,0.));
#4374=DIRECTION('',(0.,0.,-1.));
#4375=DIRECTION('',(1.,0.,0.));
#4376=DIRECTION('',(0.,0.,1.));
#4377=DIRECTION('',(1.,0.,0.));
#4378=DIRECTION('',(1.,0.,0.));
#4379=DIRECTION('',(0.,0.,1.));
#4380=DIRECTION('',(1.,0.,0.));
#4381=DIRECTION('',(-0.984807753012208,-0.17364817766693,0.));
#4382=DIRECTION('',(0.984807753012208,0.17364817766693,0.));
#4383=DIRECTION('',(0.939692620785908,-0.342020143325669,0.));
#4384=DIRECTION('',(0.342020143325669,0.939692620785908,0.));
#4385=DIRECTION('',(0.,0.,1.));
#4386=DIRECTION('',(-0.342020143325669,-0.939692620785908,0.));
#4387=DIRECTION('',(0.,0.,-1.));
#4388=DIRECTION('',(-0.342020143325669,-0.939692620785908,0.));
#4389=DIRECTION('',(0.,0.,-1.));
#4390=DIRECTION('',(-0.342020143325669,-0.939692620785908,0.));
#4391=DIRECTION('',(0.939692620785908,-0.342020143325669,0.));
#4392=DIRECTION('',(0.342020143325669,0.939692620785908,0.));
#4393=DIRECTION('',(0.,0.,1.));
#4394=DIRECTION('',(-0.342020143325669,-0.939692620785908,0.));
#4395=DIRECTION('',(0.,0.,-1.));
#4396=DIRECTION('',(-0.342020143325669,-0.939692620785908,0.));
#4397=DIRECTION('',(0.,0.,1.));
#4398=DIRECTION('',(-0.342020143325669,-0.939692620785908,0.));
#4399=DIRECTION('',(0.,0.,-1.));
#4400=DIRECTION('',(-0.342020143325669,-0.939692620785908,0.));
#4401=DIRECTION('',(0.,0.,-1.));
#4402=DIRECTION('',(-1.,0.,0.));
#4403=DIRECTION('',(0.,0.,1.));
#4404=DIRECTION('',(1.,0.,0.));
#4405=DIRECTION('',(0.,0.,-1.));
#4406=DIRECTION('',(0.,0.,1.));
#4407=DIRECTION('',(1.,0.,0.));
#4408=DIRECTION('',(0.,0.,-1.));
#4409=DIRECTION('',(0.,-1.,0.));
#4410=DIRECTION('',(0.,0.,-1.));
#4411=DIRECTION('',(-1.,0.,0.));
#4412=DIRECTION('',(-1.,0.,0.));
#4413=DIRECTION('',(0.,0.,-1.));
#4414=DIRECTION('',(0.,0.,-1.));
#4415=DIRECTION('',(-1.,0.,0.));
#4416=DIRECTION('',(0.,0.,1.));
#4417=DIRECTION('',(1.,0.,0.));
#4418=DIRECTION('',(0.,0.,1.));
#4419=DIRECTION('',(1.,0.,0.));
#4420=DIRECTION('',(0.939692620785908,-0.342020143325669,0.));
#4421=DIRECTION('',(0.342020143325669,0.939692620785908,0.));
#4422=DIRECTION('',(0.,0.,1.));
#4423=DIRECTION('',(-0.342020143325669,-0.939692620785908,0.));
#4424=DIRECTION('',(0.,0.,-1.));
#4425=DIRECTION('',(-0.342020143325669,-0.939692620785908,0.));
#4426=DIRECTION('',(0.,0.,-1.));
#4427=DIRECTION('',(-0.342020143325669,-0.939692620785908,0.));
#4428=DIRECTION('',(0.,0.,-1.));
#4429=DIRECTION('',(-1.,0.,0.));
#4430=DIRECTION('',(0.,0.,1.));
#4431=DIRECTION('',(1.,0.,0.));
#4432=DIRECTION('',(0.,0.,-1.));
#4433=DIRECTION('',(0.,0.,1.));
#4434=DIRECTION('',(1.,0.,0.));
#4435=DIRECTION('',(0.,0.,-1.));
#4436=DIRECTION('',(0.,-1.,0.));
#4437=DIRECTION('',(0.,0.,-1.));
#4438=DIRECTION('',(-1.,0.,0.));
#4439=DIRECTION('',(-1.,0.,0.));
#4440=DIRECTION('',(0.,0.,-1.));
#4441=DIRECTION('',(0.,0.,-1.));
#4442=DIRECTION('',(-1.,0.,0.));
#4443=DIRECTION('',(0.,0.,1.));
#4444=DIRECTION('',(1.,0.,0.));
#4445=DIRECTION('',(0.,0.,1.));
#4446=DIRECTION('',(1.,0.,0.));
#4447=DIRECTION('',(0.766044443118976,0.642787609686542,0.));
#4448=DIRECTION('',(-0.642787609686542,0.766044443118976,0.));
#4449=DIRECTION('',(0.,0.,-1.));
#4450=DIRECTION('',(-0.540716203060937,0.644400477571768,-0.54071620306094));
#4451=DIRECTION('',(0.,0.,-1.));
#4452=DIRECTION('',(0.540716203060938,-0.64440047757177,-0.540716203060938));
#4453=DIRECTION('',(1.,0.,0.));
#4454=DIRECTION('',(0.,0.,-1.));
#4455=DIRECTION('',(0.,0.,-1.));
#4456=DIRECTION('',(0.,1.,0.));
#4457=DIRECTION('',(0.,-1.,0.));
#4458=DIRECTION('',(0.,1.,0.));
#4459=DIRECTION('',(0.,0.,1.));
#4460=DIRECTION('',(0.,0.,-1.));
#4461=DIRECTION('',(-1.,0.,0.));
#4462=DIRECTION('',(-1.,0.,0.));
#4463=DIRECTION('',(-1.,0.,0.));
#4464=DIRECTION('',(0.,0.,1.));
#4465=DIRECTION('',(0.,0.,-1.));
#4466=DIRECTION('',(0.,-1.,0.));
#4467=DIRECTION('',(0.,1.,0.));
#4468=DIRECTION('',(-0.766044443118974,0.642787609686544,0.));
#4469=DIRECTION('',(-0.642787609686544,-0.766044443118974,0.));
#4470=DIRECTION('',(0.,0.,-1.));
#4471=DIRECTION('',(-0.54071620306094,-0.644400477571767,0.540716203060939));
#4472=DIRECTION('',(0.540716203060941,0.644400477571768,0.540716203060937));
#4473=DIRECTION('',(0.766044443118976,0.642787609686542,0.));
#4474=DIRECTION('',(-0.642787609686542,0.766044443118976,0.));
#4475=DIRECTION('',(0.,0.,-1.));
#4476=DIRECTION('',(-0.540716203060937,0.644400477571768,-0.54071620306094));
#4477=DIRECTION('',(0.,0.,-1.));
#4478=DIRECTION('',(0.540716203060938,-0.64440047757177,-0.540716203060938));
#4479=DIRECTION('',(1.,0.,0.));
#4480=DIRECTION('',(0.,0.,-1.));
#4481=DIRECTION('',(0.,0.,-1.));
#4482=DIRECTION('',(0.,1.,0.));
#4483=DIRECTION('',(0.,-1.,0.));
#4484=DIRECTION('',(0.,1.,0.));
#4485=DIRECTION('',(0.,0.,1.));
#4486=DIRECTION('',(0.,0.,-1.));
#4487=DIRECTION('',(-1.,0.,0.));
#4488=DIRECTION('',(-1.,0.,0.));
#4489=DIRECTION('',(-1.,0.,0.));
#4490=DIRECTION('',(0.,0.,1.));
#4491=DIRECTION('',(0.,0.,-1.));
#4492=DIRECTION('',(0.,-1.,0.));
#4493=DIRECTION('',(0.,1.,0.));
#4494=DIRECTION('',(-0.766044443118974,0.642787609686544,0.));
#4495=DIRECTION('',(-0.642787609686544,-0.766044443118974,0.));
#4496=DIRECTION('',(0.,0.,-1.));
#4497=DIRECTION('',(-0.54071620306094,-0.644400477571767,0.540716203060939));
#4498=DIRECTION('',(0.540716203060941,0.644400477571768,0.540716203060937));
#4499=DIRECTION('',(0.,0.,-1.));
#4500=DIRECTION('',(-1.,0.,0.));
#4501=DIRECTION('',(0.,0.,-1.));
#4502=DIRECTION('',(0.,0.,1.));
#4503=DIRECTION('',(1.,0.,0.));
#4504=DIRECTION('',(0.,0.,-1.));
#4505=DIRECTION('',(0.,0.,1.));
#4506=DIRECTION('',(1.,0.,0.));
#4507=DIRECTION('',(0.,0.,-1.));
#4508=DIRECTION('',(0.,0.,-1.));
#4509=DIRECTION('',(1.,0.,0.));
#4510=DIRECTION('',(0.,0.,-1.));
#4511=DIRECTION('',(0.,-1.,0.));
#4512=DIRECTION('',(0.,0.,-1.));
#4513=DIRECTION('',(0.,-1.,0.));
#4514=DIRECTION('',(0.,-1.,0.));
#4515=DIRECTION('',(0.,0.,-1.));
#4516=DIRECTION('',(0.,-1.,0.));
#4517=DIRECTION('',(0.,-1.,0.));
#4518=DIRECTION('',(0.,0.,-1.));
#4519=DIRECTION('',(0.,-1.,-4.33680868994202E-16));
#4520=DIRECTION('',(0.,0.,-1.));
#4521=DIRECTION('',(0.,1.,0.));
#4522=DIRECTION('',(0.,0.,-1.));
#4523=DIRECTION('',(0.,-1.,-4.33680868994202E-16));
#4524=DIRECTION('',(0.,0.,-1.));
#4525=DIRECTION('',(0.,1.,0.));
#4526=DIRECTION('',(0.,0.,-1.));
#4527=DIRECTION('',(0.,-1.,0.));
#4528=DIRECTION('',(0.,1.,0.));
#4529=DIRECTION('',(0.,0.,1.));
#4530=DIRECTION('',(-1.,0.,0.));
#4531=DIRECTION('',(0.,0.,-1.));
#4532=DIRECTION('',(1.,0.,0.));
#4533=DIRECTION('',(0.,1.,0.));
#4534=DIRECTION('',(0.,0.,1.));
#4535=DIRECTION('',(-1.,0.,0.));
#4536=DIRECTION('',(-1.,0.,0.));
#4537=DIRECTION('',(0.,0.,-1.));
#4538=DIRECTION('',(-0.939692620785908,0.342020143325669,0.));
#4539=DIRECTION('',(-0.342020143325669,-0.939692620785908,0.));
#4540=DIRECTION('',(-0.342020143325669,-0.939692620785908,0.));
#4541=DIRECTION('',(0.,0.,1.));
#4542=DIRECTION('',(0.342020143325669,0.939692620785908,4.07526712369872E-16));
#4543=DIRECTION('',(-0.342020143325669,-0.939692620785908,0.));
#4544=DIRECTION('',(0.,0.,1.));
#4545=DIRECTION('',(0.342020143325669,0.939692620785908,4.07526712369872E-16));
#4546=DIRECTION('',(0.,0.,-1.));
#4547=DIRECTION('',(0.342020143325669,0.939692620785908,0.));
#4548=DIRECTION('',(0.,0.,-1.));
#4549=DIRECTION('',(0.342020143325669,0.939692620785908,0.));
#4550=DIRECTION('',(0.,1.,0.));
#4551=DIRECTION('',(0.,0.,1.));
#4552=DIRECTION('',(-1.,0.,0.));
#4553=DIRECTION('',(1.,0.,0.));
#4554=DIRECTION('',(0.,0.,-1.));
#4555=DIRECTION('',(-1.,0.,0.));
#4556=DIRECTION('',(0.,0.,1.));
#4557=DIRECTION('',(1.,0.,0.));
#4558=DIRECTION('',(0.,0.,-1.));
#4559=DIRECTION('',(0.,0.,1.));
#4560=DIRECTION('',(1.,0.,0.));
#4561=DIRECTION('',(-1.,0.,0.));
#4562=DIRECTION('',(0.,0.,1.));
#4563=DIRECTION('',(0.,1.,0.));
#4564=DIRECTION('',(0.,1.,0.));
#4565=DIRECTION('',(-0.866025403784439,-0.5,0.));
#4566=DIRECTION('',(0.5,-0.866025403784439,0.));
#4567=DIRECTION('',(0.,0.,-1.));
#4568=DIRECTION('',(-0.5,0.866025403784438,0.));
#4569=DIRECTION('',(0.,0.,-1.));
#4570=DIRECTION('',(-0.5,0.866025403784439,0.));
#4571=DIRECTION('',(-0.866025403784439,-0.5,0.));
#4572=DIRECTION('',(0.5,-0.866025403784439,0.));
#4573=DIRECTION('',(-0.866025403784439,-0.5,0.));
#4574=DIRECTION('',(0.5,-0.866025403784439,0.));
#4575=DIRECTION('',(-0.5,0.866025403784439,0.));
#4576=DIRECTION('',(-0.5,0.866025403784438,0.));
#4577=DIRECTION('',(0.,0.,-1.));
#4578=DIRECTION('',(-0.5,0.866025403784438,0.));
#4579=DIRECTION('',(-0.5,0.866025403784438,0.));
#4580=DIRECTION('',(-0.866025403784439,-0.499999999999999,0.));
#4581=DIRECTION('',(0.499999999999999,-0.866025403784439,0.));
#4582=DIRECTION('',(-0.866025403784439,-0.499999999999999,0.));
#4583=DIRECTION('',(0.499999999999999,-0.866025403784439,0.));
#4584=DIRECTION('',(0.,0.,-1.));
#4585=DIRECTION('',(-1.,0.,0.));
#4586=DIRECTION('',(0.,0.,1.));
#4587=DIRECTION('',(1.,0.,0.));
#4588=DIRECTION('',(0.,0.,-1.));
#4589=DIRECTION('',(0.,0.,1.));
#4590=DIRECTION('',(1.,0.,0.));
#4591=DIRECTION('',(0.,-1.,0.));
#4592=DIRECTION('',(0.,0.,-1.));
#4593=DIRECTION('',(-1.,0.,0.));
#4594=DIRECTION('',(0.,0.,-1.));
#4595=DIRECTION('',(-1.,0.,0.));
#4596=DIRECTION('',(0.,0.,-1.));
#4597=DIRECTION('',(-1.,0.,0.));
#4598=DIRECTION('',(0.,0.,1.));
#4599=DIRECTION('',(1.,0.,0.));
#4600=DIRECTION('',(0.,0.,1.));
#4601=DIRECTION('',(1.,0.,0.));
#4602=DIRECTION('',(0.,0.,1.));
#4603=DIRECTION('',(1.,0.,0.));
#4604=DIRECTION('',(0.,0.,1.));
#4605=DIRECTION('',(1.,0.,0.));
#4606=DIRECTION('',(0.,-1.,0.));
#4607=DIRECTION('',(0.,0.,-1.));
#4608=DIRECTION('',(0.,0.,1.));
#4609=DIRECTION('',(-1.,0.,0.));
#4610=DIRECTION('',(0.,0.,1.));
#4611=DIRECTION('',(1.,0.,0.));
#4612=DIRECTION('',(0.,0.,1.));
#4613=DIRECTION('',(-1.,0.,0.));
#4614=DIRECTION('',(0.,0.,1.));
#4615=DIRECTION('',(1.,0.,0.));
#4616=DIRECTION('',(0.,0.,1.));
#4617=DIRECTION('',(-1.,0.,0.));
#4618=DIRECTION('',(0.,0.,1.));
#4619=DIRECTION('',(1.,0.,0.));
#4620=DIRECTION('',(0.,0.,1.));
#4621=DIRECTION('',(-1.,0.,0.));
#4622=DIRECTION('',(0.,0.,1.));
#4623=DIRECTION('',(1.,0.,0.));
#4624=DIRECTION('',(-1.,0.,0.));
#4625=DIRECTION('',(-1.,0.,0.));
#4626=DIRECTION('',(0.,0.,-1.));
#4627=DIRECTION('',(-1.,0.,0.));
#4628=DIRECTION('',(0.,-4.33680868994202E-16,1.));
#4629=DIRECTION('',(0.,-1.,-4.33680868994202E-16));
#4630=DIRECTION('',(0.,-1.,0.));
#4631=DIRECTION('',(0.,0.,-1.));
#4632=DIRECTION('',(0.,0.,1.));
#4633=DIRECTION('',(-1.,0.,0.));
#4634=DIRECTION('',(0.,0.,1.));
#4635=DIRECTION('',(1.,0.,0.));
#4636=DIRECTION('',(0.,0.,1.));
#4637=DIRECTION('',(-1.,0.,0.));
#4638=DIRECTION('',(0.,0.,1.));
#4639=DIRECTION('',(1.,0.,0.));
#4640=DIRECTION('',(0.,0.,1.));
#4641=DIRECTION('',(-1.,0.,0.));
#4642=DIRECTION('',(0.,0.,1.));
#4643=DIRECTION('',(1.,0.,0.));
#4644=DIRECTION('',(0.,0.,1.));
#4645=DIRECTION('',(-1.,0.,0.));
#4646=DIRECTION('',(0.,0.,1.));
#4647=DIRECTION('',(1.,0.,0.));
#4648=DIRECTION('',(-1.,0.,0.));
#4649=DIRECTION('',(-1.,0.,0.));
#4650=DIRECTION('',(0.,0.,-1.));
#4651=DIRECTION('',(-1.,0.,0.));
#4652=DIRECTION('',(0.,-4.33680868994202E-16,1.));
#4653=DIRECTION('',(0.,-1.,-4.33680868994202E-16));
#4654=DIRECTION('',(0.,0.,-1.));
#4655=DIRECTION('',(-1.,0.,0.));
#4656=DIRECTION('',(0.,-1.,0.));
#4657=DIRECTION('',(-1.,0.,0.));
#4658=DIRECTION('',(0.,-1.,0.));
#4659=DIRECTION('',(0.,1.,0.));
#4660=DIRECTION('',(0.,0.,1.));
#4661=DIRECTION('',(0.,0.,-1.));
#4662=DIRECTION('',(-1.,0.,0.));
#4663=DIRECTION('',(0.,0.,-1.));
#4664=DIRECTION('',(0.,0.,1.));
#4665=DIRECTION('',(1.,0.,0.));
#4666=DIRECTION('',(0.,1.,0.));
#4667=DIRECTION('',(0.,1.,0.));
#4668=DIRECTION('',(1.,0.,0.));
#4669=DIRECTION('',(0.,0.,-1.));
#4670=DIRECTION('',(1.,0.,0.));
#4671=DIRECTION('',(0.,0.,-1.));
#4672=DIRECTION('',(0.,0.,-1.));
#4673=DIRECTION('',(-1.,0.,0.));
#4674=DIRECTION('',(0.,-1.,0.));
#4675=DIRECTION('',(-1.,0.,0.));
#4676=DIRECTION('',(0.,-1.,0.));
#4677=DIRECTION('',(0.,1.,0.));
#4678=DIRECTION('',(0.,0.,1.));
#4679=DIRECTION('',(0.,0.,-1.));
#4680=DIRECTION('',(-1.,0.,0.));
#4681=DIRECTION('',(0.,0.,-1.));
#4682=DIRECTION('',(0.,0.,1.));
#4683=DIRECTION('',(1.,0.,0.));
#4684=DIRECTION('',(0.,1.,0.));
#4685=DIRECTION('',(0.,1.,0.));
#4686=DIRECTION('',(1.,0.,0.));
#4687=DIRECTION('',(0.,0.,-1.));
#4688=DIRECTION('',(1.,0.,0.));
#4689=DIRECTION('',(0.,0.,-1.));
#4690=DIRECTION('',(0.,0.,-1.));
#4691=DIRECTION('',(-1.,0.,0.));
#4692=DIRECTION('',(0.,-1.,0.));
#4693=DIRECTION('',(-1.,0.,0.));
#4694=DIRECTION('',(0.,-1.,0.));
#4695=DIRECTION('',(0.,1.,0.));
#4696=DIRECTION('',(0.,0.,1.));
#4697=DIRECTION('',(0.,0.,-1.));
#4698=DIRECTION('',(-1.,0.,0.));
#4699=DIRECTION('',(0.,0.,-1.));
#4700=DIRECTION('',(0.,0.,1.));
#4701=DIRECTION('',(1.,0.,0.));
#4702=DIRECTION('',(0.,1.,0.));
#4703=DIRECTION('',(0.,1.,0.));
#4704=DIRECTION('',(1.,0.,0.));
#4705=DIRECTION('',(0.,0.,-1.));
#4706=DIRECTION('',(1.,0.,0.));
#4707=DIRECTION('',(0.,0.,-1.));
#4708=DIRECTION('',(0.,0.,-1.));
#4709=DIRECTION('',(-1.,0.,0.));
#4710=DIRECTION('',(0.,-1.,0.));
#4711=DIRECTION('',(-1.,0.,0.));
#4712=DIRECTION('',(0.,-1.,0.));
#4713=DIRECTION('',(0.,1.,0.));
#4714=DIRECTION('',(0.,0.,1.));
#4715=DIRECTION('',(0.,0.,-1.));
#4716=DIRECTION('',(-1.,0.,0.));
#4717=DIRECTION('',(0.,0.,-1.));
#4718=DIRECTION('',(0.,0.,1.));
#4719=DIRECTION('',(1.,0.,0.));
#4720=DIRECTION('',(0.,1.,0.));
#4721=DIRECTION('',(0.,1.,0.));
#4722=DIRECTION('',(1.,0.,0.));
#4723=DIRECTION('',(0.,0.,-1.));
#4724=DIRECTION('',(1.,0.,0.));
#4725=DIRECTION('',(0.,0.,-1.));
#4726=DIRECTION('',(0.,0.,-1.));
#4727=DIRECTION('',(-1.,0.,0.));
#4728=DIRECTION('',(0.,-1.,0.));
#4729=DIRECTION('',(-1.,0.,0.));
#4730=DIRECTION('',(0.,-1.,0.));
#4731=DIRECTION('',(0.,1.,0.));
#4732=DIRECTION('',(0.,0.,1.));
#4733=DIRECTION('',(0.,0.,-1.));
#4734=DIRECTION('',(-1.,0.,0.));
#4735=DIRECTION('',(0.,0.,-1.));
#4736=DIRECTION('',(0.,0.,1.));
#4737=DIRECTION('',(1.,0.,0.));
#4738=DIRECTION('',(0.,1.,0.));
#4739=DIRECTION('',(0.,1.,0.));
#4740=DIRECTION('',(1.,0.,0.));
#4741=DIRECTION('',(0.,0.,-1.));
#4742=DIRECTION('',(1.,0.,0.));
#4743=DIRECTION('',(0.,0.,-1.));
#4744=DIRECTION('',(0.,0.,-1.));
#4745=DIRECTION('',(-1.,0.,0.));
#4746=DIRECTION('',(0.,-1.,0.));
#4747=DIRECTION('',(-1.,0.,0.));
#4748=DIRECTION('',(0.,-1.,0.));
#4749=DIRECTION('',(0.,1.,0.));
#4750=DIRECTION('',(0.,0.,1.));
#4751=DIRECTION('',(0.,0.,-1.));
#4752=DIRECTION('',(-1.,0.,0.));
#4753=DIRECTION('',(0.,0.,-1.));
#4754=DIRECTION('',(0.,0.,1.));
#4755=DIRECTION('',(1.,0.,0.));
#4756=DIRECTION('',(0.,1.,0.));
#4757=DIRECTION('',(0.,1.,0.));
#4758=DIRECTION('',(1.,0.,0.));
#4759=DIRECTION('',(0.,0.,-1.));
#4760=DIRECTION('',(1.,0.,0.));
#4761=DIRECTION('',(0.,0.,-1.));
#4762=DIRECTION('',(0.,0.,-1.));
#4763=DIRECTION('',(-1.,0.,0.));
#4764=DIRECTION('',(0.,-1.,0.));
#4765=DIRECTION('',(-1.,0.,0.));
#4766=DIRECTION('',(0.,-1.,0.));
#4767=DIRECTION('',(0.,1.,0.));
#4768=DIRECTION('',(0.,0.,1.));
#4769=DIRECTION('',(0.,0.,-1.));
#4770=DIRECTION('',(-1.,0.,0.));
#4771=DIRECTION('',(0.,0.,-1.));
#4772=DIRECTION('',(0.,0.,1.));
#4773=DIRECTION('',(1.,0.,0.));
#4774=DIRECTION('',(0.,1.,0.));
#4775=DIRECTION('',(0.,1.,0.));
#4776=DIRECTION('',(1.,0.,0.));
#4777=DIRECTION('',(0.,0.,-1.));
#4778=DIRECTION('',(1.,0.,0.));
#4779=DIRECTION('',(0.,0.,-1.));
#4780=DIRECTION('',(0.,0.,-1.));
#4781=DIRECTION('',(-1.,0.,0.));
#4782=DIRECTION('',(0.,-1.,0.));
#4783=DIRECTION('',(-1.,0.,0.));
#4784=DIRECTION('',(0.,-1.,0.));
#4785=DIRECTION('',(0.,1.,0.));
#4786=DIRECTION('',(0.,0.,1.));
#4787=DIRECTION('',(0.,0.,-1.));
#4788=DIRECTION('',(-1.,0.,0.));
#4789=DIRECTION('',(0.,0.,-1.));
#4790=DIRECTION('',(0.,0.,1.));
#4791=DIRECTION('',(1.,0.,0.));
#4792=DIRECTION('',(0.,1.,0.));
#4793=DIRECTION('',(0.,1.,0.));
#4794=DIRECTION('',(1.,0.,0.));
#4795=DIRECTION('',(0.,0.,-1.));
#4796=DIRECTION('',(1.,0.,0.));
#4797=DIRECTION('',(0.,0.,-1.));
#4798=DIRECTION('',(0.,-1.,0.));
#4799=DIRECTION('',(0.,0.,-1.));
#4800=DIRECTION('',(-1.,0.,0.));
#4801=DIRECTION('',(-1.,0.,0.));
#4802=DIRECTION('',(0.,0.,-1.));
#4803=DIRECTION('',(1.,0.,0.));
#4804=DIRECTION('',(-1.,0.,0.));
#4805=DIRECTION('',(0.,0.,-1.));
#4806=DIRECTION('',(-1.,0.,0.));
#4807=DIRECTION('',(1.,0.,0.));
#4808=DIRECTION('',(0.,0.,1.));
#4809=DIRECTION('',(1.,0.,0.));
#4810=DIRECTION('',(0.,0.,1.));
#4811=DIRECTION('',(1.,0.,0.));
#4812=DIRECTION('',(0.,0.,1.));
#4813=DIRECTION('',(1.,0.,0.));
#4814=DIRECTION('',(0.,0.,1.));
#4815=DIRECTION('',(1.,0.,0.));
#4816=DIRECTION('',(0.,0.,-1.));
#4817=DIRECTION('',(-1.,0.,0.));
#4818=DIRECTION('',(0.,-1.,0.));
#4819=DIRECTION('',(0.,0.,-1.));
#4820=DIRECTION('',(-1.,0.,0.));
#4821=DIRECTION('',(-1.,0.,0.));
#4822=DIRECTION('',(0.,0.,-1.));
#4823=DIRECTION('',(1.,0.,0.));
#4824=DIRECTION('',(-1.,0.,0.));
#4825=DIRECTION('',(0.,0.,-1.));
#4826=DIRECTION('',(-1.,0.,0.));
#4827=DIRECTION('',(1.,0.,0.));
#4828=DIRECTION('',(0.,0.,1.));
#4829=DIRECTION('',(1.,0.,0.));
#4830=DIRECTION('',(0.,0.,1.));
#4831=DIRECTION('',(1.,0.,0.));
#4832=DIRECTION('',(0.,0.,1.));
#4833=DIRECTION('',(1.,0.,0.));
#4834=DIRECTION('',(0.,0.,1.));
#4835=DIRECTION('',(1.,0.,0.));
#4836=DIRECTION('',(0.,0.,-1.));
#4837=DIRECTION('',(-1.,0.,0.));
#4838=DIRECTION('',(0.866025403784439,0.499999999999999,0.));
#4839=DIRECTION('',(-0.499999999999999,0.866025403784439,0.));
#4840=DIRECTION('',(-0.866025403784439,-0.499999999999999,0.));
#4841=DIRECTION('',(0.499999999999999,-0.866025403784439,0.));
#4842=DIRECTION('',(-0.866025403784439,-0.499999999999999,0.));
#4843=DIRECTION('',(0.499999999999999,-0.866025403784439,0.));
#4844=DIRECTION('',(-0.866025403784439,-0.499999999999999,0.));
#4845=DIRECTION('',(0.499999999999999,-0.866025403784439,0.));
#4846=DIRECTION('',(0.866025403784439,0.499999999999999,0.));
#4847=DIRECTION('',(-0.499999999999999,0.866025403784439,0.));
#4848=DIRECTION('',(0.866025403784439,0.499999999999999,0.));
#4849=DIRECTION('',(-0.499999999999999,0.866025403784439,0.));
#4850=DIRECTION('',(-0.866025403784439,-0.499999999999999,0.));
#4851=DIRECTION('',(0.499999999999999,-0.866025403784439,0.));
#4852=DIRECTION('',(-0.866025403784439,-0.499999999999999,0.));
#4853=DIRECTION('',(0.499999999999999,-0.866025403784439,0.));
#4854=DIRECTION('',(-0.866025403784439,-0.499999999999999,0.));
#4855=DIRECTION('',(0.499999999999999,-0.866025403784439,0.));
#4856=DIRECTION('',(0.866025403784439,0.499999999999999,0.));
#4857=DIRECTION('',(-0.499999999999999,0.866025403784439,0.));
#4858=DIRECTION('',(0.866025403784438,0.5,0.));
#4859=DIRECTION('',(-0.5,0.866025403784438,0.));
#4860=DIRECTION('',(-0.866025403784438,-0.5,0.));
#4861=DIRECTION('',(0.5,-0.866025403784438,0.));
#4862=DIRECTION('',(-0.866025403784438,-0.5,0.));
#4863=DIRECTION('',(0.5,-0.866025403784438,0.));
#4864=DIRECTION('',(-0.866025403784438,-0.5,0.));
#4865=DIRECTION('',(0.5,-0.866025403784438,0.));
#4866=DIRECTION('',(0.866025403784438,0.5,0.));
#4867=DIRECTION('',(-0.5,0.866025403784438,0.));
#4868=DIRECTION('',(0.866025403784438,0.5,0.));
#4869=DIRECTION('',(-0.5,0.866025403784438,0.));
#4870=DIRECTION('',(-0.866025403784438,-0.5,0.));
#4871=DIRECTION('',(0.5,-0.866025403784438,0.));
#4872=DIRECTION('',(-0.866025403784438,-0.5,0.));
#4873=DIRECTION('',(0.5,-0.866025403784438,0.));
#4874=DIRECTION('',(-0.866025403784438,-0.5,0.));
#4875=DIRECTION('',(0.5,-0.866025403784438,0.));
#4876=DIRECTION('',(0.866025403784438,0.5,0.));
#4877=DIRECTION('',(-0.5,0.866025403784438,0.));
#4878=DIRECTION('',(0.,-0.642787609686544,-0.766044443118975));
#4879=DIRECTION('',(0.,0.766044443118975,-0.642787609686544));
#4880=DIRECTION('',(-1.,0.,0.));
#4881=DIRECTION('',(0.,0.,-1.));
#4882=DIRECTION('',(-1.,0.,0.));
#4883=DIRECTION('',(0.,0.,1.));
#4884=DIRECTION('',(1.,0.,0.));
#4885=DIRECTION('',(-1.,0.,0.));
#4886=DIRECTION('',(0.,-0.642787609686542,0.766044443118976));
#4887=DIRECTION('',(0.,-0.766044443118976,-0.642787609686542));
#4888=DIRECTION('',(0.,-0.642787609686544,-0.766044443118975));
#4889=DIRECTION('',(0.,0.766044443118975,-0.642787609686544));
#4890=DIRECTION('',(-1.,0.,0.));
#4891=DIRECTION('',(0.,0.,-1.));
#4892=DIRECTION('',(-1.,0.,0.));
#4893=DIRECTION('',(0.,0.,1.));
#4894=DIRECTION('',(1.,0.,0.));
#4895=DIRECTION('',(-1.,0.,0.));
#4896=DIRECTION('',(0.,-0.642787609686542,0.766044443118976));
#4897=DIRECTION('',(0.,-0.766044443118976,-0.642787609686542));
#4898=DIRECTION('',(0.,0.,1.));
#4899=DIRECTION('',(1.,0.,0.));
#4900=DIRECTION('',(0.984807753012208,0.17364817766693,0.));
#4901=DIRECTION('',(0.500000000000001,-0.866025403784438,0.));
#4902=DIRECTION('',(0.,0.,1.));
#4903=DIRECTION('',(1.,0.,0.));
#4904=DIRECTION('',(0.500000000000001,-0.866025403784438,0.));
#4905=DIRECTION('',(0.984807753012208,0.17364817766693,0.));
#4906=DIRECTION('',(0.866025403784438,0.500000000000001,0.));
#4907=DIRECTION('',(-0.500000000000001,0.866025403784438,0.));
#4908=DIRECTION('',(-0.17364817766693,0.984807753012208,0.));
#4909=DIRECTION('',(-0.984807753012208,-0.17364817766693,0.));
#4910=DIRECTION('',(0.984807753012208,0.17364817766693,0.));
#4911=DIRECTION('',(0.,0.,1.));
#4912=DIRECTION('',(1.,0.,0.));
#4913=DIRECTION('',(0.984807753012208,0.17364817766693,0.));
#4914=DIRECTION('',(0.500000000000001,-0.866025403784438,0.));
#4915=DIRECTION('',(0.,0.,1.));
#4916=DIRECTION('',(1.,0.,0.));
#4917=DIRECTION('',(0.500000000000001,-0.866025403784438,0.));
#4918=DIRECTION('',(0.984807753012208,0.17364817766693,0.));
#4919=DIRECTION('',(0.866025403784438,0.500000000000001,0.));
#4920=DIRECTION('',(-0.500000000000001,0.866025403784438,0.));
#4921=DIRECTION('',(-0.17364817766693,0.984807753012208,0.));
#4922=DIRECTION('',(-0.984807753012208,-0.17364817766693,0.));
#4923=DIRECTION('',(0.984807753012208,0.17364817766693,0.));
#4924=DIRECTION('',(0.,0.,1.));
#4925=DIRECTION('',(1.,0.,0.));
#4926=DIRECTION('',(0.,0.,1.));
#4927=DIRECTION('',(1.,0.,0.));
#4928=DIRECTION('',(0.866025403784439,0.5,0.));
#4929=DIRECTION('',(0.,0.,1.));
#4930=DIRECTION('',(1.,0.,0.));
#4931=DIRECTION('',(0.,0.,1.));
#4932=DIRECTION('',(1.,0.,0.));
#4933=DIRECTION('',(0.,0.,1.));
#4934=DIRECTION('',(1.,0.,0.));
#4935=DIRECTION('',(0.866025403784439,0.5,0.));
#4936=DIRECTION('',(0.,0.,1.));
#4937=DIRECTION('',(1.,0.,0.));
#4938=DIRECTION('',(0.,0.,1.));
#4939=DIRECTION('',(1.,0.,0.));
#4940=DIRECTION('',(-0.0871557427476576,0.996194698091746,0.));
#4941=DIRECTION('',(0.,0.,1.));
#4942=DIRECTION('',(1.,0.,0.));
#4943=DIRECTION('',(-0.5,0.866025403784439,0.));
#4944=DIRECTION('',(0.984807753012208,0.17364817766693,0.));
#4945=DIRECTION('',(-0.866025403784439,-0.5,0.));
#4946=DIRECTION('',(0.,0.,1.));
#4947=DIRECTION('',(1.,0.,0.));
#4948=DIRECTION('',(-1.,0.,0.));
#4949=DIRECTION('',(0.5,-0.866025403784439,0.));
#4950=DIRECTION('',(0.866025403784439,0.5,0.));
#4951=DIRECTION('',(0.,0.,-1.));
#4952=DIRECTION('',(-0.17364817766693,0.984807753012208,0.));
#4953=DIRECTION('',(-0.984807753012208,-0.17364817766693,0.));
#4954=DIRECTION('',(0.,0.,-1.));
#4955=DIRECTION('',(0.984807753012208,0.17364817766693,0.));
#4956=DIRECTION('',(0.,0.,-1.));
#4957=DIRECTION('',(0.984807753012208,0.17364817766693,0.));
#4958=DIRECTION('',(0.,0.,-1.));
#4959=DIRECTION('',(0.984807753012208,0.17364817766693,0.));
#4960=DIRECTION('',(0.,0.,-1.));
#4961=DIRECTION('',(-1.,0.,0.));
#4962=DIRECTION('',(0.,0.,1.));
#4963=DIRECTION('',(1.,0.,0.));
#4964=DIRECTION('',(0.,0.,-1.));
#4965=DIRECTION('',(0.,0.,-1.));
#4966=DIRECTION('',(-1.,0.,0.));
#4967=DIRECTION('',(0.,0.,1.));
#4968=DIRECTION('',(1.,0.,0.));
#4969=DIRECTION('',(0.,0.,-1.));
#4970=DIRECTION('',(0.,0.,1.));
#4971=DIRECTION('',(1.,0.,0.));
#4972=DIRECTION('',(-0.996194698091746,-0.0871557427476573,0.));
#4973=DIRECTION('',(0.0871557427476573,-0.996194698091746,0.));
#4974=DIRECTION('',(-0.0871557427476573,0.996194698091746,0.));
#4975=DIRECTION('',(0.,0.,-1.));
#4976=DIRECTION('',(-0.0871557427476573,0.996194698091746,0.));
#4977=DIRECTION('',(0.,0.,-1.));
#4978=DIRECTION('',(-1.,0.,0.));
#4979=DIRECTION('',(0.,0.,1.));
#4980=DIRECTION('',(1.,0.,0.));
#4981=DIRECTION('',(0.,0.,-1.));
#4982=DIRECTION('',(0.,0.,1.));
#4983=DIRECTION('',(1.,0.,0.));
#4984=DIRECTION('',(0.,-1.,0.));
#4985=DIRECTION('',(0.,0.,-1.));
#4986=DIRECTION('',(-1.,0.,0.));
#4987=DIRECTION('',(0.,0.,-1.));
#4988=DIRECTION('',(-1.,0.,0.));
#4989=DIRECTION('',(0.,0.,-1.));
#4990=DIRECTION('',(-1.,0.,0.));
#4991=DIRECTION('',(0.,0.,1.));
#4992=DIRECTION('',(1.,0.,0.));
#4993=DIRECTION('',(0.,0.,1.));
#4994=DIRECTION('',(1.,0.,0.));
#4995=DIRECTION('',(-0.0871557427476576,0.996194698091746,0.));
#4996=DIRECTION('',(-0.5,0.866025403784439,0.));
#4997=DIRECTION('',(0.,0.,1.));
#4998=DIRECTION('',(1.,0.,0.));
#4999=DIRECTION('',(-0.0871557427476576,0.996194698091746,0.));
#5000=DIRECTION('',(0.,0.,1.));
#5001=DIRECTION('',(1.,0.,0.));
#5002=DIRECTION('',(-0.5,0.866025403784439,0.));
#5003=DIRECTION('',(0.984807753012208,0.17364817766693,0.));
#5004=DIRECTION('',(-0.866025403784439,-0.5,0.));
#5005=DIRECTION('',(0.,0.,1.));
#5006=DIRECTION('',(1.,0.,0.));
#5007=DIRECTION('',(-1.,0.,0.));
#5008=DIRECTION('',(0.5,-0.866025403784439,0.));
#5009=DIRECTION('',(0.866025403784439,0.5,0.));
#5010=DIRECTION('',(0.,0.,-1.));
#5011=DIRECTION('',(-0.17364817766693,0.984807753012208,0.));
#5012=DIRECTION('',(-0.984807753012208,-0.17364817766693,0.));
#5013=DIRECTION('',(0.,0.,-1.));
#5014=DIRECTION('',(0.984807753012208,0.17364817766693,0.));
#5015=DIRECTION('',(0.,0.,-1.));
#5016=DIRECTION('',(0.984807753012208,0.17364817766693,0.));
#5017=DIRECTION('',(0.,0.,-1.));
#5018=DIRECTION('',(0.984807753012208,0.17364817766693,0.));
#5019=DIRECTION('',(0.,0.,-1.));
#5020=DIRECTION('',(-1.,0.,0.));
#5021=DIRECTION('',(0.,0.,1.));
#5022=DIRECTION('',(1.,0.,0.));
#5023=DIRECTION('',(0.,0.,-1.));
#5024=DIRECTION('',(0.,0.,-1.));
#5025=DIRECTION('',(-1.,0.,0.));
#5026=DIRECTION('',(0.,0.,1.));
#5027=DIRECTION('',(1.,0.,0.));
#5028=DIRECTION('',(0.,0.,-1.));
#5029=DIRECTION('',(0.,0.,1.));
#5030=DIRECTION('',(1.,0.,0.));
#5031=DIRECTION('',(-0.996194698091746,-0.0871557427476573,0.));
#5032=DIRECTION('',(0.0871557427476573,-0.996194698091746,0.));
#5033=DIRECTION('',(-0.0871557427476573,0.996194698091746,0.));
#5034=DIRECTION('',(0.,0.,-1.));
#5035=DIRECTION('',(-0.0871557427476573,0.996194698091746,0.));
#5036=DIRECTION('',(0.,0.,-1.));
#5037=DIRECTION('',(-1.,0.,0.));
#5038=DIRECTION('',(0.,0.,1.));
#5039=DIRECTION('',(1.,0.,0.));
#5040=DIRECTION('',(0.,0.,-1.));
#5041=DIRECTION('',(0.,0.,1.));
#5042=DIRECTION('',(1.,0.,0.));
#5043=DIRECTION('',(0.,-1.,0.));
#5044=DIRECTION('',(0.,0.,-1.));
#5045=DIRECTION('',(-1.,0.,0.));
#5046=DIRECTION('',(0.,0.,-1.));
#5047=DIRECTION('',(-1.,0.,0.));
#5048=DIRECTION('',(0.,0.,-1.));
#5049=DIRECTION('',(-1.,0.,0.));
#5050=DIRECTION('',(0.,0.,1.));
#5051=DIRECTION('',(1.,0.,0.));
#5052=DIRECTION('',(0.,0.,1.));
#5053=DIRECTION('',(1.,0.,0.));
#5054=DIRECTION('',(-0.0871557427476576,0.996194698091746,0.));
#5055=DIRECTION('',(-0.5,0.866025403784439,0.));
#5056=DIRECTION('',(0.,0.,1.));
#5057=DIRECTION('',(1.,0.,0.));
#5058=DIRECTION('',(0.0871557427476576,-0.996194698091746,0.));
#5059=DIRECTION('',(0.,0.,1.));
#5060=DIRECTION('',(1.,0.,0.));
#5061=DIRECTION('',(0.5,-0.866025403784439,0.));
#5062=DIRECTION('',(0.866025403784439,0.5,0.));
#5063=DIRECTION('',(-0.5,0.866025403784439,0.));
#5064=DIRECTION('',(0.,0.,-1.));
#5065=DIRECTION('',(0.,0.,-1.));
#5066=DIRECTION('',(-1.,0.,0.));
#5067=DIRECTION('',(0.,0.,-1.));
#5068=DIRECTION('',(0.996194698091746,0.0871557427476576,0.));
#5069=DIRECTION('',(-0.0871557427476576,0.996194698091746,0.));
#5070=DIRECTION('',(0.996194698091746,0.0871557427476576,0.));
#5071=DIRECTION('',(-0.0871557427476576,0.996194698091746,0.));
#5072=DIRECTION('',(0.,0.,-1.));
#5073=DIRECTION('',(0.0871557427476576,-0.996194698091746,0.));
#5074=DIRECTION('',(0.,0.,-1.));
#5075=DIRECTION('',(-1.,0.,0.));
#5076=DIRECTION('',(0.,0.,1.));
#5077=DIRECTION('',(1.,0.,0.));
#5078=DIRECTION('',(0.,0.,-1.));
#5079=DIRECTION('',(0.866025403784439,0.5,0.));
#5080=DIRECTION('',(-0.5,0.866025403784439,0.));
#5081=DIRECTION('',(0.5,-0.866025403784439,0.));
#5082=DIRECTION('',(0.,0.,1.));
#5083=DIRECTION('',(1.,0.,0.));
#5084=DIRECTION('',(0.,0.,1.));
#5085=DIRECTION('',(1.,0.,0.));
#5086=DIRECTION('',(0.0871557427476576,-0.996194698091746,0.));
#5087=DIRECTION('',(0.,0.,1.));
#5088=DIRECTION('',(1.,0.,0.));
#5089=DIRECTION('',(0.5,-0.866025403784439,0.));
#5090=DIRECTION('',(0.866025403784439,0.5,0.));
#5091=DIRECTION('',(-0.5,0.866025403784439,0.));
#5092=DIRECTION('',(0.,0.,-1.));
#5093=DIRECTION('',(0.,0.,-1.));
#5094=DIRECTION('',(-1.,0.,0.));
#5095=DIRECTION('',(0.,0.,-1.));
#5096=DIRECTION('',(0.996194698091746,0.0871557427476576,0.));
#5097=DIRECTION('',(-0.0871557427476576,0.996194698091746,0.));
#5098=DIRECTION('',(0.996194698091746,0.0871557427476576,0.));
#5099=DIRECTION('',(-0.0871557427476576,0.996194698091746,0.));
#5100=DIRECTION('',(0.,0.,-1.));
#5101=DIRECTION('',(0.0871557427476576,-0.996194698091746,0.));
#5102=DIRECTION('',(0.,0.,-1.));
#5103=DIRECTION('',(-1.,0.,0.));
#5104=DIRECTION('',(0.,0.,1.));
#5105=DIRECTION('',(1.,0.,0.));
#5106=DIRECTION('',(0.,0.,-1.));
#5107=DIRECTION('',(0.866025403784439,0.5,0.));
#5108=DIRECTION('',(-0.5,0.866025403784439,0.));
#5109=DIRECTION('',(0.5,-0.866025403784439,0.));
#5110=DIRECTION('',(0.,0.,1.));
#5111=DIRECTION('',(1.,0.,0.));
#5112=CARTESIAN_POINT('',(0.,0.,0.));
#5113=CARTESIAN_POINT('',(-4.9,22.6315353299546,18.4));
#5114=CARTESIAN_POINT('',(0.614923416868363,23.6039651248894,18.4));
#5115=CARTESIAN_POINT('',(0.614923416868363,23.6039651248894,17.95));
#5116=CARTESIAN_POINT('',(0.614923416868363,23.6039651248894,16.3));
#5117=CARTESIAN_POINT('',(-4.9,22.6315353299546,17.95));
#5118=CARTESIAN_POINT('',(-2.49808720841116,27.690271826512,17.95));
#5119=CARTESIAN_POINT('',(-2.49808720841116,27.690271826512,15.));
#5120=CARTESIAN_POINT('',(-2.49808720841116,27.690271826512,16.3));
#5121=CARTESIAN_POINT('',(-4.9,22.6315353299546,16.3));
#5122=CARTESIAN_POINT('',(-10.4486780504235,23.3879557770262,16.3));
#5123=CARTESIAN_POINT('',(-10.4486780504235,23.3879557770262,18.4));
#5124=CARTESIAN_POINT('',(-10.4486780504235,23.3879557770262,11.9));
#5125=CARTESIAN_POINT('',(-4.9,22.6315353299546,11.9));
#5126=CARTESIAN_POINT('',(0.646134759592706,23.4063832043387,11.9));
#5127=CARTESIAN_POINT('',(0.646134759592706,23.4063832043387,18.4));
#5128=CARTESIAN_POINT('',(0.646134759592706,23.4063832043387,11.6));
#5129=CARTESIAN_POINT('',(-4.9,22.6315353299546,11.6));
#5130=CARTESIAN_POINT('',(-10.4636976482799,23.2681423347268,11.6));
#5131=CARTESIAN_POINT('',(-10.4636976482799,23.2681423347268,18.4));
#5132=CARTESIAN_POINT('',(-10.4636976482799,23.2681423347268,18.4));
#5133=CARTESIAN_POINT('',(-4.9,22.6315353299546,18.4));
#5134=CARTESIAN_POINT('',(0.646134759592706,23.4063832043387,18.4));
#5135=CARTESIAN_POINT('',(0.646134759592706,23.4063832043387,18.4));
#5136=CARTESIAN_POINT('',(0.646134759592706,23.4063832043387,16.3));
#5137=CARTESIAN_POINT('',(-4.9,22.6315353299546,16.3));
#5138=CARTESIAN_POINT('',(-10.5328719714439,23.3879557770262,11.9));
#5139=CARTESIAN_POINT('',(-9.98984135378807,23.3879557770262,11.9));
#5140=CARTESIAN_POINT('',(-9.98984135378807,23.3879557770262,12.05));
#5141=CARTESIAN_POINT('',(-9.98984135378808,23.3879557770262,16.3));
#5142=CARTESIAN_POINT('',(-10.5328719714439,23.3879557770262,12.05));
#5143=CARTESIAN_POINT('',(-0.610126470535851,23.3879557770262,12.05));
#5144=CARTESIAN_POINT('',(-0.610126470535865,23.3879557770262,11.9));
#5145=CARTESIAN_POINT('',(-0.610126470535904,23.3879557770262,16.3));
#5146=CARTESIAN_POINT('',(-10.5328719714439,23.3879557770262,16.3));
#5147=CARTESIAN_POINT('',(0.54162762609288,23.3879557770262,16.3));
#5148=CARTESIAN_POINT('',(0.54162762609288,23.3879557770262,11.9));
#5149=CARTESIAN_POINT('',(0.54162762609288,23.3879557770262,11.9));
#5150=CARTESIAN_POINT('',(-10.5328719714439,23.3879557770262,11.9));
#5151=CARTESIAN_POINT('',(-10.5328719714439,23.3879557770262,16.3));
#5152=CARTESIAN_POINT('',(0.,0.,16.3));
#5153=CARTESIAN_POINT('',(-4.01797355769002,22.7870603894321,16.3));
#5154=CARTESIAN_POINT('',(0.541627626092881,23.3879557770262,16.3));
#5155=CARTESIAN_POINT('',(-4.9,22.6315353299546,8.4));
#5156=CARTESIAN_POINT('',(0.614923416868363,23.6039651248894,8.4));
#5157=CARTESIAN_POINT('',(0.614923416868363,23.6039651248894,7.95));
#5158=CARTESIAN_POINT('',(0.614923416868363,23.6039651248894,6.3));
#5159=CARTESIAN_POINT('',(-4.9,22.6315353299546,7.95));
#5160=CARTESIAN_POINT('',(-2.49808720841116,27.690271826512,7.95));
#5161=CARTESIAN_POINT('',(-2.49808720841116,27.690271826512,5.));
#5162=CARTESIAN_POINT('',(-2.49808720841116,27.690271826512,6.3));
#5163=CARTESIAN_POINT('',(-4.9,22.6315353299546,6.3));
#5164=CARTESIAN_POINT('',(-10.4486780504235,23.3879557770262,6.3));
#5165=CARTESIAN_POINT('',(-10.4486780504235,23.3879557770262,8.4));
#5166=CARTESIAN_POINT('',(-10.4486780504235,23.3879557770262,1.9));
#5167=CARTESIAN_POINT('',(-4.9,22.6315353299546,1.9));
#5168=CARTESIAN_POINT('',(0.646134759592706,23.4063832043387,1.9));
#5169=CARTESIAN_POINT('',(0.646134759592706,23.4063832043387,8.4));
#5170=CARTESIAN_POINT('',(0.646134759592706,23.4063832043387,1.6));
#5171=CARTESIAN_POINT('',(-4.9,22.6315353299546,1.6));
#5172=CARTESIAN_POINT('',(-10.4636976482799,23.2681423347268,1.6));
#5173=CARTESIAN_POINT('',(-10.4636976482799,23.2681423347268,8.4));
#5174=CARTESIAN_POINT('',(-10.4636976482799,23.2681423347268,8.4));
#5175=CARTESIAN_POINT('',(-4.9,22.6315353299546,8.4));
#5176=CARTESIAN_POINT('',(0.646134759592706,23.4063832043387,8.4));
#5177=CARTESIAN_POINT('',(0.646134759592706,23.4063832043387,8.4));
#5178=CARTESIAN_POINT('',(0.646134759592706,23.4063832043387,6.3));
#5179=CARTESIAN_POINT('',(-4.9,22.6315353299546,6.3));
#5180=CARTESIAN_POINT('',(-10.5328719714439,23.3879557770262,1.9));
#5181=CARTESIAN_POINT('',(-9.98984135378807,23.3879557770262,1.9));
#5182=CARTESIAN_POINT('',(-9.98984135378807,23.3879557770262,2.05));
#5183=CARTESIAN_POINT('',(-9.98984135378808,23.3879557770262,6.3));
#5184=CARTESIAN_POINT('',(-10.5328719714439,23.3879557770262,2.05));
#5185=CARTESIAN_POINT('',(-0.610126470535851,23.3879557770262,2.05));
#5186=CARTESIAN_POINT('',(-0.610126470535865,23.3879557770262,1.9));
#5187=CARTESIAN_POINT('',(-0.610126470535904,23.3879557770262,6.3));
#5188=CARTESIAN_POINT('',(-10.5328719714439,23.3879557770262,6.3));
#5189=CARTESIAN_POINT('',(0.54162762609288,23.3879557770262,6.3));
#5190=CARTESIAN_POINT('',(0.54162762609288,23.3879557770262,1.9));
#5191=CARTESIAN_POINT('',(0.54162762609288,23.3879557770262,1.9));
#5192=CARTESIAN_POINT('',(-10.5328719714439,23.3879557770262,1.9));
#5193=CARTESIAN_POINT('',(-10.5328719714439,23.3879557770262,6.3));
#5194=CARTESIAN_POINT('',(0.,0.,6.3));
#5195=CARTESIAN_POINT('',(-4.01797355769002,22.7870603894321,6.3));
#5196=CARTESIAN_POINT('',(0.541627626092881,23.3879557770262,6.3));
#5197=CARTESIAN_POINT('',(-12.9238237434732,27.4840402866513,20.));
#5198=CARTESIAN_POINT('',(-13.1,27.,20.));
#5199=CARTESIAN_POINT('',(-13.1,27.,18.1));
#5200=CARTESIAN_POINT('',(-13.1,27.,18.4));
#5201=CARTESIAN_POINT('',(-12.9238237434732,27.4840402866513,18.1));
#5202=CARTESIAN_POINT('',(-15.6,20.1313064513634,18.1));
#5203=CARTESIAN_POINT('',(-15.6,20.1313064513634,20.));
#5204=CARTESIAN_POINT('',(-15.6,20.1313064513634,20.));
#5205=CARTESIAN_POINT('',(-12.9238237434732,27.4840402866513,20.));
#5206=CARTESIAN_POINT('',(-12.9238237434732,27.4840402866513,20.));
#5207=CARTESIAN_POINT('',(-12.9238237434732,27.4840402866513,20.));
#5208=CARTESIAN_POINT('',(-12.9238237434732,27.4840402866513,18.4));
#5209=CARTESIAN_POINT('',(-12.9238237434732,27.4840402866513,18.4));
#5210=CARTESIAN_POINT('',(-12.9238237434732,27.4840402866513,20.));
#5211=CARTESIAN_POINT('',(-13.1,27.,20.));
#5212=CARTESIAN_POINT('',(-13.1,27.,11.6));
#5213=CARTESIAN_POINT('',(-13.1,27.,11.9));
#5214=CARTESIAN_POINT('',(-12.9238237434732,27.4840402866513,11.6));
#5215=CARTESIAN_POINT('',(-12.9238237434732,27.4840402866513,11.6));
#5216=CARTESIAN_POINT('',(-12.9238237434732,27.4840402866513,20.));
#5217=CARTESIAN_POINT('',(-12.9238237434732,27.4840402866513,8.4));
#5218=CARTESIAN_POINT('',(-12.9238237434732,27.4840402866513,8.4));
#5219=CARTESIAN_POINT('',(-13.1,27.,8.4));
#5220=CARTESIAN_POINT('',(-13.1,27.,20.));
#5221=CARTESIAN_POINT('',(-13.1,27.,8.1));
#5222=CARTESIAN_POINT('',(-12.9238237434732,27.4840402866513,8.1));
#5223=CARTESIAN_POINT('',(-15.6,20.1313064513634,8.1));
#5224=CARTESIAN_POINT('',(-15.6,20.1313064513634,20.));
#5225=CARTESIAN_POINT('',(-15.6,20.1313064513634,11.9));
#5226=CARTESIAN_POINT('',(-12.9238237434732,27.4840402866513,11.9));
#5227=CARTESIAN_POINT('',(0.487564434701789,23.8,20.));
#5228=CARTESIAN_POINT('',(0.487564434701789,23.8,11.6));
#5229=CARTESIAN_POINT('',(4.81769145362397,26.3,11.6));
#5230=CARTESIAN_POINT('',(0.487564434701787,28.8,11.6));
#5231=CARTESIAN_POINT('',(4.81769145362398,26.3,20.));
#5232=CARTESIAN_POINT('',(4.81769145362397,26.3,8.4));
#5233=CARTESIAN_POINT('',(0.487564434701789,23.8,8.4));
#5234=CARTESIAN_POINT('',(0.487564434701787,28.8,8.4));
#5235=CARTESIAN_POINT('',(0.487564434701787,28.8,20.));
#5236=CARTESIAN_POINT('',(0.487564434701786,28.8,20.));
#5237=CARTESIAN_POINT('',(3.37431578064991,28.8,11.6));
#5238=CARTESIAN_POINT('',(-11.0444385019014,28.8,11.6));
#5239=CARTESIAN_POINT('',(3.37431578064991,28.8,8.4));
#5240=CARTESIAN_POINT('',(-11.0444385019014,28.8,8.4));
#5241=CARTESIAN_POINT('',(-11.0444385019014,28.8,20.));
#5242=CARTESIAN_POINT('',(-11.0444385019014,26.8,20.));
#5243=CARTESIAN_POINT('',(-11.0444385019014,26.8,11.6));
#5244=CARTESIAN_POINT('',(-11.0444385019014,26.8,8.4));
#5245=CARTESIAN_POINT('',(-12.9238237434732,27.4840402866513,20.));
#5246=CARTESIAN_POINT('',(-13.1,27.,20.));
#5247=CARTESIAN_POINT('',(-13.1,27.,1.6));
#5248=CARTESIAN_POINT('',(-13.1,27.,1.9));
#5249=CARTESIAN_POINT('',(-12.9238237434732,27.4840402866513,1.6));
#5250=CARTESIAN_POINT('',(-12.9238237434732,27.4840402866513,1.6));
#5251=CARTESIAN_POINT('',(-12.9238237434732,27.4840402866513,20.));
#5252=CARTESIAN_POINT('',(-12.9238237434732,27.4840402866513,0.));
#5253=CARTESIAN_POINT('',(-12.9238237434732,27.4840402866513,0.));
#5254=CARTESIAN_POINT('',(-15.6,20.1313064513634,0.));
#5255=CARTESIAN_POINT('',(-15.6,20.1313064513634,20.));
#5256=CARTESIAN_POINT('',(-15.6,20.1313064513634,1.9));
#5257=CARTESIAN_POINT('',(-12.9238237434732,27.4840402866513,1.9));
#5258=CARTESIAN_POINT('',(0.487564434701789,23.8,20.));
#5259=CARTESIAN_POINT('',(0.487564434701789,23.8,1.6));
#5260=CARTESIAN_POINT('',(4.81769145362397,26.3,1.6));
#5261=CARTESIAN_POINT('',(0.487564434701787,28.8,1.6));
#5262=CARTESIAN_POINT('',(4.81769145362398,26.3,20.));
#5263=CARTESIAN_POINT('',(4.81769145362398,26.3,0.));
#5264=CARTESIAN_POINT('',(0.487564434701789,23.8,0.));
#5265=CARTESIAN_POINT('',(0.487564434701787,28.8,0.));
#5266=CARTESIAN_POINT('',(0.487564434701787,28.8,20.));
#5267=CARTESIAN_POINT('',(0.487564434701786,28.8,20.));
#5268=CARTESIAN_POINT('',(3.37431578064991,28.8,1.6));
#5269=CARTESIAN_POINT('',(-11.0444385019014,28.8,1.6));
#5270=CARTESIAN_POINT('',(0.487564434701786,28.8,0.));
#5271=CARTESIAN_POINT('',(-11.0444385019014,28.8,0.));
#5272=CARTESIAN_POINT('',(-11.0444385019014,28.8,20.));
#5273=CARTESIAN_POINT('',(-11.0444385019014,26.8,20.));
#5274=CARTESIAN_POINT('',(-11.0444385019014,26.8,1.6));
#5275=CARTESIAN_POINT('',(-11.0444385019014,26.8,0.));
#5276=CARTESIAN_POINT('',(-14.9517298893532,27.,17.2));
#5277=CARTESIAN_POINT('',(-14.7,26.7,17.2));
#5278=CARTESIAN_POINT('',(-14.7,26.7,16.9));
#5279=CARTESIAN_POINT('',(-14.7,26.7,13.1));
#5280=CARTESIAN_POINT('',(-13.6793971613633,25.4836929004428,14.1206028386367));
#5281=CARTESIAN_POINT('',(-14.9517298893532,27.,12.8482701106468));
#5282=CARTESIAN_POINT('',(-14.9517298893532,27.,17.2));
#5283=CARTESIAN_POINT('',(-14.9517298893532,27.,17.1517298893532));
#5284=CARTESIAN_POINT('',(-14.9658428152749,27.0168191301692,17.1658428152749));
#5285=CARTESIAN_POINT('',(-14.7,26.7,17.2));
#5286=CARTESIAN_POINT('',(-14.7,25.,17.2));
#5287=CARTESIAN_POINT('',(-14.7,25.,16.9));
#5288=CARTESIAN_POINT('',(-14.7,25.,13.1));
#5289=CARTESIAN_POINT('',(-14.7,26.7,13.1));
#5290=CARTESIAN_POINT('',(-14.7,26.7,16.9));
#5291=CARTESIAN_POINT('',(-14.7,25.,17.2));
#5292=CARTESIAN_POINT('',(-13.9,25.,17.2));
#5293=CARTESIAN_POINT('',(-13.9,25.,16.9));
#5294=CARTESIAN_POINT('',(-13.9,25.,13.1));
#5295=CARTESIAN_POINT('',(-13.6,25.,13.1));
#5296=CARTESIAN_POINT('',(-13.6,25.,16.9));
#5297=CARTESIAN_POINT('',(-13.9,25.,17.2));
#5298=CARTESIAN_POINT('',(-13.9,26.7,17.2));
#5299=CARTESIAN_POINT('',(-13.9,26.7,16.9));
#5300=CARTESIAN_POINT('',(-13.9,26.7,13.1));
#5301=CARTESIAN_POINT('',(-13.9,25.,13.1));
#5302=CARTESIAN_POINT('',(-13.9,25.,16.9));
#5303=CARTESIAN_POINT('',(-13.9,26.7,17.2));
#5304=CARTESIAN_POINT('',(-13.6482701106468,27.,17.2));
#5305=CARTESIAN_POINT('',(-13.6482701106468,27.,17.1517298893532));
#5306=CARTESIAN_POINT('',(-13.6482701106468,27.,12.8482701106468));
#5307=CARTESIAN_POINT('',(-15.0987334502358,25.2714051041186,14.2987334502358));
#5308=CARTESIAN_POINT('',(-13.8122877963242,26.804531333845,16.9877122036758));
#5309=CARTESIAN_POINT('',(-14.9517298893532,27.,7.2));
#5310=CARTESIAN_POINT('',(-14.7,26.7,7.2));
#5311=CARTESIAN_POINT('',(-14.7,26.7,6.9));
#5312=CARTESIAN_POINT('',(-14.7,26.7,3.1));
#5313=CARTESIAN_POINT('',(-13.6793971613633,25.4836929004428,4.12060283863674));
#5314=CARTESIAN_POINT('',(-14.9517298893532,27.,2.84827011064681));
#5315=CARTESIAN_POINT('',(-14.9517298893532,27.,7.2));
#5316=CARTESIAN_POINT('',(-14.9517298893532,27.,7.15172988935318));
#5317=CARTESIAN_POINT('',(-14.9658428152749,27.0168191301692,7.16584281527487));
#5318=CARTESIAN_POINT('',(-14.7,26.7,7.2));
#5319=CARTESIAN_POINT('',(-14.7,25.,7.2));
#5320=CARTESIAN_POINT('',(-14.7,25.,6.9));
#5321=CARTESIAN_POINT('',(-14.7,25.,3.1));
#5322=CARTESIAN_POINT('',(-14.7,26.7,3.1));
#5323=CARTESIAN_POINT('',(-14.7,26.7,6.9));
#5324=CARTESIAN_POINT('',(-14.7,25.,7.2));
#5325=CARTESIAN_POINT('',(-13.9,25.,7.2));
#5326=CARTESIAN_POINT('',(-13.9,25.,6.9));
#5327=CARTESIAN_POINT('',(-13.9,25.,3.1));
#5328=CARTESIAN_POINT('',(-13.6,25.,3.1));
#5329=CARTESIAN_POINT('',(-13.6,25.,6.9));
#5330=CARTESIAN_POINT('',(-13.9,25.,7.2));
#5331=CARTESIAN_POINT('',(-13.9,26.7,7.2));
#5332=CARTESIAN_POINT('',(-13.9,26.7,6.9));
#5333=CARTESIAN_POINT('',(-13.9,26.7,3.1));
#5334=CARTESIAN_POINT('',(-13.9,25.,3.1));
#5335=CARTESIAN_POINT('',(-13.9,25.,6.9));
#5336=CARTESIAN_POINT('',(-13.9,26.7,7.2));
#5337=CARTESIAN_POINT('',(-13.6482701106468,27.,7.2));
#5338=CARTESIAN_POINT('',(-13.6482701106468,27.,7.15172988935318));
#5339=CARTESIAN_POINT('',(-13.6482701106468,27.,2.84827011064681));
#5340=CARTESIAN_POINT('',(-15.0987334502358,25.2714051041186,4.29873345023582));
#5341=CARTESIAN_POINT('',(-13.8122877963242,26.804531333845,6.98771220367579));
#5342=CARTESIAN_POINT('',(12.4,9.16705635901301,20.));
#5343=CARTESIAN_POINT('',(14.1320508075689,10.167056359013,16.8732038978415));
#5344=CARTESIAN_POINT('',(14.2609916900766,9.94372419933696,16.2797713324323));
#5345=CARTESIAN_POINT('',(14.3168884464152,9.70486129441903,15.0025783948243));
#5346=CARTESIAN_POINT('',(14.2608471174216,9.9439746065207,13.7195632919332));
#5347=CARTESIAN_POINT('',(14.1320508075689,10.167056359013,13.1267961021585));
#5348=CARTESIAN_POINT('',(14.1320508075689,10.167056359013,16.8732038978415));
#5349=CARTESIAN_POINT('',(14.1320508075689,10.167056359013,13.1267961021585));
#5350=CARTESIAN_POINT('',(14.1320508075689,10.167056359013,20.));
#5351=CARTESIAN_POINT('',(14.1320508075689,10.167056359013,20.));
#5352=CARTESIAN_POINT('',(12.4,9.16705635901301,20.));
#5353=CARTESIAN_POINT('',(14.4,9.16705635901302,20.));
#5354=CARTESIAN_POINT('',(14.4,9.16705635901302,20.));
#5355=CARTESIAN_POINT('',(14.4,9.16705635901302,0.));
#5356=CARTESIAN_POINT('',(12.4,9.16705635901301,0.));
#5357=CARTESIAN_POINT('',(14.1320508075689,10.167056359013,0.));
#5358=CARTESIAN_POINT('',(14.1320508075689,10.167056359013,20.));
#5359=CARTESIAN_POINT('',(14.1320508075689,10.167056359013,3.12679610215852));
#5360=CARTESIAN_POINT('',(14.1320508075689,10.167056359013,6.87320389784148));
#5361=CARTESIAN_POINT('',(14.2609916900766,9.94372419933696,6.27977133243234));
#5362=CARTESIAN_POINT('',(14.3168884464152,9.70486129441904,5.00257839482427));
#5363=CARTESIAN_POINT('',(14.2608471174216,9.9439746065207,3.71956329193318));
#5364=CARTESIAN_POINT('',(14.1320508075689,10.167056359013,3.12679610215852));
#5365=CARTESIAN_POINT('',(14.1320508075689,10.167056359013,6.87320389784148));
#5366=CARTESIAN_POINT('',(14.1320508075689,10.167056359013,20.));
#5367=CARTESIAN_POINT('',(-15.6,20.1313064513634,20.));
#5368=CARTESIAN_POINT('',(-15.6,26.7,18.1));
#5369=CARTESIAN_POINT('',(-15.6,26.7,18.1));
#5370=CARTESIAN_POINT('',(-15.6,26.7,18.1));
#5371=CARTESIAN_POINT('',(-15.6,26.7,11.9));
#5372=CARTESIAN_POINT('',(-15.6,26.7,11.9));
#5373=CARTESIAN_POINT('',(-15.6,26.7,8.1));
#5374=CARTESIAN_POINT('',(-15.6,26.7,8.1));
#5375=CARTESIAN_POINT('',(-15.6,26.7,8.1));
#5376=CARTESIAN_POINT('',(-15.6,26.7,1.9));
#5377=CARTESIAN_POINT('',(-15.6,26.7,1.9));
#5378=CARTESIAN_POINT('',(-15.6,20.1313064513634,0.));
#5379=CARTESIAN_POINT('',(-15.6,0.,0.));
#5380=CARTESIAN_POINT('',(-15.6,0.,20.));
#5381=CARTESIAN_POINT('',(-15.6,0.,1.8));
#5382=CARTESIAN_POINT('',(-15.6,20.1313064513635,1.80000000000001));
#5383=CARTESIAN_POINT('',(-15.6,0.5,1.8));
#5384=CARTESIAN_POINT('',(-15.6,0.5,20.));
#5385=CARTESIAN_POINT('',(-15.6,0.5,8.2));
#5386=CARTESIAN_POINT('',(-15.6,20.1313064513634,8.2));
#5387=CARTESIAN_POINT('',(-15.6,0.,8.2));
#5388=CARTESIAN_POINT('',(-15.6,0.,20.));
#5389=CARTESIAN_POINT('',(-15.6,0.,11.8));
#5390=CARTESIAN_POINT('',(-15.6,20.1313064513634,11.8));
#5391=CARTESIAN_POINT('',(-15.6,0.5,11.8));
#5392=CARTESIAN_POINT('',(-15.6,0.5,20.));
#5393=CARTESIAN_POINT('',(-15.6,0.5,18.2));
#5394=CARTESIAN_POINT('',(-15.6,20.1313064513634,18.2));
#5395=CARTESIAN_POINT('',(-15.6,0.,18.2));
#5396=CARTESIAN_POINT('',(-15.6,0.,20.));
#5397=CARTESIAN_POINT('',(-15.6,0.,20.));
#5398=CARTESIAN_POINT('',(-15.6,20.1313064513634,20.));
#5399=CARTESIAN_POINT('',(-15.6,0.,20.));
#5400=CARTESIAN_POINT('',(16.,0.,18.2));
#5401=CARTESIAN_POINT('',(11.7770977501482,0.,18.2));
#5402=CARTESIAN_POINT('',(11.7770977501482,0.,20.));
#5403=CARTESIAN_POINT('',(11.7770977501482,0.,20.));
#5404=CARTESIAN_POINT('',(-15.6,0.,20.));
#5405=CARTESIAN_POINT('',(-15.6,0.,20.));
#5406=CARTESIAN_POINT('',(16.,0.,11.8));
#5407=CARTESIAN_POINT('',(11.7770977501482,0.,11.8));
#5408=CARTESIAN_POINT('',(16.,0.,8.2));
#5409=CARTESIAN_POINT('',(11.7770977501482,0.,8.2));
#5410=CARTESIAN_POINT('',(11.7770977501482,0.,20.));
#5411=CARTESIAN_POINT('',(11.7770977501482,0.,20.));
#5412=CARTESIAN_POINT('',(11.7770977501482,0.,18.2));
#5413=CARTESIAN_POINT('',(11.9590828672813,0.5,18.2));
#5414=CARTESIAN_POINT('',(11.9590828672813,0.5,20.));
#5415=CARTESIAN_POINT('',(11.9590828672813,0.5,11.8));
#5416=CARTESIAN_POINT('',(11.7770977501482,3.1401887239743E-15,11.8));
#5417=CARTESIAN_POINT('',(11.7770977501482,0.,8.2));
#5418=CARTESIAN_POINT('',(11.9590828672813,0.5,8.2));
#5419=CARTESIAN_POINT('',(11.9590828672813,0.5,20.));
#5420=CARTESIAN_POINT('',(11.9590828672813,0.5,1.8));
#5421=CARTESIAN_POINT('',(11.7770977501482,6.9696871678454E-15,1.8));
#5422=CARTESIAN_POINT('',(11.7770977501482,0.,1.8));
#5423=CARTESIAN_POINT('',(11.7770977501482,0.,20.));
#5424=CARTESIAN_POINT('',(11.7770977501482,0.,0.));
#5425=CARTESIAN_POINT('',(11.7770977501482,0.,0.));
#5426=CARTESIAN_POINT('',(14.2793852415718,6.87497837967022,0.));
#5427=CARTESIAN_POINT('',(14.2793852415718,6.87497837967022,20.));
#5428=CARTESIAN_POINT('',(14.2793852415718,6.87497837967022,20.));
#5429=CARTESIAN_POINT('',(11.7770977501482,0.,20.));
#5430=CARTESIAN_POINT('',(-15.6,0.,20.));
#5431=CARTESIAN_POINT('',(16.,0.,1.8));
#5432=CARTESIAN_POINT('',(-15.6,0.,0.));
#5433=CARTESIAN_POINT('',(12.3999999999999,7.55901866632158,20.));
#5434=CARTESIAN_POINT('',(12.3999999999999,7.55901866632158,0.));
#5435=CARTESIAN_POINT('',(14.4,7.55901866632156,0.));
#5436=CARTESIAN_POINT('',(14.4,7.55901866632156,20.));
#5437=CARTESIAN_POINT('',(14.4,7.55901866632156,20.));
#5438=CARTESIAN_POINT('',(12.3999999999999,7.55901866632158,20.));
#5439=CARTESIAN_POINT('',(14.4,7.55901866632156,20.));
#5440=CARTESIAN_POINT('',(14.4,7.55901866632156,0.));
#5441=CARTESIAN_POINT('',(14.4,7.55901866632156,20.));
#5442=CARTESIAN_POINT('',(14.1320508075689,10.167056359013,20.));
#5443=CARTESIAN_POINT('',(5.94852561665237,24.3413377747002,18.4));
#5444=CARTESIAN_POINT('',(5.94852561665237,24.3413377747002,18.4));
#5445=CARTESIAN_POINT('',(5.94852561665237,24.3413377747002,11.6));
#5446=CARTESIAN_POINT('',(5.94852561665237,24.3413377747002,18.4));
#5447=CARTESIAN_POINT('',(4.81769145362397,26.3,18.4));
#5448=CARTESIAN_POINT('',(4.81769145362398,26.3,20.));
#5449=CARTESIAN_POINT('',(4.81769145362398,26.3,20.));
#5450=CARTESIAN_POINT('',(14.1320508075689,10.167056359013,20.));
#5451=CARTESIAN_POINT('',(11.9767603887905,13.9001288694036,15.));
#5452=CARTESIAN_POINT('',(11.9767603887905,13.9001288694036,5.));
#5453=CARTESIAN_POINT('',(14.1320508075689,10.167056359013,0.));
#5454=CARTESIAN_POINT('',(5.94852561665237,24.3413377747002,1.6));
#5455=CARTESIAN_POINT('',(5.94852561665237,24.3413377747002,1.6));
#5456=CARTESIAN_POINT('',(5.94852561665237,24.3413377747002,8.4));
#5457=CARTESIAN_POINT('',(5.94852561665237,24.3413377747002,8.4));
#5458=CARTESIAN_POINT('',(5.94852561665237,24.3413377747002,8.4));
#5459=CARTESIAN_POINT('',(5.94852561665237,24.3413377747002,11.6));
#5460=CARTESIAN_POINT('',(8.8267603887905,19.3560889132455,15.));
#5461=CARTESIAN_POINT('',(9.5517603887905,18.1003520777581,15.));
#5462=CARTESIAN_POINT('',(8.8267603887905,19.3560889132455,5.));
#5463=CARTESIAN_POINT('',(9.5517603887905,18.1003520777581,5.));
#5464=CARTESIAN_POINT('',(0.487564434701789,23.8,20.));
#5465=CARTESIAN_POINT('',(0.487564434701789,23.8,18.4));
#5466=CARTESIAN_POINT('',(0.487564434701787,28.8,18.4));
#5467=CARTESIAN_POINT('',(0.487564434701787,28.8,20.));
#5468=CARTESIAN_POINT('',(0.487564434701787,28.8,20.));
#5469=CARTESIAN_POINT('',(0.487564434701789,23.8,20.));
#5470=CARTESIAN_POINT('',(0.487564434701786,28.8,20.));
#5471=CARTESIAN_POINT('',(3.37431578064991,28.8,18.4));
#5472=CARTESIAN_POINT('',(-11.0444385019014,28.8,18.4));
#5473=CARTESIAN_POINT('',(-11.0444385019014,28.8,20.));
#5474=CARTESIAN_POINT('',(-11.0444385019014,28.8,20.));
#5475=CARTESIAN_POINT('',(0.487564434701786,28.8,20.));
#5476=CARTESIAN_POINT('',(-11.0444385019014,26.8,20.));
#5477=CARTESIAN_POINT('',(-11.0444385019014,26.8,18.4));
#5478=CARTESIAN_POINT('',(-11.0444385019014,26.8,20.));
#5479=CARTESIAN_POINT('',(12.3999999999999,7.55901866632158,20.));
#5480=CARTESIAN_POINT('',(12.3999999999999,7.55901866632158,0.));
#5481=CARTESIAN_POINT('',(16.,0.5,1.8));
#5482=CARTESIAN_POINT('',(-12.025,0.5,1.8));
#5483=CARTESIAN_POINT('',(-12.025,0.5,6.425));
#5484=CARTESIAN_POINT('',(-12.025,0.5,7.375));
#5485=CARTESIAN_POINT('',(16.,0.5,6.425));
#5486=CARTESIAN_POINT('',(-12.975,0.5,6.425));
#5487=CARTESIAN_POINT('',(-12.975,0.5,1.8));
#5488=CARTESIAN_POINT('',(-12.975,0.5,7.375));
#5489=CARTESIAN_POINT('',(16.,0.5,7.375));
#5490=CARTESIAN_POINT('',(-12.025,0.5,1.8));
#5491=CARTESIAN_POINT('',(-12.025,0.5,2.625));
#5492=CARTESIAN_POINT('',(-12.025,0.5,3.575));
#5493=CARTESIAN_POINT('',(16.,0.5,2.625));
#5494=CARTESIAN_POINT('',(-12.975,0.5,2.625));
#5495=CARTESIAN_POINT('',(-12.975,0.5,1.8));
#5496=CARTESIAN_POINT('',(-12.975,0.5,3.575));
#5497=CARTESIAN_POINT('',(16.,0.5,3.575));
#5498=CARTESIAN_POINT('',(0.475,0.5,1.8));
#5499=CARTESIAN_POINT('',(0.475,0.5,6.425));
#5500=CARTESIAN_POINT('',(0.475,0.5,7.375));
#5501=CARTESIAN_POINT('',(16.,0.5,6.425));
#5502=CARTESIAN_POINT('',(-0.475,0.5,6.425));
#5503=CARTESIAN_POINT('',(-0.475,0.5,1.8));
#5504=CARTESIAN_POINT('',(-0.475,0.5,7.375));
#5505=CARTESIAN_POINT('',(16.,0.5,7.375));
#5506=CARTESIAN_POINT('',(0.475,0.5,1.8));
#5507=CARTESIAN_POINT('',(0.475,0.5,2.625));
#5508=CARTESIAN_POINT('',(0.475,0.5,3.575));
#5509=CARTESIAN_POINT('',(16.,0.5,2.625));
#5510=CARTESIAN_POINT('',(-0.475,0.5,2.625));
#5511=CARTESIAN_POINT('',(-0.475,0.5,1.8));
#5512=CARTESIAN_POINT('',(-0.475,0.5,3.575));
#5513=CARTESIAN_POINT('',(16.,0.5,3.575));
#5514=CARTESIAN_POINT('',(16.,0.5,1.8));
#5515=CARTESIAN_POINT('',(16.,0.5,8.2));
#5516=CARTESIAN_POINT('',(16.,0.5,8.2));
#5517=CARTESIAN_POINT('',(16.,0.,1.8));
#5518=CARTESIAN_POINT('',(16.,0.5,11.8));
#5519=CARTESIAN_POINT('',(-12.025,0.5,11.8));
#5520=CARTESIAN_POINT('',(-12.025,0.5,16.425));
#5521=CARTESIAN_POINT('',(-12.025,0.5,17.375));
#5522=CARTESIAN_POINT('',(16.,0.5,16.425));
#5523=CARTESIAN_POINT('',(-12.975,0.5,16.425));
#5524=CARTESIAN_POINT('',(-12.975,0.5,11.8));
#5525=CARTESIAN_POINT('',(-12.975,0.5,17.375));
#5526=CARTESIAN_POINT('',(16.,0.5,17.375));
#5527=CARTESIAN_POINT('',(-12.025,0.5,11.8));
#5528=CARTESIAN_POINT('',(-12.025,0.5,12.625));
#5529=CARTESIAN_POINT('',(-12.025,0.5,13.575));
#5530=CARTESIAN_POINT('',(16.,0.5,12.625));
#5531=CARTESIAN_POINT('',(-12.975,0.5,12.625));
#5532=CARTESIAN_POINT('',(-12.975,0.5,11.8));
#5533=CARTESIAN_POINT('',(-12.975,0.5,13.575));
#5534=CARTESIAN_POINT('',(16.,0.5,13.575));
#5535=CARTESIAN_POINT('',(0.475,0.5,11.8));
#5536=CARTESIAN_POINT('',(0.475,0.5,16.425));
#5537=CARTESIAN_POINT('',(0.475,0.5,17.375));
#5538=CARTESIAN_POINT('',(16.,0.5,16.425));
#5539=CARTESIAN_POINT('',(-0.475,0.5,16.425));
#5540=CARTESIAN_POINT('',(-0.475,0.5,11.8));
#5541=CARTESIAN_POINT('',(-0.475,0.5,17.375));
#5542=CARTESIAN_POINT('',(16.,0.5,17.375));
#5543=CARTESIAN_POINT('',(0.475,0.5,11.8));
#5544=CARTESIAN_POINT('',(0.475,0.5,12.625));
#5545=CARTESIAN_POINT('',(0.475,0.5,13.575));
#5546=CARTESIAN_POINT('',(16.,0.5,12.625));
#5547=CARTESIAN_POINT('',(-0.475,0.5,12.625));
#5548=CARTESIAN_POINT('',(-0.475,0.5,11.8));
#5549=CARTESIAN_POINT('',(-0.475,0.5,13.575));
#5550=CARTESIAN_POINT('',(16.,0.5,13.575));
#5551=CARTESIAN_POINT('',(16.,0.5,11.8));
#5552=CARTESIAN_POINT('',(16.,0.5,18.2));
#5553=CARTESIAN_POINT('',(16.,0.5,18.2));
#5554=CARTESIAN_POINT('',(16.,0.,11.8));
#5555=CARTESIAN_POINT('',(0.475,1.,3.575));
#5556=CARTESIAN_POINT('',(-0.475,1.,3.575));
#5557=CARTESIAN_POINT('',(-0.475,-4.5,3.575));
#5558=CARTESIAN_POINT('',(0.475,-4.5,3.575));
#5559=CARTESIAN_POINT('',(0.475,-4.5,3.575));
#5560=CARTESIAN_POINT('',(0.475,1.,3.575));
#5561=CARTESIAN_POINT('',(0.475,-4.5,3.575));
#5562=CARTESIAN_POINT('',(-0.475,-4.5,3.575));
#5563=CARTESIAN_POINT('',(-0.475,-4.5,2.625));
#5564=CARTESIAN_POINT('',(0.475,-4.5,2.625));
#5565=CARTESIAN_POINT('',(0.475,-4.5,2.625));
#5566=CARTESIAN_POINT('',(0.475,-4.5,3.575));
#5567=CARTESIAN_POINT('',(0.475,-4.5,2.625));
#5568=CARTESIAN_POINT('',(0.475,-4.5,2.625));
#5569=CARTESIAN_POINT('',(-0.475,-4.5,2.625));
#5570=CARTESIAN_POINT('',(0.475,0.,0.));
#5571=CARTESIAN_POINT('',(-0.475,0.,0.));
#5572=CARTESIAN_POINT('',(0.475,1.,13.575));
#5573=CARTESIAN_POINT('',(-0.475,1.,13.575));
#5574=CARTESIAN_POINT('',(-0.475,-4.5,13.575));
#5575=CARTESIAN_POINT('',(0.475,-4.5,13.575));
#5576=CARTESIAN_POINT('',(0.475,-4.5,13.575));
#5577=CARTESIAN_POINT('',(0.475,1.,13.575));
#5578=CARTESIAN_POINT('',(0.475,-4.5,13.575));
#5579=CARTESIAN_POINT('',(-0.475,-4.5,13.575));
#5580=CARTESIAN_POINT('',(-0.475,-4.5,12.625));
#5581=CARTESIAN_POINT('',(0.475,-4.5,12.625));
#5582=CARTESIAN_POINT('',(0.475,-4.5,12.625));
#5583=CARTESIAN_POINT('',(0.475,-4.5,13.575));
#5584=CARTESIAN_POINT('',(0.475,-4.5,12.625));
#5585=CARTESIAN_POINT('',(0.475,-4.5,12.625));
#5586=CARTESIAN_POINT('',(-0.475,-4.5,12.625));
#5587=CARTESIAN_POINT('',(0.475,0.,10.));
#5588=CARTESIAN_POINT('',(-0.475,0.,10.));
#5589=CARTESIAN_POINT('',(0.475,1.,7.375));
#5590=CARTESIAN_POINT('',(-0.475,1.,7.375));
#5591=CARTESIAN_POINT('',(-0.475,-4.5,7.375));
#5592=CARTESIAN_POINT('',(0.475,-4.5,7.375));
#5593=CARTESIAN_POINT('',(0.475,-4.5,7.375));
#5594=CARTESIAN_POINT('',(0.475,1.,7.375));
#5595=CARTESIAN_POINT('',(0.475,-4.5,7.375));
#5596=CARTESIAN_POINT('',(-0.475,-4.5,7.375));
#5597=CARTESIAN_POINT('',(-0.475,-4.5,6.425));
#5598=CARTESIAN_POINT('',(0.475,-4.5,6.425));
#5599=CARTESIAN_POINT('',(0.475,-4.5,6.425));
#5600=CARTESIAN_POINT('',(0.475,-4.5,7.375));
#5601=CARTESIAN_POINT('',(0.475,-4.5,6.425));
#5602=CARTESIAN_POINT('',(0.475,-4.5,6.425));
#5603=CARTESIAN_POINT('',(-0.475,-4.5,6.425));
#5604=CARTESIAN_POINT('',(0.475,0.,0.));
#5605=CARTESIAN_POINT('',(-0.475,0.,0.));
#5606=CARTESIAN_POINT('',(0.475,1.,17.375));
#5607=CARTESIAN_POINT('',(-0.475,1.,17.375));
#5608=CARTESIAN_POINT('',(-0.475,-4.5,17.375));
#5609=CARTESIAN_POINT('',(0.475,-4.5,17.375));
#5610=CARTESIAN_POINT('',(0.475,-4.5,17.375));
#5611=CARTESIAN_POINT('',(0.475,1.,17.375));
#5612=CARTESIAN_POINT('',(0.475,-4.5,17.375));
#5613=CARTESIAN_POINT('',(-0.475,-4.5,17.375));
#5614=CARTESIAN_POINT('',(-0.475,-4.5,16.425));
#5615=CARTESIAN_POINT('',(0.475,-4.5,16.425));
#5616=CARTESIAN_POINT('',(0.475,-4.5,16.425));
#5617=CARTESIAN_POINT('',(0.475,-4.5,17.375));
#5618=CARTESIAN_POINT('',(0.475,-4.5,16.425));
#5619=CARTESIAN_POINT('',(0.475,-4.5,16.425));
#5620=CARTESIAN_POINT('',(-0.475,-4.5,16.425));
#5621=CARTESIAN_POINT('',(0.475,0.,10.));
#5622=CARTESIAN_POINT('',(-0.475,0.,10.));
#5623=CARTESIAN_POINT('',(-12.025,1.,3.575));
#5624=CARTESIAN_POINT('',(-12.975,1.,3.575));
#5625=CARTESIAN_POINT('',(-12.975,-4.5,3.575));
#5626=CARTESIAN_POINT('',(-12.025,-4.5,3.575));
#5627=CARTESIAN_POINT('',(-12.025,-4.5,3.575));
#5628=CARTESIAN_POINT('',(-12.025,1.,3.575));
#5629=CARTESIAN_POINT('',(-12.025,-4.5,3.575));
#5630=CARTESIAN_POINT('',(-12.975,-4.5,3.575));
#5631=CARTESIAN_POINT('',(-12.975,-4.5,2.625));
#5632=CARTESIAN_POINT('',(-12.025,-4.5,2.625));
#5633=CARTESIAN_POINT('',(-12.025,-4.5,2.625));
#5634=CARTESIAN_POINT('',(-12.025,-4.5,3.575));
#5635=CARTESIAN_POINT('',(-12.025,-4.5,2.625));
#5636=CARTESIAN_POINT('',(-12.025,-4.5,2.625));
#5637=CARTESIAN_POINT('',(-12.975,-4.5,2.625));
#5638=CARTESIAN_POINT('',(-12.025,0.,0.));
#5639=CARTESIAN_POINT('',(-12.975,0.,0.));
#5640=CARTESIAN_POINT('',(-12.025,1.,13.575));
#5641=CARTESIAN_POINT('',(-12.975,1.,13.575));
#5642=CARTESIAN_POINT('',(-12.975,-4.5,13.575));
#5643=CARTESIAN_POINT('',(-12.025,-4.5,13.575));
#5644=CARTESIAN_POINT('',(-12.025,-4.5,13.575));
#5645=CARTESIAN_POINT('',(-12.025,1.,13.575));
#5646=CARTESIAN_POINT('',(-12.025,-4.5,13.575));
#5647=CARTESIAN_POINT('',(-12.975,-4.5,13.575));
#5648=CARTESIAN_POINT('',(-12.975,-4.5,12.625));
#5649=CARTESIAN_POINT('',(-12.025,-4.5,12.625));
#5650=CARTESIAN_POINT('',(-12.025,-4.5,12.625));
#5651=CARTESIAN_POINT('',(-12.025,-4.5,13.575));
#5652=CARTESIAN_POINT('',(-12.025,-4.5,12.625));
#5653=CARTESIAN_POINT('',(-12.025,-4.5,12.625));
#5654=CARTESIAN_POINT('',(-12.975,-4.5,12.625));
#5655=CARTESIAN_POINT('',(-12.025,0.,10.));
#5656=CARTESIAN_POINT('',(-12.975,0.,10.));
#5657=CARTESIAN_POINT('',(-12.025,1.,7.375));
#5658=CARTESIAN_POINT('',(-12.975,1.,7.375));
#5659=CARTESIAN_POINT('',(-12.975,-4.5,7.375));
#5660=CARTESIAN_POINT('',(-12.025,-4.5,7.375));
#5661=CARTESIAN_POINT('',(-12.025,-4.5,7.375));
#5662=CARTESIAN_POINT('',(-12.025,1.,7.375));
#5663=CARTESIAN_POINT('',(-12.025,-4.5,7.375));
#5664=CARTESIAN_POINT('',(-12.975,-4.5,7.375));
#5665=CARTESIAN_POINT('',(-12.975,-4.5,6.425));
#5666=CARTESIAN_POINT('',(-12.025,-4.5,6.425));
#5667=CARTESIAN_POINT('',(-12.025,-4.5,6.425));
#5668=CARTESIAN_POINT('',(-12.025,-4.5,7.375));
#5669=CARTESIAN_POINT('',(-12.025,-4.5,6.425));
#5670=CARTESIAN_POINT('',(-12.025,-4.5,6.425));
#5671=CARTESIAN_POINT('',(-12.975,-4.5,6.425));
#5672=CARTESIAN_POINT('',(-12.025,0.,0.));
#5673=CARTESIAN_POINT('',(-12.975,0.,0.));
#5674=CARTESIAN_POINT('',(-12.025,1.,17.375));
#5675=CARTESIAN_POINT('',(-12.975,1.,17.375));
#5676=CARTESIAN_POINT('',(-12.975,-4.5,17.375));
#5677=CARTESIAN_POINT('',(-12.025,-4.5,17.375));
#5678=CARTESIAN_POINT('',(-12.025,-4.5,17.375));
#5679=CARTESIAN_POINT('',(-12.025,1.,17.375));
#5680=CARTESIAN_POINT('',(-12.025,-4.5,17.375));
#5681=CARTESIAN_POINT('',(-12.975,-4.5,17.375));
#5682=CARTESIAN_POINT('',(-12.975,-4.5,16.425));
#5683=CARTESIAN_POINT('',(-12.025,-4.5,16.425));
#5684=CARTESIAN_POINT('',(-12.025,-4.5,16.425));
#5685=CARTESIAN_POINT('',(-12.025,-4.5,17.375));
#5686=CARTESIAN_POINT('',(-12.025,-4.5,16.425));
#5687=CARTESIAN_POINT('',(-12.025,-4.5,16.425));
#5688=CARTESIAN_POINT('',(-12.975,-4.5,16.425));
#5689=CARTESIAN_POINT('',(-12.025,0.,10.));
#5690=CARTESIAN_POINT('',(-12.975,0.,10.));
#5691=CARTESIAN_POINT('',(-12.8,27.,8.1));
#5692=CARTESIAN_POINT('',(-13.6,27.,2.84827011064682));
#5693=CARTESIAN_POINT('',(-13.6,27.,7.15172988935318));
#5694=CARTESIAN_POINT('',(-12.6182866759027,27.,8.4));
#5695=CARTESIAN_POINT('',(-12.6182866759027,27.,8.4));
#5696=CARTESIAN_POINT('',(-12.6182866759027,27.,1.6));
#5697=CARTESIAN_POINT('',(-15.6,27.,1.6));
#5698=CARTESIAN_POINT('',(-12.8,27.,1.9));
#5699=CARTESIAN_POINT('',(-15.3,27.,1.9));
#5700=CARTESIAN_POINT('',(-15.3,27.,8.1));
#5701=CARTESIAN_POINT('',(-15.3,27.,8.1));
#5702=CARTESIAN_POINT('',(-12.8,27.,8.1));
#5703=CARTESIAN_POINT('',(-15.6,27.,8.4));
#5704=CARTESIAN_POINT('',(-15.3,26.7,8.1));
#5705=CARTESIAN_POINT('',(-15.3,26.7,8.1));
#5706=CARTESIAN_POINT('',(-15.3,26.7,1.9));
#5707=CARTESIAN_POINT('',(-15.3,26.7,1.9));
#5708=CARTESIAN_POINT('',(-15.3,26.7,8.1));
#5709=CARTESIAN_POINT('',(-12.8,27.,18.1));
#5710=CARTESIAN_POINT('',(-13.6,27.,12.8482701106468));
#5711=CARTESIAN_POINT('',(-13.6,27.,17.1517298893532));
#5712=CARTESIAN_POINT('',(-12.6182866759027,27.,18.4));
#5713=CARTESIAN_POINT('',(-12.6182866759027,27.,18.4));
#5714=CARTESIAN_POINT('',(-12.6182866759027,27.,11.6));
#5715=CARTESIAN_POINT('',(-15.6,27.,11.6));
#5716=CARTESIAN_POINT('',(-12.8,27.,11.9));
#5717=CARTESIAN_POINT('',(-15.3,27.,11.9));
#5718=CARTESIAN_POINT('',(-15.3,27.,18.1));
#5719=CARTESIAN_POINT('',(-15.3,27.,18.1));
#5720=CARTESIAN_POINT('',(-12.8,27.,18.1));
#5721=CARTESIAN_POINT('',(-15.6,27.,18.4));
#5722=CARTESIAN_POINT('',(-15.3,26.7,18.1));
#5723=CARTESIAN_POINT('',(-15.3,26.7,18.1));
#5724=CARTESIAN_POINT('',(-15.3,26.7,11.9));
#5725=CARTESIAN_POINT('',(-15.3,26.7,11.9));
#5726=CARTESIAN_POINT('',(-15.3,26.7,18.1));
#5727=CARTESIAN_POINT('',(8.8267603887905,19.3560889132455,5.));
#5728=CARTESIAN_POINT('',(8.65355530803361,19.2560889132455,5.));
#5729=CARTESIAN_POINT('',(9.22855530803361,18.2601596988934,5.));
#5730=CARTESIAN_POINT('',(7.09470958122162,18.3560889132455,5.));
#5731=CARTESIAN_POINT('',(7.09470958122162,18.3560889132455,5.));
#5732=CARTESIAN_POINT('',(7.66970958122162,17.3601596988934,5.));
#5733=CARTESIAN_POINT('',(7.66970958122162,17.3601596988934,5.));
#5734=CARTESIAN_POINT('',(8.8267603887905,19.3560889132455,15.));
#5735=CARTESIAN_POINT('',(8.65355530803361,19.2560889132455,15.));
#5736=CARTESIAN_POINT('',(9.22855530803361,18.2601596988934,15.));
#5737=CARTESIAN_POINT('',(7.09470958122162,18.3560889132455,15.));
#5738=CARTESIAN_POINT('',(7.09470958122162,18.3560889132455,15.));
#5739=CARTESIAN_POINT('',(7.66970958122162,17.3601596988934,15.));
#5740=CARTESIAN_POINT('',(7.66970958122162,17.3601596988934,15.));
#5741=CARTESIAN_POINT('',(11.9767603887905,13.9001288694036,5.));
#5742=CARTESIAN_POINT('',(11.5437476868983,13.6501288694036,5.));
#5743=CARTESIAN_POINT('',(13.7937476868983,9.7530145523736,5.));
#5744=CARTESIAN_POINT('',(10.2447095812216,12.9001288694036,5.));
#5745=CARTESIAN_POINT('',(10.2447095812216,12.9001288694036,5.));
#5746=CARTESIAN_POINT('',(12.4947095812216,9.0030145523736,5.));
#5747=CARTESIAN_POINT('',(12.4947095812216,9.0030145523736,5.));
#5748=CARTESIAN_POINT('',(11.9767603887905,13.9001288694036,15.));
#5749=CARTESIAN_POINT('',(11.5437476868983,13.6501288694036,15.));
#5750=CARTESIAN_POINT('',(13.7937476868983,9.7530145523736,15.));
#5751=CARTESIAN_POINT('',(10.2447095812216,12.9001288694036,15.));
#5752=CARTESIAN_POINT('',(10.2447095812216,12.9001288694036,15.));
#5753=CARTESIAN_POINT('',(12.4947095812216,9.0030145523736,15.));
#5754=CARTESIAN_POINT('',(12.4947095812216,9.0030145523736,15.));
#5755=CARTESIAN_POINT('',(-13.6,27.,2.84827011064682));
#5756=CARTESIAN_POINT('',(-13.6,26.7,3.1));
#5757=CARTESIAN_POINT('',(-13.6,26.7,3.1));
#5758=CARTESIAN_POINT('',(-13.6,25.,6.9));
#5759=CARTESIAN_POINT('',(-13.6,26.7,6.9));
#5760=CARTESIAN_POINT('',(-13.6,26.7,6.9));
#5761=CARTESIAN_POINT('',(-13.6,27.,12.8482701106468));
#5762=CARTESIAN_POINT('',(-13.6,26.7,13.1));
#5763=CARTESIAN_POINT('',(-13.6,26.7,13.1));
#5764=CARTESIAN_POINT('',(-13.6,25.,16.9));
#5765=CARTESIAN_POINT('',(-13.6,26.7,16.9));
#5766=CARTESIAN_POINT('',(-13.6,26.7,16.9));
#5767=CARTESIAN_POINT('',(-4.9,22.6315353299546,8.4));
#5768=CARTESIAN_POINT('',(0.646134759592705,23.4063832043387,8.4));
#5769=CARTESIAN_POINT('',(-12.6182866759027,27.,8.4));
#5770=CARTESIAN_POINT('',(-4.9,22.6315353299546,1.6));
#5771=CARTESIAN_POINT('',(-12.6182866759027,27.,1.6));
#5772=CARTESIAN_POINT('',(0.646134759592705,23.4063832043387,1.6));
#5773=CARTESIAN_POINT('',(-12.6182866759027,27.,8.4));
#5774=CARTESIAN_POINT('',(0.646134759592705,23.4063832043387,8.4));
#5775=CARTESIAN_POINT('',(0.541627626092881,23.3879557770262,1.9));
#5776=CARTESIAN_POINT('',(-4.9,22.6315353299546,18.4));
#5777=CARTESIAN_POINT('',(0.646134759592705,23.4063832043387,18.4));
#5778=CARTESIAN_POINT('',(-12.6182866759027,27.,18.4));
#5779=CARTESIAN_POINT('',(-4.9,22.6315353299546,11.6));
#5780=CARTESIAN_POINT('',(-12.6182866759027,27.,11.6));
#5781=CARTESIAN_POINT('',(0.646134759592705,23.4063832043387,11.6));
#5782=CARTESIAN_POINT('',(-12.6182866759027,27.,18.4));
#5783=CARTESIAN_POINT('',(0.646134759592705,23.4063832043387,18.4));
#5784=CARTESIAN_POINT('',(0.541627626092881,23.3879557770262,11.9));
#5785=CARTESIAN_POINT('',(0.,0.,1.9));
#5786=CARTESIAN_POINT('',(0.,0.,6.3));
#5787=CARTESIAN_POINT('',(-12.6247422611929,21.866695028848,6.3));
#5788=CARTESIAN_POINT('',(-3.05499814951862,27.391789367799,6.3));
#5789=CARTESIAN_POINT('',(1.9450018504814,18.7315353299545,6.3));
#5790=CARTESIAN_POINT('',(0.,0.,11.9));
#5791=CARTESIAN_POINT('',(0.,0.,16.3));
#5792=CARTESIAN_POINT('',(-12.6247422611929,21.866695028848,16.3));
#5793=CARTESIAN_POINT('',(-3.05499814951862,27.391789367799,16.3));
#5794=CARTESIAN_POINT('',(1.9450018504814,18.7315353299545,16.3));
#5795=CARTESIAN_POINT('',(-8.71410161513776,21.2377531126037,2.05));
#5796=CARTESIAN_POINT('',(3.65969641794676,22.320320165258,2.05));
#5797=CARTESIAN_POINT('',(3.15722928478294,28.063545777739,2.05));
#5798=CARTESIAN_POINT('',(3.09878777161032,28.7315353299546,2.05));
#5799=CARTESIAN_POINT('',(0.545299461620756,23.8,2.05));
#5800=CARTESIAN_POINT('',(4.87542648054294,26.3,2.05));
#5801=CARTESIAN_POINT('',(3.67006165897972,28.3877531126037,2.05));
#5802=CARTESIAN_POINT('',(5.89450836545066,24.5348983982668,2.05));
#5803=CARTESIAN_POINT('',(-3.12734604457803,22.9441020497551,2.05));
#5804=CARTESIAN_POINT('',(-3.05499814951862,27.391789367799,2.05));
#5805=CARTESIAN_POINT('',(-3.05499814951862,27.391789367799,2.05));
#5806=CARTESIAN_POINT('',(1.9450018504814,18.7315353299545,2.05));
#5807=CARTESIAN_POINT('',(1.94500185048139,28.7315353299546,2.05));
#5808=CARTESIAN_POINT('',(13.6826403975784,28.7315353299546,2.05));
#5809=CARTESIAN_POINT('',(-3.05499814951862,27.391789367799,7.95));
#5810=CARTESIAN_POINT('',(-3.05499814951862,27.391789367799,7.95));
#5811=CARTESIAN_POINT('',(-3.12734604457803,22.9441020497551,7.95));
#5812=CARTESIAN_POINT('',(13.9259013712332,25.9510496778595,7.95));
#5813=CARTESIAN_POINT('',(13.9259013712332,25.9510496778595,9.5));
#5814=CARTESIAN_POINT('',(13.9259013712332,25.9510496778595,0.5));
#5815=CARTESIAN_POINT('',(5.89450836545066,24.5348983982668,9.5));
#5816=CARTESIAN_POINT('',(5.89450836545066,24.5348983982668,9.5));
#5817=CARTESIAN_POINT('',(5.89450836545066,24.5348983982668,9.5));
#5818=CARTESIAN_POINT('',(5.89450836545067,24.5348983982668,7.95));
#5819=CARTESIAN_POINT('',(-3.12734604457803,22.9441020497551,7.95));
#5820=CARTESIAN_POINT('',(5.89450836545066,24.5348983982668,9.5));
#5821=CARTESIAN_POINT('',(5.89450836545066,24.5348983982668,0.5));
#5822=CARTESIAN_POINT('',(5.89450836545066,24.5348983982668,0.5));
#5823=CARTESIAN_POINT('',(1.9450018504814,18.7315353299545,7.95));
#5824=CARTESIAN_POINT('',(1.9450018504814,18.7315353299545,7.95));
#5825=CARTESIAN_POINT('',(1.94500185048139,28.7315353299546,7.95));
#5826=CARTESIAN_POINT('',(1.94500185048139,28.7315353299546,7.95));
#5827=CARTESIAN_POINT('',(13.8390772823998,26.4434535543656,7.95));
#5828=CARTESIAN_POINT('',(13.8390772823998,26.4434535543656,0.5));
#5829=CARTESIAN_POINT('',(14.3371746314456,26.4870314257394,0.5));
#5830=CARTESIAN_POINT('',(14.3371746314456,26.4870314257394,7.95));
#5831=CARTESIAN_POINT('',(14.3371746314456,26.4870314257394,9.5));
#5832=CARTESIAN_POINT('',(13.8390772823998,26.4434535543656,9.5));
#5833=CARTESIAN_POINT('',(14.3371746314456,26.4870314257394,7.95));
#5834=CARTESIAN_POINT('',(14.3371746314456,26.4870314257394,0.5));
#5835=CARTESIAN_POINT('',(14.1807377466243,28.2751132013284,0.5));
#5836=CARTESIAN_POINT('',(14.1807377466243,28.2751132013284,7.95));
#5837=CARTESIAN_POINT('',(14.1807377466243,28.2751132013284,9.5));
#5838=CARTESIAN_POINT('',(14.3371746314456,26.4870314257394,9.5));
#5839=CARTESIAN_POINT('',(13.6826403975784,28.2315353299546,7.95));
#5840=CARTESIAN_POINT('',(13.6826403975784,28.2315353299546,0.5));
#5841=CARTESIAN_POINT('',(13.6826403975784,28.7315353299546,0.5));
#5842=CARTESIAN_POINT('',(13.6826403975784,28.7315353299546,7.95));
#5843=CARTESIAN_POINT('',(13.6826403975784,28.7315353299546,9.5));
#5844=CARTESIAN_POINT('',(13.6826403975784,28.2315353299546,9.5));
#5845=CARTESIAN_POINT('',(13.6826403975784,28.7315353299546,7.95));
#5846=CARTESIAN_POINT('',(13.6826403975784,28.7315353299546,0.5));
#5847=CARTESIAN_POINT('',(3.09878777161032,28.7315353299546,0.5));
#5848=CARTESIAN_POINT('',(3.09878777161032,28.7315353299546,9.5));
#5849=CARTESIAN_POINT('',(13.6826403975784,28.7315353299546,7.95));
#5850=CARTESIAN_POINT('',(3.09878777161032,28.7315353299546,7.95));
#5851=CARTESIAN_POINT('',(3.09878777161032,28.7315353299546,9.5));
#5852=CARTESIAN_POINT('',(3.09878777161032,28.7315353299546,9.5));
#5853=CARTESIAN_POINT('',(13.6826403975784,28.7315353299546,9.5));
#5854=CARTESIAN_POINT('',(-8.71410161513776,21.2377531126037,7.95));
#5855=CARTESIAN_POINT('',(0.545299461620756,23.8,7.95));
#5856=CARTESIAN_POINT('',(3.15722928478294,28.063545777739,7.95));
#5857=CARTESIAN_POINT('',(4.87542648054294,26.3,7.95));
#5858=CARTESIAN_POINT('',(3.65969641794676,22.320320165258,7.95));
#5859=CARTESIAN_POINT('',(3.67006165897972,28.3877531126037,7.95));
#5860=CARTESIAN_POINT('',(-8.71410161513776,21.2377531126037,12.05));
#5861=CARTESIAN_POINT('',(3.65969641794676,22.320320165258,12.05));
#5862=CARTESIAN_POINT('',(3.15722928478294,28.063545777739,12.05));
#5863=CARTESIAN_POINT('',(3.09878777161032,28.7315353299546,12.05));
#5864=CARTESIAN_POINT('',(0.545299461620756,23.8,12.05));
#5865=CARTESIAN_POINT('',(4.87542648054294,26.3,12.05));
#5866=CARTESIAN_POINT('',(3.67006165897972,28.3877531126037,12.05));
#5867=CARTESIAN_POINT('',(5.89450836545066,24.5348983982668,12.05));
#5868=CARTESIAN_POINT('',(-3.12734604457803,22.9441020497551,12.05));
#5869=CARTESIAN_POINT('',(-3.05499814951862,27.391789367799,12.05));
#5870=CARTESIAN_POINT('',(-3.05499814951862,27.391789367799,12.05));
#5871=CARTESIAN_POINT('',(1.9450018504814,18.7315353299545,12.05));
#5872=CARTESIAN_POINT('',(1.94500185048139,28.7315353299546,12.05));
#5873=CARTESIAN_POINT('',(13.6826403975784,28.7315353299546,12.05));
#5874=CARTESIAN_POINT('',(-3.05499814951862,27.391789367799,17.95));
#5875=CARTESIAN_POINT('',(-3.05499814951862,27.391789367799,17.95));
#5876=CARTESIAN_POINT('',(-3.12734604457803,22.9441020497551,17.95));
#5877=CARTESIAN_POINT('',(13.9259013712332,25.9510496778595,17.95));
#5878=CARTESIAN_POINT('',(13.9259013712332,25.9510496778595,19.5));
#5879=CARTESIAN_POINT('',(13.9259013712332,25.9510496778595,10.5));
#5880=CARTESIAN_POINT('',(5.89450836545066,24.5348983982668,19.5));
#5881=CARTESIAN_POINT('',(5.89450836545066,24.5348983982668,19.5));
#5882=CARTESIAN_POINT('',(5.89450836545066,24.5348983982668,19.5));
#5883=CARTESIAN_POINT('',(5.89450836545067,24.5348983982668,17.95));
#5884=CARTESIAN_POINT('',(-3.12734604457803,22.9441020497551,17.95));
#5885=CARTESIAN_POINT('',(5.89450836545066,24.5348983982668,19.5));
#5886=CARTESIAN_POINT('',(5.89450836545066,24.5348983982668,10.5));
#5887=CARTESIAN_POINT('',(5.89450836545066,24.5348983982668,10.5));
#5888=CARTESIAN_POINT('',(1.9450018504814,18.7315353299545,17.95));
#5889=CARTESIAN_POINT('',(1.9450018504814,18.7315353299545,17.95));
#5890=CARTESIAN_POINT('',(1.94500185048139,28.7315353299546,17.95));
#5891=CARTESIAN_POINT('',(1.94500185048139,28.7315353299546,17.95));
#5892=CARTESIAN_POINT('',(13.8390772823998,26.4434535543656,17.95));
#5893=CARTESIAN_POINT('',(13.8390772823998,26.4434535543656,10.5));
#5894=CARTESIAN_POINT('',(14.3371746314456,26.4870314257394,10.5));
#5895=CARTESIAN_POINT('',(14.3371746314456,26.4870314257394,17.95));
#5896=CARTESIAN_POINT('',(14.3371746314456,26.4870314257394,19.5));
#5897=CARTESIAN_POINT('',(13.8390772823998,26.4434535543656,19.5));
#5898=CARTESIAN_POINT('',(14.3371746314456,26.4870314257394,17.95));
#5899=CARTESIAN_POINT('',(14.3371746314456,26.4870314257394,10.5));
#5900=CARTESIAN_POINT('',(14.1807377466243,28.2751132013284,10.5));
#5901=CARTESIAN_POINT('',(14.1807377466243,28.2751132013284,17.95));
#5902=CARTESIAN_POINT('',(14.1807377466243,28.2751132013284,19.5));
#5903=CARTESIAN_POINT('',(14.3371746314456,26.4870314257394,19.5));
#5904=CARTESIAN_POINT('',(13.6826403975784,28.2315353299546,17.95));
#5905=CARTESIAN_POINT('',(13.6826403975784,28.2315353299546,10.5));
#5906=CARTESIAN_POINT('',(13.6826403975784,28.7315353299546,10.5));
#5907=CARTESIAN_POINT('',(13.6826403975784,28.7315353299546,17.95));
#5908=CARTESIAN_POINT('',(13.6826403975784,28.7315353299546,19.5));
#5909=CARTESIAN_POINT('',(13.6826403975784,28.2315353299546,19.5));
#5910=CARTESIAN_POINT('',(13.6826403975784,28.7315353299546,17.95));
#5911=CARTESIAN_POINT('',(13.6826403975784,28.7315353299546,10.5));
#5912=CARTESIAN_POINT('',(3.09878777161032,28.7315353299546,10.5));
#5913=CARTESIAN_POINT('',(3.09878777161032,28.7315353299546,19.5));
#5914=CARTESIAN_POINT('',(13.6826403975784,28.7315353299546,17.95));
#5915=CARTESIAN_POINT('',(3.09878777161032,28.7315353299546,17.95));
#5916=CARTESIAN_POINT('',(3.09878777161032,28.7315353299546,19.5));
#5917=CARTESIAN_POINT('',(3.09878777161032,28.7315353299546,19.5));
#5918=CARTESIAN_POINT('',(13.6826403975784,28.7315353299546,19.5));
#5919=CARTESIAN_POINT('',(-8.71410161513776,21.2377531126037,17.95));
#5920=CARTESIAN_POINT('',(0.545299461620756,23.8,17.95));
#5921=CARTESIAN_POINT('',(3.15722928478294,28.063545777739,17.95));
#5922=CARTESIAN_POINT('',(4.87542648054294,26.3,17.95));
#5923=CARTESIAN_POINT('',(3.65969641794676,22.320320165258,17.95));
#5924=CARTESIAN_POINT('',(3.67006165897972,28.3877531126037,17.95));
#5925=CARTESIAN_POINT('',(0.545299461620756,23.8,9.5));
#5926=CARTESIAN_POINT('',(3.09878777161032,28.7315353299546,9.5));
#5927=CARTESIAN_POINT('',(3.15722928478294,28.063545777739,9.5));
#5928=CARTESIAN_POINT('',(0.545299461620756,23.8,9.5));
#5929=CARTESIAN_POINT('',(4.87542648054294,26.3,9.5));
#5930=CARTESIAN_POINT('',(4.87542648054294,26.3,9.5));
#5931=CARTESIAN_POINT('',(4.87542648054294,26.3,9.5));
#5932=CARTESIAN_POINT('',(4.87542648054294,26.3,9.5));
#5933=CARTESIAN_POINT('',(0.545299461620756,23.8,9.5));
#5934=CARTESIAN_POINT('',(3.15722928478294,28.063545777739,9.5));
#5935=CARTESIAN_POINT('',(3.09878777161032,28.7315353299546,9.5));
#5936=CARTESIAN_POINT('',(3.09878777161032,28.7315353299546,9.5));
#5937=CARTESIAN_POINT('',(3.15722928478294,28.063545777739,9.5));
#5938=CARTESIAN_POINT('',(3.15722928478294,28.063545777739,0.5));
#5939=CARTESIAN_POINT('',(3.09878777161032,28.7315353299546,0.5));
#5940=CARTESIAN_POINT('',(0.545299461620756,23.8,9.5));
#5941=CARTESIAN_POINT('',(0.545299461620756,23.8,0.5));
#5942=CARTESIAN_POINT('',(4.87542648054294,26.3,0.5));
#5943=CARTESIAN_POINT('',(4.87542648054294,26.3,9.5));
#5944=CARTESIAN_POINT('',(4.87542648054294,26.3,9.5));
#5945=CARTESIAN_POINT('',(4.87542648054294,26.3,0.5));
#5946=CARTESIAN_POINT('',(0.545299461620756,23.8,0.5));
#5947=CARTESIAN_POINT('',(0.545299461620756,23.8,19.5));
#5948=CARTESIAN_POINT('',(3.09878777161032,28.7315353299546,19.5));
#5949=CARTESIAN_POINT('',(3.15722928478294,28.063545777739,19.5));
#5950=CARTESIAN_POINT('',(0.545299461620756,23.8,19.5));
#5951=CARTESIAN_POINT('',(4.87542648054294,26.3,19.5));
#5952=CARTESIAN_POINT('',(4.87542648054294,26.3,19.5));
#5953=CARTESIAN_POINT('',(4.87542648054294,26.3,19.5));
#5954=CARTESIAN_POINT('',(4.87542648054294,26.3,19.5));
#5955=CARTESIAN_POINT('',(0.545299461620756,23.8,19.5));
#5956=CARTESIAN_POINT('',(3.15722928478294,28.063545777739,19.5));
#5957=CARTESIAN_POINT('',(3.09878777161032,28.7315353299546,19.5));
#5958=CARTESIAN_POINT('',(3.09878777161032,28.7315353299546,19.5));
#5959=CARTESIAN_POINT('',(3.15722928478294,28.063545777739,19.5));
#5960=CARTESIAN_POINT('',(3.15722928478294,28.063545777739,10.5));
#5961=CARTESIAN_POINT('',(3.09878777161032,28.7315353299546,10.5));
#5962=CARTESIAN_POINT('',(0.545299461620756,23.8,19.5));
#5963=CARTESIAN_POINT('',(0.545299461620756,23.8,10.5));
#5964=CARTESIAN_POINT('',(4.87542648054294,26.3,10.5));
#5965=CARTESIAN_POINT('',(4.87542648054294,26.3,19.5));
#5966=CARTESIAN_POINT('',(4.87542648054294,26.3,19.5));
#5967=CARTESIAN_POINT('',(4.87542648054294,26.3,10.5));
#5968=CARTESIAN_POINT('',(0.545299461620756,23.8,10.5));
#5969=MECHANICAL_DESIGN_GEOMETRIC_PRESENTATION_REPRESENTATION('',(#2810,
#2811,#2812,#2813,#2814,#2815,#2816,#2817,#2818,#2819,#2820,#2821,#2822,
#2823,#2824,#2825,#2826,#2827,#2828,#2829,#2830,#2831,#2832,#2833,#2834,
#2835,#2836,#2837,#2838,#2839,#2840,#2841,#2842,#2843,#2844,#2845,#2846,
#2847,#2848,#2849,#2850,#2851,#2852,#2853,#2854,#2855,#2856,#2857,#2858,
#2859,#2860,#2861,#2862,#2863,#2864,#2865,#2866,#2867,#2868,#2869,#2870,
#2871,#2872,#2873,#2874,#2875,#2876,#2877,#2878,#2879,#2880,#2881,#2882,
#2883,#2884,#2885,#2886,#2887,#2888,#2889,#2890,#2891,#2892,#2893,#2894,
#2895,#2896,#2897,#2898,#2899,#2900,#2901,#2902,#2903,#2904,#2905,#2906,
#2907,#2908,#2909,#2910,#2911,#2912,#2913,#2914,#2915,#2916,#2917,#2918,
#2919,#2920,#2921,#2922,#2923,#2924,#2925,#2926,#2927,#2928,#2929,#2930,
#2931,#2932,#2933,#2934,#2935,#2936,#2937,#2938,#2939,#2940,#2941,#2942,
#2943,#2944,#2945,#2946,#2947,#2948,#2949,#2950,#2951,#2952,#2953,#2954,
#2955,#2956,#2957,#2958,#2959,#2960,#2961,#2962,#2963,#2964,#2965,#2966,
#2967,#2968),#5970);
#5970=(
GEOMETRIC_REPRESENTATION_CONTEXT(3)
GLOBAL_UNCERTAINTY_ASSIGNED_CONTEXT((#5971))
GLOBAL_UNIT_ASSIGNED_CONTEXT((#5974,#5973,#5972))
REPRESENTATION_CONTEXT('2716-102','TOP_LEVEL_ASSEMBLY_PART')
);
#5971=UNCERTAINTY_MEASURE_WITH_UNIT(LENGTH_MEASURE(0.005),#5974,
'DISTANCE_ACCURACY_VALUE','Maximum Tolerance applied to model');
#5972=(
NAMED_UNIT(*)
SI_UNIT($,.STERADIAN.)
SOLID_ANGLE_UNIT()
);
#5973=(
NAMED_UNIT(*)
PLANE_ANGLE_UNIT()
SI_UNIT($,.RADIAN.)
);
#5974=(
LENGTH_UNIT()
NAMED_UNIT(*)
SI_UNIT(.MILLI.,.METRE.)
);
#5975=PRODUCT_DEFINITION_SHAPE('','',#5976);
#5976=PRODUCT_DEFINITION('','',#5978,#5977);
#5977=PRODUCT_DEFINITION_CONTEXT('',#5984,'design');
#5978=PRODUCT_DEFINITION_FORMATION_WITH_SPECIFIED_SOURCE('','',#5980,
 .NOT_KNOWN.);
#5979=PRODUCT_RELATED_PRODUCT_CATEGORY('','',(#5980));
#5980=PRODUCT('2716-102','2716-102','2716-102',(#5982));
#5981=PRODUCT_CATEGORY('','');
#5982=PRODUCT_CONTEXT('',#5984,'mechanical');
#5983=APPLICATION_PROTOCOL_DEFINITION('international standard',
'automotive_design',2010,#5984);
#5984=APPLICATION_CONTEXT(
'core data for automotive mechanical design processes');
ENDSEC;
END-ISO-10303-21;
