ISO-10303-21;
HEADER;
FILE_DESCRIPTION( ( 'Unknown' ), '1' );
FILE_NAME( 'C:/Users/anthony.segadaes/Documents/0-CAD-3D 2D/6911317100xx - CUU5 1-36/Construction_data/691131710006.stp', 'Unknown', ( 'Unknown' ), ( 'Unknown' ), 'PSStep 17.0.49', 'Unknown', '  ' );
FILE_SCHEMA( ( 'AUTOMOTIVE_DESIGN { 1 0 10303 214 1 1 1 1 }' ) );
ENDSEC;
DATA;
#1 = MECHANICAL_DESIGN_GEOMETRIC_PRESENTATION_REPRESENTATION( ' ', ( #10, #11, #12, #13, #14, #15, #16, #17, #18, #19, #20, #21, #22, #23, #24, #25, #26, #27, #28, #29, #30, #31, #32, #33, #34, #35, #36, #37, #38, #39, #40, #41, #42, #43, #44, #45, #46, #47, #48, #49, #50, #51, #52, #53, #54, #55, #56, #57, #58, #59, #60, #61, #62, #63, #64, #65, #66, #67, #68, #69, #70, #71, #72, #73, #74, #75, #76, #77, #78, #79, #80, #81, #82, #83, #84, #85, #86, #87, #88, #89, #90, #91, #92, #93, #94, #95, #96, #97, #98, #99, #100, #101, #102, #103, #104, #105, #106, #107, #108, #109, #110, #111, #112, #113, #114, #115, #116, #117, #118, #119, #120, #121, #122, #123, #124, #125, #126, #127, #128, #129, #130, #131, #132, #133, #134, #135, #136, #137, #138, #139, #140, #141, #142, #143, #144, #145, #146, #147, #148, #149, #150, #151, #152, #153, #154, #155, #156, #157, #158, #159, #160, #161, #162, #163, #164, #165, #166, #167, #168, #169, #170, #171, #172, #173, #174, #175, #176, #177, #178, #179, #180, #181, #182, #183, #184, #185, #186, #187, #188, #189, #190, #191, #192, #193, #194, #195, #196, #197, #198, #199, #200, #201, #202, #203, #204, #205, #206, #207, #208, #209, #210, #211, #212, #213, #214, #215, #216, #217, #218, #219, #220, #221, #222, #223, #224, #225, #226, #227, #228, #229, #230, #231, #232, #233, #234, #235, #236, #237, #238, #239, #240, #241, #242, #243, #244, #245, #246, #247, #248, #249, #250, #251, #252, #253, #254 ), #6 );
#2 = PRODUCT_DEFINITION_CONTEXT( '', #255, 'design' );
#3 = APPLICATION_PROTOCOL_DEFINITION( 'international standard', 'automotive_design', 2001, #255 );
#4 = PRODUCT_CATEGORY_RELATIONSHIP( 'NONE', 'NONE', #256, #257 );
#5 = SHAPE_DEFINITION_REPRESENTATION( #258, #259 );
#6 =  ( GEOMETRIC_REPRESENTATION_CONTEXT( 3 )GLOBAL_UNCERTAINTY_ASSIGNED_CONTEXT( ( #262 ) )GLOBAL_UNIT_ASSIGNED_CONTEXT( ( #264, #265, #266 ) )REPRESENTATION_CONTEXT( 'NONE', 'WORKSPACE' ) );
#10 = STYLED_ITEM( '', ( #268 ), #269 );
#11 = STYLED_ITEM( '', ( #270 ), #271 );
#12 = STYLED_ITEM( '', ( #272 ), #273 );
#13 = STYLED_ITEM( '', ( #274 ), #275 );
#14 = STYLED_ITEM( '', ( #276 ), #277 );
#15 = STYLED_ITEM( '', ( #278 ), #279 );
#16 = STYLED_ITEM( '', ( #280 ), #281 );
#17 = STYLED_ITEM( '', ( #282 ), #283 );
#18 = STYLED_ITEM( '', ( #284 ), #285 );
#19 = STYLED_ITEM( '', ( #286 ), #287 );
#20 = STYLED_ITEM( '', ( #288 ), #289 );
#21 = STYLED_ITEM( '', ( #290 ), #291 );
#22 = STYLED_ITEM( '', ( #292 ), #293 );
#23 = STYLED_ITEM( '', ( #294 ), #295 );
#24 = STYLED_ITEM( '', ( #296 ), #297 );
#25 = STYLED_ITEM( '', ( #298 ), #299 );
#26 = STYLED_ITEM( '', ( #300 ), #301 );
#27 = STYLED_ITEM( '', ( #302 ), #303 );
#28 = STYLED_ITEM( '', ( #304 ), #305 );
#29 = STYLED_ITEM( '', ( #306 ), #307 );
#30 = STYLED_ITEM( '', ( #308 ), #309 );
#31 = STYLED_ITEM( '', ( #310 ), #311 );
#32 = STYLED_ITEM( '', ( #312 ), #313 );
#33 = STYLED_ITEM( '', ( #314 ), #315 );
#34 = STYLED_ITEM( '', ( #316 ), #317 );
#35 = STYLED_ITEM( '', ( #318 ), #319 );
#36 = STYLED_ITEM( '', ( #320 ), #321 );
#37 = STYLED_ITEM( '', ( #322 ), #323 );
#38 = STYLED_ITEM( '', ( #324 ), #325 );
#39 = STYLED_ITEM( '', ( #326 ), #327 );
#40 = STYLED_ITEM( '', ( #328 ), #329 );
#41 = STYLED_ITEM( '', ( #330 ), #331 );
#42 = STYLED_ITEM( '', ( #332 ), #333 );
#43 = STYLED_ITEM( '', ( #334 ), #335 );
#44 = STYLED_ITEM( '', ( #336 ), #337 );
#45 = STYLED_ITEM( '', ( #338 ), #339 );
#46 = STYLED_ITEM( '', ( #340 ), #341 );
#47 = STYLED_ITEM( '', ( #342 ), #343 );
#48 = STYLED_ITEM( '', ( #344 ), #345 );
#49 = STYLED_ITEM( '', ( #346 ), #347 );
#50 = STYLED_ITEM( '', ( #348 ), #349 );
#51 = STYLED_ITEM( '', ( #350 ), #351 );
#52 = STYLED_ITEM( '', ( #352 ), #353 );
#53 = STYLED_ITEM( '', ( #354 ), #355 );
#54 = STYLED_ITEM( '', ( #356 ), #357 );
#55 = STYLED_ITEM( '', ( #358 ), #359 );
#56 = STYLED_ITEM( '', ( #360 ), #361 );
#57 = STYLED_ITEM( '', ( #362 ), #363 );
#58 = STYLED_ITEM( '', ( #364 ), #365 );
#59 = STYLED_ITEM( '', ( #366 ), #367 );
#60 = STYLED_ITEM( '', ( #368 ), #369 );
#61 = STYLED_ITEM( '', ( #370 ), #371 );
#62 = STYLED_ITEM( '', ( #372 ), #373 );
#63 = STYLED_ITEM( '', ( #374 ), #375 );
#64 = STYLED_ITEM( '', ( #376 ), #377 );
#65 = STYLED_ITEM( '', ( #378 ), #379 );
#66 = STYLED_ITEM( '', ( #380 ), #381 );
#67 = STYLED_ITEM( '', ( #382 ), #383 );
#68 = STYLED_ITEM( '', ( #384 ), #385 );
#69 = STYLED_ITEM( '', ( #386 ), #387 );
#70 = STYLED_ITEM( '', ( #388 ), #389 );
#71 = STYLED_ITEM( '', ( #390 ), #391 );
#72 = STYLED_ITEM( '', ( #392 ), #393 );
#73 = STYLED_ITEM( '', ( #394 ), #395 );
#74 = STYLED_ITEM( '', ( #396 ), #397 );
#75 = STYLED_ITEM( '', ( #398 ), #399 );
#76 = STYLED_ITEM( '', ( #400 ), #401 );
#77 = STYLED_ITEM( '', ( #402 ), #403 );
#78 = STYLED_ITEM( '', ( #404 ), #405 );
#79 = STYLED_ITEM( '', ( #406 ), #407 );
#80 = STYLED_ITEM( '', ( #408 ), #409 );
#81 = STYLED_ITEM( '', ( #410 ), #411 );
#82 = STYLED_ITEM( '', ( #412 ), #413 );
#83 = STYLED_ITEM( '', ( #414 ), #415 );
#84 = STYLED_ITEM( '', ( #416 ), #417 );
#85 = STYLED_ITEM( '', ( #418 ), #419 );
#86 = STYLED_ITEM( '', ( #420 ), #421 );
#87 = STYLED_ITEM( '', ( #422 ), #423 );
#88 = STYLED_ITEM( '', ( #424 ), #425 );
#89 = STYLED_ITEM( '', ( #426 ), #427 );
#90 = STYLED_ITEM( '', ( #428 ), #429 );
#91 = STYLED_ITEM( '', ( #430 ), #431 );
#92 = STYLED_ITEM( '', ( #432 ), #433 );
#93 = STYLED_ITEM( '', ( #434 ), #435 );
#94 = STYLED_ITEM( '', ( #436 ), #437 );
#95 = STYLED_ITEM( '', ( #438 ), #439 );
#96 = STYLED_ITEM( '', ( #440 ), #441 );
#97 = STYLED_ITEM( '', ( #442 ), #443 );
#98 = STYLED_ITEM( '', ( #444 ), #445 );
#99 = STYLED_ITEM( '', ( #446 ), #447 );
#100 = STYLED_ITEM( '', ( #448 ), #449 );
#101 = STYLED_ITEM( '', ( #450 ), #451 );
#102 = STYLED_ITEM( '', ( #452 ), #453 );
#103 = STYLED_ITEM( '', ( #454 ), #455 );
#104 = STYLED_ITEM( '', ( #456 ), #457 );
#105 = STYLED_ITEM( '', ( #458 ), #459 );
#106 = STYLED_ITEM( '', ( #460 ), #461 );
#107 = STYLED_ITEM( '', ( #462 ), #463 );
#108 = STYLED_ITEM( '', ( #464 ), #465 );
#109 = STYLED_ITEM( '', ( #466 ), #467 );
#110 = STYLED_ITEM( '', ( #468 ), #469 );
#111 = STYLED_ITEM( '', ( #470 ), #471 );
#112 = STYLED_ITEM( '', ( #472 ), #473 );
#113 = STYLED_ITEM( '', ( #474 ), #475 );
#114 = STYLED_ITEM( '', ( #476 ), #477 );
#115 = STYLED_ITEM( '', ( #478 ), #479 );
#116 = STYLED_ITEM( '', ( #480 ), #481 );
#117 = STYLED_ITEM( '', ( #482 ), #483 );
#118 = STYLED_ITEM( '', ( #484 ), #485 );
#119 = STYLED_ITEM( '', ( #486 ), #487 );
#120 = STYLED_ITEM( '', ( #488 ), #489 );
#121 = STYLED_ITEM( '', ( #490 ), #491 );
#122 = STYLED_ITEM( '', ( #492 ), #493 );
#123 = STYLED_ITEM( '', ( #494 ), #495 );
#124 = STYLED_ITEM( '', ( #496 ), #497 );
#125 = STYLED_ITEM( '', ( #498 ), #499 );
#126 = STYLED_ITEM( '', ( #500 ), #501 );
#127 = STYLED_ITEM( '', ( #502 ), #503 );
#128 = STYLED_ITEM( '', ( #504 ), #505 );
#129 = STYLED_ITEM( '', ( #506 ), #507 );
#130 = STYLED_ITEM( '', ( #508 ), #509 );
#131 = STYLED_ITEM( '', ( #510 ), #511 );
#132 = STYLED_ITEM( '', ( #512 ), #513 );
#133 = STYLED_ITEM( '', ( #514 ), #515 );
#134 = STYLED_ITEM( '', ( #516 ), #517 );
#135 = STYLED_ITEM( '', ( #518 ), #519 );
#136 = STYLED_ITEM( '', ( #520 ), #521 );
#137 = STYLED_ITEM( '', ( #522 ), #523 );
#138 = STYLED_ITEM( '', ( #524 ), #525 );
#139 = STYLED_ITEM( '', ( #526 ), #527 );
#140 = STYLED_ITEM( '', ( #528 ), #529 );
#141 = STYLED_ITEM( '', ( #530 ), #531 );
#142 = STYLED_ITEM( '', ( #532 ), #533 );
#143 = STYLED_ITEM( '', ( #534 ), #535 );
#144 = STYLED_ITEM( '', ( #536 ), #537 );
#145 = STYLED_ITEM( '', ( #538 ), #539 );
#146 = STYLED_ITEM( '', ( #540 ), #541 );
#147 = STYLED_ITEM( '', ( #542 ), #543 );
#148 = STYLED_ITEM( '', ( #544 ), #545 );
#149 = STYLED_ITEM( '', ( #546 ), #547 );
#150 = STYLED_ITEM( '', ( #548 ), #549 );
#151 = STYLED_ITEM( '', ( #550 ), #551 );
#152 = STYLED_ITEM( '', ( #552 ), #553 );
#153 = STYLED_ITEM( '', ( #554 ), #555 );
#154 = STYLED_ITEM( '', ( #556 ), #557 );
#155 = STYLED_ITEM( '', ( #558 ), #559 );
#156 = STYLED_ITEM( '', ( #560 ), #561 );
#157 = STYLED_ITEM( '', ( #562 ), #563 );
#158 = STYLED_ITEM( '', ( #564 ), #565 );
#159 = STYLED_ITEM( '', ( #566 ), #567 );
#160 = STYLED_ITEM( '', ( #568 ), #569 );
#161 = STYLED_ITEM( '', ( #570 ), #571 );
#162 = STYLED_ITEM( '', ( #572 ), #573 );
#163 = STYLED_ITEM( '', ( #574 ), #575 );
#164 = STYLED_ITEM( '', ( #576 ), #577 );
#165 = STYLED_ITEM( '', ( #578 ), #579 );
#166 = STYLED_ITEM( '', ( #580 ), #581 );
#167 = STYLED_ITEM( '', ( #582 ), #583 );
#168 = STYLED_ITEM( '', ( #584 ), #585 );
#169 = STYLED_ITEM( '', ( #586 ), #587 );
#170 = STYLED_ITEM( '', ( #588 ), #589 );
#171 = STYLED_ITEM( '', ( #590 ), #591 );
#172 = STYLED_ITEM( '', ( #592 ), #593 );
#173 = STYLED_ITEM( '', ( #594 ), #595 );
#174 = STYLED_ITEM( '', ( #596 ), #597 );
#175 = STYLED_ITEM( '', ( #598 ), #599 );
#176 = STYLED_ITEM( '', ( #600 ), #601 );
#177 = STYLED_ITEM( '', ( #602 ), #603 );
#178 = STYLED_ITEM( '', ( #604 ), #605 );
#179 = STYLED_ITEM( '', ( #606 ), #607 );
#180 = STYLED_ITEM( '', ( #608 ), #609 );
#181 = STYLED_ITEM( '', ( #610 ), #611 );
#182 = STYLED_ITEM( '', ( #612 ), #613 );
#183 = STYLED_ITEM( '', ( #614 ), #615 );
#184 = STYLED_ITEM( '', ( #616 ), #617 );
#185 = STYLED_ITEM( '', ( #618 ), #619 );
#186 = STYLED_ITEM( '', ( #620 ), #621 );
#187 = STYLED_ITEM( '', ( #622 ), #623 );
#188 = STYLED_ITEM( '', ( #624 ), #625 );
#189 = STYLED_ITEM( '', ( #626 ), #627 );
#190 = STYLED_ITEM( '', ( #628 ), #629 );
#191 = STYLED_ITEM( '', ( #630 ), #631 );
#192 = STYLED_ITEM( '', ( #632 ), #633 );
#193 = STYLED_ITEM( '', ( #634 ), #635 );
#194 = STYLED_ITEM( '', ( #636 ), #637 );
#195 = STYLED_ITEM( '', ( #638 ), #639 );
#196 = STYLED_ITEM( '', ( #640 ), #641 );
#197 = STYLED_ITEM( '', ( #642 ), #643 );
#198 = STYLED_ITEM( '', ( #644 ), #645 );
#199 = STYLED_ITEM( '', ( #646 ), #647 );
#200 = STYLED_ITEM( '', ( #648 ), #649 );
#201 = STYLED_ITEM( '', ( #650 ), #651 );
#202 = STYLED_ITEM( '', ( #652 ), #653 );
#203 = STYLED_ITEM( '', ( #654 ), #655 );
#204 = STYLED_ITEM( '', ( #656 ), #657 );
#205 = STYLED_ITEM( '', ( #658 ), #659 );
#206 = STYLED_ITEM( '', ( #660 ), #661 );
#207 = STYLED_ITEM( '', ( #662 ), #663 );
#208 = STYLED_ITEM( '', ( #664 ), #665 );
#209 = STYLED_ITEM( '', ( #666 ), #667 );
#210 = STYLED_ITEM( '', ( #668 ), #669 );
#211 = STYLED_ITEM( '', ( #670 ), #671 );
#212 = STYLED_ITEM( '', ( #672 ), #673 );
#213 = STYLED_ITEM( '', ( #674 ), #675 );
#214 = STYLED_ITEM( '', ( #676 ), #677 );
#215 = STYLED_ITEM( '', ( #678 ), #679 );
#216 = STYLED_ITEM( '', ( #680 ), #681 );
#217 = STYLED_ITEM( '', ( #682 ), #683 );
#218 = STYLED_ITEM( '', ( #684 ), #685 );
#219 = STYLED_ITEM( '', ( #686 ), #687 );
#220 = STYLED_ITEM( '', ( #688 ), #689 );
#221 = STYLED_ITEM( '', ( #690 ), #691 );
#222 = STYLED_ITEM( '', ( #692 ), #693 );
#223 = STYLED_ITEM( '', ( #694 ), #695 );
#224 = STYLED_ITEM( '', ( #696 ), #697 );
#225 = STYLED_ITEM( '', ( #698 ), #699 );
#226 = STYLED_ITEM( '', ( #700 ), #701 );
#227 = STYLED_ITEM( '', ( #702 ), #703 );
#228 = STYLED_ITEM( '', ( #704 ), #705 );
#229 = STYLED_ITEM( '', ( #706 ), #707 );
#230 = STYLED_ITEM( '', ( #708 ), #709 );
#231 = STYLED_ITEM( '', ( #710 ), #711 );
#232 = STYLED_ITEM( '', ( #712 ), #713 );
#233 = STYLED_ITEM( '', ( #714 ), #715 );
#234 = STYLED_ITEM( '', ( #716 ), #717 );
#235 = STYLED_ITEM( '', ( #718 ), #719 );
#236 = STYLED_ITEM( '', ( #720 ), #721 );
#237 = STYLED_ITEM( '', ( #722 ), #723 );
#238 = STYLED_ITEM( '', ( #724 ), #725 );
#239 = STYLED_ITEM( '', ( #726 ), #727 );
#240 = STYLED_ITEM( '', ( #728 ), #729 );
#241 = STYLED_ITEM( '', ( #730 ), #731 );
#242 = STYLED_ITEM( '', ( #732 ), #733 );
#243 = STYLED_ITEM( '', ( #734 ), #735 );
#244 = STYLED_ITEM( '', ( #736 ), #737 );
#245 = STYLED_ITEM( '', ( #738 ), #739 );
#246 = STYLED_ITEM( '', ( #740 ), #741 );
#247 = STYLED_ITEM( '', ( #742 ), #743 );
#248 = STYLED_ITEM( '', ( #744 ), #745 );
#249 = STYLED_ITEM( '', ( #746 ), #747 );
#250 = STYLED_ITEM( '', ( #748 ), #749 );
#251 = STYLED_ITEM( '', ( #750 ), #751 );
#252 = STYLED_ITEM( '', ( #752 ), #753 );
#253 = STYLED_ITEM( '', ( #754 ), #755 );
#254 = STYLED_ITEM( '', ( #756 ), #757 );
#255 = APPLICATION_CONTEXT( 'core data for automotive mechanical design processes' );
#256 = PRODUCT_CATEGORY( 'part', 'NONE' );
#257 = PRODUCT_RELATED_PRODUCT_CATEGORY( 'detail', ' ', ( #758 ) );
#258 = PRODUCT_DEFINITION_SHAPE( 'NONE', 'NONE', #759 );
#259 = ADVANCED_BREP_SHAPE_REPRESENTATION( '1', ( #760, #761 ), #6 );
#262 = UNCERTAINTY_MEASURE_WITH_UNIT( LENGTH_MEASURE( 0.00100000000000000 ), #264, '', '' );
#264 =  ( CONVERSION_BASED_UNIT( 'MILLIMETRE', #764 )LENGTH_UNIT(  )NAMED_UNIT( #767 ) );
#265 =  ( NAMED_UNIT( #769 )PLANE_ANGLE_UNIT(  )SI_UNIT( $, .RADIAN. ) );
#266 =  ( NAMED_UNIT( #769 )SI_UNIT( $, .STERADIAN. )SOLID_ANGLE_UNIT(  ) );
#268 = PRESENTATION_STYLE_ASSIGNMENT( ( #775 ) );
#269 = ADVANCED_FACE( '', ( #776, #777 ), #778, .T. );
#270 = PRESENTATION_STYLE_ASSIGNMENT( ( #779 ) );
#271 = ADVANCED_FACE( '', ( #780 ), #781, .F. );
#272 = PRESENTATION_STYLE_ASSIGNMENT( ( #782 ) );
#273 = ADVANCED_FACE( '', ( #783 ), #784, .T. );
#274 = PRESENTATION_STYLE_ASSIGNMENT( ( #785 ) );
#275 = ADVANCED_FACE( '', ( #786 ), #787, .T. );
#276 = PRESENTATION_STYLE_ASSIGNMENT( ( #788 ) );
#277 = ADVANCED_FACE( '', ( #789 ), #790, .F. );
#278 = PRESENTATION_STYLE_ASSIGNMENT( ( #791 ) );
#279 = ADVANCED_FACE( '', ( #792 ), #793, .T. );
#280 = PRESENTATION_STYLE_ASSIGNMENT( ( #794 ) );
#281 = ADVANCED_FACE( '', ( #795, #796 ), #797, .F. );
#282 = PRESENTATION_STYLE_ASSIGNMENT( ( #798 ) );
#283 = ADVANCED_FACE( '', ( #799 ), #800, .F. );
#284 = PRESENTATION_STYLE_ASSIGNMENT( ( #801 ) );
#285 = ADVANCED_FACE( '', ( #802 ), #803, .F. );
#286 = PRESENTATION_STYLE_ASSIGNMENT( ( #804 ) );
#287 = ADVANCED_FACE( '', ( #805 ), #806, .T. );
#288 = PRESENTATION_STYLE_ASSIGNMENT( ( #807 ) );
#289 = ADVANCED_FACE( '', ( #808 ), #809, .T. );
#290 = PRESENTATION_STYLE_ASSIGNMENT( ( #810 ) );
#291 = ADVANCED_FACE( '', ( #811 ), #812, .F. );
#292 = PRESENTATION_STYLE_ASSIGNMENT( ( #813 ) );
#293 = ADVANCED_FACE( '', ( #814 ), #815, .F. );
#294 = PRESENTATION_STYLE_ASSIGNMENT( ( #816 ) );
#295 = ADVANCED_FACE( '', ( #817 ), #818, .F. );
#296 = PRESENTATION_STYLE_ASSIGNMENT( ( #819 ) );
#297 = ADVANCED_FACE( '', ( #820 ), #821, .F. );
#298 = PRESENTATION_STYLE_ASSIGNMENT( ( #822 ) );
#299 = ADVANCED_FACE( '', ( #823 ), #824, .F. );
#300 = PRESENTATION_STYLE_ASSIGNMENT( ( #825 ) );
#301 = ADVANCED_FACE( '', ( #826, #827 ), #828, .F. );
#302 = PRESENTATION_STYLE_ASSIGNMENT( ( #829 ) );
#303 = ADVANCED_FACE( '', ( #830 ), #831, .F. );
#304 = PRESENTATION_STYLE_ASSIGNMENT( ( #832 ) );
#305 = ADVANCED_FACE( '', ( #833 ), #834, .T. );
#306 = PRESENTATION_STYLE_ASSIGNMENT( ( #835 ) );
#307 = ADVANCED_FACE( '', ( #836 ), #837, .F. );
#308 = PRESENTATION_STYLE_ASSIGNMENT( ( #838 ) );
#309 = ADVANCED_FACE( '', ( #839 ), #840, .F. );
#310 = PRESENTATION_STYLE_ASSIGNMENT( ( #841 ) );
#311 = ADVANCED_FACE( '', ( #842 ), #843, .F. );
#312 = PRESENTATION_STYLE_ASSIGNMENT( ( #844 ) );
#313 = ADVANCED_FACE( '', ( #845 ), #846, .T. );
#314 = PRESENTATION_STYLE_ASSIGNMENT( ( #847 ) );
#315 = ADVANCED_FACE( '', ( #848 ), #849, .F. );
#316 = PRESENTATION_STYLE_ASSIGNMENT( ( #850 ) );
#317 = ADVANCED_FACE( '', ( #851 ), #852, .T. );
#318 = PRESENTATION_STYLE_ASSIGNMENT( ( #853 ) );
#319 = ADVANCED_FACE( '', ( #854 ), #855, .F. );
#320 = PRESENTATION_STYLE_ASSIGNMENT( ( #856 ) );
#321 = ADVANCED_FACE( '', ( #857 ), #858, .F. );
#322 = PRESENTATION_STYLE_ASSIGNMENT( ( #859 ) );
#323 = ADVANCED_FACE( '', ( #860 ), #861, .F. );
#324 = PRESENTATION_STYLE_ASSIGNMENT( ( #862 ) );
#325 = ADVANCED_FACE( '', ( #863 ), #864, .F. );
#326 = PRESENTATION_STYLE_ASSIGNMENT( ( #865 ) );
#327 = ADVANCED_FACE( '', ( #866 ), #867, .T. );
#328 = PRESENTATION_STYLE_ASSIGNMENT( ( #868 ) );
#329 = ADVANCED_FACE( '', ( #869 ), #870, .F. );
#330 = PRESENTATION_STYLE_ASSIGNMENT( ( #871 ) );
#331 = ADVANCED_FACE( '', ( #872 ), #873, .F. );
#332 = PRESENTATION_STYLE_ASSIGNMENT( ( #874 ) );
#333 = ADVANCED_FACE( '', ( #875 ), #876, .T. );
#334 = PRESENTATION_STYLE_ASSIGNMENT( ( #877 ) );
#335 = ADVANCED_FACE( '', ( #878 ), #879, .F. );
#336 = PRESENTATION_STYLE_ASSIGNMENT( ( #880 ) );
#337 = ADVANCED_FACE( '', ( #881 ), #882, .F. );
#338 = PRESENTATION_STYLE_ASSIGNMENT( ( #883 ) );
#339 = ADVANCED_FACE( '', ( #884 ), #885, .F. );
#340 = PRESENTATION_STYLE_ASSIGNMENT( ( #886 ) );
#341 = ADVANCED_FACE( '', ( #887 ), #888, .F. );
#342 = PRESENTATION_STYLE_ASSIGNMENT( ( #889 ) );
#343 = ADVANCED_FACE( '', ( #890 ), #891, .F. );
#344 = PRESENTATION_STYLE_ASSIGNMENT( ( #892 ) );
#345 = ADVANCED_FACE( '', ( #893 ), #894, .T. );
#346 = PRESENTATION_STYLE_ASSIGNMENT( ( #895 ) );
#347 = ADVANCED_FACE( '', ( #896, #897 ), #898, .F. );
#348 = PRESENTATION_STYLE_ASSIGNMENT( ( #899 ) );
#349 = ADVANCED_FACE( '', ( #900 ), #901, .T. );
#350 = PRESENTATION_STYLE_ASSIGNMENT( ( #902 ) );
#351 = ADVANCED_FACE( '', ( #903, #904 ), #905, .T. );
#352 = PRESENTATION_STYLE_ASSIGNMENT( ( #906 ) );
#353 = ADVANCED_FACE( '', ( #907 ), #908, .F. );
#354 = PRESENTATION_STYLE_ASSIGNMENT( ( #909 ) );
#355 = ADVANCED_FACE( '', ( #910 ), #911, .F. );
#356 = PRESENTATION_STYLE_ASSIGNMENT( ( #912 ) );
#357 = ADVANCED_FACE( '', ( #913 ), #914, .F. );
#358 = PRESENTATION_STYLE_ASSIGNMENT( ( #915 ) );
#359 = ADVANCED_FACE( '', ( #916 ), #917, .F. );
#360 = PRESENTATION_STYLE_ASSIGNMENT( ( #918 ) );
#361 = ADVANCED_FACE( '', ( #919 ), #920, .T. );
#362 = PRESENTATION_STYLE_ASSIGNMENT( ( #921 ) );
#363 = ADVANCED_FACE( '', ( #922 ), #923, .F. );
#364 = PRESENTATION_STYLE_ASSIGNMENT( ( #924 ) );
#365 = ADVANCED_FACE( '', ( #925 ), #926, .F. );
#366 = PRESENTATION_STYLE_ASSIGNMENT( ( #927 ) );
#367 = ADVANCED_FACE( '', ( #928 ), #929, .F. );
#368 = PRESENTATION_STYLE_ASSIGNMENT( ( #930 ) );
#369 = ADVANCED_FACE( '', ( #931 ), #932, .T. );
#370 = PRESENTATION_STYLE_ASSIGNMENT( ( #933 ) );
#371 = ADVANCED_FACE( '', ( #934 ), #935, .T. );
#372 = PRESENTATION_STYLE_ASSIGNMENT( ( #936 ) );
#373 = ADVANCED_FACE( '', ( #937, #938 ), #939, .T. );
#374 = PRESENTATION_STYLE_ASSIGNMENT( ( #940 ) );
#375 = ADVANCED_FACE( '', ( #941 ), #942, .F. );
#376 = PRESENTATION_STYLE_ASSIGNMENT( ( #943 ) );
#377 = ADVANCED_FACE( '', ( #944 ), #945, .T. );
#378 = PRESENTATION_STYLE_ASSIGNMENT( ( #946 ) );
#379 = ADVANCED_FACE( '', ( #947 ), #948, .T. );
#380 = PRESENTATION_STYLE_ASSIGNMENT( ( #949 ) );
#381 = ADVANCED_FACE( '', ( #950 ), #951, .T. );
#382 = PRESENTATION_STYLE_ASSIGNMENT( ( #952 ) );
#383 = ADVANCED_FACE( '', ( #953, #954 ), #955, .F. );
#384 = PRESENTATION_STYLE_ASSIGNMENT( ( #956 ) );
#385 = ADVANCED_FACE( '', ( #957, #958 ), #959, .F. );
#386 = PRESENTATION_STYLE_ASSIGNMENT( ( #960 ) );
#387 = ADVANCED_FACE( '', ( #961 ), #962, .T. );
#388 = PRESENTATION_STYLE_ASSIGNMENT( ( #963 ) );
#389 = ADVANCED_FACE( '', ( #964 ), #965, .T. );
#390 = PRESENTATION_STYLE_ASSIGNMENT( ( #966 ) );
#391 = ADVANCED_FACE( '', ( #967 ), #968, .F. );
#392 = PRESENTATION_STYLE_ASSIGNMENT( ( #969 ) );
#393 = ADVANCED_FACE( '', ( #970 ), #971, .T. );
#394 = PRESENTATION_STYLE_ASSIGNMENT( ( #972 ) );
#395 = ADVANCED_FACE( '', ( #973 ), #974, .F. );
#396 = PRESENTATION_STYLE_ASSIGNMENT( ( #975 ) );
#397 = ADVANCED_FACE( '', ( #976 ), #977, .F. );
#398 = PRESENTATION_STYLE_ASSIGNMENT( ( #978 ) );
#399 = ADVANCED_FACE( '', ( #979, #980 ), #981, .F. );
#400 = PRESENTATION_STYLE_ASSIGNMENT( ( #982 ) );
#401 = ADVANCED_FACE( '', ( #983 ), #984, .F. );
#402 = PRESENTATION_STYLE_ASSIGNMENT( ( #985 ) );
#403 = ADVANCED_FACE( '', ( #986, #987 ), #988, .F. );
#404 = PRESENTATION_STYLE_ASSIGNMENT( ( #989 ) );
#405 = ADVANCED_FACE( '', ( #990 ), #991, .F. );
#406 = PRESENTATION_STYLE_ASSIGNMENT( ( #992 ) );
#407 = ADVANCED_FACE( '', ( #993 ), #994, .F. );
#408 = PRESENTATION_STYLE_ASSIGNMENT( ( #995 ) );
#409 = ADVANCED_FACE( '', ( #996 ), #997, .F. );
#410 = PRESENTATION_STYLE_ASSIGNMENT( ( #998 ) );
#411 = ADVANCED_FACE( '', ( #999 ), #1000, .T. );
#412 = PRESENTATION_STYLE_ASSIGNMENT( ( #1001 ) );
#413 = ADVANCED_FACE( '', ( #1002 ), #1003, .F. );
#414 = PRESENTATION_STYLE_ASSIGNMENT( ( #1004 ) );
#415 = ADVANCED_FACE( '', ( #1005 ), #1006, .T. );
#416 = PRESENTATION_STYLE_ASSIGNMENT( ( #1007 ) );
#417 = ADVANCED_FACE( '', ( #1008 ), #1009, .T. );
#418 = PRESENTATION_STYLE_ASSIGNMENT( ( #1010 ) );
#419 = ADVANCED_FACE( '', ( #1011 ), #1012, .F. );
#420 = PRESENTATION_STYLE_ASSIGNMENT( ( #1013 ) );
#421 = ADVANCED_FACE( '', ( #1014 ), #1015, .F. );
#422 = PRESENTATION_STYLE_ASSIGNMENT( ( #1016 ) );
#423 = ADVANCED_FACE( '', ( #1017 ), #1018, .F. );
#424 = PRESENTATION_STYLE_ASSIGNMENT( ( #1019 ) );
#425 = ADVANCED_FACE( '', ( #1020 ), #1021, .F. );
#426 = PRESENTATION_STYLE_ASSIGNMENT( ( #1022 ) );
#427 = ADVANCED_FACE( '', ( #1023 ), #1024, .T. );
#428 = PRESENTATION_STYLE_ASSIGNMENT( ( #1025 ) );
#429 = ADVANCED_FACE( '', ( #1026 ), #1027, .F. );
#430 = PRESENTATION_STYLE_ASSIGNMENT( ( #1028 ) );
#431 = ADVANCED_FACE( '', ( #1029 ), #1030, .F. );
#432 = PRESENTATION_STYLE_ASSIGNMENT( ( #1031 ) );
#433 = ADVANCED_FACE( '', ( #1032 ), #1033, .F. );
#434 = PRESENTATION_STYLE_ASSIGNMENT( ( #1034 ) );
#435 = ADVANCED_FACE( '', ( #1035 ), #1036, .T. );
#436 = PRESENTATION_STYLE_ASSIGNMENT( ( #1037 ) );
#437 = ADVANCED_FACE( '', ( #1038 ), #1039, .T. );
#438 = PRESENTATION_STYLE_ASSIGNMENT( ( #1040 ) );
#439 = ADVANCED_FACE( '', ( #1041 ), #1042, .T. );
#440 = PRESENTATION_STYLE_ASSIGNMENT( ( #1043 ) );
#441 = ADVANCED_FACE( '', ( #1044 ), #1045, .F. );
#442 = PRESENTATION_STYLE_ASSIGNMENT( ( #1046 ) );
#443 = ADVANCED_FACE( '', ( #1047, #1048 ), #1049, .F. );
#444 = PRESENTATION_STYLE_ASSIGNMENT( ( #1050 ) );
#445 = ADVANCED_FACE( '', ( #1051 ), #1052, .T. );
#446 = PRESENTATION_STYLE_ASSIGNMENT( ( #1053 ) );
#447 = ADVANCED_FACE( '', ( #1054 ), #1055, .F. );
#448 = PRESENTATION_STYLE_ASSIGNMENT( ( #1056 ) );
#449 = ADVANCED_FACE( '', ( #1057 ), #1058, .T. );
#450 = PRESENTATION_STYLE_ASSIGNMENT( ( #1059 ) );
#451 = ADVANCED_FACE( '', ( #1060 ), #1061, .F. );
#452 = PRESENTATION_STYLE_ASSIGNMENT( ( #1062 ) );
#453 = ADVANCED_FACE( '', ( #1063 ), #1064, .F. );
#454 = PRESENTATION_STYLE_ASSIGNMENT( ( #1065 ) );
#455 = ADVANCED_FACE( '', ( #1066 ), #1067, .F. );
#456 = PRESENTATION_STYLE_ASSIGNMENT( ( #1068 ) );
#457 = ADVANCED_FACE( '', ( #1069 ), #1070, .F. );
#458 = PRESENTATION_STYLE_ASSIGNMENT( ( #1071 ) );
#459 = ADVANCED_FACE( '', ( #1072 ), #1073, .T. );
#460 = PRESENTATION_STYLE_ASSIGNMENT( ( #1074 ) );
#461 = ADVANCED_FACE( '', ( #1075 ), #1076, .F. );
#462 = PRESENTATION_STYLE_ASSIGNMENT( ( #1077 ) );
#463 = ADVANCED_FACE( '', ( #1078, #1079 ), #1080, .F. );
#464 = PRESENTATION_STYLE_ASSIGNMENT( ( #1081 ) );
#465 = ADVANCED_FACE( '', ( #1082 ), #1083, .T. );
#466 = PRESENTATION_STYLE_ASSIGNMENT( ( #1084 ) );
#467 = ADVANCED_FACE( '', ( #1085 ), #1086, .F. );
#468 = PRESENTATION_STYLE_ASSIGNMENT( ( #1087 ) );
#469 = ADVANCED_FACE( '', ( #1088 ), #1089, .T. );
#470 = PRESENTATION_STYLE_ASSIGNMENT( ( #1090 ) );
#471 = ADVANCED_FACE( '', ( #1091 ), #1092, .T. );
#472 = PRESENTATION_STYLE_ASSIGNMENT( ( #1093 ) );
#473 = ADVANCED_FACE( '', ( #1094 ), #1095, .F. );
#474 = PRESENTATION_STYLE_ASSIGNMENT( ( #1096 ) );
#475 = ADVANCED_FACE( '', ( #1097 ), #1098, .F. );
#476 = PRESENTATION_STYLE_ASSIGNMENT( ( #1099 ) );
#477 = ADVANCED_FACE( '', ( #1100 ), #1101, .F. );
#478 = PRESENTATION_STYLE_ASSIGNMENT( ( #1102 ) );
#479 = ADVANCED_FACE( '', ( #1103 ), #1104, .F. );
#480 = PRESENTATION_STYLE_ASSIGNMENT( ( #1105 ) );
#481 = ADVANCED_FACE( '', ( #1106 ), #1107, .T. );
#482 = PRESENTATION_STYLE_ASSIGNMENT( ( #1108 ) );
#483 = ADVANCED_FACE( '', ( #1109 ), #1110, .F. );
#484 = PRESENTATION_STYLE_ASSIGNMENT( ( #1111 ) );
#485 = ADVANCED_FACE( '', ( #1112 ), #1113, .F. );
#486 = PRESENTATION_STYLE_ASSIGNMENT( ( #1114 ) );
#487 = ADVANCED_FACE( '', ( #1115 ), #1116, .F. );
#488 = PRESENTATION_STYLE_ASSIGNMENT( ( #1117 ) );
#489 = ADVANCED_FACE( '', ( #1118 ), #1119, .T. );
#490 = PRESENTATION_STYLE_ASSIGNMENT( ( #1120 ) );
#491 = ADVANCED_FACE( '', ( #1121, #1122 ), #1123, .F. );
#492 = PRESENTATION_STYLE_ASSIGNMENT( ( #1124 ) );
#493 = ADVANCED_FACE( '', ( #1125 ), #1126, .T. );
#494 = PRESENTATION_STYLE_ASSIGNMENT( ( #1127 ) );
#495 = ADVANCED_FACE( '', ( #1128 ), #1129, .F. );
#496 = PRESENTATION_STYLE_ASSIGNMENT( ( #1130 ) );
#497 = ADVANCED_FACE( '', ( #1131 ), #1132, .F. );
#498 = PRESENTATION_STYLE_ASSIGNMENT( ( #1133 ) );
#499 = ADVANCED_FACE( '', ( #1134 ), #1135, .F. );
#500 = PRESENTATION_STYLE_ASSIGNMENT( ( #1136 ) );
#501 = ADVANCED_FACE( '', ( #1137 ), #1138, .T. );
#502 = PRESENTATION_STYLE_ASSIGNMENT( ( #1139 ) );
#503 = ADVANCED_FACE( '', ( #1140 ), #1141, .T. );
#504 = PRESENTATION_STYLE_ASSIGNMENT( ( #1142 ) );
#505 = ADVANCED_FACE( '', ( #1143 ), #1144, .T. );
#506 = PRESENTATION_STYLE_ASSIGNMENT( ( #1145 ) );
#507 = ADVANCED_FACE( '', ( #1146 ), #1147, .T. );
#508 = PRESENTATION_STYLE_ASSIGNMENT( ( #1148 ) );
#509 = ADVANCED_FACE( '', ( #1149 ), #1150, .F. );
#510 = PRESENTATION_STYLE_ASSIGNMENT( ( #1151 ) );
#511 = ADVANCED_FACE( '', ( #1152 ), #1153, .F. );
#512 = PRESENTATION_STYLE_ASSIGNMENT( ( #1154 ) );
#513 = ADVANCED_FACE( '', ( #1155 ), #1156, .T. );
#514 = PRESENTATION_STYLE_ASSIGNMENT( ( #1157 ) );
#515 = ADVANCED_FACE( '', ( #1158 ), #1159, .F. );
#516 = PRESENTATION_STYLE_ASSIGNMENT( ( #1160 ) );
#517 = ADVANCED_FACE( '', ( #1161 ), #1162, .T. );
#518 = PRESENTATION_STYLE_ASSIGNMENT( ( #1163 ) );
#519 = ADVANCED_FACE( '', ( #1164 ), #1165, .T. );
#520 = PRESENTATION_STYLE_ASSIGNMENT( ( #1166 ) );
#521 = ADVANCED_FACE( '', ( #1167 ), #1168, .T. );
#522 = PRESENTATION_STYLE_ASSIGNMENT( ( #1169 ) );
#523 = ADVANCED_FACE( '', ( #1170, #1171 ), #1172, .T. );
#524 = PRESENTATION_STYLE_ASSIGNMENT( ( #1173 ) );
#525 = ADVANCED_FACE( '', ( #1174 ), #1175, .T. );
#526 = PRESENTATION_STYLE_ASSIGNMENT( ( #1176 ) );
#527 = ADVANCED_FACE( '', ( #1177 ), #1178, .F. );
#528 = PRESENTATION_STYLE_ASSIGNMENT( ( #1179 ) );
#529 = ADVANCED_FACE( '', ( #1180 ), #1181, .T. );
#530 = PRESENTATION_STYLE_ASSIGNMENT( ( #1182 ) );
#531 = ADVANCED_FACE( '', ( #1183 ), #1184, .F. );
#532 = PRESENTATION_STYLE_ASSIGNMENT( ( #1185 ) );
#533 = ADVANCED_FACE( '', ( #1186 ), #1187, .T. );
#534 = PRESENTATION_STYLE_ASSIGNMENT( ( #1188 ) );
#535 = ADVANCED_FACE( '', ( #1189 ), #1190, .F. );
#536 = PRESENTATION_STYLE_ASSIGNMENT( ( #1191 ) );
#537 = ADVANCED_FACE( '', ( #1192 ), #1193, .F. );
#538 = PRESENTATION_STYLE_ASSIGNMENT( ( #1194 ) );
#539 = ADVANCED_FACE( '', ( #1195 ), #1196, .F. );
#540 = PRESENTATION_STYLE_ASSIGNMENT( ( #1197 ) );
#541 = ADVANCED_FACE( '', ( #1198, #1199 ), #1200, .T. );
#542 = PRESENTATION_STYLE_ASSIGNMENT( ( #1201 ) );
#543 = ADVANCED_FACE( '', ( #1202 ), #1203, .T. );
#544 = PRESENTATION_STYLE_ASSIGNMENT( ( #1204 ) );
#545 = ADVANCED_FACE( '', ( #1205 ), #1206, .F. );
#546 = PRESENTATION_STYLE_ASSIGNMENT( ( #1207 ) );
#547 = ADVANCED_FACE( '', ( #1208 ), #1209, .F. );
#548 = PRESENTATION_STYLE_ASSIGNMENT( ( #1210 ) );
#549 = ADVANCED_FACE( '', ( #1211 ), #1212, .F. );
#550 = PRESENTATION_STYLE_ASSIGNMENT( ( #1213 ) );
#551 = ADVANCED_FACE( '', ( #1214 ), #1215, .F. );
#552 = PRESENTATION_STYLE_ASSIGNMENT( ( #1216 ) );
#553 = ADVANCED_FACE( '', ( #1217 ), #1218, .F. );
#554 = PRESENTATION_STYLE_ASSIGNMENT( ( #1219 ) );
#555 = ADVANCED_FACE( '', ( #1220 ), #1221, .T. );
#556 = PRESENTATION_STYLE_ASSIGNMENT( ( #1222 ) );
#557 = ADVANCED_FACE( '', ( #1223 ), #1224, .F. );
#558 = PRESENTATION_STYLE_ASSIGNMENT( ( #1225 ) );
#559 = ADVANCED_FACE( '', ( #1226 ), #1227, .T. );
#560 = PRESENTATION_STYLE_ASSIGNMENT( ( #1228 ) );
#561 = ADVANCED_FACE( '', ( #1229 ), #1230, .F. );
#562 = PRESENTATION_STYLE_ASSIGNMENT( ( #1231 ) );
#563 = ADVANCED_FACE( '', ( #1232 ), #1233, .F. );
#564 = PRESENTATION_STYLE_ASSIGNMENT( ( #1234 ) );
#565 = ADVANCED_FACE( '', ( #1235 ), #1236, .F. );
#566 = PRESENTATION_STYLE_ASSIGNMENT( ( #1237 ) );
#567 = ADVANCED_FACE( '', ( #1238 ), #1239, .F. );
#568 = PRESENTATION_STYLE_ASSIGNMENT( ( #1240 ) );
#569 = ADVANCED_FACE( '', ( #1241 ), #1242, .T. );
#570 = PRESENTATION_STYLE_ASSIGNMENT( ( #1243 ) );
#571 = ADVANCED_FACE( '', ( #1244 ), #1245, .T. );
#572 = PRESENTATION_STYLE_ASSIGNMENT( ( #1246 ) );
#573 = ADVANCED_FACE( '', ( #1247 ), #1248, .F. );
#574 = PRESENTATION_STYLE_ASSIGNMENT( ( #1249 ) );
#575 = ADVANCED_FACE( '', ( #1250 ), #1251, .F. );
#576 = PRESENTATION_STYLE_ASSIGNMENT( ( #1252 ) );
#577 = ADVANCED_FACE( '', ( #1253 ), #1254, .F. );
#578 = PRESENTATION_STYLE_ASSIGNMENT( ( #1255 ) );
#579 = ADVANCED_FACE( '', ( #1256 ), #1257, .F. );
#580 = PRESENTATION_STYLE_ASSIGNMENT( ( #1258 ) );
#581 = ADVANCED_FACE( '', ( #1259 ), #1260, .T. );
#582 = PRESENTATION_STYLE_ASSIGNMENT( ( #1261 ) );
#583 = ADVANCED_FACE( '', ( #1262 ), #1263, .F. );
#584 = PRESENTATION_STYLE_ASSIGNMENT( ( #1264 ) );
#585 = ADVANCED_FACE( '', ( #1265 ), #1266, .T. );
#586 = PRESENTATION_STYLE_ASSIGNMENT( ( #1267 ) );
#587 = ADVANCED_FACE( '', ( #1268, #1269, #1270, #1271, #1272, #1273 ), #1274, .T. );
#588 = PRESENTATION_STYLE_ASSIGNMENT( ( #1275 ) );
#589 = ADVANCED_FACE( '', ( #1276 ), #1277, .T. );
#590 = PRESENTATION_STYLE_ASSIGNMENT( ( #1278 ) );
#591 = ADVANCED_FACE( '', ( #1279 ), #1280, .F. );
#592 = PRESENTATION_STYLE_ASSIGNMENT( ( #1281 ) );
#593 = ADVANCED_FACE( '', ( #1282 ), #1283, .T. );
#594 = PRESENTATION_STYLE_ASSIGNMENT( ( #1284 ) );
#595 = ADVANCED_FACE( '', ( #1285 ), #1286, .F. );
#596 = PRESENTATION_STYLE_ASSIGNMENT( ( #1287 ) );
#597 = ADVANCED_FACE( '', ( #1288 ), #1289, .F. );
#598 = PRESENTATION_STYLE_ASSIGNMENT( ( #1290 ) );
#599 = ADVANCED_FACE( '', ( #1291 ), #1292, .T. );
#600 = PRESENTATION_STYLE_ASSIGNMENT( ( #1293 ) );
#601 = ADVANCED_FACE( '', ( #1294 ), #1295, .F. );
#602 = PRESENTATION_STYLE_ASSIGNMENT( ( #1296 ) );
#603 = ADVANCED_FACE( '', ( #1297 ), #1298, .F. );
#604 = PRESENTATION_STYLE_ASSIGNMENT( ( #1299 ) );
#605 = ADVANCED_FACE( '', ( #1300 ), #1301, .T. );
#606 = PRESENTATION_STYLE_ASSIGNMENT( ( #1302 ) );
#607 = ADVANCED_FACE( '', ( #1303 ), #1304, .F. );
#608 = PRESENTATION_STYLE_ASSIGNMENT( ( #1305 ) );
#609 = ADVANCED_FACE( '', ( #1306 ), #1307, .T. );
#610 = PRESENTATION_STYLE_ASSIGNMENT( ( #1308 ) );
#611 = ADVANCED_FACE( '', ( #1309 ), #1310, .F. );
#612 = PRESENTATION_STYLE_ASSIGNMENT( ( #1311 ) );
#613 = ADVANCED_FACE( '', ( #1312 ), #1313, .F. );
#614 = PRESENTATION_STYLE_ASSIGNMENT( ( #1314 ) );
#615 = ADVANCED_FACE( '', ( #1315, #1316 ), #1317, .F. );
#616 = PRESENTATION_STYLE_ASSIGNMENT( ( #1318 ) );
#617 = ADVANCED_FACE( '', ( #1319 ), #1320, .F. );
#618 = PRESENTATION_STYLE_ASSIGNMENT( ( #1321 ) );
#619 = ADVANCED_FACE( '', ( #1322 ), #1323, .F. );
#620 = PRESENTATION_STYLE_ASSIGNMENT( ( #1324 ) );
#621 = ADVANCED_FACE( '', ( #1325, #1326 ), #1327, .F. );
#622 = PRESENTATION_STYLE_ASSIGNMENT( ( #1328 ) );
#623 = ADVANCED_FACE( '', ( #1329 ), #1330, .F. );
#624 = PRESENTATION_STYLE_ASSIGNMENT( ( #1331 ) );
#625 = ADVANCED_FACE( '', ( #1332 ), #1333, .F. );
#626 = PRESENTATION_STYLE_ASSIGNMENT( ( #1334 ) );
#627 = ADVANCED_FACE( '', ( #1335 ), #1336, .T. );
#628 = PRESENTATION_STYLE_ASSIGNMENT( ( #1337 ) );
#629 = ADVANCED_FACE( '', ( #1338 ), #1339, .F. );
#630 = PRESENTATION_STYLE_ASSIGNMENT( ( #1340 ) );
#631 = ADVANCED_FACE( '', ( #1341 ), #1342, .T. );
#632 = PRESENTATION_STYLE_ASSIGNMENT( ( #1343 ) );
#633 = ADVANCED_FACE( '', ( #1344 ), #1345, .T. );
#634 = PRESENTATION_STYLE_ASSIGNMENT( ( #1346 ) );
#635 = ADVANCED_FACE( '', ( #1347 ), #1348, .T. );
#636 = PRESENTATION_STYLE_ASSIGNMENT( ( #1349 ) );
#637 = ADVANCED_FACE( '', ( #1350 ), #1351, .F. );
#638 = PRESENTATION_STYLE_ASSIGNMENT( ( #1352 ) );
#639 = ADVANCED_FACE( '', ( #1353 ), #1354, .F. );
#640 = PRESENTATION_STYLE_ASSIGNMENT( ( #1355 ) );
#641 = ADVANCED_FACE( '', ( #1356 ), #1357, .T. );
#642 = PRESENTATION_STYLE_ASSIGNMENT( ( #1358 ) );
#643 = ADVANCED_FACE( '', ( #1359 ), #1360, .T. );
#644 = PRESENTATION_STYLE_ASSIGNMENT( ( #1361 ) );
#645 = ADVANCED_FACE( '', ( #1362 ), #1363, .T. );
#646 = PRESENTATION_STYLE_ASSIGNMENT( ( #1364 ) );
#647 = ADVANCED_FACE( '', ( #1365 ), #1366, .F. );
#648 = PRESENTATION_STYLE_ASSIGNMENT( ( #1367 ) );
#649 = ADVANCED_FACE( '', ( #1368 ), #1369, .T. );
#650 = PRESENTATION_STYLE_ASSIGNMENT( ( #1370 ) );
#651 = ADVANCED_FACE( '', ( #1371 ), #1372, .F. );
#652 = PRESENTATION_STYLE_ASSIGNMENT( ( #1373 ) );
#653 = ADVANCED_FACE( '', ( #1374 ), #1375, .F. );
#654 = PRESENTATION_STYLE_ASSIGNMENT( ( #1376 ) );
#655 = ADVANCED_FACE( '', ( #1377 ), #1378, .T. );
#656 = PRESENTATION_STYLE_ASSIGNMENT( ( #1379 ) );
#657 = ADVANCED_FACE( '', ( #1380 ), #1381, .F. );
#658 = PRESENTATION_STYLE_ASSIGNMENT( ( #1382 ) );
#659 = ADVANCED_FACE( '', ( #1383 ), #1384, .T. );
#660 = PRESENTATION_STYLE_ASSIGNMENT( ( #1385 ) );
#661 = ADVANCED_FACE( '', ( #1386 ), #1387, .F. );
#662 = PRESENTATION_STYLE_ASSIGNMENT( ( #1388 ) );
#663 = ADVANCED_FACE( '', ( #1389 ), #1390, .F. );
#664 = PRESENTATION_STYLE_ASSIGNMENT( ( #1391 ) );
#665 = ADVANCED_FACE( '', ( #1392 ), #1393, .F. );
#666 = PRESENTATION_STYLE_ASSIGNMENT( ( #1394 ) );
#667 = ADVANCED_FACE( '', ( #1395 ), #1396, .T. );
#668 = PRESENTATION_STYLE_ASSIGNMENT( ( #1397 ) );
#669 = ADVANCED_FACE( '', ( #1398, #1399 ), #1400, .T. );
#670 = PRESENTATION_STYLE_ASSIGNMENT( ( #1401 ) );
#671 = ADVANCED_FACE( '', ( #1402 ), #1403, .F. );
#672 = PRESENTATION_STYLE_ASSIGNMENT( ( #1404 ) );
#673 = ADVANCED_FACE( '', ( #1405 ), #1406, .F. );
#674 = PRESENTATION_STYLE_ASSIGNMENT( ( #1407 ) );
#675 = ADVANCED_FACE( '', ( #1408 ), #1409, .F. );
#676 = PRESENTATION_STYLE_ASSIGNMENT( ( #1410 ) );
#677 = ADVANCED_FACE( '', ( #1411 ), #1412, .F. );
#678 = PRESENTATION_STYLE_ASSIGNMENT( ( #1413 ) );
#679 = ADVANCED_FACE( '', ( #1414 ), #1415, .F. );
#680 = PRESENTATION_STYLE_ASSIGNMENT( ( #1416 ) );
#681 = ADVANCED_FACE( '', ( #1417 ), #1418, .F. );
#682 = PRESENTATION_STYLE_ASSIGNMENT( ( #1419 ) );
#683 = ADVANCED_FACE( '', ( #1420 ), #1421, .F. );
#684 = PRESENTATION_STYLE_ASSIGNMENT( ( #1422 ) );
#685 = ADVANCED_FACE( '', ( #1423 ), #1424, .F. );
#686 = PRESENTATION_STYLE_ASSIGNMENT( ( #1425 ) );
#687 = ADVANCED_FACE( '', ( #1426 ), #1427, .T. );
#688 = PRESENTATION_STYLE_ASSIGNMENT( ( #1428 ) );
#689 = ADVANCED_FACE( '', ( #1429 ), #1430, .F. );
#690 = PRESENTATION_STYLE_ASSIGNMENT( ( #1431 ) );
#691 = ADVANCED_FACE( '', ( #1432 ), #1433, .T. );
#692 = PRESENTATION_STYLE_ASSIGNMENT( ( #1434 ) );
#693 = ADVANCED_FACE( '', ( #1435 ), #1436, .F. );
#694 = PRESENTATION_STYLE_ASSIGNMENT( ( #1437 ) );
#695 = ADVANCED_FACE( '', ( #1438 ), #1439, .T. );
#696 = PRESENTATION_STYLE_ASSIGNMENT( ( #1440 ) );
#697 = ADVANCED_FACE( '', ( #1441 ), #1442, .F. );
#698 = PRESENTATION_STYLE_ASSIGNMENT( ( #1443 ) );
#699 = ADVANCED_FACE( '', ( #1444, #1445 ), #1446, .F. );
#700 = PRESENTATION_STYLE_ASSIGNMENT( ( #1447 ) );
#701 = ADVANCED_FACE( '', ( #1448 ), #1449, .F. );
#702 = PRESENTATION_STYLE_ASSIGNMENT( ( #1450 ) );
#703 = ADVANCED_FACE( '', ( #1451 ), #1452, .F. );
#704 = PRESENTATION_STYLE_ASSIGNMENT( ( #1453 ) );
#705 = ADVANCED_FACE( '', ( #1454 ), #1455, .F. );
#706 = PRESENTATION_STYLE_ASSIGNMENT( ( #1456 ) );
#707 = ADVANCED_FACE( '', ( #1457 ), #1458, .F. );
#708 = PRESENTATION_STYLE_ASSIGNMENT( ( #1459 ) );
#709 = ADVANCED_FACE( '', ( #1460 ), #1461, .F. );
#710 = PRESENTATION_STYLE_ASSIGNMENT( ( #1462 ) );
#711 = ADVANCED_FACE( '', ( #1463, #1464, #1465, #1466, #1467, #1468, #1469, #1470, #1471, #1472, #1473, #1474 ), #1475, .F. );
#712 = PRESENTATION_STYLE_ASSIGNMENT( ( #1476 ) );
#713 = ADVANCED_FACE( '', ( #1477 ), #1478, .F. );
#714 = PRESENTATION_STYLE_ASSIGNMENT( ( #1479 ) );
#715 = ADVANCED_FACE( '', ( #1480 ), #1481, .F. );
#716 = PRESENTATION_STYLE_ASSIGNMENT( ( #1482 ) );
#717 = ADVANCED_FACE( '', ( #1483 ), #1484, .F. );
#718 = PRESENTATION_STYLE_ASSIGNMENT( ( #1485 ) );
#719 = ADVANCED_FACE( '', ( #1486 ), #1487, .T. );
#720 = PRESENTATION_STYLE_ASSIGNMENT( ( #1488 ) );
#721 = ADVANCED_FACE( '', ( #1489, #1490 ), #1491, .F. );
#722 = PRESENTATION_STYLE_ASSIGNMENT( ( #1492 ) );
#723 = ADVANCED_FACE( '', ( #1493 ), #1494, .T. );
#724 = PRESENTATION_STYLE_ASSIGNMENT( ( #1495 ) );
#725 = ADVANCED_FACE( '', ( #1496 ), #1497, .F. );
#726 = PRESENTATION_STYLE_ASSIGNMENT( ( #1498 ) );
#727 = ADVANCED_FACE( '', ( #1499 ), #1500, .F. );
#728 = PRESENTATION_STYLE_ASSIGNMENT( ( #1501 ) );
#729 = ADVANCED_FACE( '', ( #1502 ), #1503, .F. );
#730 = PRESENTATION_STYLE_ASSIGNMENT( ( #1504 ) );
#731 = ADVANCED_FACE( '', ( #1505, #1506 ), #1507, .F. );
#732 = PRESENTATION_STYLE_ASSIGNMENT( ( #1508 ) );
#733 = ADVANCED_FACE( '', ( #1509 ), #1510, .F. );
#734 = PRESENTATION_STYLE_ASSIGNMENT( ( #1511 ) );
#735 = ADVANCED_FACE( '', ( #1512 ), #1513, .F. );
#736 = PRESENTATION_STYLE_ASSIGNMENT( ( #1514 ) );
#737 = ADVANCED_FACE( '', ( #1515, #1516 ), #1517, .F. );
#738 = PRESENTATION_STYLE_ASSIGNMENT( ( #1518 ) );
#739 = ADVANCED_FACE( '', ( #1519 ), #1520, .F. );
#740 = PRESENTATION_STYLE_ASSIGNMENT( ( #1521 ) );
#741 = ADVANCED_FACE( '', ( #1522 ), #1523, .F. );
#742 = PRESENTATION_STYLE_ASSIGNMENT( ( #1524 ) );
#743 = ADVANCED_FACE( '', ( #1525 ), #1526, .T. );
#744 = PRESENTATION_STYLE_ASSIGNMENT( ( #1527 ) );
#745 = ADVANCED_FACE( '', ( #1528 ), #1529, .T. );
#746 = PRESENTATION_STYLE_ASSIGNMENT( ( #1530 ) );
#747 = ADVANCED_FACE( '', ( #1531 ), #1532, .F. );
#748 = PRESENTATION_STYLE_ASSIGNMENT( ( #1533 ) );
#749 = ADVANCED_FACE( '', ( #1534, #1535 ), #1536, .F. );
#750 = PRESENTATION_STYLE_ASSIGNMENT( ( #1537 ) );
#751 = ADVANCED_FACE( '', ( #1538 ), #1539, .F. );
#752 = PRESENTATION_STYLE_ASSIGNMENT( ( #1540 ) );
#753 = ADVANCED_FACE( '', ( #1541 ), #1542, .F. );
#754 = PRESENTATION_STYLE_ASSIGNMENT( ( #1543 ) );
#755 = ADVANCED_FACE( '', ( #1544, #1545 ), #1546, .F. );
#756 = PRESENTATION_STYLE_ASSIGNMENT( ( #1547 ) );
#757 = ADVANCED_FACE( '', ( #1548 ), #1549, .T. );
#758 = PRODUCT( '1', '1', 'PART-1-DESC', ( #1550 ) );
#759 = PRODUCT_DEFINITION( 'NONE', 'NONE', #1551, #2 );
#760 = MANIFOLD_SOLID_BREP( '1', #1552 );
#761 = AXIS2_PLACEMENT_3D( '', #1553, #1554, #1555 );
#764 = LENGTH_MEASURE_WITH_UNIT( LENGTH_MEASURE( 1.00000000000000 ), #1556 );
#767 = DIMENSIONAL_EXPONENTS( 1.00000000000000, 0.000000000000000, 0.000000000000000, 0.000000000000000, 0.000000000000000, 0.000000000000000, 0.000000000000000 );
#769 = DIMENSIONAL_EXPONENTS( 0.000000000000000, 0.000000000000000, 0.000000000000000, 0.000000000000000, 0.000000000000000, 0.000000000000000, 0.000000000000000 );
#775 = SURFACE_STYLE_USAGE( .BOTH., #1557 );
#776 = FACE_OUTER_BOUND( '', #1558, .T. );
#777 = FACE_OUTER_BOUND( '', #1559, .T. );
#778 = CYLINDRICAL_SURFACE( '', #1560, 2.30000000000000 );
#779 = SURFACE_STYLE_USAGE( .BOTH., #1561 );
#780 = FACE_OUTER_BOUND( '', #1562, .T. );
#781 = PLANE( '', #1563 );
#782 = SURFACE_STYLE_USAGE( .BOTH., #1564 );
#783 = FACE_OUTER_BOUND( '', #1565, .T. );
#784 = PLANE( '', #1566 );
#785 = SURFACE_STYLE_USAGE( .BOTH., #1567 );
#786 = FACE_OUTER_BOUND( '', #1568, .T. );
#787 = PLANE( '', #1569 );
#788 = SURFACE_STYLE_USAGE( .BOTH., #1570 );
#789 = FACE_OUTER_BOUND( '', #1571, .T. );
#790 = PLANE( '', #1572 );
#791 = SURFACE_STYLE_USAGE( .BOTH., #1573 );
#792 = FACE_OUTER_BOUND( '', #1574, .T. );
#793 = PLANE( '', #1575 );
#794 = SURFACE_STYLE_USAGE( .BOTH., #1576 );
#795 = FACE_BOUND( '', #1577, .T. );
#796 = FACE_OUTER_BOUND( '', #1578, .T. );
#797 = CONICAL_SURFACE( '', #1579, 1.85000000000000, 0.0309795942228993 );
#798 = SURFACE_STYLE_USAGE( .BOTH., #1580 );
#799 = FACE_OUTER_BOUND( '', #1581, .T. );
#800 = PLANE( '', #1582 );
#801 = SURFACE_STYLE_USAGE( .BOTH., #1583 );
#802 = FACE_OUTER_BOUND( '', #1584, .T. );
#803 = PLANE( '', #1585 );
#804 = SURFACE_STYLE_USAGE( .BOTH., #1586 );
#805 = FACE_OUTER_BOUND( '', #1587, .T. );
#806 = PLANE( '', #1588 );
#807 = SURFACE_STYLE_USAGE( .BOTH., #1589 );
#808 = FACE_OUTER_BOUND( '', #1590, .T. );
#809 = PLANE( '', #1591 );
#810 = SURFACE_STYLE_USAGE( .BOTH., #1592 );
#811 = FACE_OUTER_BOUND( '', #1593, .T. );
#812 = PLANE( '', #1594 );
#813 = SURFACE_STYLE_USAGE( .BOTH., #1595 );
#814 = FACE_OUTER_BOUND( '', #1596, .T. );
#815 = PLANE( '', #1597 );
#816 = SURFACE_STYLE_USAGE( .BOTH., #1598 );
#817 = FACE_OUTER_BOUND( '', #1599, .T. );
#818 = PLANE( '', #1600 );
#819 = SURFACE_STYLE_USAGE( .BOTH., #1601 );
#820 = FACE_OUTER_BOUND( '', #1602, .T. );
#821 = PLANE( '', #1603 );
#822 = SURFACE_STYLE_USAGE( .BOTH., #1604 );
#823 = FACE_OUTER_BOUND( '', #1605, .T. );
#824 = PLANE( '', #1606 );
#825 = SURFACE_STYLE_USAGE( .BOTH., #1607 );
#826 = FACE_BOUND( '', #1608, .T. );
#827 = FACE_OUTER_BOUND( '', #1609, .T. );
#828 = CONICAL_SURFACE( '', #1610, 1.85000000000000, 0.0309795942228993 );
#829 = SURFACE_STYLE_USAGE( .BOTH., #1611 );
#830 = FACE_OUTER_BOUND( '', #1612, .T. );
#831 = PLANE( '', #1613 );
#832 = SURFACE_STYLE_USAGE( .BOTH., #1614 );
#833 = FACE_OUTER_BOUND( '', #1615, .T. );
#834 = PLANE( '', #1616 );
#835 = SURFACE_STYLE_USAGE( .BOTH., #1617 );
#836 = FACE_OUTER_BOUND( '', #1618, .T. );
#837 = PLANE( '', #1619 );
#838 = SURFACE_STYLE_USAGE( .BOTH., #1620 );
#839 = FACE_OUTER_BOUND( '', #1621, .T. );
#840 = PLANE( '', #1622 );
#841 = SURFACE_STYLE_USAGE( .BOTH., #1623 );
#842 = FACE_OUTER_BOUND( '', #1624, .T. );
#843 = PLANE( '', #1625 );
#844 = SURFACE_STYLE_USAGE( .BOTH., #1626 );
#845 = FACE_OUTER_BOUND( '', #1627, .T. );
#846 = PLANE( '', #1628 );
#847 = SURFACE_STYLE_USAGE( .BOTH., #1629 );
#848 = FACE_OUTER_BOUND( '', #1630, .T. );
#849 = PLANE( '', #1631 );
#850 = SURFACE_STYLE_USAGE( .BOTH., #1632 );
#851 = FACE_OUTER_BOUND( '', #1633, .T. );
#852 = PLANE( '', #1634 );
#853 = SURFACE_STYLE_USAGE( .BOTH., #1635 );
#854 = FACE_OUTER_BOUND( '', #1636, .T. );
#855 = PLANE( '', #1637 );
#856 = SURFACE_STYLE_USAGE( .BOTH., #1638 );
#857 = FACE_OUTER_BOUND( '', #1639, .T. );
#858 = PLANE( '', #1640 );
#859 = SURFACE_STYLE_USAGE( .BOTH., #1641 );
#860 = FACE_OUTER_BOUND( '', #1642, .T. );
#861 = PLANE( '', #1643 );
#862 = SURFACE_STYLE_USAGE( .BOTH., #1644 );
#863 = FACE_OUTER_BOUND( '', #1645, .T. );
#864 = PLANE( '', #1646 );
#865 = SURFACE_STYLE_USAGE( .BOTH., #1647 );
#866 = FACE_OUTER_BOUND( '', #1648, .T. );
#867 = PLANE( '', #1649 );
#868 = SURFACE_STYLE_USAGE( .BOTH., #1650 );
#869 = FACE_OUTER_BOUND( '', #1651, .T. );
#870 = CYLINDRICAL_SURFACE( '', #1652, 1.85000000000000 );
#871 = SURFACE_STYLE_USAGE( .BOTH., #1653 );
#872 = FACE_OUTER_BOUND( '', #1654, .T. );
#873 = PLANE( '', #1655 );
#874 = SURFACE_STYLE_USAGE( .BOTH., #1656 );
#875 = FACE_OUTER_BOUND( '', #1657, .T. );
#876 = PLANE( '', #1658 );
#877 = SURFACE_STYLE_USAGE( .BOTH., #1659 );
#878 = FACE_OUTER_BOUND( '', #1660, .T. );
#879 = PLANE( '', #1661 );
#880 = SURFACE_STYLE_USAGE( .BOTH., #1662 );
#881 = FACE_OUTER_BOUND( '', #1663, .T. );
#882 = PLANE( '', #1664 );
#883 = SURFACE_STYLE_USAGE( .BOTH., #1665 );
#884 = FACE_OUTER_BOUND( '', #1666, .T. );
#885 = CYLINDRICAL_SURFACE( '', #1667, 0.240000000000000 );
#886 = SURFACE_STYLE_USAGE( .BOTH., #1668 );
#887 = FACE_OUTER_BOUND( '', #1669, .T. );
#888 = PLANE( '', #1670 );
#889 = SURFACE_STYLE_USAGE( .BOTH., #1671 );
#890 = FACE_OUTER_BOUND( '', #1672, .T. );
#891 = PLANE( '', #1673 );
#892 = SURFACE_STYLE_USAGE( .BOTH., #1674 );
#893 = FACE_OUTER_BOUND( '', #1675, .T. );
#894 = PLANE( '', #1676 );
#895 = SURFACE_STYLE_USAGE( .BOTH., #1677 );
#896 = FACE_OUTER_BOUND( '', #1678, .T. );
#897 = FACE_BOUND( '', #1679, .T. );
#898 = CYLINDRICAL_SURFACE( '', #1680, 57.6000000000000 );
#899 = SURFACE_STYLE_USAGE( .BOTH., #1681 );
#900 = FACE_OUTER_BOUND( '', #1682, .T. );
#901 = PLANE( '', #1683 );
#902 = SURFACE_STYLE_USAGE( .BOTH., #1684 );
#903 = FACE_OUTER_BOUND( '', #1685, .T. );
#904 = FACE_OUTER_BOUND( '', #1686, .T. );
#905 = CYLINDRICAL_SURFACE( '', #1687, 2.30000000000000 );
#906 = SURFACE_STYLE_USAGE( .BOTH., #1688 );
#907 = FACE_OUTER_BOUND( '', #1689, .T. );
#908 = CYLINDRICAL_SURFACE( '', #1690, 0.240000000000000 );
#909 = SURFACE_STYLE_USAGE( .BOTH., #1691 );
#910 = FACE_OUTER_BOUND( '', #1692, .T. );
#911 = PLANE( '', #1693 );
#912 = SURFACE_STYLE_USAGE( .BOTH., #1694 );
#913 = FACE_OUTER_BOUND( '', #1695, .T. );
#914 = PLANE( '', #1696 );
#915 = SURFACE_STYLE_USAGE( .BOTH., #1697 );
#916 = FACE_OUTER_BOUND( '', #1698, .T. );
#917 = PLANE( '', #1699 );
#918 = SURFACE_STYLE_USAGE( .BOTH., #1700 );
#919 = FACE_OUTER_BOUND( '', #1701, .T. );
#920 = PLANE( '', #1702 );
#921 = SURFACE_STYLE_USAGE( .BOTH., #1703 );
#922 = FACE_OUTER_BOUND( '', #1704, .T. );
#923 = PLANE( '', #1705 );
#924 = SURFACE_STYLE_USAGE( .BOTH., #1706 );
#925 = FACE_OUTER_BOUND( '', #1707, .T. );
#926 = PLANE( '', #1708 );
#927 = SURFACE_STYLE_USAGE( .BOTH., #1709 );
#928 = FACE_OUTER_BOUND( '', #1710, .T. );
#929 = PLANE( '', #1711 );
#930 = SURFACE_STYLE_USAGE( .BOTH., #1712 );
#931 = FACE_OUTER_BOUND( '', #1713, .T. );
#932 = PLANE( '', #1714 );
#933 = SURFACE_STYLE_USAGE( .BOTH., #1715 );
#934 = FACE_OUTER_BOUND( '', #1716, .T. );
#935 = PLANE( '', #1717 );
#936 = SURFACE_STYLE_USAGE( .BOTH., #1718 );
#937 = FACE_OUTER_BOUND( '', #1719, .T. );
#938 = FACE_OUTER_BOUND( '', #1720, .T. );
#939 = CYLINDRICAL_SURFACE( '', #1721, 2.30000000000000 );
#940 = SURFACE_STYLE_USAGE( .BOTH., #1722 );
#941 = FACE_OUTER_BOUND( '', #1723, .T. );
#942 = PLANE( '', #1724 );
#943 = SURFACE_STYLE_USAGE( .BOTH., #1725 );
#944 = FACE_OUTER_BOUND( '', #1726, .T. );
#945 = PLANE( '', #1727 );
#946 = SURFACE_STYLE_USAGE( .BOTH., #1728 );
#947 = FACE_OUTER_BOUND( '', #1729, .T. );
#948 = PLANE( '', #1730 );
#949 = SURFACE_STYLE_USAGE( .BOTH., #1731 );
#950 = FACE_OUTER_BOUND( '', #1732, .T. );
#951 = PLANE( '', #1733 );
#952 = SURFACE_STYLE_USAGE( .BOTH., #1734 );
#953 = FACE_OUTER_BOUND( '', #1735, .T. );
#954 = FACE_BOUND( '', #1736, .T. );
#955 = CYLINDRICAL_SURFACE( '', #1737, 57.6000000000000 );
#956 = SURFACE_STYLE_USAGE( .BOTH., #1738 );
#957 = FACE_BOUND( '', #1739, .T. );
#958 = FACE_OUTER_BOUND( '', #1740, .T. );
#959 = CONICAL_SURFACE( '', #1741, 1.85000000000000, 0.0309795942228993 );
#960 = SURFACE_STYLE_USAGE( .BOTH., #1742 );
#961 = FACE_OUTER_BOUND( '', #1743, .T. );
#962 = PLANE( '', #1744 );
#963 = SURFACE_STYLE_USAGE( .BOTH., #1745 );
#964 = FACE_OUTER_BOUND( '', #1746, .T. );
#965 = PLANE( '', #1747 );
#966 = SURFACE_STYLE_USAGE( .BOTH., #1748 );
#967 = FACE_OUTER_BOUND( '', #1749, .T. );
#968 = PLANE( '', #1750 );
#969 = SURFACE_STYLE_USAGE( .BOTH., #1751 );
#970 = FACE_OUTER_BOUND( '', #1752, .T. );
#971 = PLANE( '', #1753 );
#972 = SURFACE_STYLE_USAGE( .BOTH., #1754 );
#973 = FACE_OUTER_BOUND( '', #1755, .T. );
#974 = PLANE( '', #1756 );
#975 = SURFACE_STYLE_USAGE( .BOTH., #1757 );
#976 = FACE_OUTER_BOUND( '', #1758, .T. );
#977 = PLANE( '', #1759 );
#978 = SURFACE_STYLE_USAGE( .BOTH., #1760 );
#979 = FACE_OUTER_BOUND( '', #1761, .T. );
#980 = FACE_BOUND( '', #1762, .T. );
#981 = PLANE( '', #1763 );
#982 = SURFACE_STYLE_USAGE( .BOTH., #1764 );
#983 = FACE_OUTER_BOUND( '', #1765, .T. );
#984 = CYLINDRICAL_SURFACE( '', #1766, 1.85000000000000 );
#985 = SURFACE_STYLE_USAGE( .BOTH., #1767 );
#986 = FACE_OUTER_BOUND( '', #1768, .T. );
#987 = FACE_BOUND( '', #1769, .T. );
#988 = CYLINDRICAL_SURFACE( '', #1770, 57.6000000000000 );
#989 = SURFACE_STYLE_USAGE( .BOTH., #1771 );
#990 = FACE_OUTER_BOUND( '', #1772, .T. );
#991 = PLANE( '', #1773 );
#992 = SURFACE_STYLE_USAGE( .BOTH., #1774 );
#993 = FACE_OUTER_BOUND( '', #1775, .T. );
#994 = PLANE( '', #1776 );
#995 = SURFACE_STYLE_USAGE( .BOTH., #1777 );
#996 = FACE_OUTER_BOUND( '', #1778, .T. );
#997 = PLANE( '', #1779 );
#998 = SURFACE_STYLE_USAGE( .BOTH., #1780 );
#999 = FACE_OUTER_BOUND( '', #1781, .T. );
#1000 = PLANE( '', #1782 );
#1001 = SURFACE_STYLE_USAGE( .BOTH., #1783 );
#1002 = FACE_OUTER_BOUND( '', #1784, .T. );
#1003 = PLANE( '', #1785 );
#1004 = SURFACE_STYLE_USAGE( .BOTH., #1786 );
#1005 = FACE_OUTER_BOUND( '', #1787, .T. );
#1006 = PLANE( '', #1788 );
#1007 = SURFACE_STYLE_USAGE( .BOTH., #1789 );
#1008 = FACE_OUTER_BOUND( '', #1790, .T. );
#1009 = PLANE( '', #1791 );
#1010 = SURFACE_STYLE_USAGE( .BOTH., #1792 );
#1011 = FACE_OUTER_BOUND( '', #1793, .T. );
#1012 = PLANE( '', #1794 );
#1013 = SURFACE_STYLE_USAGE( .BOTH., #1795 );
#1014 = FACE_OUTER_BOUND( '', #1796, .T. );
#1015 = PLANE( '', #1797 );
#1016 = SURFACE_STYLE_USAGE( .BOTH., #1798 );
#1017 = FACE_OUTER_BOUND( '', #1799, .T. );
#1018 = PLANE( '', #1800 );
#1019 = SURFACE_STYLE_USAGE( .BOTH., #1801 );
#1020 = FACE_OUTER_BOUND( '', #1802, .T. );
#1021 = PLANE( '', #1803 );
#1022 = SURFACE_STYLE_USAGE( .BOTH., #1804 );
#1023 = FACE_OUTER_BOUND( '', #1805, .T. );
#1024 = PLANE( '', #1806 );
#1025 = SURFACE_STYLE_USAGE( .BOTH., #1807 );
#1026 = FACE_OUTER_BOUND( '', #1808, .T. );
#1027 = PLANE( '', #1809 );
#1028 = SURFACE_STYLE_USAGE( .BOTH., #1810 );
#1029 = FACE_OUTER_BOUND( '', #1811, .T. );
#1030 = PLANE( '', #1812 );
#1031 = SURFACE_STYLE_USAGE( .BOTH., #1813 );
#1032 = FACE_OUTER_BOUND( '', #1814, .T. );
#1033 = CYLINDRICAL_SURFACE( '', #1815, 1.85000000000000 );
#1034 = SURFACE_STYLE_USAGE( .BOTH., #1816 );
#1035 = FACE_OUTER_BOUND( '', #1817, .T. );
#1036 = PLANE( '', #1818 );
#1037 = SURFACE_STYLE_USAGE( .BOTH., #1819 );
#1038 = FACE_OUTER_BOUND( '', #1820, .T. );
#1039 = PLANE( '', #1821 );
#1040 = SURFACE_STYLE_USAGE( .BOTH., #1822 );
#1041 = FACE_OUTER_BOUND( '', #1823, .T. );
#1042 = PLANE( '', #1824 );
#1043 = SURFACE_STYLE_USAGE( .BOTH., #1825 );
#1044 = FACE_OUTER_BOUND( '', #1826, .T. );
#1045 = PLANE( '', #1827 );
#1046 = SURFACE_STYLE_USAGE( .BOTH., #1828 );
#1047 = FACE_OUTER_BOUND( '', #1829, .T. );
#1048 = FACE_BOUND( '', #1830, .T. );
#1049 = PLANE( '', #1831 );
#1050 = SURFACE_STYLE_USAGE( .BOTH., #1832 );
#1051 = FACE_OUTER_BOUND( '', #1833, .T. );
#1052 = PLANE( '', #1834 );
#1053 = SURFACE_STYLE_USAGE( .BOTH., #1835 );
#1054 = FACE_OUTER_BOUND( '', #1836, .T. );
#1055 = PLANE( '', #1837 );
#1056 = SURFACE_STYLE_USAGE( .BOTH., #1838 );
#1057 = FACE_OUTER_BOUND( '', #1839, .T. );
#1058 = PLANE( '', #1840 );
#1059 = SURFACE_STYLE_USAGE( .BOTH., #1841 );
#1060 = FACE_OUTER_BOUND( '', #1842, .T. );
#1061 = PLANE( '', #1843 );
#1062 = SURFACE_STYLE_USAGE( .BOTH., #1844 );
#1063 = FACE_OUTER_BOUND( '', #1845, .T. );
#1064 = PLANE( '', #1846 );
#1065 = SURFACE_STYLE_USAGE( .BOTH., #1847 );
#1066 = FACE_OUTER_BOUND( '', #1848, .T. );
#1067 = PLANE( '', #1849 );
#1068 = SURFACE_STYLE_USAGE( .BOTH., #1850 );
#1069 = FACE_OUTER_BOUND( '', #1851, .T. );
#1070 = PLANE( '', #1852 );
#1071 = SURFACE_STYLE_USAGE( .BOTH., #1853 );
#1072 = FACE_OUTER_BOUND( '', #1854, .T. );
#1073 = PLANE( '', #1855 );
#1074 = SURFACE_STYLE_USAGE( .BOTH., #1856 );
#1075 = FACE_OUTER_BOUND( '', #1857, .T. );
#1076 = PLANE( '', #1858 );
#1077 = SURFACE_STYLE_USAGE( .BOTH., #1859 );
#1078 = FACE_BOUND( '', #1860, .T. );
#1079 = FACE_OUTER_BOUND( '', #1861, .T. );
#1080 = CONICAL_SURFACE( '', #1862, 1.85000000000000, 0.0309795942228993 );
#1081 = SURFACE_STYLE_USAGE( .BOTH., #1863 );
#1082 = FACE_OUTER_BOUND( '', #1864, .T. );
#1083 = PLANE( '', #1865 );
#1084 = SURFACE_STYLE_USAGE( .BOTH., #1866 );
#1085 = FACE_OUTER_BOUND( '', #1867, .T. );
#1086 = CYLINDRICAL_SURFACE( '', #1868, 0.240000000000000 );
#1087 = SURFACE_STYLE_USAGE( .BOTH., #1869 );
#1088 = FACE_OUTER_BOUND( '', #1870, .T. );
#1089 = PLANE( '', #1871 );
#1090 = SURFACE_STYLE_USAGE( .BOTH., #1872 );
#1091 = FACE_OUTER_BOUND( '', #1873, .T. );
#1092 = PLANE( '', #1874 );
#1093 = SURFACE_STYLE_USAGE( .BOTH., #1875 );
#1094 = FACE_OUTER_BOUND( '', #1876, .T. );
#1095 = PLANE( '', #1877 );
#1096 = SURFACE_STYLE_USAGE( .BOTH., #1878 );
#1097 = FACE_OUTER_BOUND( '', #1879, .T. );
#1098 = PLANE( '', #1880 );
#1099 = SURFACE_STYLE_USAGE( .BOTH., #1881 );
#1100 = FACE_OUTER_BOUND( '', #1882, .T. );
#1101 = PLANE( '', #1883 );
#1102 = SURFACE_STYLE_USAGE( .BOTH., #1884 );
#1103 = FACE_OUTER_BOUND( '', #1885, .T. );
#1104 = PLANE( '', #1886 );
#1105 = SURFACE_STYLE_USAGE( .BOTH., #1887 );
#1106 = FACE_OUTER_BOUND( '', #1888, .T. );
#1107 = PLANE( '', #1889 );
#1108 = SURFACE_STYLE_USAGE( .BOTH., #1890 );
#1109 = FACE_OUTER_BOUND( '', #1891, .T. );
#1110 = PLANE( '', #1892 );
#1111 = SURFACE_STYLE_USAGE( .BOTH., #1893 );
#1112 = FACE_OUTER_BOUND( '', #1894, .T. );
#1113 = PLANE( '', #1895 );
#1114 = SURFACE_STYLE_USAGE( .BOTH., #1896 );
#1115 = FACE_OUTER_BOUND( '', #1897, .T. );
#1116 = PLANE( '', #1898 );
#1117 = SURFACE_STYLE_USAGE( .BOTH., #1899 );
#1118 = FACE_OUTER_BOUND( '', #1900, .T. );
#1119 = PLANE( '', #1901 );
#1120 = SURFACE_STYLE_USAGE( .BOTH., #1902 );
#1121 = FACE_BOUND( '', #1903, .T. );
#1122 = FACE_OUTER_BOUND( '', #1904, .T. );
#1123 = CONICAL_SURFACE( '', #1905, 1.85000000000000, 0.0309795942228993 );
#1124 = SURFACE_STYLE_USAGE( .BOTH., #1906 );
#1125 = FACE_OUTER_BOUND( '', #1907, .T. );
#1126 = PLANE( '', #1908 );
#1127 = SURFACE_STYLE_USAGE( .BOTH., #1909 );
#1128 = FACE_OUTER_BOUND( '', #1910, .T. );
#1129 = PLANE( '', #1911 );
#1130 = SURFACE_STYLE_USAGE( .BOTH., #1912 );
#1131 = FACE_OUTER_BOUND( '', #1913, .T. );
#1132 = PLANE( '', #1914 );
#1133 = SURFACE_STYLE_USAGE( .BOTH., #1915 );
#1134 = FACE_OUTER_BOUND( '', #1916, .T. );
#1135 = PLANE( '', #1917 );
#1136 = SURFACE_STYLE_USAGE( .BOTH., #1918 );
#1137 = FACE_OUTER_BOUND( '', #1919, .T. );
#1138 = PLANE( '', #1920 );
#1139 = SURFACE_STYLE_USAGE( .BOTH., #1921 );
#1140 = FACE_OUTER_BOUND( '', #1922, .T. );
#1141 = PLANE( '', #1923 );
#1142 = SURFACE_STYLE_USAGE( .BOTH., #1924 );
#1143 = FACE_OUTER_BOUND( '', #1925, .T. );
#1144 = PLANE( '', #1926 );
#1145 = SURFACE_STYLE_USAGE( .BOTH., #1927 );
#1146 = FACE_OUTER_BOUND( '', #1928, .T. );
#1147 = PLANE( '', #1929 );
#1148 = SURFACE_STYLE_USAGE( .BOTH., #1930 );
#1149 = FACE_OUTER_BOUND( '', #1931, .T. );
#1150 = PLANE( '', #1932 );
#1151 = SURFACE_STYLE_USAGE( .BOTH., #1933 );
#1152 = FACE_OUTER_BOUND( '', #1934, .T. );
#1153 = PLANE( '', #1935 );
#1154 = SURFACE_STYLE_USAGE( .BOTH., #1936 );
#1155 = FACE_OUTER_BOUND( '', #1937, .T. );
#1156 = PLANE( '', #1938 );
#1157 = SURFACE_STYLE_USAGE( .BOTH., #1939 );
#1158 = FACE_OUTER_BOUND( '', #1940, .T. );
#1159 = PLANE( '', #1941 );
#1160 = SURFACE_STYLE_USAGE( .BOTH., #1942 );
#1161 = FACE_OUTER_BOUND( '', #1943, .T. );
#1162 = PLANE( '', #1944 );
#1163 = SURFACE_STYLE_USAGE( .BOTH., #1945 );
#1164 = FACE_OUTER_BOUND( '', #1946, .T. );
#1165 = PLANE( '', #1947 );
#1166 = SURFACE_STYLE_USAGE( .BOTH., #1948 );
#1167 = FACE_OUTER_BOUND( '', #1949, .T. );
#1168 = PLANE( '', #1950 );
#1169 = SURFACE_STYLE_USAGE( .BOTH., #1951 );
#1170 = FACE_OUTER_BOUND( '', #1952, .T. );
#1171 = FACE_OUTER_BOUND( '', #1953, .T. );
#1172 = CYLINDRICAL_SURFACE( '', #1954, 2.30000000000000 );
#1173 = SURFACE_STYLE_USAGE( .BOTH., #1955 );
#1174 = FACE_OUTER_BOUND( '', #1956, .T. );
#1175 = PLANE( '', #1957 );
#1176 = SURFACE_STYLE_USAGE( .BOTH., #1958 );
#1177 = FACE_OUTER_BOUND( '', #1959, .T. );
#1178 = PLANE( '', #1960 );
#1179 = SURFACE_STYLE_USAGE( .BOTH., #1961 );
#1180 = FACE_OUTER_BOUND( '', #1962, .T. );
#1181 = PLANE( '', #1963 );
#1182 = SURFACE_STYLE_USAGE( .BOTH., #1964 );
#1183 = FACE_OUTER_BOUND( '', #1965, .T. );
#1184 = PLANE( '', #1966 );
#1185 = SURFACE_STYLE_USAGE( .BOTH., #1967 );
#1186 = FACE_OUTER_BOUND( '', #1968, .T. );
#1187 = PLANE( '', #1969 );
#1188 = SURFACE_STYLE_USAGE( .BOTH., #1970 );
#1189 = FACE_OUTER_BOUND( '', #1971, .T. );
#1190 = PLANE( '', #1972 );
#1191 = SURFACE_STYLE_USAGE( .BOTH., #1973 );
#1192 = FACE_OUTER_BOUND( '', #1974, .T. );
#1193 = PLANE( '', #1975 );
#1194 = SURFACE_STYLE_USAGE( .BOTH., #1976 );
#1195 = FACE_OUTER_BOUND( '', #1977, .T. );
#1196 = CYLINDRICAL_SURFACE( '', #1978, 1.85000000000000 );
#1197 = SURFACE_STYLE_USAGE( .BOTH., #1979 );
#1198 = FACE_OUTER_BOUND( '', #1980, .T. );
#1199 = FACE_OUTER_BOUND( '', #1981, .T. );
#1200 = CYLINDRICAL_SURFACE( '', #1982, 2.30000000000000 );
#1201 = SURFACE_STYLE_USAGE( .BOTH., #1983 );
#1202 = FACE_OUTER_BOUND( '', #1984, .T. );
#1203 = PLANE( '', #1985 );
#1204 = SURFACE_STYLE_USAGE( .BOTH., #1986 );
#1205 = FACE_OUTER_BOUND( '', #1987, .T. );
#1206 = CYLINDRICAL_SURFACE( '', #1988, 0.240000000000000 );
#1207 = SURFACE_STYLE_USAGE( .BOTH., #1989 );
#1208 = FACE_OUTER_BOUND( '', #1990, .T. );
#1209 = CYLINDRICAL_SURFACE( '', #1991, 1.85000000000000 );
#1210 = SURFACE_STYLE_USAGE( .BOTH., #1992 );
#1211 = FACE_OUTER_BOUND( '', #1993, .T. );
#1212 = PLANE( '', #1994 );
#1213 = SURFACE_STYLE_USAGE( .BOTH., #1995 );
#1214 = FACE_OUTER_BOUND( '', #1996, .T. );
#1215 = PLANE( '', #1997 );
#1216 = SURFACE_STYLE_USAGE( .BOTH., #1998 );
#1217 = FACE_OUTER_BOUND( '', #1999, .T. );
#1218 = PLANE( '', #2000 );
#1219 = SURFACE_STYLE_USAGE( .BOTH., #2001 );
#1220 = FACE_OUTER_BOUND( '', #2002, .T. );
#1221 = CYLINDRICAL_SURFACE( '', #2003, 1.00000000000000 );
#1222 = SURFACE_STYLE_USAGE( .BOTH., #2004 );
#1223 = FACE_OUTER_BOUND( '', #2005, .T. );
#1224 = PLANE( '', #2006 );
#1225 = SURFACE_STYLE_USAGE( .BOTH., #2007 );
#1226 = FACE_OUTER_BOUND( '', #2008, .T. );
#1227 = PLANE( '', #2009 );
#1228 = SURFACE_STYLE_USAGE( .BOTH., #2010 );
#1229 = FACE_OUTER_BOUND( '', #2011, .T. );
#1230 = PLANE( '', #2012 );
#1231 = SURFACE_STYLE_USAGE( .BOTH., #2013 );
#1232 = FACE_OUTER_BOUND( '', #2014, .T. );
#1233 = PLANE( '', #2015 );
#1234 = SURFACE_STYLE_USAGE( .BOTH., #2016 );
#1235 = FACE_OUTER_BOUND( '', #2017, .T. );
#1236 = CYLINDRICAL_SURFACE( '', #2018, 0.240000000000000 );
#1237 = SURFACE_STYLE_USAGE( .BOTH., #2019 );
#1238 = FACE_OUTER_BOUND( '', #2020, .T. );
#1239 = PLANE( '', #2021 );
#1240 = SURFACE_STYLE_USAGE( .BOTH., #2022 );
#1241 = FACE_OUTER_BOUND( '', #2023, .T. );
#1242 = PLANE( '', #2024 );
#1243 = SURFACE_STYLE_USAGE( .BOTH., #2025 );
#1244 = FACE_OUTER_BOUND( '', #2026, .T. );
#1245 = PLANE( '', #2027 );
#1246 = SURFACE_STYLE_USAGE( .BOTH., #2028 );
#1247 = FACE_OUTER_BOUND( '', #2029, .T. );
#1248 = PLANE( '', #2030 );
#1249 = SURFACE_STYLE_USAGE( .BOTH., #2031 );
#1250 = FACE_OUTER_BOUND( '', #2032, .T. );
#1251 = PLANE( '', #2033 );
#1252 = SURFACE_STYLE_USAGE( .BOTH., #2034 );
#1253 = FACE_OUTER_BOUND( '', #2035, .T. );
#1254 = PLANE( '', #2036 );
#1255 = SURFACE_STYLE_USAGE( .BOTH., #2037 );
#1256 = FACE_OUTER_BOUND( '', #2038, .T. );
#1257 = PLANE( '', #2039 );
#1258 = SURFACE_STYLE_USAGE( .BOTH., #2040 );
#1259 = FACE_OUTER_BOUND( '', #2041, .T. );
#1260 = PLANE( '', #2042 );
#1261 = SURFACE_STYLE_USAGE( .BOTH., #2043 );
#1262 = FACE_OUTER_BOUND( '', #2044, .T. );
#1263 = CYLINDRICAL_SURFACE( '', #2045, 1.85000000000000 );
#1264 = SURFACE_STYLE_USAGE( .BOTH., #2046 );
#1265 = FACE_OUTER_BOUND( '', #2047, .T. );
#1266 = PLANE( '', #2048 );
#1267 = SURFACE_STYLE_USAGE( .BOTH., #2049 );
#1268 = FACE_BOUND( '', #2050, .T. );
#1269 = FACE_BOUND( '', #2051, .T. );
#1270 = FACE_BOUND( '', #2052, .T. );
#1271 = FACE_BOUND( '', #2053, .T. );
#1272 = FACE_BOUND( '', #2054, .T. );
#1273 = FACE_OUTER_BOUND( '', #2055, .T. );
#1274 = PLANE( '', #2056 );
#1275 = SURFACE_STYLE_USAGE( .BOTH., #2057 );
#1276 = FACE_OUTER_BOUND( '', #2058, .T. );
#1277 = PLANE( '', #2059 );
#1278 = SURFACE_STYLE_USAGE( .BOTH., #2060 );
#1279 = FACE_OUTER_BOUND( '', #2061, .T. );
#1280 = CYLINDRICAL_SURFACE( '', #2062, 1.85000000000000 );
#1281 = SURFACE_STYLE_USAGE( .BOTH., #2063 );
#1282 = FACE_OUTER_BOUND( '', #2064, .T. );
#1283 = PLANE( '', #2065 );
#1284 = SURFACE_STYLE_USAGE( .BOTH., #2066 );
#1285 = FACE_OUTER_BOUND( '', #2067, .T. );
#1286 = PLANE( '', #2068 );
#1287 = SURFACE_STYLE_USAGE( .BOTH., #2069 );
#1288 = FACE_OUTER_BOUND( '', #2070, .T. );
#1289 = PLANE( '', #2071 );
#1290 = SURFACE_STYLE_USAGE( .BOTH., #2072 );
#1291 = FACE_OUTER_BOUND( '', #2073, .T. );
#1292 = PLANE( '', #2074 );
#1293 = SURFACE_STYLE_USAGE( .BOTH., #2075 );
#1294 = FACE_OUTER_BOUND( '', #2076, .T. );
#1295 = PLANE( '', #2077 );
#1296 = SURFACE_STYLE_USAGE( .BOTH., #2078 );
#1297 = FACE_OUTER_BOUND( '', #2079, .T. );
#1298 = PLANE( '', #2080 );
#1299 = SURFACE_STYLE_USAGE( .BOTH., #2081 );
#1300 = FACE_OUTER_BOUND( '', #2082, .T. );
#1301 = PLANE( '', #2083 );
#1302 = SURFACE_STYLE_USAGE( .BOTH., #2084 );
#1303 = FACE_OUTER_BOUND( '', #2085, .T. );
#1304 = PLANE( '', #2086 );
#1305 = SURFACE_STYLE_USAGE( .BOTH., #2087 );
#1306 = FACE_OUTER_BOUND( '', #2088, .T. );
#1307 = PLANE( '', #2089 );
#1308 = SURFACE_STYLE_USAGE( .BOTH., #2090 );
#1309 = FACE_OUTER_BOUND( '', #2091, .T. );
#1310 = PLANE( '', #2092 );
#1311 = SURFACE_STYLE_USAGE( .BOTH., #2093 );
#1312 = FACE_OUTER_BOUND( '', #2094, .T. );
#1313 = CYLINDRICAL_SURFACE( '', #2095, 1.85000000000000 );
#1314 = SURFACE_STYLE_USAGE( .BOTH., #2096 );
#1315 = FACE_OUTER_BOUND( '', #2097, .T. );
#1316 = FACE_BOUND( '', #2098, .T. );
#1317 = PLANE( '', #2099 );
#1318 = SURFACE_STYLE_USAGE( .BOTH., #2100 );
#1319 = FACE_OUTER_BOUND( '', #2101, .T. );
#1320 = PLANE( '', #2102 );
#1321 = SURFACE_STYLE_USAGE( .BOTH., #2103 );
#1322 = FACE_OUTER_BOUND( '', #2104, .T. );
#1323 = PLANE( '', #2105 );
#1324 = SURFACE_STYLE_USAGE( .BOTH., #2106 );
#1325 = FACE_OUTER_BOUND( '', #2107, .T. );
#1326 = FACE_BOUND( '', #2108, .T. );
#1327 = PLANE( '', #2109 );
#1328 = SURFACE_STYLE_USAGE( .BOTH., #2110 );
#1329 = FACE_OUTER_BOUND( '', #2111, .T. );
#1330 = PLANE( '', #2112 );
#1331 = SURFACE_STYLE_USAGE( .BOTH., #2113 );
#1332 = FACE_OUTER_BOUND( '', #2114, .T. );
#1333 = PLANE( '', #2115 );
#1334 = SURFACE_STYLE_USAGE( .BOTH., #2116 );
#1335 = FACE_OUTER_BOUND( '', #2117, .T. );
#1336 = PLANE( '', #2118 );
#1337 = SURFACE_STYLE_USAGE( .BOTH., #2119 );
#1338 = FACE_OUTER_BOUND( '', #2120, .T. );
#1339 = PLANE( '', #2121 );
#1340 = SURFACE_STYLE_USAGE( .BOTH., #2122 );
#1341 = FACE_OUTER_BOUND( '', #2123, .T. );
#1342 = PLANE( '', #2124 );
#1343 = SURFACE_STYLE_USAGE( .BOTH., #2125 );
#1344 = FACE_OUTER_BOUND( '', #2126, .T. );
#1345 = PLANE( '', #2127 );
#1346 = SURFACE_STYLE_USAGE( .BOTH., #2128 );
#1347 = FACE_OUTER_BOUND( '', #2129, .T. );
#1348 = PLANE( '', #2130 );
#1349 = SURFACE_STYLE_USAGE( .BOTH., #2131 );
#1350 = FACE_OUTER_BOUND( '', #2132, .T. );
#1351 = PLANE( '', #2133 );
#1352 = SURFACE_STYLE_USAGE( .BOTH., #2134 );
#1353 = FACE_OUTER_BOUND( '', #2135, .T. );
#1354 = PLANE( '', #2136 );
#1355 = SURFACE_STYLE_USAGE( .BOTH., #2137 );
#1356 = FACE_OUTER_BOUND( '', #2138, .T. );
#1357 = PLANE( '', #2139 );
#1358 = SURFACE_STYLE_USAGE( .BOTH., #2140 );
#1359 = FACE_OUTER_BOUND( '', #2141, .T. );
#1360 = PLANE( '', #2142 );
#1361 = SURFACE_STYLE_USAGE( .BOTH., #2143 );
#1362 = FACE_OUTER_BOUND( '', #2144, .T. );
#1363 = PLANE( '', #2145 );
#1364 = SURFACE_STYLE_USAGE( .BOTH., #2146 );
#1365 = FACE_OUTER_BOUND( '', #2147, .T. );
#1366 = PLANE( '', #2148 );
#1367 = SURFACE_STYLE_USAGE( .BOTH., #2149 );
#1368 = FACE_OUTER_BOUND( '', #2150, .T. );
#1369 = PLANE( '', #2151 );
#1370 = SURFACE_STYLE_USAGE( .BOTH., #2152 );
#1371 = FACE_OUTER_BOUND( '', #2153, .T. );
#1372 = PLANE( '', #2154 );
#1373 = SURFACE_STYLE_USAGE( .BOTH., #2155 );
#1374 = FACE_OUTER_BOUND( '', #2156, .T. );
#1375 = PLANE( '', #2157 );
#1376 = SURFACE_STYLE_USAGE( .BOTH., #2158 );
#1377 = FACE_OUTER_BOUND( '', #2159, .T. );
#1378 = PLANE( '', #2160 );
#1379 = SURFACE_STYLE_USAGE( .BOTH., #2161 );
#1380 = FACE_OUTER_BOUND( '', #2162, .T. );
#1381 = PLANE( '', #2163 );
#1382 = SURFACE_STYLE_USAGE( .BOTH., #2164 );
#1383 = FACE_OUTER_BOUND( '', #2165, .T. );
#1384 = PLANE( '', #2166 );
#1385 = SURFACE_STYLE_USAGE( .BOTH., #2167 );
#1386 = FACE_OUTER_BOUND( '', #2168, .T. );
#1387 = PLANE( '', #2169 );
#1388 = SURFACE_STYLE_USAGE( .BOTH., #2170 );
#1389 = FACE_OUTER_BOUND( '', #2171, .T. );
#1390 = PLANE( '', #2172 );
#1391 = SURFACE_STYLE_USAGE( .BOTH., #2173 );
#1392 = FACE_OUTER_BOUND( '', #2174, .T. );
#1393 = PLANE( '', #2175 );
#1394 = SURFACE_STYLE_USAGE( .BOTH., #2176 );
#1395 = FACE_OUTER_BOUND( '', #2177, .T. );
#1396 = PLANE( '', #2178 );
#1397 = SURFACE_STYLE_USAGE( .BOTH., #2179 );
#1398 = FACE_OUTER_BOUND( '', #2180, .T. );
#1399 = FACE_OUTER_BOUND( '', #2181, .T. );
#1400 = CYLINDRICAL_SURFACE( '', #2182, 2.30000000000000 );
#1401 = SURFACE_STYLE_USAGE( .BOTH., #2183 );
#1402 = FACE_OUTER_BOUND( '', #2184, .T. );
#1403 = PLANE( '', #2185 );
#1404 = SURFACE_STYLE_USAGE( .BOTH., #2186 );
#1405 = FACE_OUTER_BOUND( '', #2187, .T. );
#1406 = CYLINDRICAL_SURFACE( '', #2188, 1.85000000000000 );
#1407 = SURFACE_STYLE_USAGE( .BOTH., #2189 );
#1408 = FACE_OUTER_BOUND( '', #2190, .T. );
#1409 = PLANE( '', #2191 );
#1410 = SURFACE_STYLE_USAGE( .BOTH., #2192 );
#1411 = FACE_OUTER_BOUND( '', #2193, .T. );
#1412 = PLANE( '', #2194 );
#1413 = SURFACE_STYLE_USAGE( .BOTH., #2195 );
#1414 = FACE_OUTER_BOUND( '', #2196, .T. );
#1415 = PLANE( '', #2197 );
#1416 = SURFACE_STYLE_USAGE( .BOTH., #2198 );
#1417 = FACE_OUTER_BOUND( '', #2199, .T. );
#1418 = CYLINDRICAL_SURFACE( '', #2200, 1.85000000000000 );
#1419 = SURFACE_STYLE_USAGE( .BOTH., #2201 );
#1420 = FACE_OUTER_BOUND( '', #2202, .T. );
#1421 = PLANE( '', #2203 );
#1422 = SURFACE_STYLE_USAGE( .BOTH., #2204 );
#1423 = FACE_OUTER_BOUND( '', #2205, .T. );
#1424 = PLANE( '', #2206 );
#1425 = SURFACE_STYLE_USAGE( .BOTH., #2207 );
#1426 = FACE_OUTER_BOUND( '', #2208, .T. );
#1427 = CYLINDRICAL_SURFACE( '', #2209, 1.00000000000000 );
#1428 = SURFACE_STYLE_USAGE( .BOTH., #2210 );
#1429 = FACE_OUTER_BOUND( '', #2211, .T. );
#1430 = PLANE( '', #2212 );
#1431 = SURFACE_STYLE_USAGE( .BOTH., #2213 );
#1432 = FACE_OUTER_BOUND( '', #2214, .T. );
#1433 = PLANE( '', #2215 );
#1434 = SURFACE_STYLE_USAGE( .BOTH., #2216 );
#1435 = FACE_OUTER_BOUND( '', #2217, .T. );
#1436 = PLANE( '', #2218 );
#1437 = SURFACE_STYLE_USAGE( .BOTH., #2219 );
#1438 = FACE_OUTER_BOUND( '', #2220, .T. );
#1439 = PLANE( '', #2221 );
#1440 = SURFACE_STYLE_USAGE( .BOTH., #2222 );
#1441 = FACE_OUTER_BOUND( '', #2223, .T. );
#1442 = PLANE( '', #2224 );
#1443 = SURFACE_STYLE_USAGE( .BOTH., #2225 );
#1444 = FACE_OUTER_BOUND( '', #2226, .T. );
#1445 = FACE_BOUND( '', #2227, .T. );
#1446 = PLANE( '', #2228 );
#1447 = SURFACE_STYLE_USAGE( .BOTH., #2229 );
#1448 = FACE_OUTER_BOUND( '', #2230, .T. );
#1449 = PLANE( '', #2231 );
#1450 = SURFACE_STYLE_USAGE( .BOTH., #2232 );
#1451 = FACE_OUTER_BOUND( '', #2233, .T. );
#1452 = PLANE( '', #2234 );
#1453 = SURFACE_STYLE_USAGE( .BOTH., #2235 );
#1454 = FACE_OUTER_BOUND( '', #2236, .T. );
#1455 = CYLINDRICAL_SURFACE( '', #2237, 1.85000000000000 );
#1456 = SURFACE_STYLE_USAGE( .BOTH., #2238 );
#1457 = FACE_OUTER_BOUND( '', #2239, .T. );
#1458 = PLANE( '', #2240 );
#1459 = SURFACE_STYLE_USAGE( .BOTH., #2241 );
#1460 = FACE_OUTER_BOUND( '', #2242, .T. );
#1461 = PLANE( '', #2243 );
#1462 = SURFACE_STYLE_USAGE( .BOTH., #2244 );
#1463 = FACE_OUTER_BOUND( '', #2245, .T. );
#1464 = FACE_BOUND( '', #2246, .T. );
#1465 = FACE_BOUND( '', #2247, .T. );
#1466 = FACE_BOUND( '', #2248, .T. );
#1467 = FACE_BOUND( '', #2249, .T. );
#1468 = FACE_BOUND( '', #2250, .T. );
#1469 = FACE_BOUND( '', #2251, .T. );
#1470 = FACE_BOUND( '', #2252, .T. );
#1471 = FACE_BOUND( '', #2253, .T. );
#1472 = FACE_BOUND( '', #2254, .T. );
#1473 = FACE_BOUND( '', #2255, .T. );
#1474 = FACE_BOUND( '', #2256, .T. );
#1475 = PLANE( '', #2257 );
#1476 = SURFACE_STYLE_USAGE( .BOTH., #2258 );
#1477 = FACE_OUTER_BOUND( '', #2259, .T. );
#1478 = PLANE( '', #2260 );
#1479 = SURFACE_STYLE_USAGE( .BOTH., #2261 );
#1480 = FACE_OUTER_BOUND( '', #2262, .T. );
#1481 = PLANE( '', #2263 );
#1482 = SURFACE_STYLE_USAGE( .BOTH., #2264 );
#1483 = FACE_OUTER_BOUND( '', #2265, .T. );
#1484 = PLANE( '', #2266 );
#1485 = SURFACE_STYLE_USAGE( .BOTH., #2267 );
#1486 = FACE_OUTER_BOUND( '', #2268, .T. );
#1487 = PLANE( '', #2269 );
#1488 = SURFACE_STYLE_USAGE( .BOTH., #2270 );
#1489 = FACE_BOUND( '', #2271, .T. );
#1490 = FACE_OUTER_BOUND( '', #2272, .T. );
#1491 = CONICAL_SURFACE( '', #2273, 1.85000000000000, 0.0309795942228993 );
#1492 = SURFACE_STYLE_USAGE( .BOTH., #2274 );
#1493 = FACE_OUTER_BOUND( '', #2275, .T. );
#1494 = PLANE( '', #2276 );
#1495 = SURFACE_STYLE_USAGE( .BOTH., #2277 );
#1496 = FACE_OUTER_BOUND( '', #2278, .T. );
#1497 = CYLINDRICAL_SURFACE( '', #2279, 0.240000000000000 );
#1498 = SURFACE_STYLE_USAGE( .BOTH., #2280 );
#1499 = FACE_OUTER_BOUND( '', #2281, .T. );
#1500 = PLANE( '', #2282 );
#1501 = SURFACE_STYLE_USAGE( .BOTH., #2283 );
#1502 = FACE_OUTER_BOUND( '', #2284, .T. );
#1503 = PLANE( '', #2285 );
#1504 = SURFACE_STYLE_USAGE( .BOTH., #2286 );
#1505 = FACE_OUTER_BOUND( '', #2287, .T. );
#1506 = FACE_BOUND( '', #2288, .T. );
#1507 = CYLINDRICAL_SURFACE( '', #2289, 57.6000000000000 );
#1508 = SURFACE_STYLE_USAGE( .BOTH., #2290 );
#1509 = FACE_OUTER_BOUND( '', #2291, .T. );
#1510 = CYLINDRICAL_SURFACE( '', #2292, 1.85000000000000 );
#1511 = SURFACE_STYLE_USAGE( .BOTH., #2293 );
#1512 = FACE_OUTER_BOUND( '', #2294, .T. );
#1513 = PLANE( '', #2295 );
#1514 = SURFACE_STYLE_USAGE( .BOTH., #2296 );
#1515 = FACE_OUTER_BOUND( '', #2297, .T. );
#1516 = FACE_BOUND( '', #2298, .T. );
#1517 = PLANE( '', #2299 );
#1518 = SURFACE_STYLE_USAGE( .BOTH., #2300 );
#1519 = FACE_OUTER_BOUND( '', #2301, .T. );
#1520 = CYLINDRICAL_SURFACE( '', #2302, 0.240000000000000 );
#1521 = SURFACE_STYLE_USAGE( .BOTH., #2303 );
#1522 = FACE_OUTER_BOUND( '', #2304, .T. );
#1523 = PLANE( '', #2305 );
#1524 = SURFACE_STYLE_USAGE( .BOTH., #2306 );
#1525 = FACE_OUTER_BOUND( '', #2307, .T. );
#1526 = PLANE( '', #2308 );
#1527 = SURFACE_STYLE_USAGE( .BOTH., #2309 );
#1528 = FACE_OUTER_BOUND( '', #2310, .T. );
#1529 = PLANE( '', #2311 );
#1530 = SURFACE_STYLE_USAGE( .BOTH., #2312 );
#1531 = FACE_OUTER_BOUND( '', #2313, .T. );
#1532 = PLANE( '', #2314 );
#1533 = SURFACE_STYLE_USAGE( .BOTH., #2315 );
#1534 = FACE_OUTER_BOUND( '', #2316, .T. );
#1535 = FACE_BOUND( '', #2317, .T. );
#1536 = CYLINDRICAL_SURFACE( '', #2318, 57.6000000000000 );
#1537 = SURFACE_STYLE_USAGE( .BOTH., #2319 );
#1538 = FACE_OUTER_BOUND( '', #2320, .T. );
#1539 = PLANE( '', #2321 );
#1540 = SURFACE_STYLE_USAGE( .BOTH., #2322 );
#1541 = FACE_OUTER_BOUND( '', #2323, .T. );
#1542 = PLANE( '', #2324 );
#1543 = SURFACE_STYLE_USAGE( .BOTH., #2325 );
#1544 = FACE_OUTER_BOUND( '', #2326, .T. );
#1545 = FACE_BOUND( '', #2327, .T. );
#1546 = CYLINDRICAL_SURFACE( '', #2328, 57.6000000000000 );
#1547 = SURFACE_STYLE_USAGE( .BOTH., #2329 );
#1548 = FACE_OUTER_BOUND( '', #2330, .T. );
#1549 = PLANE( '', #2331 );
#1550 = PRODUCT_CONTEXT( '', #255, 'mechanical' );
#1551 = PRODUCT_DEFINITION_FORMATION_WITH_SPECIFIED_SOURCE( ' ', 'NONE', #758, .NOT_KNOWN. );
#1552 = CLOSED_SHELL( '', ( #417, #635, #515, #711, #755, #587, #439, #667, #379, #555, #687, #301, #341, #285, #371, #525, #605, #589, #463, #701, #579, #411, #437, #471, #593, #281, #409, #291, #501, #569, #559, #377, #721, #689, #531, #723, #503, #305, #655, #491, #357, #337, #521, #381, #275, #449, #385, #651, #585, #695, #703, #423, #297, #359, #537, #577, #441, #465, #633, #747, #349, #329, #645, #681, #483, #621, #269, #713, #309, #375, #447, #599, #303, #319, #549, #683, #431, #457, #299, #623, #277, #595, #369, #347, #643, #325, #533, #547, #505, #539, #413, #399, #669, #367, #331, #495, #511, #345, #323, #675, #321, #395, #363, #563, #709, #407, #499, #553, #287, #731, #581, #677, #517, #613, #469, #733, #637, #615, #541, #477, #665, #479, #717, #333, #639, #397, #617, #735, #625, #311, #551, #653, #601, #603, #481, #749, #327, #271, #691, #705, #745, #433, #355, #443, #351, #647, #307, #453, #693, #543, #455, #561, #751, #497, #597, #421, #663, #657, #741, #473, #361, #383, #627, #335, #519, #401, #529, #673, #461, #737, #373, #475, #697, #753, #315, #757, #295, #425, #283, #429, #715, #365, #607, #293, #671, #619, #641, #403, #427, #739, #489, #725, #507, #435, #467, #649, #719, #353, #279, #631, #565, #659, #415, #545, #313, #571, #339, #609, #629, #493, #591, #317, #583, #527, #699, #523, #567, #611, #485, #685, #535, #289, #273, #393, #445, #679, #419, #573, #661, #451, #391, #343, #727, #387, #743, #459, #513, #509, #405, #707, #557, #487, #389, #729, #575 ) );
#1553 = CARTESIAN_POINT( '', ( 0.000000000000000, 0.000000000000000, 0.000000000000000 ) );
#1554 = DIRECTION( '', ( 0.000000000000000, 0.000000000000000, 1.00000000000000 ) );
#1555 = DIRECTION( '', ( 1.00000000000000, 0.000000000000000, 0.000000000000000 ) );
#1556 =  ( LENGTH_UNIT(  )NAMED_UNIT( #767 )SI_UNIT( .MILLI., .METRE. ) );
#1557 = SURFACE_SIDE_STYLE( '', ( #2333 ) );
#1558 = EDGE_LOOP( '', ( #2334, #2335, #2336, #2337 ) );
#1559 = EDGE_LOOP( '', ( #2338 ) );
#1560 = AXIS2_PLACEMENT_3D( '', #2339, #2340, #2341 );
#1561 = SURFACE_SIDE_STYLE( '', ( #2342 ) );
#1562 = EDGE_LOOP( '', ( #2343, #2344, #2345, #2346 ) );
#1563 = AXIS2_PLACEMENT_3D( '', #2347, #2348, #2349 );
#1564 = SURFACE_SIDE_STYLE( '', ( #2350 ) );
#1565 = EDGE_LOOP( '', ( #2351, #2352, #2353, #2354 ) );
#1566 = AXIS2_PLACEMENT_3D( '', #2355, #2356, #2357 );
#1567 = SURFACE_SIDE_STYLE( '', ( #2358 ) );
#1568 = EDGE_LOOP( '', ( #2359, #2360, #2361, #2362 ) );
#1569 = AXIS2_PLACEMENT_3D( '', #2363, #2364, #2365 );
#1570 = SURFACE_SIDE_STYLE( '', ( #2366 ) );
#1571 = EDGE_LOOP( '', ( #2367, #2368, #2369, #2370, #2371, #2372 ) );
#1572 = AXIS2_PLACEMENT_3D( '', #2373, #2374, #2375 );
#1573 = SURFACE_SIDE_STYLE( '', ( #2376 ) );
#1574 = EDGE_LOOP( '', ( #2377, #2378, #2379, #2380 ) );
#1575 = AXIS2_PLACEMENT_3D( '', #2381, #2382, #2383 );
#1576 = SURFACE_SIDE_STYLE( '', ( #2384 ) );
#1577 = EDGE_LOOP( '', ( #2385, #2386, #2387, #2388 ) );
#1578 = EDGE_LOOP( '', ( #2389 ) );
#1579 = AXIS2_PLACEMENT_3D( '', #2390, #2391, #2392 );
#1580 = SURFACE_SIDE_STYLE( '', ( #2393 ) );
#1581 = EDGE_LOOP( '', ( #2394, #2395, #2396, #2397 ) );
#1582 = AXIS2_PLACEMENT_3D( '', #2398, #2399, #2400 );
#1583 = SURFACE_SIDE_STYLE( '', ( #2401 ) );
#1584 = EDGE_LOOP( '', ( #2402, #2403, #2404, #2405 ) );
#1585 = AXIS2_PLACEMENT_3D( '', #2406, #2407, #2408 );
#1586 = SURFACE_SIDE_STYLE( '', ( #2409 ) );
#1587 = EDGE_LOOP( '', ( #2410, #2411, #2412, #2413 ) );
#1588 = AXIS2_PLACEMENT_3D( '', #2414, #2415, #2416 );
#1589 = SURFACE_SIDE_STYLE( '', ( #2417 ) );
#1590 = EDGE_LOOP( '', ( #2418, #2419, #2420, #2421 ) );
#1591 = AXIS2_PLACEMENT_3D( '', #2422, #2423, #2424 );
#1592 = SURFACE_SIDE_STYLE( '', ( #2425 ) );
#1593 = EDGE_LOOP( '', ( #2426, #2427, #2428, #2429 ) );
#1594 = AXIS2_PLACEMENT_3D( '', #2430, #2431, #2432 );
#1595 = SURFACE_SIDE_STYLE( '', ( #2433 ) );
#1596 = EDGE_LOOP( '', ( #2434, #2435, #2436, #2437 ) );
#1597 = AXIS2_PLACEMENT_3D( '', #2438, #2439, #2440 );
#1598 = SURFACE_SIDE_STYLE( '', ( #2441 ) );
#1599 = EDGE_LOOP( '', ( #2442, #2443, #2444, #2445 ) );
#1600 = AXIS2_PLACEMENT_3D( '', #2446, #2447, #2448 );
#1601 = SURFACE_SIDE_STYLE( '', ( #2449 ) );
#1602 = EDGE_LOOP( '', ( #2450, #2451, #2452, #2453 ) );
#1603 = AXIS2_PLACEMENT_3D( '', #2454, #2455, #2456 );
#1604 = SURFACE_SIDE_STYLE( '', ( #2457 ) );
#1605 = EDGE_LOOP( '', ( #2458, #2459, #2460, #2461, #2462, #2463 ) );
#1606 = AXIS2_PLACEMENT_3D( '', #2464, #2465, #2466 );
#1607 = SURFACE_SIDE_STYLE( '', ( #2467 ) );
#1608 = EDGE_LOOP( '', ( #2468, #2469, #2470, #2471 ) );
#1609 = EDGE_LOOP( '', ( #2472 ) );
#1610 = AXIS2_PLACEMENT_3D( '', #2473, #2474, #2475 );
#1611 = SURFACE_SIDE_STYLE( '', ( #2476 ) );
#1612 = EDGE_LOOP( '', ( #2477, #2478, #2479, #2480 ) );
#1613 = AXIS2_PLACEMENT_3D( '', #2481, #2482, #2483 );
#1614 = SURFACE_SIDE_STYLE( '', ( #2484 ) );
#1615 = EDGE_LOOP( '', ( #2485, #2486, #2487, #2488 ) );
#1616 = AXIS2_PLACEMENT_3D( '', #2489, #2490, #2491 );
#1617 = SURFACE_SIDE_STYLE( '', ( #2492 ) );
#1618 = EDGE_LOOP( '', ( #2493, #2494, #2495, #2496, #2497, #2498 ) );
#1619 = AXIS2_PLACEMENT_3D( '', #2499, #2500, #2501 );
#1620 = SURFACE_SIDE_STYLE( '', ( #2502 ) );
#1621 = EDGE_LOOP( '', ( #2503, #2504, #2505, #2506, #2507, #2508 ) );
#1622 = AXIS2_PLACEMENT_3D( '', #2509, #2510, #2511 );
#1623 = SURFACE_SIDE_STYLE( '', ( #2512 ) );
#1624 = EDGE_LOOP( '', ( #2513, #2514, #2515, #2516 ) );
#1625 = AXIS2_PLACEMENT_3D( '', #2517, #2518, #2519 );
#1626 = SURFACE_SIDE_STYLE( '', ( #2520 ) );
#1627 = EDGE_LOOP( '', ( #2521, #2522, #2523, #2524 ) );
#1628 = AXIS2_PLACEMENT_3D( '', #2525, #2526, #2527 );
#1629 = SURFACE_SIDE_STYLE( '', ( #2528 ) );
#1630 = EDGE_LOOP( '', ( #2529, #2530, #2531, #2532, #2533, #2534 ) );
#1631 = AXIS2_PLACEMENT_3D( '', #2535, #2536, #2537 );
#1632 = SURFACE_SIDE_STYLE( '', ( #2538 ) );
#1633 = EDGE_LOOP( '', ( #2539, #2540, #2541, #2542 ) );
#1634 = AXIS2_PLACEMENT_3D( '', #2543, #2544, #2545 );
#1635 = SURFACE_SIDE_STYLE( '', ( #2546 ) );
#1636 = EDGE_LOOP( '', ( #2547, #2548, #2549, #2550 ) );
#1637 = AXIS2_PLACEMENT_3D( '', #2551, #2552, #2553 );
#1638 = SURFACE_SIDE_STYLE( '', ( #2554 ) );
#1639 = EDGE_LOOP( '', ( #2555, #2556, #2557, #2558 ) );
#1640 = AXIS2_PLACEMENT_3D( '', #2559, #2560, #2561 );
#1641 = SURFACE_SIDE_STYLE( '', ( #2562 ) );
#1642 = EDGE_LOOP( '', ( #2563, #2564, #2565, #2566 ) );
#1643 = AXIS2_PLACEMENT_3D( '', #2567, #2568, #2569 );
#1644 = SURFACE_SIDE_STYLE( '', ( #2570 ) );
#1645 = EDGE_LOOP( '', ( #2571, #2572, #2573, #2574 ) );
#1646 = AXIS2_PLACEMENT_3D( '', #2575, #2576, #2577 );
#1647 = SURFACE_SIDE_STYLE( '', ( #2578 ) );
#1648 = EDGE_LOOP( '', ( #2579, #2580, #2581, #2582 ) );
#1649 = AXIS2_PLACEMENT_3D( '', #2583, #2584, #2585 );
#1650 = SURFACE_SIDE_STYLE( '', ( #2586 ) );
#1651 = EDGE_LOOP( '', ( #2587, #2588, #2589, #2590 ) );
#1652 = AXIS2_PLACEMENT_3D( '', #2591, #2592, #2593 );
#1653 = SURFACE_SIDE_STYLE( '', ( #2594 ) );
#1654 = EDGE_LOOP( '', ( #2595, #2596, #2597, #2598, #2599, #2600 ) );
#1655 = AXIS2_PLACEMENT_3D( '', #2601, #2602, #2603 );
#1656 = SURFACE_SIDE_STYLE( '', ( #2604 ) );
#1657 = EDGE_LOOP( '', ( #2605, #2606, #2607, #2608 ) );
#1658 = AXIS2_PLACEMENT_3D( '', #2609, #2610, #2611 );
#1659 = SURFACE_SIDE_STYLE( '', ( #2612 ) );
#1660 = EDGE_LOOP( '', ( #2613, #2614, #2615, #2616 ) );
#1661 = AXIS2_PLACEMENT_3D( '', #2617, #2618, #2619 );
#1662 = SURFACE_SIDE_STYLE( '', ( #2620 ) );
#1663 = EDGE_LOOP( '', ( #2621, #2622, #2623, #2624 ) );
#1664 = AXIS2_PLACEMENT_3D( '', #2625, #2626, #2627 );
#1665 = SURFACE_SIDE_STYLE( '', ( #2628 ) );
#1666 = EDGE_LOOP( '', ( #2629, #2630, #2631, #2632 ) );
#1667 = AXIS2_PLACEMENT_3D( '', #2633, #2634, #2635 );
#1668 = SURFACE_SIDE_STYLE( '', ( #2636 ) );
#1669 = EDGE_LOOP( '', ( #2637, #2638, #2639, #2640 ) );
#1670 = AXIS2_PLACEMENT_3D( '', #2641, #2642, #2643 );
#1671 = SURFACE_SIDE_STYLE( '', ( #2644 ) );
#1672 = EDGE_LOOP( '', ( #2645, #2646 ) );
#1673 = AXIS2_PLACEMENT_3D( '', #2647, #2648, #2649 );
#1674 = SURFACE_SIDE_STYLE( '', ( #2650 ) );
#1675 = EDGE_LOOP( '', ( #2651, #2652, #2653, #2654 ) );
#1676 = AXIS2_PLACEMENT_3D( '', #2655, #2656, #2657 );
#1677 = SURFACE_SIDE_STYLE( '', ( #2658 ) );
#1678 = EDGE_LOOP( '', ( #2659, #2660, #2661, #2662 ) );
#1679 = EDGE_LOOP( '', ( #2663, #2664, #2665, #2666 ) );
#1680 = AXIS2_PLACEMENT_3D( '', #2667, #2668, #2669 );
#1681 = SURFACE_SIDE_STYLE( '', ( #2670 ) );
#1682 = EDGE_LOOP( '', ( #2671, #2672, #2673, #2674 ) );
#1683 = AXIS2_PLACEMENT_3D( '', #2675, #2676, #2677 );
#1684 = SURFACE_SIDE_STYLE( '', ( #2678 ) );
#1685 = EDGE_LOOP( '', ( #2679, #2680, #2681, #2682 ) );
#1686 = EDGE_LOOP( '', ( #2683 ) );
#1687 = AXIS2_PLACEMENT_3D( '', #2684, #2685, #2686 );
#1688 = SURFACE_SIDE_STYLE( '', ( #2687 ) );
#1689 = EDGE_LOOP( '', ( #2688, #2689, #2690, #2691 ) );
#1690 = AXIS2_PLACEMENT_3D( '', #2692, #2693, #2694 );
#1691 = SURFACE_SIDE_STYLE( '', ( #2695 ) );
#1692 = EDGE_LOOP( '', ( #2696, #2697 ) );
#1693 = AXIS2_PLACEMENT_3D( '', #2698, #2699, #2700 );
#1694 = SURFACE_SIDE_STYLE( '', ( #2701 ) );
#1695 = EDGE_LOOP( '', ( #2702, #2703, #2704, #2705 ) );
#1696 = AXIS2_PLACEMENT_3D( '', #2706, #2707, #2708 );
#1697 = SURFACE_SIDE_STYLE( '', ( #2709 ) );
#1698 = EDGE_LOOP( '', ( #2710, #2711, #2712, #2713, #2714, #2715 ) );
#1699 = AXIS2_PLACEMENT_3D( '', #2716, #2717, #2718 );
#1700 = SURFACE_SIDE_STYLE( '', ( #2719 ) );
#1701 = EDGE_LOOP( '', ( #2720, #2721, #2722, #2723 ) );
#1702 = AXIS2_PLACEMENT_3D( '', #2724, #2725, #2726 );
#1703 = SURFACE_SIDE_STYLE( '', ( #2727 ) );
#1704 = EDGE_LOOP( '', ( #2728, #2729, #2730, #2731, #2732, #2733, #2734, #2735 ) );
#1705 = AXIS2_PLACEMENT_3D( '', #2736, #2737, #2738 );
#1706 = SURFACE_SIDE_STYLE( '', ( #2739 ) );
#1707 = EDGE_LOOP( '', ( #2740, #2741, #2742, #2743 ) );
#1708 = AXIS2_PLACEMENT_3D( '', #2744, #2745, #2746 );
#1709 = SURFACE_SIDE_STYLE( '', ( #2747 ) );
#1710 = EDGE_LOOP( '', ( #2748, #2749, #2750, #2751 ) );
#1711 = AXIS2_PLACEMENT_3D( '', #2752, #2753, #2754 );
#1712 = SURFACE_SIDE_STYLE( '', ( #2755 ) );
#1713 = EDGE_LOOP( '', ( #2756, #2757, #2758, #2759 ) );
#1714 = AXIS2_PLACEMENT_3D( '', #2760, #2761, #2762 );
#1715 = SURFACE_SIDE_STYLE( '', ( #2763 ) );
#1716 = EDGE_LOOP( '', ( #2764, #2765, #2766, #2767, #2768, #2769 ) );
#1717 = AXIS2_PLACEMENT_3D( '', #2770, #2771, #2772 );
#1718 = SURFACE_SIDE_STYLE( '', ( #2773 ) );
#1719 = EDGE_LOOP( '', ( #2774, #2775, #2776, #2777 ) );
#1720 = EDGE_LOOP( '', ( #2778 ) );
#1721 = AXIS2_PLACEMENT_3D( '', #2779, #2780, #2781 );
#1722 = SURFACE_SIDE_STYLE( '', ( #2782 ) );
#1723 = EDGE_LOOP( '', ( #2783, #2784, #2785, #2786 ) );
#1724 = AXIS2_PLACEMENT_3D( '', #2787, #2788, #2789 );
#1725 = SURFACE_SIDE_STYLE( '', ( #2790 ) );
#1726 = EDGE_LOOP( '', ( #2791, #2792, #2793, #2794 ) );
#1727 = AXIS2_PLACEMENT_3D( '', #2795, #2796, #2797 );
#1728 = SURFACE_SIDE_STYLE( '', ( #2798 ) );
#1729 = EDGE_LOOP( '', ( #2799, #2800, #2801, #2802, #2803, #2804 ) );
#1730 = AXIS2_PLACEMENT_3D( '', #2805, #2806, #2807 );
#1731 = SURFACE_SIDE_STYLE( '', ( #2808 ) );
#1732 = EDGE_LOOP( '', ( #2809, #2810, #2811, #2812 ) );
#1733 = AXIS2_PLACEMENT_3D( '', #2813, #2814, #2815 );
#1734 = SURFACE_SIDE_STYLE( '', ( #2816 ) );
#1735 = EDGE_LOOP( '', ( #2817, #2818, #2819, #2820 ) );
#1736 = EDGE_LOOP( '', ( #2821, #2822, #2823, #2824 ) );
#1737 = AXIS2_PLACEMENT_3D( '', #2825, #2826, #2827 );
#1738 = SURFACE_SIDE_STYLE( '', ( #2828 ) );
#1739 = EDGE_LOOP( '', ( #2829, #2830, #2831, #2832 ) );
#1740 = EDGE_LOOP( '', ( #2833 ) );
#1741 = AXIS2_PLACEMENT_3D( '', #2834, #2835, #2836 );
#1742 = SURFACE_SIDE_STYLE( '', ( #2837 ) );
#1743 = EDGE_LOOP( '', ( #2838, #2839, #2840, #2841 ) );
#1744 = AXIS2_PLACEMENT_3D( '', #2842, #2843, #2844 );
#1745 = SURFACE_SIDE_STYLE( '', ( #2845 ) );
#1746 = EDGE_LOOP( '', ( #2846, #2847, #2848, #2849 ) );
#1747 = AXIS2_PLACEMENT_3D( '', #2850, #2851, #2852 );
#1748 = SURFACE_SIDE_STYLE( '', ( #2853 ) );
#1749 = EDGE_LOOP( '', ( #2854, #2855, #2856, #2857 ) );
#1750 = AXIS2_PLACEMENT_3D( '', #2858, #2859, #2860 );
#1751 = SURFACE_SIDE_STYLE( '', ( #2861 ) );
#1752 = EDGE_LOOP( '', ( #2862, #2863, #2864, #2865 ) );
#1753 = AXIS2_PLACEMENT_3D( '', #2866, #2867, #2868 );
#1754 = SURFACE_SIDE_STYLE( '', ( #2869 ) );
#1755 = EDGE_LOOP( '', ( #2870, #2871, #2872, #2873 ) );
#1756 = AXIS2_PLACEMENT_3D( '', #2874, #2875, #2876 );
#1757 = SURFACE_SIDE_STYLE( '', ( #2877 ) );
#1758 = EDGE_LOOP( '', ( #2878, #2879, #2880, #2881 ) );
#1759 = AXIS2_PLACEMENT_3D( '', #2882, #2883, #2884 );
#1760 = SURFACE_SIDE_STYLE( '', ( #2885 ) );
#1761 = EDGE_LOOP( '', ( #2886 ) );
#1762 = EDGE_LOOP( '', ( #2887 ) );
#1763 = AXIS2_PLACEMENT_3D( '', #2888, #2889, #2890 );
#1764 = SURFACE_SIDE_STYLE( '', ( #2891 ) );
#1765 = EDGE_LOOP( '', ( #2892, #2893, #2894, #2895 ) );
#1766 = AXIS2_PLACEMENT_3D( '', #2896, #2897, #2898 );
#1767 = SURFACE_SIDE_STYLE( '', ( #2899 ) );
#1768 = EDGE_LOOP( '', ( #2900, #2901, #2902, #2903 ) );
#1769 = EDGE_LOOP( '', ( #2904, #2905, #2906, #2907 ) );
#1770 = AXIS2_PLACEMENT_3D( '', #2908, #2909, #2910 );
#1771 = SURFACE_SIDE_STYLE( '', ( #2911 ) );
#1772 = EDGE_LOOP( '', ( #2912, #2913, #2914, #2915 ) );
#1773 = AXIS2_PLACEMENT_3D( '', #2916, #2917, #2918 );
#1774 = SURFACE_SIDE_STYLE( '', ( #2919 ) );
#1775 = EDGE_LOOP( '', ( #2920, #2921, #2922, #2923 ) );
#1776 = AXIS2_PLACEMENT_3D( '', #2924, #2925, #2926 );
#1777 = SURFACE_SIDE_STYLE( '', ( #2927 ) );
#1778 = EDGE_LOOP( '', ( #2928, #2929, #2930, #2931 ) );
#1779 = AXIS2_PLACEMENT_3D( '', #2932, #2933, #2934 );
#1780 = SURFACE_SIDE_STYLE( '', ( #2935 ) );
#1781 = EDGE_LOOP( '', ( #2936, #2937, #2938, #2939, #2940, #2941 ) );
#1782 = AXIS2_PLACEMENT_3D( '', #2942, #2943, #2944 );
#1783 = SURFACE_SIDE_STYLE( '', ( #2945 ) );
#1784 = EDGE_LOOP( '', ( #2946, #2947 ) );
#1785 = AXIS2_PLACEMENT_3D( '', #2948, #2949, #2950 );
#1786 = SURFACE_SIDE_STYLE( '', ( #2951 ) );
#1787 = EDGE_LOOP( '', ( #2952, #2953, #2954, #2955 ) );
#1788 = AXIS2_PLACEMENT_3D( '', #2956, #2957, #2958 );
#1789 = SURFACE_SIDE_STYLE( '', ( #2959 ) );
#1790 = EDGE_LOOP( '', ( #2960, #2961, #2962, #2963 ) );
#1791 = AXIS2_PLACEMENT_3D( '', #2964, #2965, #2966 );
#1792 = SURFACE_SIDE_STYLE( '', ( #2967 ) );
#1793 = EDGE_LOOP( '', ( #2968, #2969, #2970, #2971 ) );
#1794 = AXIS2_PLACEMENT_3D( '', #2972, #2973, #2974 );
#1795 = SURFACE_SIDE_STYLE( '', ( #2975 ) );
#1796 = EDGE_LOOP( '', ( #2976, #2977, #2978, #2979 ) );
#1797 = AXIS2_PLACEMENT_3D( '', #2980, #2981, #2982 );
#1798 = SURFACE_SIDE_STYLE( '', ( #2983 ) );
#1799 = EDGE_LOOP( '', ( #2984, #2985, #2986, #2987 ) );
#1800 = AXIS2_PLACEMENT_3D( '', #2988, #2989, #2990 );
#1801 = SURFACE_SIDE_STYLE( '', ( #2991 ) );
#1802 = EDGE_LOOP( '', ( #2992, #2993, #2994, #2995 ) );
#1803 = AXIS2_PLACEMENT_3D( '', #2996, #2997, #2998 );
#1804 = SURFACE_SIDE_STYLE( '', ( #2999 ) );
#1805 = EDGE_LOOP( '', ( #3000, #3001, #3002, #3003 ) );
#1806 = AXIS2_PLACEMENT_3D( '', #3004, #3005, #3006 );
#1807 = SURFACE_SIDE_STYLE( '', ( #3007 ) );
#1808 = EDGE_LOOP( '', ( #3008, #3009, #3010, #3011 ) );
#1809 = AXIS2_PLACEMENT_3D( '', #3012, #3013, #3014 );
#1810 = SURFACE_SIDE_STYLE( '', ( #3015 ) );
#1811 = EDGE_LOOP( '', ( #3016, #3017, #3018, #3019, #3020, #3021, #3022, #3023 ) );
#1812 = AXIS2_PLACEMENT_3D( '', #3024, #3025, #3026 );
#1813 = SURFACE_SIDE_STYLE( '', ( #3027 ) );
#1814 = EDGE_LOOP( '', ( #3028, #3029, #3030, #3031 ) );
#1815 = AXIS2_PLACEMENT_3D( '', #3032, #3033, #3034 );
#1816 = SURFACE_SIDE_STYLE( '', ( #3035 ) );
#1817 = EDGE_LOOP( '', ( #3036, #3037, #3038, #3039 ) );
#1818 = AXIS2_PLACEMENT_3D( '', #3040, #3041, #3042 );
#1819 = SURFACE_SIDE_STYLE( '', ( #3043 ) );
#1820 = EDGE_LOOP( '', ( #3044, #3045, #3046, #3047 ) );
#1821 = AXIS2_PLACEMENT_3D( '', #3048, #3049, #3050 );
#1822 = SURFACE_SIDE_STYLE( '', ( #3051 ) );
#1823 = EDGE_LOOP( '', ( #3052, #3053, #3054, #3055, #3056, #3057 ) );
#1824 = AXIS2_PLACEMENT_3D( '', #3058, #3059, #3060 );
#1825 = SURFACE_SIDE_STYLE( '', ( #3061 ) );
#1826 = EDGE_LOOP( '', ( #3062, #3063, #3064, #3065 ) );
#1827 = AXIS2_PLACEMENT_3D( '', #3066, #3067, #3068 );
#1828 = SURFACE_SIDE_STYLE( '', ( #3069 ) );
#1829 = EDGE_LOOP( '', ( #3070 ) );
#1830 = EDGE_LOOP( '', ( #3071 ) );
#1831 = AXIS2_PLACEMENT_3D( '', #3072, #3073, #3074 );
#1832 = SURFACE_SIDE_STYLE( '', ( #3075 ) );
#1833 = EDGE_LOOP( '', ( #3076, #3077, #3078, #3079 ) );
#1834 = AXIS2_PLACEMENT_3D( '', #3080, #3081, #3082 );
#1835 = SURFACE_SIDE_STYLE( '', ( #3083 ) );
#1836 = EDGE_LOOP( '', ( #3084, #3085, #3086, #3087, #3088, #3089 ) );
#1837 = AXIS2_PLACEMENT_3D( '', #3090, #3091, #3092 );
#1838 = SURFACE_SIDE_STYLE( '', ( #3093 ) );
#1839 = EDGE_LOOP( '', ( #3094, #3095, #3096, #3097 ) );
#1840 = AXIS2_PLACEMENT_3D( '', #3098, #3099, #3100 );
#1841 = SURFACE_SIDE_STYLE( '', ( #3101 ) );
#1842 = EDGE_LOOP( '', ( #3102, #3103 ) );
#1843 = AXIS2_PLACEMENT_3D( '', #3104, #3105, #3106 );
#1844 = SURFACE_SIDE_STYLE( '', ( #3107 ) );
#1845 = EDGE_LOOP( '', ( #3108, #3109, #3110, #3111 ) );
#1846 = AXIS2_PLACEMENT_3D( '', #3112, #3113, #3114 );
#1847 = SURFACE_SIDE_STYLE( '', ( #3115 ) );
#1848 = EDGE_LOOP( '', ( #3116, #3117, #3118, #3119 ) );
#1849 = AXIS2_PLACEMENT_3D( '', #3120, #3121, #3122 );
#1850 = SURFACE_SIDE_STYLE( '', ( #3123 ) );
#1851 = EDGE_LOOP( '', ( #3124, #3125, #3126, #3127 ) );
#1852 = AXIS2_PLACEMENT_3D( '', #3128, #3129, #3130 );
#1853 = SURFACE_SIDE_STYLE( '', ( #3131 ) );
#1854 = EDGE_LOOP( '', ( #3132, #3133, #3134, #3135 ) );
#1855 = AXIS2_PLACEMENT_3D( '', #3136, #3137, #3138 );
#1856 = SURFACE_SIDE_STYLE( '', ( #3139 ) );
#1857 = EDGE_LOOP( '', ( #3140, #3141 ) );
#1858 = AXIS2_PLACEMENT_3D( '', #3142, #3143, #3144 );
#1859 = SURFACE_SIDE_STYLE( '', ( #3145 ) );
#1860 = EDGE_LOOP( '', ( #3146, #3147, #3148, #3149 ) );
#1861 = EDGE_LOOP( '', ( #3150 ) );
#1862 = AXIS2_PLACEMENT_3D( '', #3151, #3152, #3153 );
#1863 = SURFACE_SIDE_STYLE( '', ( #3154 ) );
#1864 = EDGE_LOOP( '', ( #3155, #3156, #3157, #3158 ) );
#1865 = AXIS2_PLACEMENT_3D( '', #3159, #3160, #3161 );
#1866 = SURFACE_SIDE_STYLE( '', ( #3162 ) );
#1867 = EDGE_LOOP( '', ( #3163, #3164, #3165, #3166 ) );
#1868 = AXIS2_PLACEMENT_3D( '', #3167, #3168, #3169 );
#1869 = SURFACE_SIDE_STYLE( '', ( #3170 ) );
#1870 = EDGE_LOOP( '', ( #3171, #3172, #3173, #3174 ) );
#1871 = AXIS2_PLACEMENT_3D( '', #3175, #3176, #3177 );
#1872 = SURFACE_SIDE_STYLE( '', ( #3178 ) );
#1873 = EDGE_LOOP( '', ( #3179, #3180, #3181, #3182 ) );
#1874 = AXIS2_PLACEMENT_3D( '', #3183, #3184, #3185 );
#1875 = SURFACE_SIDE_STYLE( '', ( #3186 ) );
#1876 = EDGE_LOOP( '', ( #3187, #3188, #3189, #3190 ) );
#1877 = AXIS2_PLACEMENT_3D( '', #3191, #3192, #3193 );
#1878 = SURFACE_SIDE_STYLE( '', ( #3194 ) );
#1879 = EDGE_LOOP( '', ( #3195, #3196, #3197, #3198 ) );
#1880 = AXIS2_PLACEMENT_3D( '', #3199, #3200, #3201 );
#1881 = SURFACE_SIDE_STYLE( '', ( #3202 ) );
#1882 = EDGE_LOOP( '', ( #3203, #3204, #3205, #3206 ) );
#1883 = AXIS2_PLACEMENT_3D( '', #3207, #3208, #3209 );
#1884 = SURFACE_SIDE_STYLE( '', ( #3210 ) );
#1885 = EDGE_LOOP( '', ( #3211, #3212, #3213, #3214 ) );
#1886 = AXIS2_PLACEMENT_3D( '', #3215, #3216, #3217 );
#1887 = SURFACE_SIDE_STYLE( '', ( #3218 ) );
#1888 = EDGE_LOOP( '', ( #3219, #3220, #3221, #3222 ) );
#1889 = AXIS2_PLACEMENT_3D( '', #3223, #3224, #3225 );
#1890 = SURFACE_SIDE_STYLE( '', ( #3226 ) );
#1891 = EDGE_LOOP( '', ( #3227, #3228 ) );
#1892 = AXIS2_PLACEMENT_3D( '', #3229, #3230, #3231 );
#1893 = SURFACE_SIDE_STYLE( '', ( #3232 ) );
#1894 = EDGE_LOOP( '', ( #3233, #3234, #3235, #3236 ) );
#1895 = AXIS2_PLACEMENT_3D( '', #3237, #3238, #3239 );
#1896 = SURFACE_SIDE_STYLE( '', ( #3240 ) );
#1897 = EDGE_LOOP( '', ( #3241, #3242, #3243, #3244 ) );
#1898 = AXIS2_PLACEMENT_3D( '', #3245, #3246, #3247 );
#1899 = SURFACE_SIDE_STYLE( '', ( #3248 ) );
#1900 = EDGE_LOOP( '', ( #3249, #3250, #3251, #3252 ) );
#1901 = AXIS2_PLACEMENT_3D( '', #3253, #3254, #3255 );
#1902 = SURFACE_SIDE_STYLE( '', ( #3256 ) );
#1903 = EDGE_LOOP( '', ( #3257, #3258, #3259, #3260 ) );
#1904 = EDGE_LOOP( '', ( #3261 ) );
#1905 = AXIS2_PLACEMENT_3D( '', #3262, #3263, #3264 );
#1906 = SURFACE_SIDE_STYLE( '', ( #3265 ) );
#1907 = EDGE_LOOP( '', ( #3266, #3267, #3268, #3269 ) );
#1908 = AXIS2_PLACEMENT_3D( '', #3270, #3271, #3272 );
#1909 = SURFACE_SIDE_STYLE( '', ( #3273 ) );
#1910 = EDGE_LOOP( '', ( #3274, #3275, #3276, #3277 ) );
#1911 = AXIS2_PLACEMENT_3D( '', #3278, #3279, #3280 );
#1912 = SURFACE_SIDE_STYLE( '', ( #3281 ) );
#1913 = EDGE_LOOP( '', ( #3282, #3283, #3284, #3285 ) );
#1914 = AXIS2_PLACEMENT_3D( '', #3286, #3287, #3288 );
#1915 = SURFACE_SIDE_STYLE( '', ( #3289 ) );
#1916 = EDGE_LOOP( '', ( #3290, #3291, #3292, #3293, #3294, #3295 ) );
#1917 = AXIS2_PLACEMENT_3D( '', #3296, #3297, #3298 );
#1918 = SURFACE_SIDE_STYLE( '', ( #3299 ) );
#1919 = EDGE_LOOP( '', ( #3300, #3301, #3302, #3303, #3304, #3305 ) );
#1920 = AXIS2_PLACEMENT_3D( '', #3306, #3307, #3308 );
#1921 = SURFACE_SIDE_STYLE( '', ( #3309 ) );
#1922 = EDGE_LOOP( '', ( #3310, #3311, #3312, #3313 ) );
#1923 = AXIS2_PLACEMENT_3D( '', #3314, #3315, #3316 );
#1924 = SURFACE_SIDE_STYLE( '', ( #3317 ) );
#1925 = EDGE_LOOP( '', ( #3318, #3319, #3320, #3321 ) );
#1926 = AXIS2_PLACEMENT_3D( '', #3322, #3323, #3324 );
#1927 = SURFACE_SIDE_STYLE( '', ( #3325 ) );
#1928 = EDGE_LOOP( '', ( #3326, #3327, #3328, #3329 ) );
#1929 = AXIS2_PLACEMENT_3D( '', #3330, #3331, #3332 );
#1930 = SURFACE_SIDE_STYLE( '', ( #3333 ) );
#1931 = EDGE_LOOP( '', ( #3334, #3335 ) );
#1932 = AXIS2_PLACEMENT_3D( '', #3336, #3337, #3338 );
#1933 = SURFACE_SIDE_STYLE( '', ( #3339 ) );
#1934 = EDGE_LOOP( '', ( #3340, #3341, #3342, #3343, #3344, #3345 ) );
#1935 = AXIS2_PLACEMENT_3D( '', #3346, #3347, #3348 );
#1936 = SURFACE_SIDE_STYLE( '', ( #3349 ) );
#1937 = EDGE_LOOP( '', ( #3350, #3351, #3352, #3353 ) );
#1938 = AXIS2_PLACEMENT_3D( '', #3354, #3355, #3356 );
#1939 = SURFACE_SIDE_STYLE( '', ( #3357 ) );
#1940 = EDGE_LOOP( '', ( #3358, #3359, #3360, #3361 ) );
#1941 = AXIS2_PLACEMENT_3D( '', #3362, #3363, #3364 );
#1942 = SURFACE_SIDE_STYLE( '', ( #3365 ) );
#1943 = EDGE_LOOP( '', ( #3366, #3367, #3368, #3369 ) );
#1944 = AXIS2_PLACEMENT_3D( '', #3370, #3371, #3372 );
#1945 = SURFACE_SIDE_STYLE( '', ( #3373 ) );
#1946 = EDGE_LOOP( '', ( #3374, #3375, #3376, #3377 ) );
#1947 = AXIS2_PLACEMENT_3D( '', #3378, #3379, #3380 );
#1948 = SURFACE_SIDE_STYLE( '', ( #3381 ) );
#1949 = EDGE_LOOP( '', ( #3382, #3383, #3384, #3385, #3386, #3387 ) );
#1950 = AXIS2_PLACEMENT_3D( '', #3388, #3389, #3390 );
#1951 = SURFACE_SIDE_STYLE( '', ( #3391 ) );
#1952 = EDGE_LOOP( '', ( #3392, #3393, #3394, #3395 ) );
#1953 = EDGE_LOOP( '', ( #3396 ) );
#1954 = AXIS2_PLACEMENT_3D( '', #3397, #3398, #3399 );
#1955 = SURFACE_SIDE_STYLE( '', ( #3400 ) );
#1956 = EDGE_LOOP( '', ( #3401, #3402, #3403, #3404 ) );
#1957 = AXIS2_PLACEMENT_3D( '', #3405, #3406, #3407 );
#1958 = SURFACE_SIDE_STYLE( '', ( #3408 ) );
#1959 = EDGE_LOOP( '', ( #3409, #3410 ) );
#1960 = AXIS2_PLACEMENT_3D( '', #3411, #3412, #3413 );
#1961 = SURFACE_SIDE_STYLE( '', ( #3414 ) );
#1962 = EDGE_LOOP( '', ( #3415, #3416, #3417, #3418 ) );
#1963 = AXIS2_PLACEMENT_3D( '', #3419, #3420, #3421 );
#1964 = SURFACE_SIDE_STYLE( '', ( #3422 ) );
#1965 = EDGE_LOOP( '', ( #3423, #3424, #3425, #3426 ) );
#1966 = AXIS2_PLACEMENT_3D( '', #3427, #3428, #3429 );
#1967 = SURFACE_SIDE_STYLE( '', ( #3430 ) );
#1968 = EDGE_LOOP( '', ( #3431, #3432, #3433, #3434 ) );
#1969 = AXIS2_PLACEMENT_3D( '', #3435, #3436, #3437 );
#1970 = SURFACE_SIDE_STYLE( '', ( #3438 ) );
#1971 = EDGE_LOOP( '', ( #3439, #3440, #3441, #3442 ) );
#1972 = AXIS2_PLACEMENT_3D( '', #3443, #3444, #3445 );
#1973 = SURFACE_SIDE_STYLE( '', ( #3446 ) );
#1974 = EDGE_LOOP( '', ( #3447, #3448, #3449, #3450 ) );
#1975 = AXIS2_PLACEMENT_3D( '', #3451, #3452, #3453 );
#1976 = SURFACE_SIDE_STYLE( '', ( #3454 ) );
#1977 = EDGE_LOOP( '', ( #3455, #3456, #3457, #3458 ) );
#1978 = AXIS2_PLACEMENT_3D( '', #3459, #3460, #3461 );
#1979 = SURFACE_SIDE_STYLE( '', ( #3462 ) );
#1980 = EDGE_LOOP( '', ( #3463, #3464, #3465, #3466 ) );
#1981 = EDGE_LOOP( '', ( #3467 ) );
#1982 = AXIS2_PLACEMENT_3D( '', #3468, #3469, #3470 );
#1983 = SURFACE_SIDE_STYLE( '', ( #3471 ) );
#1984 = EDGE_LOOP( '', ( #3472, #3473, #3474, #3475 ) );
#1985 = AXIS2_PLACEMENT_3D( '', #3476, #3477, #3478 );
#1986 = SURFACE_SIDE_STYLE( '', ( #3479 ) );
#1987 = EDGE_LOOP( '', ( #3480, #3481, #3482, #3483 ) );
#1988 = AXIS2_PLACEMENT_3D( '', #3484, #3485, #3486 );
#1989 = SURFACE_SIDE_STYLE( '', ( #3487 ) );
#1990 = EDGE_LOOP( '', ( #3488, #3489, #3490, #3491 ) );
#1991 = AXIS2_PLACEMENT_3D( '', #3492, #3493, #3494 );
#1992 = SURFACE_SIDE_STYLE( '', ( #3495 ) );
#1993 = EDGE_LOOP( '', ( #3496, #3497, #3498, #3499 ) );
#1994 = AXIS2_PLACEMENT_3D( '', #3500, #3501, #3502 );
#1995 = SURFACE_SIDE_STYLE( '', ( #3503 ) );
#1996 = EDGE_LOOP( '', ( #3504, #3505, #3506, #3507, #3508, #3509 ) );
#1997 = AXIS2_PLACEMENT_3D( '', #3510, #3511, #3512 );
#1998 = SURFACE_SIDE_STYLE( '', ( #3513 ) );
#1999 = EDGE_LOOP( '', ( #3514, #3515, #3516, #3517 ) );
#2000 = AXIS2_PLACEMENT_3D( '', #3518, #3519, #3520 );
#2001 = SURFACE_SIDE_STYLE( '', ( #3521 ) );
#2002 = EDGE_LOOP( '', ( #3522, #3523, #3524, #3525, #3526, #3527, #3528, #3529, #3530, #3531, #3532, #3533, #3534, #3535, #3536, #3537, #3538, #3539, #3540, #3541, #3542, #3543, #3544, #3545, #3546, #3547, #3548, #3549 ) );
#2003 = AXIS2_PLACEMENT_3D( '', #3550, #3551, #3552 );
#2004 = SURFACE_SIDE_STYLE( '', ( #3553 ) );
#2005 = EDGE_LOOP( '', ( #3554, #3555, #3556, #3557 ) );
#2006 = AXIS2_PLACEMENT_3D( '', #3558, #3559, #3560 );
#2007 = SURFACE_SIDE_STYLE( '', ( #3561 ) );
#2008 = EDGE_LOOP( '', ( #3562, #3563, #3564, #3565 ) );
#2009 = AXIS2_PLACEMENT_3D( '', #3566, #3567, #3568 );
#2010 = SURFACE_SIDE_STYLE( '', ( #3569 ) );
#2011 = EDGE_LOOP( '', ( #3570, #3571, #3572, #3573 ) );
#2012 = AXIS2_PLACEMENT_3D( '', #3574, #3575, #3576 );
#2013 = SURFACE_SIDE_STYLE( '', ( #3577 ) );
#2014 = EDGE_LOOP( '', ( #3578, #3579, #3580, #3581 ) );
#2015 = AXIS2_PLACEMENT_3D( '', #3582, #3583, #3584 );
#2016 = SURFACE_SIDE_STYLE( '', ( #3585 ) );
#2017 = EDGE_LOOP( '', ( #3586, #3587, #3588, #3589 ) );
#2018 = AXIS2_PLACEMENT_3D( '', #3590, #3591, #3592 );
#2019 = SURFACE_SIDE_STYLE( '', ( #3593 ) );
#2020 = EDGE_LOOP( '', ( #3594, #3595, #3596, #3597 ) );
#2021 = AXIS2_PLACEMENT_3D( '', #3598, #3599, #3600 );
#2022 = SURFACE_SIDE_STYLE( '', ( #3601 ) );
#2023 = EDGE_LOOP( '', ( #3602, #3603, #3604, #3605 ) );
#2024 = AXIS2_PLACEMENT_3D( '', #3606, #3607, #3608 );
#2025 = SURFACE_SIDE_STYLE( '', ( #3609 ) );
#2026 = EDGE_LOOP( '', ( #3610, #3611, #3612, #3613 ) );
#2027 = AXIS2_PLACEMENT_3D( '', #3614, #3615, #3616 );
#2028 = SURFACE_SIDE_STYLE( '', ( #3617 ) );
#2029 = EDGE_LOOP( '', ( #3618, #3619 ) );
#2030 = AXIS2_PLACEMENT_3D( '', #3620, #3621, #3622 );
#2031 = SURFACE_SIDE_STYLE( '', ( #3623 ) );
#2032 = EDGE_LOOP( '', ( #3624, #3625, #3626, #3627 ) );
#2033 = AXIS2_PLACEMENT_3D( '', #3628, #3629, #3630 );
#2034 = SURFACE_SIDE_STYLE( '', ( #3631 ) );
#2035 = EDGE_LOOP( '', ( #3632, #3633, #3634, #3635, #3636, #3637 ) );
#2036 = AXIS2_PLACEMENT_3D( '', #3638, #3639, #3640 );
#2037 = SURFACE_SIDE_STYLE( '', ( #3641 ) );
#2038 = EDGE_LOOP( '', ( #3642, #3643, #3644, #3645 ) );
#2039 = AXIS2_PLACEMENT_3D( '', #3646, #3647, #3648 );
#2040 = SURFACE_SIDE_STYLE( '', ( #3649 ) );
#2041 = EDGE_LOOP( '', ( #3650, #3651, #3652, #3653 ) );
#2042 = AXIS2_PLACEMENT_3D( '', #3654, #3655, #3656 );
#2043 = SURFACE_SIDE_STYLE( '', ( #3657 ) );
#2044 = EDGE_LOOP( '', ( #3658, #3659, #3660, #3661 ) );
#2045 = AXIS2_PLACEMENT_3D( '', #3662, #3663, #3664 );
#2046 = SURFACE_SIDE_STYLE( '', ( #3665 ) );
#2047 = EDGE_LOOP( '', ( #3666, #3667, #3668, #3669 ) );
#2048 = AXIS2_PLACEMENT_3D( '', #3670, #3671, #3672 );
#2049 = SURFACE_SIDE_STYLE( '', ( #3673 ) );
#2050 = EDGE_LOOP( '', ( #3674, #3675, #3676 ) );
#2051 = EDGE_LOOP( '', ( #3677, #3678, #3679 ) );
#2052 = EDGE_LOOP( '', ( #3680, #3681, #3682 ) );
#2053 = EDGE_LOOP( '', ( #3683, #3684, #3685 ) );
#2054 = EDGE_LOOP( '', ( #3686, #3687, #3688 ) );
#2055 = EDGE_LOOP( '', ( #3689, #3690, #3691, #3692, #3693, #3694, #3695, #3696, #3697, #3698, #3699, #3700, #3701, #3702, #3703, #3704, #3705, #3706, #3707, #3708, #3709, #3710, #3711, #3712, #3713, #3714, #3715, #3716, #3717, #3718, #3719, #3720, #3721, #3722 ) );
#2056 = AXIS2_PLACEMENT_3D( '', #3723, #3724, #3725 );
#2057 = SURFACE_SIDE_STYLE( '', ( #3726 ) );
#2058 = EDGE_LOOP( '', ( #3727, #3728, #3729, #3730 ) );
#2059 = AXIS2_PLACEMENT_3D( '', #3731, #3732, #3733 );
#2060 = SURFACE_SIDE_STYLE( '', ( #3734 ) );
#2061 = EDGE_LOOP( '', ( #3735, #3736, #3737, #3738 ) );
#2062 = AXIS2_PLACEMENT_3D( '', #3739, #3740, #3741 );
#2063 = SURFACE_SIDE_STYLE( '', ( #3742 ) );
#2064 = EDGE_LOOP( '', ( #3743, #3744, #3745, #3746 ) );
#2065 = AXIS2_PLACEMENT_3D( '', #3747, #3748, #3749 );
#2066 = SURFACE_SIDE_STYLE( '', ( #3750 ) );
#2067 = EDGE_LOOP( '', ( #3751, #3752, #3753, #3754 ) );
#2068 = AXIS2_PLACEMENT_3D( '', #3755, #3756, #3757 );
#2069 = SURFACE_SIDE_STYLE( '', ( #3758 ) );
#2070 = EDGE_LOOP( '', ( #3759, #3760, #3761, #3762, #3763, #3764, #3765, #3766 ) );
#2071 = AXIS2_PLACEMENT_3D( '', #3767, #3768, #3769 );
#2072 = SURFACE_SIDE_STYLE( '', ( #3770 ) );
#2073 = EDGE_LOOP( '', ( #3771, #3772, #3773, #3774 ) );
#2074 = AXIS2_PLACEMENT_3D( '', #3775, #3776, #3777 );
#2075 = SURFACE_SIDE_STYLE( '', ( #3778 ) );
#2076 = EDGE_LOOP( '', ( #3779, #3780, #3781, #3782, #3783, #3784 ) );
#2077 = AXIS2_PLACEMENT_3D( '', #3785, #3786, #3787 );
#2078 = SURFACE_SIDE_STYLE( '', ( #3788 ) );
#2079 = EDGE_LOOP( '', ( #3789, #3790, #3791, #3792 ) );
#2080 = AXIS2_PLACEMENT_3D( '', #3793, #3794, #3795 );
#2081 = SURFACE_SIDE_STYLE( '', ( #3796 ) );
#2082 = EDGE_LOOP( '', ( #3797, #3798, #3799, #3800 ) );
#2083 = AXIS2_PLACEMENT_3D( '', #3801, #3802, #3803 );
#2084 = SURFACE_SIDE_STYLE( '', ( #3804 ) );
#2085 = EDGE_LOOP( '', ( #3805, #3806, #3807, #3808, #3809, #3810 ) );
#2086 = AXIS2_PLACEMENT_3D( '', #3811, #3812, #3813 );
#2087 = SURFACE_SIDE_STYLE( '', ( #3814 ) );
#2088 = EDGE_LOOP( '', ( #3815, #3816, #3817, #3818 ) );
#2089 = AXIS2_PLACEMENT_3D( '', #3819, #3820, #3821 );
#2090 = SURFACE_SIDE_STYLE( '', ( #3822 ) );
#2091 = EDGE_LOOP( '', ( #3823, #3824, #3825, #3826, #3827, #3828 ) );
#2092 = AXIS2_PLACEMENT_3D( '', #3829, #3830, #3831 );
#2093 = SURFACE_SIDE_STYLE( '', ( #3832 ) );
#2094 = EDGE_LOOP( '', ( #3833, #3834, #3835, #3836 ) );
#2095 = AXIS2_PLACEMENT_3D( '', #3837, #3838, #3839 );
#2096 = SURFACE_SIDE_STYLE( '', ( #3840 ) );
#2097 = EDGE_LOOP( '', ( #3841 ) );
#2098 = EDGE_LOOP( '', ( #3842 ) );
#2099 = AXIS2_PLACEMENT_3D( '', #3843, #3844, #3845 );
#2100 = SURFACE_SIDE_STYLE( '', ( #3846 ) );
#2101 = EDGE_LOOP( '', ( #3847, #3848, #3849, #3850 ) );
#2102 = AXIS2_PLACEMENT_3D( '', #3851, #3852, #3853 );
#2103 = SURFACE_SIDE_STYLE( '', ( #3854 ) );
#2104 = EDGE_LOOP( '', ( #3855, #3856, #3857, #3858 ) );
#2105 = AXIS2_PLACEMENT_3D( '', #3859, #3860, #3861 );
#2106 = SURFACE_SIDE_STYLE( '', ( #3862 ) );
#2107 = EDGE_LOOP( '', ( #3863 ) );
#2108 = EDGE_LOOP( '', ( #3864 ) );
#2109 = AXIS2_PLACEMENT_3D( '', #3865, #3866, #3867 );
#2110 = SURFACE_SIDE_STYLE( '', ( #3868 ) );
#2111 = EDGE_LOOP( '', ( #3869, #3870, #3871, #3872 ) );
#2112 = AXIS2_PLACEMENT_3D( '', #3873, #3874, #3875 );
#2113 = SURFACE_SIDE_STYLE( '', ( #3876 ) );
#2114 = EDGE_LOOP( '', ( #3877, #3878, #3879, #3880, #3881, #3882, #3883, #3884 ) );
#2115 = AXIS2_PLACEMENT_3D( '', #3885, #3886, #3887 );
#2116 = SURFACE_SIDE_STYLE( '', ( #3888 ) );
#2117 = EDGE_LOOP( '', ( #3889, #3890, #3891, #3892 ) );
#2118 = AXIS2_PLACEMENT_3D( '', #3893, #3894, #3895 );
#2119 = SURFACE_SIDE_STYLE( '', ( #3896 ) );
#2120 = EDGE_LOOP( '', ( #3897, #3898, #3899, #3900 ) );
#2121 = AXIS2_PLACEMENT_3D( '', #3901, #3902, #3903 );
#2122 = SURFACE_SIDE_STYLE( '', ( #3904 ) );
#2123 = EDGE_LOOP( '', ( #3905, #3906, #3907, #3908 ) );
#2124 = AXIS2_PLACEMENT_3D( '', #3909, #3910, #3911 );
#2125 = SURFACE_SIDE_STYLE( '', ( #3912 ) );
#2126 = EDGE_LOOP( '', ( #3913, #3914, #3915, #3916 ) );
#2127 = AXIS2_PLACEMENT_3D( '', #3917, #3918, #3919 );
#2128 = SURFACE_SIDE_STYLE( '', ( #3920 ) );
#2129 = EDGE_LOOP( '', ( #3921, #3922, #3923, #3924, #3925, #3926 ) );
#2130 = AXIS2_PLACEMENT_3D( '', #3927, #3928, #3929 );
#2131 = SURFACE_SIDE_STYLE( '', ( #3930 ) );
#2132 = EDGE_LOOP( '', ( #3931, #3932 ) );
#2133 = AXIS2_PLACEMENT_3D( '', #3933, #3934, #3935 );
#2134 = SURFACE_SIDE_STYLE( '', ( #3936 ) );
#2135 = EDGE_LOOP( '', ( #3937, #3938, #3939, #3940 ) );
#2136 = AXIS2_PLACEMENT_3D( '', #3941, #3942, #3943 );
#2137 = SURFACE_SIDE_STYLE( '', ( #3944 ) );
#2138 = EDGE_LOOP( '', ( #3945, #3946, #3947, #3948 ) );
#2139 = AXIS2_PLACEMENT_3D( '', #3949, #3950, #3951 );
#2140 = SURFACE_SIDE_STYLE( '', ( #3952 ) );
#2141 = EDGE_LOOP( '', ( #3953, #3954, #3955, #3956 ) );
#2142 = AXIS2_PLACEMENT_3D( '', #3957, #3958, #3959 );
#2143 = SURFACE_SIDE_STYLE( '', ( #3960 ) );
#2144 = EDGE_LOOP( '', ( #3961, #3962, #3963, #3964 ) );
#2145 = AXIS2_PLACEMENT_3D( '', #3965, #3966, #3967 );
#2146 = SURFACE_SIDE_STYLE( '', ( #3968 ) );
#2147 = EDGE_LOOP( '', ( #3969, #3970, #3971, #3972 ) );
#2148 = AXIS2_PLACEMENT_3D( '', #3973, #3974, #3975 );
#2149 = SURFACE_SIDE_STYLE( '', ( #3976 ) );
#2150 = EDGE_LOOP( '', ( #3977, #3978, #3979, #3980 ) );
#2151 = AXIS2_PLACEMENT_3D( '', #3981, #3982, #3983 );
#2152 = SURFACE_SIDE_STYLE( '', ( #3984 ) );
#2153 = EDGE_LOOP( '', ( #3985, #3986, #3987, #3988 ) );
#2154 = AXIS2_PLACEMENT_3D( '', #3989, #3990, #3991 );
#2155 = SURFACE_SIDE_STYLE( '', ( #3992 ) );
#2156 = EDGE_LOOP( '', ( #3993, #3994, #3995, #3996 ) );
#2157 = AXIS2_PLACEMENT_3D( '', #3997, #3998, #3999 );
#2158 = SURFACE_SIDE_STYLE( '', ( #4000 ) );
#2159 = EDGE_LOOP( '', ( #4001, #4002, #4003, #4004 ) );
#2160 = AXIS2_PLACEMENT_3D( '', #4005, #4006, #4007 );
#2161 = SURFACE_SIDE_STYLE( '', ( #4008 ) );
#2162 = EDGE_LOOP( '', ( #4009, #4010, #4011, #4012 ) );
#2163 = AXIS2_PLACEMENT_3D( '', #4013, #4014, #4015 );
#2164 = SURFACE_SIDE_STYLE( '', ( #4016 ) );
#2165 = EDGE_LOOP( '', ( #4017, #4018, #4019, #4020 ) );
#2166 = AXIS2_PLACEMENT_3D( '', #4021, #4022, #4023 );
#2167 = SURFACE_SIDE_STYLE( '', ( #4024 ) );
#2168 = EDGE_LOOP( '', ( #4025, #4026, #4027, #4028 ) );
#2169 = AXIS2_PLACEMENT_3D( '', #4029, #4030, #4031 );
#2170 = SURFACE_SIDE_STYLE( '', ( #4032 ) );
#2171 = EDGE_LOOP( '', ( #4033, #4034, #4035, #4036, #4037, #4038 ) );
#2172 = AXIS2_PLACEMENT_3D( '', #4039, #4040, #4041 );
#2173 = SURFACE_SIDE_STYLE( '', ( #4042 ) );
#2174 = EDGE_LOOP( '', ( #4043, #4044, #4045, #4046, #4047, #4048 ) );
#2175 = AXIS2_PLACEMENT_3D( '', #4049, #4050, #4051 );
#2176 = SURFACE_SIDE_STYLE( '', ( #4052 ) );
#2177 = EDGE_LOOP( '', ( #4053, #4054, #4055, #4056 ) );
#2178 = AXIS2_PLACEMENT_3D( '', #4057, #4058, #4059 );
#2179 = SURFACE_SIDE_STYLE( '', ( #4060 ) );
#2180 = EDGE_LOOP( '', ( #4061, #4062, #4063, #4064 ) );
#2181 = EDGE_LOOP( '', ( #4065 ) );
#2182 = AXIS2_PLACEMENT_3D( '', #4066, #4067, #4068 );
#2183 = SURFACE_SIDE_STYLE( '', ( #4069 ) );
#2184 = EDGE_LOOP( '', ( #4070, #4071, #4072, #4073, #4074, #4075 ) );
#2185 = AXIS2_PLACEMENT_3D( '', #4076, #4077, #4078 );
#2186 = SURFACE_SIDE_STYLE( '', ( #4079 ) );
#2187 = EDGE_LOOP( '', ( #4080, #4081, #4082, #4083 ) );
#2188 = AXIS2_PLACEMENT_3D( '', #4084, #4085, #4086 );
#2189 = SURFACE_SIDE_STYLE( '', ( #4087 ) );
#2190 = EDGE_LOOP( '', ( #4088, #4089, #4090, #4091 ) );
#2191 = AXIS2_PLACEMENT_3D( '', #4092, #4093, #4094 );
#2192 = SURFACE_SIDE_STYLE( '', ( #4095 ) );
#2193 = EDGE_LOOP( '', ( #4096, #4097, #4098, #4099 ) );
#2194 = AXIS2_PLACEMENT_3D( '', #4100, #4101, #4102 );
#2195 = SURFACE_SIDE_STYLE( '', ( #4103 ) );
#2196 = EDGE_LOOP( '', ( #4104, #4105 ) );
#2197 = AXIS2_PLACEMENT_3D( '', #4106, #4107, #4108 );
#2198 = SURFACE_SIDE_STYLE( '', ( #4109 ) );
#2199 = EDGE_LOOP( '', ( #4110, #4111, #4112, #4113 ) );
#2200 = AXIS2_PLACEMENT_3D( '', #4114, #4115, #4116 );
#2201 = SURFACE_SIDE_STYLE( '', ( #4117 ) );
#2202 = EDGE_LOOP( '', ( #4118, #4119, #4120, #4121 ) );
#2203 = AXIS2_PLACEMENT_3D( '', #4122, #4123, #4124 );
#2204 = SURFACE_SIDE_STYLE( '', ( #4125 ) );
#2205 = EDGE_LOOP( '', ( #4126, #4127, #4128, #4129, #4130, #4131 ) );
#2206 = AXIS2_PLACEMENT_3D( '', #4132, #4133, #4134 );
#2207 = SURFACE_SIDE_STYLE( '', ( #4135 ) );
#2208 = EDGE_LOOP( '', ( #4136, #4137, #4138, #4139, #4140, #4141, #4142, #4143, #4144, #4145, #4146, #4147, #4148, #4149, #4150, #4151, #4152, #4153, #4154, #4155, #4156, #4157, #4158, #4159, #4160, #4161, #4162, #4163 ) );
#2209 = AXIS2_PLACEMENT_3D( '', #4164, #4165, #4166 );
#2210 = SURFACE_SIDE_STYLE( '', ( #4167 ) );
#2211 = EDGE_LOOP( '', ( #4168, #4169, #4170, #4171 ) );
#2212 = AXIS2_PLACEMENT_3D( '', #4172, #4173, #4174 );
#2213 = SURFACE_SIDE_STYLE( '', ( #4175 ) );
#2214 = EDGE_LOOP( '', ( #4176, #4177, #4178, #4179 ) );
#2215 = AXIS2_PLACEMENT_3D( '', #4180, #4181, #4182 );
#2216 = SURFACE_SIDE_STYLE( '', ( #4183 ) );
#2217 = EDGE_LOOP( '', ( #4184, #4185, #4186, #4187, #4188, #4189 ) );
#2218 = AXIS2_PLACEMENT_3D( '', #4190, #4191, #4192 );
#2219 = SURFACE_SIDE_STYLE( '', ( #4193 ) );
#2220 = EDGE_LOOP( '', ( #4194, #4195, #4196, #4197 ) );
#2221 = AXIS2_PLACEMENT_3D( '', #4198, #4199, #4200 );
#2222 = SURFACE_SIDE_STYLE( '', ( #4201 ) );
#2223 = EDGE_LOOP( '', ( #4202, #4203, #4204, #4205, #4206, #4207 ) );
#2224 = AXIS2_PLACEMENT_3D( '', #4208, #4209, #4210 );
#2225 = SURFACE_SIDE_STYLE( '', ( #4211 ) );
#2226 = EDGE_LOOP( '', ( #4212 ) );
#2227 = EDGE_LOOP( '', ( #4213 ) );
#2228 = AXIS2_PLACEMENT_3D( '', #4214, #4215, #4216 );
#2229 = SURFACE_SIDE_STYLE( '', ( #4217 ) );
#2230 = EDGE_LOOP( '', ( #4218, #4219, #4220, #4221 ) );
#2231 = AXIS2_PLACEMENT_3D( '', #4222, #4223, #4224 );
#2232 = SURFACE_SIDE_STYLE( '', ( #4225 ) );
#2233 = EDGE_LOOP( '', ( #4226, #4227, #4228, #4229, #4230, #4231, #4232, #4233 ) );
#2234 = AXIS2_PLACEMENT_3D( '', #4234, #4235, #4236 );
#2235 = SURFACE_SIDE_STYLE( '', ( #4237 ) );
#2236 = EDGE_LOOP( '', ( #4238, #4239, #4240, #4241 ) );
#2237 = AXIS2_PLACEMENT_3D( '', #4242, #4243, #4244 );
#2238 = SURFACE_SIDE_STYLE( '', ( #4245 ) );
#2239 = EDGE_LOOP( '', ( #4246, #4247, #4248, #4249 ) );
#2240 = AXIS2_PLACEMENT_3D( '', #4250, #4251, #4252 );
#2241 = SURFACE_SIDE_STYLE( '', ( #4253 ) );
#2242 = EDGE_LOOP( '', ( #4254, #4255, #4256, #4257, #4258, #4259 ) );
#2243 = AXIS2_PLACEMENT_3D( '', #4260, #4261, #4262 );
#2244 = SURFACE_SIDE_STYLE( '', ( #4263 ) );
#2245 = EDGE_LOOP( '', ( #4264, #4265, #4266, #4267, #4268, #4269, #4270, #4271, #4272, #4273, #4274, #4275, #4276, #4277, #4278, #4279, #4280, #4281, #4282, #4283, #4284, #4285, #4286, #4287, #4288, #4289, #4290, #4291, #4292, #4293, #4294, #4295, #4296, #4297 ) );
#2246 = EDGE_LOOP( '', ( #4298, #4299, #4300 ) );
#2247 = EDGE_LOOP( '', ( #4301, #4302, #4303 ) );
#2248 = EDGE_LOOP( '', ( #4304, #4305, #4306 ) );
#2249 = EDGE_LOOP( '', ( #4307, #4308, #4309 ) );
#2250 = EDGE_LOOP( '', ( #4310, #4311, #4312 ) );
#2251 = EDGE_LOOP( '', ( #4313, #4314, #4315, #4316 ) );
#2252 = EDGE_LOOP( '', ( #4317, #4318, #4319, #4320 ) );
#2253 = EDGE_LOOP( '', ( #4321, #4322, #4323, #4324 ) );
#2254 = EDGE_LOOP( '', ( #4325, #4326, #4327, #4328 ) );
#2255 = EDGE_LOOP( '', ( #4329, #4330, #4331, #4332 ) );
#2256 = EDGE_LOOP( '', ( #4333, #4334, #4335, #4336 ) );
#2257 = AXIS2_PLACEMENT_3D( '', #4337, #4338, #4339 );
#2258 = SURFACE_SIDE_STYLE( '', ( #4340 ) );
#2259 = EDGE_LOOP( '', ( #4341, #4342, #4343, #4344 ) );
#2260 = AXIS2_PLACEMENT_3D( '', #4345, #4346, #4347 );
#2261 = SURFACE_SIDE_STYLE( '', ( #4348 ) );
#2262 = EDGE_LOOP( '', ( #4349, #4350, #4351, #4352, #4353, #4354, #4355, #4356 ) );
#2263 = AXIS2_PLACEMENT_3D( '', #4357, #4358, #4359 );
#2264 = SURFACE_SIDE_STYLE( '', ( #4360 ) );
#2265 = EDGE_LOOP( '', ( #4361, #4362, #4363, #4364, #4365, #4366 ) );
#2266 = AXIS2_PLACEMENT_3D( '', #4367, #4368, #4369 );
#2267 = SURFACE_SIDE_STYLE( '', ( #4370 ) );
#2268 = EDGE_LOOP( '', ( #4371, #4372, #4373, #4374 ) );
#2269 = AXIS2_PLACEMENT_3D( '', #4375, #4376, #4377 );
#2270 = SURFACE_SIDE_STYLE( '', ( #4378 ) );
#2271 = EDGE_LOOP( '', ( #4379, #4380, #4381, #4382 ) );
#2272 = EDGE_LOOP( '', ( #4383 ) );
#2273 = AXIS2_PLACEMENT_3D( '', #4384, #4385, #4386 );
#2274 = SURFACE_SIDE_STYLE( '', ( #4387 ) );
#2275 = EDGE_LOOP( '', ( #4388, #4389, #4390, #4391, #4392, #4393 ) );
#2276 = AXIS2_PLACEMENT_3D( '', #4394, #4395, #4396 );
#2277 = SURFACE_SIDE_STYLE( '', ( #4397 ) );
#2278 = EDGE_LOOP( '', ( #4398, #4399, #4400, #4401 ) );
#2279 = AXIS2_PLACEMENT_3D( '', #4402, #4403, #4404 );
#2280 = SURFACE_SIDE_STYLE( '', ( #4405 ) );
#2281 = EDGE_LOOP( '', ( #4406, #4407, #4408, #4409 ) );
#2282 = AXIS2_PLACEMENT_3D( '', #4410, #4411, #4412 );
#2283 = SURFACE_SIDE_STYLE( '', ( #4413 ) );
#2284 = EDGE_LOOP( '', ( #4414, #4415 ) );
#2285 = AXIS2_PLACEMENT_3D( '', #4416, #4417, #4418 );
#2286 = SURFACE_SIDE_STYLE( '', ( #4419 ) );
#2287 = EDGE_LOOP( '', ( #4420, #4421, #4422, #4423 ) );
#2288 = EDGE_LOOP( '', ( #4424, #4425, #4426, #4427 ) );
#2289 = AXIS2_PLACEMENT_3D( '', #4428, #4429, #4430 );
#2290 = SURFACE_SIDE_STYLE( '', ( #4431 ) );
#2291 = EDGE_LOOP( '', ( #4432, #4433, #4434, #4435 ) );
#2292 = AXIS2_PLACEMENT_3D( '', #4436, #4437, #4438 );
#2293 = SURFACE_SIDE_STYLE( '', ( #4439 ) );
#2294 = EDGE_LOOP( '', ( #4440, #4441, #4442, #4443 ) );
#2295 = AXIS2_PLACEMENT_3D( '', #4444, #4445, #4446 );
#2296 = SURFACE_SIDE_STYLE( '', ( #4447 ) );
#2297 = EDGE_LOOP( '', ( #4448 ) );
#2298 = EDGE_LOOP( '', ( #4449 ) );
#2299 = AXIS2_PLACEMENT_3D( '', #4450, #4451, #4452 );
#2300 = SURFACE_SIDE_STYLE( '', ( #4453 ) );
#2301 = EDGE_LOOP( '', ( #4454, #4455, #4456, #4457 ) );
#2302 = AXIS2_PLACEMENT_3D( '', #4458, #4459, #4460 );
#2303 = SURFACE_SIDE_STYLE( '', ( #4461 ) );
#2304 = EDGE_LOOP( '', ( #4462, #4463, #4464, #4465, #4466, #4467 ) );
#2305 = AXIS2_PLACEMENT_3D( '', #4468, #4469, #4470 );
#2306 = SURFACE_SIDE_STYLE( '', ( #4471 ) );
#2307 = EDGE_LOOP( '', ( #4472, #4473, #4474, #4475 ) );
#2308 = AXIS2_PLACEMENT_3D( '', #4476, #4477, #4478 );
#2309 = SURFACE_SIDE_STYLE( '', ( #4479 ) );
#2310 = EDGE_LOOP( '', ( #4480, #4481, #4482, #4483 ) );
#2311 = AXIS2_PLACEMENT_3D( '', #4484, #4485, #4486 );
#2312 = SURFACE_SIDE_STYLE( '', ( #4487 ) );
#2313 = EDGE_LOOP( '', ( #4488, #4489, #4490, #4491 ) );
#2314 = AXIS2_PLACEMENT_3D( '', #4492, #4493, #4494 );
#2315 = SURFACE_SIDE_STYLE( '', ( #4495 ) );
#2316 = EDGE_LOOP( '', ( #4496, #4497, #4498, #4499 ) );
#2317 = EDGE_LOOP( '', ( #4500, #4501, #4502, #4503 ) );
#2318 = AXIS2_PLACEMENT_3D( '', #4504, #4505, #4506 );
#2319 = SURFACE_SIDE_STYLE( '', ( #4507 ) );
#2320 = EDGE_LOOP( '', ( #4508, #4509, #4510, #4511 ) );
#2321 = AXIS2_PLACEMENT_3D( '', #4512, #4513, #4514 );
#2322 = SURFACE_SIDE_STYLE( '', ( #4515 ) );
#2323 = EDGE_LOOP( '', ( #4516, #4517, #4518, #4519 ) );
#2324 = AXIS2_PLACEMENT_3D( '', #4520, #4521, #4522 );
#2325 = SURFACE_SIDE_STYLE( '', ( #4523 ) );
#2326 = EDGE_LOOP( '', ( #4524, #4525, #4526, #4527 ) );
#2327 = EDGE_LOOP( '', ( #4528, #4529, #4530, #4531 ) );
#2328 = AXIS2_PLACEMENT_3D( '', #4532, #4533, #4534 );
#2329 = SURFACE_SIDE_STYLE( '', ( #4535 ) );
#2330 = EDGE_LOOP( '', ( #4536, #4537, #4538, #4539 ) );
#2331 = AXIS2_PLACEMENT_3D( '', #4540, #4541, #4542 );
#2333 = SURFACE_STYLE_FILL_AREA( #4543 );
#2334 = ORIENTED_EDGE( '', *, *, #4544, .T. );
#2335 = ORIENTED_EDGE( '', *, *, #4545, .F. );
#2336 = ORIENTED_EDGE( '', *, *, #4546, .T. );
#2337 = ORIENTED_EDGE( '', *, *, #4547, .F. );
#2338 = ORIENTED_EDGE( '', *, *, #4548, .T. );
#2339 = CARTESIAN_POINT( '', ( 12.4999999999994, 0.000000000000000, 6.80000000000000 ) );
#2340 = DIRECTION( '', ( -2.02975402025242E-016, -0.000000000000000, -1.00000000000000 ) );
#2341 = DIRECTION( '', ( 1.00000000000000, 0.000000000000000, -2.02975402025242E-016 ) );
#2342 = SURFACE_STYLE_FILL_AREA( #4549 );
#2343 = ORIENTED_EDGE( '', *, *, #4550, .F. );
#2344 = ORIENTED_EDGE( '', *, *, #4551, .F. );
#2345 = ORIENTED_EDGE( '', *, *, #4552, .F. );
#2346 = ORIENTED_EDGE( '', *, *, #4553, .F. );
#2347 = CARTESIAN_POINT( '', ( -2.50000000000022, 0.000000000000000, 6.79000000000000 ) );
#2348 = DIRECTION( '', ( -4.68844182696444E-016, 0.000000000000000, -1.00000000000000 ) );
#2349 = DIRECTION( '', ( -1.00000000000000, 0.000000000000000, 4.68844182696444E-016 ) );
#2350 = SURFACE_STYLE_FILL_AREA( #4554 );
#2351 = ORIENTED_EDGE( '', *, *, #4555, .F. );
#2352 = ORIENTED_EDGE( '', *, *, #4556, .T. );
#2353 = ORIENTED_EDGE( '', *, *, #4557, .T. );
#2354 = ORIENTED_EDGE( '', *, *, #4558, .T. );
#2355 = CARTESIAN_POINT( '', ( 15.0000000000000, -4.25000000000000, -6.20000000000000 ) );
#2356 = DIRECTION( '', ( 1.15648231731787E-016, 0.000000000000000, -1.00000000000000 ) );
#2357 = DIRECTION( '', ( -1.00000000000000, 0.000000000000000, -1.15648231731787E-016 ) );
#2358 = SURFACE_STYLE_FILL_AREA( #4559 );
#2359 = ORIENTED_EDGE( '', *, *, #4560, .F. );
#2360 = ORIENTED_EDGE( '', *, *, #4561, .F. );
#2361 = ORIENTED_EDGE( '', *, *, #4562, .T. );
#2362 = ORIENTED_EDGE( '', *, *, #4563, .T. );
#2363 = CARTESIAN_POINT( '', ( 19.9999999999995, -2.75000000000000, -2.50000000000000 ) );
#2364 = DIRECTION( '', ( 0.000000000000000, -0.316145823973806, 0.948710608132914 ) );
#2365 = DIRECTION( '', ( 0.000000000000000, -0.948710608132914, -0.316145823973806 ) );
#2366 = SURFACE_STYLE_FILL_AREA( #4564 );
#2367 = ORIENTED_EDGE( '', *, *, #4565, .T. );
#2368 = ORIENTED_EDGE( '', *, *, #4566, .T. );
#2369 = ORIENTED_EDGE( '', *, *, #4567, .F. );
#2370 = ORIENTED_EDGE( '', *, *, #4568, .F. );
#2371 = ORIENTED_EDGE( '', *, *, #4569, .T. );
#2372 = ORIENTED_EDGE( '', *, *, #4570, .T. );
#2373 = CARTESIAN_POINT( '', ( 6.99999999999956, -0.350000000000000, 30.9669218061146 ) );
#2374 = DIRECTION( '', ( 0.000000000000000, 1.00000000000000, 0.000000000000000 ) );
#2375 = DIRECTION( '', ( 0.000000000000000, 0.000000000000000, 1.00000000000000 ) );
#2376 = SURFACE_STYLE_FILL_AREA( #4571 );
#2377 = ORIENTED_EDGE( '', *, *, #4572, .T. );
#2378 = ORIENTED_EDGE( '', *, *, #4573, .F. );
#2379 = ORIENTED_EDGE( '', *, *, #4574, .F. );
#2380 = ORIENTED_EDGE( '', *, *, #4575, .F. );
#2381 = CARTESIAN_POINT( '', ( 0.000000000000000, 30.5487887721775, -3.00000000000000 ) );
#2382 = DIRECTION( '', ( -0.996212107599096, 0.000000000000000, -0.0869565217391324 ) );
#2383 = DIRECTION( '', ( -0.0869565217391324, 0.000000000000000, 0.996212107599096 ) );
#2384 = SURFACE_STYLE_FILL_AREA( #4576 );
#2385 = ORIENTED_EDGE( '', *, *, #4577, .T. );
#2386 = ORIENTED_EDGE( '', *, *, #4578, .T. );
#2387 = ORIENTED_EDGE( '', *, *, #4579, .T. );
#2388 = ORIENTED_EDGE( '', *, *, #4580, .T. );
#2389 = ORIENTED_EDGE( '', *, *, #4581, .F. );
#2390 = CARTESIAN_POINT( '', ( -2.50000000000022, 0.000000000000000, 7.70000000000000 ) );
#2391 = DIRECTION( '', ( 3.77113799125398E-016, -0.000000000000000, 1.00000000000000 ) );
#2392 = DIRECTION( '', ( 1.00000000000000, 0.000000000000000, -3.77113799125398E-016 ) );
#2393 = SURFACE_STYLE_FILL_AREA( #4582 );
#2394 = ORIENTED_EDGE( '', *, *, #4583, .T. );
#2395 = ORIENTED_EDGE( '', *, *, #4584, .F. );
#2396 = ORIENTED_EDGE( '', *, *, #4585, .F. );
#2397 = ORIENTED_EDGE( '', *, *, #4586, .T. );
#2398 = CARTESIAN_POINT( '', ( -13.9000000000000, 3.45000000000000, 0.499999999999991 ) );
#2399 = DIRECTION( '', ( -1.00000000000000, 0.000000000000000, 0.000000000000000 ) );
#2400 = DIRECTION( '', ( 0.000000000000000, 0.000000000000000, 1.00000000000000 ) );
#2401 = SURFACE_STYLE_FILL_AREA( #4587 );
#2402 = ORIENTED_EDGE( '', *, *, #4588, .F. );
#2403 = ORIENTED_EDGE( '', *, *, #4589, .F. );
#2404 = ORIENTED_EDGE( '', *, *, #4590, .F. );
#2405 = ORIENTED_EDGE( '', *, *, #4591, .F. );
#2406 = CARTESIAN_POINT( '', ( -13.0000000000000, 0.350000000000000, -9.90000000000000 ) );
#2407 = DIRECTION( '', ( 0.967230965379434, 0.000000000000000, 0.253898128412102 ) );
#2408 = DIRECTION( '', ( 0.000000000000000, -1.00000000000000, 0.000000000000000 ) );
#2409 = SURFACE_STYLE_FILL_AREA( #4592 );
#2410 = ORIENTED_EDGE( '', *, *, #4593, .F. );
#2411 = ORIENTED_EDGE( '', *, *, #4594, .F. );
#2412 = ORIENTED_EDGE( '', *, *, #4595, .F. );
#2413 = ORIENTED_EDGE( '', *, *, #4596, .F. );
#2414 = CARTESIAN_POINT( '', ( 4.14499999999968, 32.7669218061146, -6.05000000000000 ) );
#2415 = DIRECTION( '', ( -0.695421427516052, 0.000000000000000, -0.718602141766595 ) );
#2416 = DIRECTION( '', ( -0.718602141766595, 0.000000000000000, 0.695421427516052 ) );
#2417 = SURFACE_STYLE_FILL_AREA( #4597 );
#2418 = ORIENTED_EDGE( '', *, *, #4598, .F. );
#2419 = ORIENTED_EDGE( '', *, *, #4599, .T. );
#2420 = ORIENTED_EDGE( '', *, *, #4600, .T. );
#2421 = ORIENTED_EDGE( '', *, *, #4593, .T. );
#2422 = CARTESIAN_POINT( '', ( 15.0000000000000, -4.25000000000000, -6.20000000000000 ) );
#2423 = DIRECTION( '', ( 1.15648231731787E-016, 0.000000000000000, -1.00000000000000 ) );
#2424 = DIRECTION( '', ( -1.00000000000000, 0.000000000000000, -1.15648231731787E-016 ) );
#2425 = SURFACE_STYLE_FILL_AREA( #4601 );
#2426 = ORIENTED_EDGE( '', *, *, #4602, .F. );
#2427 = ORIENTED_EDGE( '', *, *, #4603, .F. );
#2428 = ORIENTED_EDGE( '', *, *, #4604, .F. );
#2429 = ORIENTED_EDGE( '', *, *, #4605, .F. );
#2430 = CARTESIAN_POINT( '', ( -3.00000000000022, 0.350000000000000, -9.90000000000000 ) );
#2431 = DIRECTION( '', ( 0.967230965379434, 0.000000000000000, 0.253898128412102 ) );
#2432 = DIRECTION( '', ( 0.000000000000000, -1.00000000000000, 0.000000000000000 ) );
#2433 = SURFACE_STYLE_FILL_AREA( #4606 );
#2434 = ORIENTED_EDGE( '', *, *, #4607, .T. );
#2435 = ORIENTED_EDGE( '', *, *, #4608, .T. );
#2436 = ORIENTED_EDGE( '', *, *, #4609, .F. );
#2437 = ORIENTED_EDGE( '', *, *, #4610, .F. );
#2438 = CARTESIAN_POINT( '', ( -12.0000000000000, -0.350000000000000, 28.7487887721775 ) );
#2439 = DIRECTION( '', ( -1.00000000000000, 0.000000000000000, 0.000000000000000 ) );
#2440 = DIRECTION( '', ( 0.000000000000000, 0.000000000000000, 1.00000000000000 ) );
#2441 = SURFACE_STYLE_FILL_AREA( #4611 );
#2442 = ORIENTED_EDGE( '', *, *, #4612, .T. );
#2443 = ORIENTED_EDGE( '', *, *, #4613, .F. );
#2444 = ORIENTED_EDGE( '', *, *, #4614, .F. );
#2445 = ORIENTED_EDGE( '', *, *, #4615, .T. );
#2446 = CARTESIAN_POINT( '', ( -11.1000000000000, 3.45000000000000, -2.10000000000000 ) );
#2447 = DIRECTION( '', ( 1.00000000000000, 0.000000000000000, 0.000000000000000 ) );
#2448 = DIRECTION( '', ( 0.000000000000000, 0.000000000000000, -1.00000000000000 ) );
#2449 = SURFACE_STYLE_FILL_AREA( #4616 );
#2450 = ORIENTED_EDGE( '', *, *, #4617, .F. );
#2451 = ORIENTED_EDGE( '', *, *, #4618, .T. );
#2452 = ORIENTED_EDGE( '', *, *, #4619, .F. );
#2453 = ORIENTED_EDGE( '', *, *, #4620, .T. );
#2454 = CARTESIAN_POINT( '', ( 0.000000000000000, 0.000000000000000, -10.7000000000000 ) );
#2455 = DIRECTION( '', ( 0.000000000000000, 0.000000000000000, 1.00000000000000 ) );
#2456 = DIRECTION( '', ( 1.00000000000000, 0.000000000000000, 0.000000000000000 ) );
#2457 = SURFACE_STYLE_FILL_AREA( #4621 );
#2458 = ORIENTED_EDGE( '', *, *, #4622, .T. );
#2459 = ORIENTED_EDGE( '', *, *, #4623, .T. );
#2460 = ORIENTED_EDGE( '', *, *, #4624, .T. );
#2461 = ORIENTED_EDGE( '', *, *, #4625, .T. );
#2462 = ORIENTED_EDGE( '', *, *, #4626, .F. );
#2463 = ORIENTED_EDGE( '', *, *, #4627, .F. );
#2464 = CARTESIAN_POINT( '', ( 7.99999999999956, 0.350000000000000, 30.9669218061146 ) );
#2465 = DIRECTION( '', ( 0.000000000000000, -1.00000000000000, 0.000000000000000 ) );
#2466 = DIRECTION( '', ( 0.000000000000000, 0.000000000000000, -1.00000000000000 ) );
#2467 = SURFACE_STYLE_FILL_AREA( #4628 );
#2468 = ORIENTED_EDGE( '', *, *, #4629, .T. );
#2469 = ORIENTED_EDGE( '', *, *, #4630, .T. );
#2470 = ORIENTED_EDGE( '', *, *, #4631, .T. );
#2471 = ORIENTED_EDGE( '', *, *, #4632, .T. );
#2472 = ORIENTED_EDGE( '', *, *, #4633, .F. );
#2473 = CARTESIAN_POINT( '', ( -12.5000000000000, 0.000000000000000, 7.70000000000000 ) );
#2474 = DIRECTION( '', ( 3.77113799125398E-016, -0.000000000000000, 1.00000000000000 ) );
#2475 = DIRECTION( '', ( 1.00000000000000, 0.000000000000000, -3.77113799125398E-016 ) );
#2476 = SURFACE_STYLE_FILL_AREA( #4634 );
#2477 = ORIENTED_EDGE( '', *, *, #4635, .T. );
#2478 = ORIENTED_EDGE( '', *, *, #4636, .F. );
#2479 = ORIENTED_EDGE( '', *, *, #4637, .F. );
#2480 = ORIENTED_EDGE( '', *, *, #4638, .T. );
#2481 = CARTESIAN_POINT( '', ( 8.89999999999956, 3.45000000000000, -2.10000000000000 ) );
#2482 = DIRECTION( '', ( 1.00000000000000, 0.000000000000000, 0.000000000000000 ) );
#2483 = DIRECTION( '', ( 0.000000000000000, 0.000000000000000, -1.00000000000000 ) );
#2484 = SURFACE_STYLE_FILL_AREA( #4639 );
#2485 = ORIENTED_EDGE( '', *, *, #4640, .F. );
#2486 = ORIENTED_EDGE( '', *, *, #4641, .F. );
#2487 = ORIENTED_EDGE( '', *, *, #4642, .T. );
#2488 = ORIENTED_EDGE( '', *, *, #4643, .T. );
#2489 = CARTESIAN_POINT( '', ( 14.9999999999997, -2.75000000000000, -2.50000000000000 ) );
#2490 = DIRECTION( '', ( 0.000000000000000, -0.316145823973806, 0.948710608132914 ) );
#2491 = DIRECTION( '', ( 0.000000000000000, -0.948710608132914, -0.316145823973806 ) );
#2492 = SURFACE_STYLE_FILL_AREA( #4644 );
#2493 = ORIENTED_EDGE( '', *, *, #4645, .F. );
#2494 = ORIENTED_EDGE( '', *, *, #4646, .T. );
#2495 = ORIENTED_EDGE( '', *, *, #4647, .T. );
#2496 = ORIENTED_EDGE( '', *, *, #4648, .F. );
#2497 = ORIENTED_EDGE( '', *, *, #4649, .T. );
#2498 = ORIENTED_EDGE( '', *, *, #4650, .T. );
#2499 = CARTESIAN_POINT( '', ( -0.363382140559955, 4.25000000000000, 7.25000000000000 ) );
#2500 = DIRECTION( '', ( -0.939692620785907, 0.000000000000000, -0.342020143325672 ) );
#2501 = DIRECTION( '', ( -0.342020143325672, 0.000000000000000, 0.939692620785907 ) );
#2502 = SURFACE_STYLE_FILL_AREA( #4651 );
#2503 = ORIENTED_EDGE( '', *, *, #4546, .F. );
#2504 = ORIENTED_EDGE( '', *, *, #4652, .T. );
#2505 = ORIENTED_EDGE( '', *, *, #4653, .T. );
#2506 = ORIENTED_EDGE( '', *, *, #4654, .F. );
#2507 = ORIENTED_EDGE( '', *, *, #4655, .T. );
#2508 = ORIENTED_EDGE( '', *, *, #4656, .T. );
#2509 = CARTESIAN_POINT( '', ( 14.6366178594397, 4.25000000000000, 7.25000000000000 ) );
#2510 = DIRECTION( '', ( -0.939692620785907, 0.000000000000000, -0.342020143325672 ) );
#2511 = DIRECTION( '', ( -0.342020143325672, 0.000000000000000, 0.939692620785907 ) );
#2512 = SURFACE_STYLE_FILL_AREA( #4657 );
#2513 = ORIENTED_EDGE( '', *, *, #4658, .F. );
#2514 = ORIENTED_EDGE( '', *, *, #4659, .T. );
#2515 = ORIENTED_EDGE( '', *, *, #4660, .F. );
#2516 = ORIENTED_EDGE( '', *, *, #4603, .T. );
#2517 = CARTESIAN_POINT( '', ( 0.000000000000000, 0.000000000000000, -10.7000000000000 ) );
#2518 = DIRECTION( '', ( 0.000000000000000, 0.000000000000000, 1.00000000000000 ) );
#2519 = DIRECTION( '', ( 1.00000000000000, 0.000000000000000, 0.000000000000000 ) );
#2520 = SURFACE_STYLE_FILL_AREA( #4661 );
#2521 = ORIENTED_EDGE( '', *, *, #4662, .T. );
#2522 = ORIENTED_EDGE( '', *, *, #4663, .F. );
#2523 = ORIENTED_EDGE( '', *, *, #4664, .F. );
#2524 = ORIENTED_EDGE( '', *, *, #4665, .F. );
#2525 = CARTESIAN_POINT( '', ( -10.0000000000000, 30.5487887721775, -3.00000000000000 ) );
#2526 = DIRECTION( '', ( -0.996212107599096, 0.000000000000000, -0.0869565217391324 ) );
#2527 = DIRECTION( '', ( -0.0869565217391324, 0.000000000000000, 0.996212107599096 ) );
#2528 = SURFACE_STYLE_FILL_AREA( #4666 );
#2529 = ORIENTED_EDGE( '', *, *, #4667, .F. );
#2530 = ORIENTED_EDGE( '', *, *, #4668, .F. );
#2531 = ORIENTED_EDGE( '', *, *, #4669, .T. );
#2532 = ORIENTED_EDGE( '', *, *, #4670, .T. );
#2533 = ORIENTED_EDGE( '', *, *, #4671, .T. );
#2534 = ORIENTED_EDGE( '', *, *, #4672, .F. );
#2535 = CARTESIAN_POINT( '', ( -9.85500000000000, 4.25000000000000, 6.65000000000000 ) );
#2536 = DIRECTION( '', ( 0.939692620785909, 0.000000000000000, -0.342020143325668 ) );
#2537 = DIRECTION( '', ( -0.342020143325667, 0.000000000000000, -0.939692620785909 ) );
#2538 = SURFACE_STYLE_FILL_AREA( #4673 );
#2539 = ORIENTED_EDGE( '', *, *, #4674, .T. );
#2540 = ORIENTED_EDGE( '', *, *, #4675, .T. );
#2541 = ORIENTED_EDGE( '', *, *, #4676, .F. );
#2542 = ORIENTED_EDGE( '', *, *, #4677, .F. );
#2543 = CARTESIAN_POINT( '', ( -12.1000000000000, 1.80623918681885, 6.79000000000000 ) );
#2544 = DIRECTION( '', ( -1.00000000000000, 0.000000000000000, 3.77113799125398E-016 ) );
#2545 = DIRECTION( '', ( 3.77113799125398E-016, 0.000000000000000, 1.00000000000000 ) );
#2546 = SURFACE_STYLE_FILL_AREA( #4678 );
#2547 = ORIENTED_EDGE( '', *, *, #4679, .T. );
#2548 = ORIENTED_EDGE( '', *, *, #4638, .F. );
#2549 = ORIENTED_EDGE( '', *, *, #4680, .F. );
#2550 = ORIENTED_EDGE( '', *, *, #4681, .T. );
#2551 = CARTESIAN_POINT( '', ( 6.09999999999956, 3.45000000000000, -2.10000000000000 ) );
#2552 = DIRECTION( '', ( 0.000000000000000, 0.000000000000000, -1.00000000000000 ) );
#2553 = DIRECTION( '', ( -1.00000000000000, 0.000000000000000, 0.000000000000000 ) );
#2554 = SURFACE_STYLE_FILL_AREA( #4682 );
#2555 = ORIENTED_EDGE( '', *, *, #4683, .T. );
#2556 = ORIENTED_EDGE( '', *, *, #4684, .F. );
#2557 = ORIENTED_EDGE( '', *, *, #4685, .F. );
#2558 = ORIENTED_EDGE( '', *, *, #4686, .T. );
#2559 = CARTESIAN_POINT( '', ( 1.09999999999967, 3.45000000000000, 0.499999999999991 ) );
#2560 = DIRECTION( '', ( -1.00000000000000, 0.000000000000000, 0.000000000000000 ) );
#2561 = DIRECTION( '', ( 0.000000000000000, 0.000000000000000, 1.00000000000000 ) );
#2562 = SURFACE_STYLE_FILL_AREA( #4687 );
#2563 = ORIENTED_EDGE( '', *, *, #4688, .T. );
#2564 = ORIENTED_EDGE( '', *, *, #4689, .F. );
#2565 = ORIENTED_EDGE( '', *, *, #4690, .F. );
#2566 = ORIENTED_EDGE( '', *, *, #4691, .T. );
#2567 = CARTESIAN_POINT( '', ( 3.89999999999967, 3.45000000000000, -2.10000000000000 ) );
#2568 = DIRECTION( '', ( 1.00000000000000, 0.000000000000000, 0.000000000000000 ) );
#2569 = DIRECTION( '', ( 0.000000000000000, 0.000000000000000, -1.00000000000000 ) );
#2570 = SURFACE_STYLE_FILL_AREA( #4692 );
#2571 = ORIENTED_EDGE( '', *, *, #4693, .F. );
#2572 = ORIENTED_EDGE( '', *, *, #4694, .F. );
#2573 = ORIENTED_EDGE( '', *, *, #4695, .F. );
#2574 = ORIENTED_EDGE( '', *, *, #4696, .F. );
#2575 = CARTESIAN_POINT( '', ( 7.49999999999956, 0.000000000000000, 6.79000000000000 ) );
#2576 = DIRECTION( '', ( -4.68844182696444E-016, 0.000000000000000, -1.00000000000000 ) );
#2577 = DIRECTION( '', ( -1.00000000000000, 0.000000000000000, 4.68844182696444E-016 ) );
#2578 = SURFACE_STYLE_FILL_AREA( #4697 );
#2579 = ORIENTED_EDGE( '', *, *, #4698, .T. );
#2580 = ORIENTED_EDGE( '', *, *, #4699, .F. );
#2581 = ORIENTED_EDGE( '', *, *, #4700, .F. );
#2582 = ORIENTED_EDGE( '', *, *, #4701, .F. );
#2583 = CARTESIAN_POINT( '', ( -4.30000000000021, 32.7669218061146, -6.20000000000000 ) );
#2584 = DIRECTION( '', ( 0.695421427516052, 0.000000000000000, -0.718602141766595 ) );
#2585 = DIRECTION( '', ( -0.718602141766595, 0.000000000000000, -0.695421427516052 ) );
#2586 = SURFACE_STYLE_FILL_AREA( #4702 );
#2587 = ORIENTED_EDGE( '', *, *, #4703, .F. );
#2588 = ORIENTED_EDGE( '', *, *, #4704, .F. );
#2589 = ORIENTED_EDGE( '', *, *, #4705, .T. );
#2590 = ORIENTED_EDGE( '', *, *, #4706, .T. );
#2591 = CARTESIAN_POINT( '', ( 12.4999999999994, 0.000000000000000, 6.79000000000000 ) );
#2592 = DIRECTION( '', ( -3.77113799125398E-016, -0.000000000000000, -1.00000000000000 ) );
#2593 = DIRECTION( '', ( 1.00000000000000, 0.000000000000000, -3.77113799125398E-016 ) );
#2594 = SURFACE_STYLE_FILL_AREA( #4707 );
#2595 = ORIENTED_EDGE( '', *, *, #4708, .F. );
#2596 = ORIENTED_EDGE( '', *, *, #4709, .T. );
#2597 = ORIENTED_EDGE( '', *, *, #4710, .T. );
#2598 = ORIENTED_EDGE( '', *, *, #4711, .F. );
#2599 = ORIENTED_EDGE( '', *, *, #4712, .T. );
#2600 = ORIENTED_EDGE( '', *, *, #4713, .T. );
#2601 = CARTESIAN_POINT( '', ( 9.63661785943982, 4.25000000000000, 7.25000000000000 ) );
#2602 = DIRECTION( '', ( -0.939692620785907, 0.000000000000000, -0.342020143325672 ) );
#2603 = DIRECTION( '', ( -0.342020143325672, 0.000000000000000, 0.939692620785907 ) );
#2604 = SURFACE_STYLE_FILL_AREA( #4714 );
#2605 = ORIENTED_EDGE( '', *, *, #4715, .T. );
#2606 = ORIENTED_EDGE( '', *, *, #4716, .T. );
#2607 = ORIENTED_EDGE( '', *, *, #4717, .T. );
#2608 = ORIENTED_EDGE( '', *, *, #4718, .T. );
#2609 = CARTESIAN_POINT( '', ( 0.000000000000000, 3.45000000000000, 0.000000000000000 ) );
#2610 = DIRECTION( '', ( 0.000000000000000, -1.00000000000000, 0.000000000000000 ) );
#2611 = DIRECTION( '', ( 0.000000000000000, 0.000000000000000, -1.00000000000000 ) );
#2612 = SURFACE_STYLE_FILL_AREA( #4719 );
#2613 = ORIENTED_EDGE( '', *, *, #4720, .F. );
#2614 = ORIENTED_EDGE( '', *, *, #4721, .F. );
#2615 = ORIENTED_EDGE( '', *, *, #4722, .F. );
#2616 = ORIENTED_EDGE( '', *, *, #4723, .F. );
#2617 = CARTESIAN_POINT( '', ( -7.50000000000011, 0.000000000000000, 6.79000000000000 ) );
#2618 = DIRECTION( '', ( -4.68844182696444E-016, 0.000000000000000, -1.00000000000000 ) );
#2619 = DIRECTION( '', ( -1.00000000000000, 0.000000000000000, 4.68844182696444E-016 ) );
#2620 = SURFACE_STYLE_FILL_AREA( #4724 );
#2621 = ORIENTED_EDGE( '', *, *, #4625, .F. );
#2622 = ORIENTED_EDGE( '', *, *, #4725, .F. );
#2623 = ORIENTED_EDGE( '', *, *, #4570, .F. );
#2624 = ORIENTED_EDGE( '', *, *, #4726, .F. );
#2625 = CARTESIAN_POINT( '', ( 6.99999999999956, 0.350000000000000, -9.90000000000000 ) );
#2626 = DIRECTION( '', ( 0.967230965379434, 0.000000000000000, 0.253898128412102 ) );
#2627 = DIRECTION( '', ( 0.000000000000000, -1.00000000000000, 0.000000000000000 ) );
#2628 = SURFACE_STYLE_FILL_AREA( #4727 );
#2629 = ORIENTED_EDGE( '', *, *, #4728, .F. );
#2630 = ORIENTED_EDGE( '', *, *, #4729, .F. );
#2631 = ORIENTED_EDGE( '', *, *, #4730, .F. );
#2632 = ORIENTED_EDGE( '', *, *, #4731, .F. );
#2633 = CARTESIAN_POINT( '', ( -15.0000000000000, 30.7559039593413, -5.76000000000000 ) );
#2634 = DIRECTION( '', ( -0.000000000000000, 1.00000000000000, -0.000000000000000 ) );
#2635 = DIRECTION( '', ( 0.000000000000000, 0.000000000000000, -1.00000000000000 ) );
#2636 = SURFACE_STYLE_FILL_AREA( #4732 );
#2637 = ORIENTED_EDGE( '', *, *, #4733, .F. );
#2638 = ORIENTED_EDGE( '', *, *, #4734, .F. );
#2639 = ORIENTED_EDGE( '', *, *, #4735, .F. );
#2640 = ORIENTED_EDGE( '', *, *, #4608, .F. );
#2641 = CARTESIAN_POINT( '', ( -12.0000000000000, -0.350000000000000, -9.90000000000000 ) );
#2642 = DIRECTION( '', ( -0.967230965379434, 0.000000000000000, 0.253898128412102 ) );
#2643 = DIRECTION( '', ( 0.000000000000000, 1.00000000000000, 0.000000000000000 ) );
#2644 = SURFACE_STYLE_FILL_AREA( #4736 );
#2645 = ORIENTED_EDGE( '', *, *, #4737, .T. );
#2646 = ORIENTED_EDGE( '', *, *, #4630, .F. );
#2647 = CARTESIAN_POINT( '', ( -12.5000000000000, 0.000000000000000, 7.70000000000000 ) );
#2648 = DIRECTION( '', ( -3.77113799125398E-016, 0.000000000000000, -1.00000000000000 ) );
#2649 = DIRECTION( '', ( -1.00000000000000, 0.000000000000000, 3.77113799125398E-016 ) );
#2650 = SURFACE_STYLE_FILL_AREA( #4738 );
#2651 = ORIENTED_EDGE( '', *, *, #4739, .T. );
#2652 = ORIENTED_EDGE( '', *, *, #4685, .T. );
#2653 = ORIENTED_EDGE( '', *, *, #4740, .T. );
#2654 = ORIENTED_EDGE( '', *, *, #4690, .T. );
#2655 = CARTESIAN_POINT( '', ( 0.000000000000000, 3.45000000000000, 0.000000000000000 ) );
#2656 = DIRECTION( '', ( 0.000000000000000, -1.00000000000000, 0.000000000000000 ) );
#2657 = DIRECTION( '', ( 0.000000000000000, 0.000000000000000, -1.00000000000000 ) );
#2658 = SURFACE_STYLE_FILL_AREA( #4741 );
#2659 = ORIENTED_EDGE( '', *, *, #4742, .T. );
#2660 = ORIENTED_EDGE( '', *, *, #4743, .F. );
#2661 = ORIENTED_EDGE( '', *, *, #4744, .F. );
#2662 = ORIENTED_EDGE( '', *, *, #4745, .F. );
#2663 = ORIENTED_EDGE( '', *, *, #4627, .T. );
#2664 = ORIENTED_EDGE( '', *, *, #4746, .T. );
#2665 = ORIENTED_EDGE( '', *, *, #4568, .T. );
#2666 = ORIENTED_EDGE( '', *, *, #4747, .T. );
#2667 = CARTESIAN_POINT( '', ( 7.49999999999956, 32.7669218061146, -63.6265054080222 ) );
#2668 = DIRECTION( '', ( -0.000000000000000, 1.00000000000000, -0.000000000000000 ) );
#2669 = DIRECTION( '', ( 0.000000000000000, 0.000000000000000, -1.00000000000000 ) );
#2670 = SURFACE_STYLE_FILL_AREA( #4748 );
#2671 = ORIENTED_EDGE( '', *, *, #4749, .T. );
#2672 = ORIENTED_EDGE( '', *, *, #4750, .F. );
#2673 = ORIENTED_EDGE( '', *, *, #4706, .F. );
#2674 = ORIENTED_EDGE( '', *, *, #4751, .T. );
#2675 = CARTESIAN_POINT( '', ( 12.0999999999995, 1.80623918681884, 6.79000000000000 ) );
#2676 = DIRECTION( '', ( 1.00000000000000, 0.000000000000000, -3.77113799125398E-016 ) );
#2677 = DIRECTION( '', ( -3.77113799125398E-016, 0.000000000000000, -1.00000000000000 ) );
#2678 = SURFACE_STYLE_FILL_AREA( #4752 );
#2679 = ORIENTED_EDGE( '', *, *, #4753, .T. );
#2680 = ORIENTED_EDGE( '', *, *, #4754, .F. );
#2681 = ORIENTED_EDGE( '', *, *, #4645, .T. );
#2682 = ORIENTED_EDGE( '', *, *, #4755, .F. );
#2683 = ORIENTED_EDGE( '', *, *, #4756, .T. );
#2684 = CARTESIAN_POINT( '', ( -2.50000000000022, 0.000000000000000, 6.80000000000000 ) );
#2685 = DIRECTION( '', ( -2.02975402025242E-016, -0.000000000000000, -1.00000000000000 ) );
#2686 = DIRECTION( '', ( 1.00000000000000, 0.000000000000000, -2.02975402025242E-016 ) );
#2687 = SURFACE_STYLE_FILL_AREA( #4757 );
#2688 = ORIENTED_EDGE( '', *, *, #4758, .T. );
#2689 = ORIENTED_EDGE( '', *, *, #4759, .F. );
#2690 = ORIENTED_EDGE( '', *, *, #4572, .F. );
#2691 = ORIENTED_EDGE( '', *, *, #4760, .F. );
#2692 = CARTESIAN_POINT( '', ( 0.000000000000000, 30.5487887721775, -5.76000000000000 ) );
#2693 = DIRECTION( '', ( -0.000000000000000, 1.00000000000000, -0.000000000000000 ) );
#2694 = DIRECTION( '', ( 0.000000000000000, 0.000000000000000, -1.00000000000000 ) );
#2695 = SURFACE_STYLE_FILL_AREA( #4761 );
#2696 = ORIENTED_EDGE( '', *, *, #4762, .T. );
#2697 = ORIENTED_EDGE( '', *, *, #4580, .F. );
#2698 = CARTESIAN_POINT( '', ( -2.50000000000022, 0.000000000000000, 7.70000000000000 ) );
#2699 = DIRECTION( '', ( -3.77113799125398E-016, 0.000000000000000, -1.00000000000000 ) );
#2700 = DIRECTION( '', ( -1.00000000000000, 0.000000000000000, 3.77113799125398E-016 ) );
#2701 = SURFACE_STYLE_FILL_AREA( #4763 );
#2702 = ORIENTED_EDGE( '', *, *, #4566, .F. );
#2703 = ORIENTED_EDGE( '', *, *, #4764, .F. );
#2704 = ORIENTED_EDGE( '', *, *, #4623, .F. );
#2705 = ORIENTED_EDGE( '', *, *, #4765, .F. );
#2706 = CARTESIAN_POINT( '', ( 7.99999999999956, -0.350000000000000, -9.90000000000000 ) );
#2707 = DIRECTION( '', ( -0.967230965379434, 0.000000000000000, 0.253898128412102 ) );
#2708 = DIRECTION( '', ( 0.000000000000000, 1.00000000000000, 0.000000000000000 ) );
#2709 = SURFACE_STYLE_FILL_AREA( #4766 );
#2710 = ORIENTED_EDGE( '', *, *, #4767, .T. );
#2711 = ORIENTED_EDGE( '', *, *, #4768, .T. );
#2712 = ORIENTED_EDGE( '', *, *, #4617, .T. );
#2713 = ORIENTED_EDGE( '', *, *, #4769, .T. );
#2714 = ORIENTED_EDGE( '', *, *, #4770, .F. );
#2715 = ORIENTED_EDGE( '', *, *, #4771, .F. );
#2716 = CARTESIAN_POINT( '', ( 12.9999999999994, 0.350000000000000, 30.9669218061146 ) );
#2717 = DIRECTION( '', ( 0.000000000000000, -1.00000000000000, 0.000000000000000 ) );
#2718 = DIRECTION( '', ( 0.000000000000000, 0.000000000000000, -1.00000000000000 ) );
#2719 = SURFACE_STYLE_FILL_AREA( #4772 );
#2720 = ORIENTED_EDGE( '', *, *, #4773, .F. );
#2721 = ORIENTED_EDGE( '', *, *, #4774, .F. );
#2722 = ORIENTED_EDGE( '', *, *, #4775, .F. );
#2723 = ORIENTED_EDGE( '', *, *, #4776, .F. );
#2724 = CARTESIAN_POINT( '', ( -5.85500000000011, 32.7669218061146, -6.05000000000000 ) );
#2725 = DIRECTION( '', ( -0.695421427516052, 0.000000000000000, -0.718602141766595 ) );
#2726 = DIRECTION( '', ( -0.718602141766595, 0.000000000000000, 0.695421427516052 ) );
#2727 = SURFACE_STYLE_FILL_AREA( #4777 );
#2728 = ORIENTED_EDGE( '', *, *, #4778, .F. );
#2729 = ORIENTED_EDGE( '', *, *, #4683, .F. );
#2730 = ORIENTED_EDGE( '', *, *, #4779, .F. );
#2731 = ORIENTED_EDGE( '', *, *, #4780, .F. );
#2732 = ORIENTED_EDGE( '', *, *, #4642, .F. );
#2733 = ORIENTED_EDGE( '', *, *, #4781, .F. );
#2734 = ORIENTED_EDGE( '', *, *, #4782, .F. );
#2735 = ORIENTED_EDGE( '', *, *, #4688, .F. );
#2736 = CARTESIAN_POINT( '', ( 0.000000000000000, -2.75000000000000, 0.000000000000000 ) );
#2737 = DIRECTION( '', ( 0.000000000000000, 1.00000000000000, 0.000000000000000 ) );
#2738 = DIRECTION( '', ( 0.000000000000000, 0.000000000000000, 1.00000000000000 ) );
#2739 = SURFACE_STYLE_FILL_AREA( #4783 );
#2740 = ORIENTED_EDGE( '', *, *, #4784, .F. );
#2741 = ORIENTED_EDGE( '', *, *, #4734, .T. );
#2742 = ORIENTED_EDGE( '', *, *, #4785, .F. );
#2743 = ORIENTED_EDGE( '', *, *, #4589, .T. );
#2744 = CARTESIAN_POINT( '', ( 0.000000000000000, 0.000000000000000, -10.7000000000000 ) );
#2745 = DIRECTION( '', ( 0.000000000000000, 0.000000000000000, 1.00000000000000 ) );
#2746 = DIRECTION( '', ( 1.00000000000000, 0.000000000000000, 0.000000000000000 ) );
#2747 = SURFACE_STYLE_FILL_AREA( #4786 );
#2748 = ORIENTED_EDGE( '', *, *, #4787, .F. );
#2749 = ORIENTED_EDGE( '', *, *, #4788, .T. );
#2750 = ORIENTED_EDGE( '', *, *, #4711, .T. );
#2751 = ORIENTED_EDGE( '', *, *, #4789, .T. );
#2752 = CARTESIAN_POINT( '', ( 9.85499999999956, 4.25000000000000, 6.65000000000000 ) );
#2753 = DIRECTION( '', ( 0.000000000000000, 0.000000000000000, -1.00000000000000 ) );
#2754 = DIRECTION( '', ( -1.00000000000000, 0.000000000000000, 0.000000000000000 ) );
#2755 = SURFACE_STYLE_FILL_AREA( #4790 );
#2756 = ORIENTED_EDGE( '', *, *, #4791, .F. );
#2757 = ORIENTED_EDGE( '', *, *, #4792, .F. );
#2758 = ORIENTED_EDGE( '', *, *, #4742, .F. );
#2759 = ORIENTED_EDGE( '', *, *, #4793, .F. );
#2760 = CARTESIAN_POINT( '', ( 9.14499999999956, 32.7669218061146, -6.05000000000000 ) );
#2761 = DIRECTION( '', ( -0.695421427516052, 0.000000000000000, -0.718602141766595 ) );
#2762 = DIRECTION( '', ( -0.718602141766595, 0.000000000000000, 0.695421427516052 ) );
#2763 = SURFACE_STYLE_FILL_AREA( #4794 );
#2764 = ORIENTED_EDGE( '', *, *, #4795, .F. );
#2765 = ORIENTED_EDGE( '', *, *, #4796, .F. );
#2766 = ORIENTED_EDGE( '', *, *, #4797, .T. );
#2767 = ORIENTED_EDGE( '', *, *, #4798, .F. );
#2768 = ORIENTED_EDGE( '', *, *, #4799, .T. );
#2769 = ORIENTED_EDGE( '', *, *, #4800, .T. );
#2770 = CARTESIAN_POINT( '', ( 1.05709711817337E-015, -2.75000000000000, 0.499999999999990 ) );
#2771 = DIRECTION( '', ( -3.42864700799250E-017, -0.316145823973806, -0.948710608132914 ) );
#2772 = DIRECTION( '', ( 0.000000000000000, 0.948710608132914, -0.316145823973806 ) );
#2773 = SURFACE_STYLE_FILL_AREA( #4801 );
#2774 = ORIENTED_EDGE( '', *, *, #4667, .T. );
#2775 = ORIENTED_EDGE( '', *, *, #4802, .F. );
#2776 = ORIENTED_EDGE( '', *, *, #4803, .T. );
#2777 = ORIENTED_EDGE( '', *, *, #4804, .F. );
#2778 = ORIENTED_EDGE( '', *, *, #4805, .T. );
#2779 = CARTESIAN_POINT( '', ( -7.50000000000011, 0.000000000000000, 6.80000000000000 ) );
#2780 = DIRECTION( '', ( -2.02975402025242E-016, -0.000000000000000, -1.00000000000000 ) );
#2781 = DIRECTION( '', ( 1.00000000000000, 0.000000000000000, -2.02975402025242E-016 ) );
#2782 = SURFACE_STYLE_FILL_AREA( #4806 );
#2783 = ORIENTED_EDGE( '', *, *, #4652, .F. );
#2784 = ORIENTED_EDGE( '', *, *, #4545, .T. );
#2785 = ORIENTED_EDGE( '', *, *, #4807, .T. );
#2786 = ORIENTED_EDGE( '', *, *, #4808, .T. );
#2787 = CARTESIAN_POINT( '', ( 10.3633821405592, 4.25000000000000, 7.25000000000000 ) );
#2788 = DIRECTION( '', ( 2.02975402025243E-016, 0.000000000000000, -1.00000000000000 ) );
#2789 = DIRECTION( '', ( -1.00000000000000, 0.000000000000000, -2.02975402025243E-016 ) );
#2790 = SURFACE_STYLE_FILL_AREA( #4809 );
#2791 = ORIENTED_EDGE( '', *, *, #4810, .F. );
#2792 = ORIENTED_EDGE( '', *, *, #4811, .F. );
#2793 = ORIENTED_EDGE( '', *, *, #4812, .T. );
#2794 = ORIENTED_EDGE( '', *, *, #4813, .T. );
#2795 = CARTESIAN_POINT( '', ( -4.00000000000022, -2.75000000000000, -1.00000000000000 ) );
#2796 = DIRECTION( '', ( 0.948710608132914, -0.316145823973806, 0.000000000000000 ) );
#2797 = DIRECTION( '', ( 0.316145823973806, 0.948710608132914, 0.000000000000000 ) );
#2798 = SURFACE_STYLE_FILL_AREA( #4814 );
#2799 = ORIENTED_EDGE( '', *, *, #4815, .F. );
#2800 = ORIENTED_EDGE( '', *, *, #4816, .T. );
#2801 = ORIENTED_EDGE( '', *, *, #4817, .T. );
#2802 = ORIENTED_EDGE( '', *, *, #4818, .T. );
#2803 = ORIENTED_EDGE( '', *, *, #4819, .T. );
#2804 = ORIENTED_EDGE( '', *, *, #4820, .T. );
#2805 = CARTESIAN_POINT( '', ( 15.0000000000000, -4.25000000000000, 6.20000000000000 ) );
#2806 = DIRECTION( '', ( 1.00000000000000, 0.000000000000000, 0.000000000000000 ) );
#2807 = DIRECTION( '', ( 0.000000000000000, 0.000000000000000, -1.00000000000000 ) );
#2808 = SURFACE_STYLE_FILL_AREA( #4821 );
#2809 = ORIENTED_EDGE( '', *, *, #4822, .F. );
#2810 = ORIENTED_EDGE( '', *, *, #4823, .F. );
#2811 = ORIENTED_EDGE( '', *, *, #4824, .T. );
#2812 = ORIENTED_EDGE( '', *, *, #4561, .T. );
#2813 = CARTESIAN_POINT( '', ( 8.99999999999956, -2.75000000000000, -1.00000000000000 ) );
#2814 = DIRECTION( '', ( -0.948710608132914, -0.316145823973806, 0.000000000000000 ) );
#2815 = DIRECTION( '', ( 0.316145823973806, -0.948710608132914, 0.000000000000000 ) );
#2816 = SURFACE_STYLE_FILL_AREA( #4825 );
#2817 = ORIENTED_EDGE( '', *, *, #4775, .T. );
#2818 = ORIENTED_EDGE( '', *, *, #4826, .F. );
#2819 = ORIENTED_EDGE( '', *, *, #4827, .F. );
#2820 = ORIENTED_EDGE( '', *, *, #4828, .F. );
#2821 = ORIENTED_EDGE( '', *, *, #4829, .T. );
#2822 = ORIENTED_EDGE( '', *, *, #4830, .T. );
#2823 = ORIENTED_EDGE( '', *, *, #4831, .T. );
#2824 = ORIENTED_EDGE( '', *, *, #4832, .T. );
#2825 = CARTESIAN_POINT( '', ( -7.50000000000011, 32.7669218061146, -63.6265054080222 ) );
#2826 = DIRECTION( '', ( -0.000000000000000, 1.00000000000000, -0.000000000000000 ) );
#2827 = DIRECTION( '', ( 0.000000000000000, 0.000000000000000, -1.00000000000000 ) );
#2828 = SURFACE_STYLE_FILL_AREA( #4833 );
#2829 = ORIENTED_EDGE( '', *, *, #4703, .T. );
#2830 = ORIENTED_EDGE( '', *, *, #4834, .T. );
#2831 = ORIENTED_EDGE( '', *, *, #4835, .T. );
#2832 = ORIENTED_EDGE( '', *, *, #4836, .T. );
#2833 = ORIENTED_EDGE( '', *, *, #4837, .F. );
#2834 = CARTESIAN_POINT( '', ( 12.4999999999994, 0.000000000000000, 7.70000000000000 ) );
#2835 = DIRECTION( '', ( 3.77113799125398E-016, -0.000000000000000, 1.00000000000000 ) );
#2836 = DIRECTION( '', ( 1.00000000000000, 0.000000000000000, -3.77113799125398E-016 ) );
#2837 = SURFACE_STYLE_FILL_AREA( #4838 );
#2838 = ORIENTED_EDGE( '', *, *, #4839, .T. );
#2839 = ORIENTED_EDGE( '', *, *, #4731, .T. );
#2840 = ORIENTED_EDGE( '', *, *, #4840, .F. );
#2841 = ORIENTED_EDGE( '', *, *, #4841, .F. );
#2842 = CARTESIAN_POINT( '', ( -15.0000000000000, -4.25000000000000, -6.20000000000000 ) );
#2843 = DIRECTION( '', ( -1.00000000000000, 0.000000000000000, 0.000000000000000 ) );
#2844 = DIRECTION( '', ( 0.000000000000000, 0.000000000000000, 1.00000000000000 ) );
#2845 = SURFACE_STYLE_FILL_AREA( #4842 );
#2846 = ORIENTED_EDGE( '', *, *, #4843, .T. );
#2847 = ORIENTED_EDGE( '', *, *, #4844, .T. );
#2848 = ORIENTED_EDGE( '', *, *, #4845, .T. );
#2849 = ORIENTED_EDGE( '', *, *, #4846, .T. );
#2850 = CARTESIAN_POINT( '', ( 0.000000000000000, 3.45000000000000, 0.000000000000000 ) );
#2851 = DIRECTION( '', ( 0.000000000000000, -1.00000000000000, 0.000000000000000 ) );
#2852 = DIRECTION( '', ( 0.000000000000000, 0.000000000000000, -1.00000000000000 ) );
#2853 = SURFACE_STYLE_FILL_AREA( #4847 );
#2854 = ORIENTED_EDGE( '', *, *, #4848, .T. );
#2855 = ORIENTED_EDGE( '', *, *, #4755, .T. );
#2856 = ORIENTED_EDGE( '', *, *, #4650, .F. );
#2857 = ORIENTED_EDGE( '', *, *, #4849, .T. );
#2858 = CARTESIAN_POINT( '', ( -4.63661785944048, 4.25000000000000, 7.25000000000000 ) );
#2859 = DIRECTION( '', ( 2.02975402025243E-016, 0.000000000000000, -1.00000000000000 ) );
#2860 = DIRECTION( '', ( -1.00000000000000, 0.000000000000000, -2.02975402025243E-016 ) );
#2861 = SURFACE_STYLE_FILL_AREA( #4850 );
#2862 = ORIENTED_EDGE( '', *, *, #4851, .T. );
#2863 = ORIENTED_EDGE( '', *, *, #4852, .T. );
#2864 = ORIENTED_EDGE( '', *, *, #4853, .F. );
#2865 = ORIENTED_EDGE( '', *, *, #4854, .F. );
#2866 = CARTESIAN_POINT( '', ( 15.0000000000000, -4.25000000000000, -6.20000000000000 ) );
#2867 = DIRECTION( '', ( 1.15648231731787E-016, 0.000000000000000, -1.00000000000000 ) );
#2868 = DIRECTION( '', ( -1.00000000000000, 0.000000000000000, -1.15648231731787E-016 ) );
#2869 = SURFACE_STYLE_FILL_AREA( #4855 );
#2870 = ORIENTED_EDGE( '', *, *, #4856, .T. );
#2871 = ORIENTED_EDGE( '', *, *, #4686, .F. );
#2872 = ORIENTED_EDGE( '', *, *, #4739, .F. );
#2873 = ORIENTED_EDGE( '', *, *, #4689, .T. );
#2874 = CARTESIAN_POINT( '', ( 3.89999999999967, 3.45000000000000, 0.500000000000000 ) );
#2875 = DIRECTION( '', ( 0.000000000000000, 0.000000000000000, 1.00000000000000 ) );
#2876 = DIRECTION( '', ( 1.00000000000000, 0.000000000000000, 0.000000000000000 ) );
#2877 = SURFACE_STYLE_FILL_AREA( #4857 );
#2878 = ORIENTED_EDGE( '', *, *, #4858, .T. );
#2879 = ORIENTED_EDGE( '', *, *, #4859, .F. );
#2880 = ORIENTED_EDGE( '', *, *, #4717, .F. );
#2881 = ORIENTED_EDGE( '', *, *, #4860, .T. );
#2882 = CARTESIAN_POINT( '', ( -3.90000000000021, 3.45000000000000, -2.10000000000000 ) );
#2883 = DIRECTION( '', ( 0.000000000000000, 0.000000000000000, -1.00000000000000 ) );
#2884 = DIRECTION( '', ( -1.00000000000000, 0.000000000000000, 0.000000000000000 ) );
#2885 = SURFACE_STYLE_FILL_AREA( #4861 );
#2886 = ORIENTED_EDGE( '', *, *, #4862, .F. );
#2887 = ORIENTED_EDGE( '', *, *, #4863, .T. );
#2888 = CARTESIAN_POINT( '', ( 7.49999999999956, 0.000000000000000, 9.25000000000000 ) );
#2889 = DIRECTION( '', ( -2.02975402025241E-016, 0.000000000000000, -1.00000000000000 ) );
#2890 = DIRECTION( '', ( -1.00000000000000, 0.000000000000000, 2.02975402025241E-016 ) );
#2891 = SURFACE_STYLE_FILL_AREA( #4864 );
#2892 = ORIENTED_EDGE( '', *, *, #4865, .F. );
#2893 = ORIENTED_EDGE( '', *, *, #4866, .F. );
#2894 = ORIENTED_EDGE( '', *, *, #4722, .T. );
#2895 = ORIENTED_EDGE( '', *, *, #4867, .T. );
#2896 = CARTESIAN_POINT( '', ( -7.50000000000011, 0.000000000000000, 6.79000000000000 ) );
#2897 = DIRECTION( '', ( -3.77113799125398E-016, -0.000000000000000, -1.00000000000000 ) );
#2898 = DIRECTION( '', ( 1.00000000000000, 0.000000000000000, -3.77113799125398E-016 ) );
#2899 = SURFACE_STYLE_FILL_AREA( #4868 );
#2900 = ORIENTED_EDGE( '', *, *, #4869, .T. );
#2901 = ORIENTED_EDGE( '', *, *, #4870, .F. );
#2902 = ORIENTED_EDGE( '', *, *, #4871, .F. );
#2903 = ORIENTED_EDGE( '', *, *, #4872, .F. );
#2904 = ORIENTED_EDGE( '', *, *, #4873, .T. );
#2905 = ORIENTED_EDGE( '', *, *, #4874, .T. );
#2906 = ORIENTED_EDGE( '', *, *, #4875, .T. );
#2907 = ORIENTED_EDGE( '', *, *, #4610, .T. );
#2908 = CARTESIAN_POINT( '', ( -12.5000000000000, 30.5487887721775, -63.6265054080222 ) );
#2909 = DIRECTION( '', ( -0.000000000000000, 1.00000000000000, -0.000000000000000 ) );
#2910 = DIRECTION( '', ( 0.000000000000000, 0.000000000000000, -1.00000000000000 ) );
#2911 = SURFACE_STYLE_FILL_AREA( #4876 );
#2912 = ORIENTED_EDGE( '', *, *, #4668, .T. );
#2913 = ORIENTED_EDGE( '', *, *, #4804, .T. );
#2914 = ORIENTED_EDGE( '', *, *, #4877, .F. );
#2915 = ORIENTED_EDGE( '', *, *, #4878, .T. );
#2916 = CARTESIAN_POINT( '', ( -9.63661785944037, 4.25000000000000, 7.25000000000000 ) );
#2917 = DIRECTION( '', ( 2.02975402025243E-016, 0.000000000000000, -1.00000000000000 ) );
#2918 = DIRECTION( '', ( -1.00000000000000, 0.000000000000000, -2.02975402025243E-016 ) );
#2919 = SURFACE_STYLE_FILL_AREA( #4879 );
#2920 = ORIENTED_EDGE( '', *, *, #4880, .T. );
#2921 = ORIENTED_EDGE( '', *, *, #4881, .T. );
#2922 = ORIENTED_EDGE( '', *, *, #4882, .F. );
#2923 = ORIENTED_EDGE( '', *, *, #4883, .F. );
#2924 = CARTESIAN_POINT( '', ( 2.99999999999968, -0.350000000000000, 30.9669218061146 ) );
#2925 = DIRECTION( '', ( -1.00000000000000, 0.000000000000000, 0.000000000000000 ) );
#2926 = DIRECTION( '', ( 0.000000000000000, 0.000000000000000, 1.00000000000000 ) );
#2927 = SURFACE_STYLE_FILL_AREA( #4884 );
#2928 = ORIENTED_EDGE( '', *, *, #4885, .F. );
#2929 = ORIENTED_EDGE( '', *, *, #4659, .F. );
#2930 = ORIENTED_EDGE( '', *, *, #4886, .F. );
#2931 = ORIENTED_EDGE( '', *, *, #4887, .F. );
#2932 = CARTESIAN_POINT( '', ( -2.00000000000021, -0.350000000000000, -9.90000000000000 ) );
#2933 = DIRECTION( '', ( -0.967230965379434, 0.000000000000000, 0.253898128412102 ) );
#2934 = DIRECTION( '', ( 0.000000000000000, 1.00000000000000, 0.000000000000000 ) );
#2935 = SURFACE_STYLE_FILL_AREA( #4888 );
#2936 = ORIENTED_EDGE( '', *, *, #4889, .F. );
#2937 = ORIENTED_EDGE( '', *, *, #4890, .F. );
#2938 = ORIENTED_EDGE( '', *, *, #4891, .T. );
#2939 = ORIENTED_EDGE( '', *, *, #4892, .F. );
#2940 = ORIENTED_EDGE( '', *, *, #4893, .T. );
#2941 = ORIENTED_EDGE( '', *, *, #4894, .T. );
#2942 = CARTESIAN_POINT( '', ( 4.99999999999989, -2.75000000000000, 0.499999999999990 ) );
#2943 = DIRECTION( '', ( -3.42864700799250E-017, -0.316145823973806, -0.948710608132914 ) );
#2944 = DIRECTION( '', ( 0.000000000000000, 0.948710608132914, -0.316145823973806 ) );
#2945 = SURFACE_STYLE_FILL_AREA( #4895 );
#2946 = ORIENTED_EDGE( '', *, *, #4896, .T. );
#2947 = ORIENTED_EDGE( '', *, *, #4897, .F. );
#2948 = CARTESIAN_POINT( '', ( 7.49999999999956, 0.000000000000000, 7.70000000000000 ) );
#2949 = DIRECTION( '', ( -3.77113799125398E-016, 0.000000000000000, -1.00000000000000 ) );
#2950 = DIRECTION( '', ( -1.00000000000000, 0.000000000000000, 3.77113799125398E-016 ) );
#2951 = SURFACE_STYLE_FILL_AREA( #4898 );
#2952 = ORIENTED_EDGE( '', *, *, #4899, .T. );
#2953 = ORIENTED_EDGE( '', *, *, #4900, .F. );
#2954 = ORIENTED_EDGE( '', *, *, #4901, .F. );
#2955 = ORIENTED_EDGE( '', *, *, #4902, .F. );
#2956 = CARTESIAN_POINT( '', ( -5.00000000000000, 30.5487887721775, -3.00000000000000 ) );
#2957 = DIRECTION( '', ( 0.996212107599096, 0.000000000000000, -0.0869565217391324 ) );
#2958 = DIRECTION( '', ( -0.0869565217391324, 0.000000000000000, -0.996212107599096 ) );
#2959 = SURFACE_STYLE_FILL_AREA( #4903 );
#2960 = ORIENTED_EDGE( '', *, *, #4904, .F. );
#2961 = ORIENTED_EDGE( '', *, *, #4905, .F. );
#2962 = ORIENTED_EDGE( '', *, *, #4906, .T. );
#2963 = ORIENTED_EDGE( '', *, *, #4907, .T. );
#2964 = CARTESIAN_POINT( '', ( 10.9999999999994, -2.75000000000000, -1.00000000000000 ) );
#2965 = DIRECTION( '', ( 0.948710608132914, -0.316145823973806, 0.000000000000000 ) );
#2966 = DIRECTION( '', ( 0.316145823973806, 0.948710608132914, 0.000000000000000 ) );
#2967 = SURFACE_STYLE_FILL_AREA( #4908 );
#2968 = ORIENTED_EDGE( '', *, *, #4909, .T. );
#2969 = ORIENTED_EDGE( '', *, *, #4910, .T. );
#2970 = ORIENTED_EDGE( '', *, *, #4713, .F. );
#2971 = ORIENTED_EDGE( '', *, *, #4911, .T. );
#2972 = CARTESIAN_POINT( '', ( 5.36338214055930, 4.25000000000000, 7.25000000000000 ) );
#2973 = DIRECTION( '', ( 2.02975402025243E-016, 0.000000000000000, -1.00000000000000 ) );
#2974 = DIRECTION( '', ( -1.00000000000000, 0.000000000000000, -2.02975402025243E-016 ) );
#2975 = SURFACE_STYLE_FILL_AREA( #4912 );
#2976 = ORIENTED_EDGE( '', *, *, #4913, .F. );
#2977 = ORIENTED_EDGE( '', *, *, #4914, .T. );
#2978 = ORIENTED_EDGE( '', *, *, #4915, .F. );
#2979 = ORIENTED_EDGE( '', *, *, #4916, .T. );
#2980 = CARTESIAN_POINT( '', ( 0.000000000000000, 0.000000000000000, -10.7000000000000 ) );
#2981 = DIRECTION( '', ( 0.000000000000000, 0.000000000000000, 1.00000000000000 ) );
#2982 = DIRECTION( '', ( 1.00000000000000, 0.000000000000000, 0.000000000000000 ) );
#2983 = SURFACE_STYLE_FILL_AREA( #4917 );
#2984 = ORIENTED_EDGE( '', *, *, #4918, .T. );
#2985 = ORIENTED_EDGE( '', *, *, #4919, .F. );
#2986 = ORIENTED_EDGE( '', *, *, #4843, .F. );
#2987 = ORIENTED_EDGE( '', *, *, #4920, .T. );
#2988 = CARTESIAN_POINT( '', ( 13.8999999999994, 3.45000000000000, 0.500000000000000 ) );
#2989 = DIRECTION( '', ( 0.000000000000000, 0.000000000000000, 1.00000000000000 ) );
#2990 = DIRECTION( '', ( 1.00000000000000, 0.000000000000000, 0.000000000000000 ) );
#2991 = SURFACE_STYLE_FILL_AREA( #4921 );
#2992 = ORIENTED_EDGE( '', *, *, #4922, .T. );
#2993 = ORIENTED_EDGE( '', *, *, #4615, .F. );
#2994 = ORIENTED_EDGE( '', *, *, #4923, .F. );
#2995 = ORIENTED_EDGE( '', *, *, #4584, .T. );
#2996 = CARTESIAN_POINT( '', ( -13.9000000000000, 3.45000000000000, -2.10000000000000 ) );
#2997 = DIRECTION( '', ( 0.000000000000000, 0.000000000000000, -1.00000000000000 ) );
#2998 = DIRECTION( '', ( -1.00000000000000, 0.000000000000000, 0.000000000000000 ) );
#2999 = SURFACE_STYLE_FILL_AREA( #4924 );
#3000 = ORIENTED_EDGE( '', *, *, #4871, .T. );
#3001 = ORIENTED_EDGE( '', *, *, #4925, .F. );
#3002 = ORIENTED_EDGE( '', *, *, #4926, .F. );
#3003 = ORIENTED_EDGE( '', *, *, #4927, .F. );
#3004 = CARTESIAN_POINT( '', ( -14.3000000000000, 30.5487887721775, -6.20000000000000 ) );
#3005 = DIRECTION( '', ( 0.695421427516052, 0.000000000000000, -0.718602141766595 ) );
#3006 = DIRECTION( '', ( -0.718602141766595, 0.000000000000000, -0.695421427516052 ) );
#3007 = SURFACE_STYLE_FILL_AREA( #4928 );
#3008 = ORIENTED_EDGE( '', *, *, #4798, .T. );
#3009 = ORIENTED_EDGE( '', *, *, #4586, .F. );
#3010 = ORIENTED_EDGE( '', *, *, #4929, .F. );
#3011 = ORIENTED_EDGE( '', *, *, #4613, .T. );
#3012 = CARTESIAN_POINT( '', ( -11.1000000000000, 3.45000000000000, 0.500000000000000 ) );
#3013 = DIRECTION( '', ( 0.000000000000000, 0.000000000000000, 1.00000000000000 ) );
#3014 = DIRECTION( '', ( 1.00000000000000, 0.000000000000000, 0.000000000000000 ) );
#3015 = SURFACE_STYLE_FILL_AREA( #4930 );
#3016 = ORIENTED_EDGE( '', *, *, #4679, .F. );
#3017 = ORIENTED_EDGE( '', *, *, #4931, .F. );
#3018 = ORIENTED_EDGE( '', *, *, #4932, .F. );
#3019 = ORIENTED_EDGE( '', *, *, #4933, .F. );
#3020 = ORIENTED_EDGE( '', *, *, #4562, .F. );
#3021 = ORIENTED_EDGE( '', *, *, #4824, .F. );
#3022 = ORIENTED_EDGE( '', *, *, #4934, .F. );
#3023 = ORIENTED_EDGE( '', *, *, #4635, .F. );
#3024 = CARTESIAN_POINT( '', ( 0.000000000000000, -2.75000000000000, 0.000000000000000 ) );
#3025 = DIRECTION( '', ( 0.000000000000000, 1.00000000000000, 0.000000000000000 ) );
#3026 = DIRECTION( '', ( 0.000000000000000, 0.000000000000000, 1.00000000000000 ) );
#3027 = SURFACE_STYLE_FILL_AREA( #4935 );
#3028 = ORIENTED_EDGE( '', *, *, #4579, .F. );
#3029 = ORIENTED_EDGE( '', *, *, #4936, .F. );
#3030 = ORIENTED_EDGE( '', *, *, #4550, .T. );
#3031 = ORIENTED_EDGE( '', *, *, #4937, .T. );
#3032 = CARTESIAN_POINT( '', ( -2.50000000000022, 0.000000000000000, 6.79000000000000 ) );
#3033 = DIRECTION( '', ( -3.77113799125398E-016, -0.000000000000000, -1.00000000000000 ) );
#3034 = DIRECTION( '', ( 1.00000000000000, 0.000000000000000, -3.77113799125398E-016 ) );
#3035 = SURFACE_STYLE_FILL_AREA( #4938 );
#3036 = ORIENTED_EDGE( '', *, *, #4939, .T. );
#3037 = ORIENTED_EDGE( '', *, *, #4940, .F. );
#3038 = ORIENTED_EDGE( '', *, *, #4941, .F. );
#3039 = ORIENTED_EDGE( '', *, *, #4942, .F. );
#3040 = CARTESIAN_POINT( '', ( 10.0000000000000, 30.5487887721775, -3.00000000000000 ) );
#3041 = DIRECTION( '', ( 0.996212107599096, 0.000000000000000, -0.0869565217391324 ) );
#3042 = DIRECTION( '', ( -0.0869565217391324, 0.000000000000000, -0.996212107599096 ) );
#3043 = SURFACE_STYLE_FILL_AREA( #4943 );
#3044 = ORIENTED_EDGE( '', *, *, #4944, .F. );
#3045 = ORIENTED_EDGE( '', *, *, #4894, .F. );
#3046 = ORIENTED_EDGE( '', *, *, #4945, .T. );
#3047 = ORIENTED_EDGE( '', *, *, #4946, .T. );
#3048 = CARTESIAN_POINT( '', ( -6.00000000000011, -2.75000000000000, -1.00000000000000 ) );
#3049 = DIRECTION( '', ( -0.948710608132914, -0.316145823973806, 0.000000000000000 ) );
#3050 = DIRECTION( '', ( 0.316145823973806, -0.948710608132914, 0.000000000000000 ) );
#3051 = SURFACE_STYLE_FILL_AREA( #4947 );
#3052 = ORIENTED_EDGE( '', *, *, #4948, .F. );
#3053 = ORIENTED_EDGE( '', *, *, #4949, .T. );
#3054 = ORIENTED_EDGE( '', *, *, #4950, .T. );
#3055 = ORIENTED_EDGE( '', *, *, #4951, .T. );
#3056 = ORIENTED_EDGE( '', *, *, #4952, .F. );
#3057 = ORIENTED_EDGE( '', *, *, #4953, .T. );
#3058 = CARTESIAN_POINT( '', ( -15.0000000000000, -4.25000000000000, -6.20000000000000 ) );
#3059 = DIRECTION( '', ( -1.00000000000000, 0.000000000000000, 0.000000000000000 ) );
#3060 = DIRECTION( '', ( 0.000000000000000, 0.000000000000000, 1.00000000000000 ) );
#3061 = SURFACE_STYLE_FILL_AREA( #4954 );
#3062 = ORIENTED_EDGE( '', *, *, #4770, .T. );
#3063 = ORIENTED_EDGE( '', *, *, #4955, .T. );
#3064 = ORIENTED_EDGE( '', *, *, #4956, .F. );
#3065 = ORIENTED_EDGE( '', *, *, #4957, .F. );
#3066 = CARTESIAN_POINT( '', ( 11.9999999999994, 0.350000000000000, 30.9669218061146 ) );
#3067 = DIRECTION( '', ( 1.00000000000000, 0.000000000000000, 0.000000000000000 ) );
#3068 = DIRECTION( '', ( 0.000000000000000, 0.000000000000000, -1.00000000000000 ) );
#3069 = SURFACE_STYLE_FILL_AREA( #4958 );
#3070 = ORIENTED_EDGE( '', *, *, #4756, .F. );
#3071 = ORIENTED_EDGE( '', *, *, #4581, .T. );
#3072 = CARTESIAN_POINT( '', ( -2.50000000000021, 0.000000000000000, 9.25000000000000 ) );
#3073 = DIRECTION( '', ( -2.02975402025241E-016, 0.000000000000000, -1.00000000000000 ) );
#3074 = DIRECTION( '', ( -1.00000000000000, 0.000000000000000, 2.02975402025241E-016 ) );
#3075 = SURFACE_STYLE_FILL_AREA( #4959 );
#3076 = ORIENTED_EDGE( '', *, *, #4960, .F. );
#3077 = ORIENTED_EDGE( '', *, *, #4961, .T. );
#3078 = ORIENTED_EDGE( '', *, *, #4962, .T. );
#3079 = ORIENTED_EDGE( '', *, *, #4791, .T. );
#3080 = CARTESIAN_POINT( '', ( 15.0000000000000, -4.25000000000000, -6.20000000000000 ) );
#3081 = DIRECTION( '', ( 1.15648231731787E-016, 0.000000000000000, -1.00000000000000 ) );
#3082 = DIRECTION( '', ( -1.00000000000000, 0.000000000000000, -1.15648231731787E-016 ) );
#3083 = SURFACE_STYLE_FILL_AREA( #4963 );
#3084 = ORIENTED_EDGE( '', *, *, #4544, .F. );
#3085 = ORIENTED_EDGE( '', *, *, #4964, .F. );
#3086 = ORIENTED_EDGE( '', *, *, #4965, .T. );
#3087 = ORIENTED_EDGE( '', *, *, #4787, .T. );
#3088 = ORIENTED_EDGE( '', *, *, #4966, .T. );
#3089 = ORIENTED_EDGE( '', *, *, #4807, .F. );
#3090 = CARTESIAN_POINT( '', ( 10.1449999999995, 4.25000000000000, 6.65000000000000 ) );
#3091 = DIRECTION( '', ( 0.939692620785909, 0.000000000000000, -0.342020143325668 ) );
#3092 = DIRECTION( '', ( -0.342020143325667, 0.000000000000000, -0.939692620785909 ) );
#3093 = SURFACE_STYLE_FILL_AREA( #4967 );
#3094 = ORIENTED_EDGE( '', *, *, #4968, .F. );
#3095 = ORIENTED_EDGE( '', *, *, #4563, .F. );
#3096 = ORIENTED_EDGE( '', *, *, #4933, .T. );
#3097 = ORIENTED_EDGE( '', *, *, #4969, .T. );
#3098 = CARTESIAN_POINT( '', ( 5.99999999999956, -2.75000000000000, -1.00000000000000 ) );
#3099 = DIRECTION( '', ( 0.948710608132914, -0.316145823973806, 0.000000000000000 ) );
#3100 = DIRECTION( '', ( 0.316145823973806, 0.948710608132914, 0.000000000000000 ) );
#3101 = SURFACE_STYLE_FILL_AREA( #4970 );
#3102 = ORIENTED_EDGE( '', *, *, #4971, .T. );
#3103 = ORIENTED_EDGE( '', *, *, #4578, .F. );
#3104 = CARTESIAN_POINT( '', ( -2.50000000000022, 0.000000000000000, 7.70000000000000 ) );
#3105 = DIRECTION( '', ( -3.77113799125398E-016, 0.000000000000000, -1.00000000000000 ) );
#3106 = DIRECTION( '', ( -1.00000000000000, 0.000000000000000, 3.77113799125398E-016 ) );
#3107 = SURFACE_STYLE_FILL_AREA( #4972 );
#3108 = ORIENTED_EDGE( '', *, *, #4646, .F. );
#3109 = ORIENTED_EDGE( '', *, *, #4754, .T. );
#3110 = ORIENTED_EDGE( '', *, *, #4973, .T. );
#3111 = ORIENTED_EDGE( '', *, *, #4974, .T. );
#3112 = CARTESIAN_POINT( '', ( -4.63661785944048, 4.25000000000000, 7.25000000000000 ) );
#3113 = DIRECTION( '', ( 2.02975402025243E-016, 0.000000000000000, -1.00000000000000 ) );
#3114 = DIRECTION( '', ( -1.00000000000000, 0.000000000000000, -2.02975402025243E-016 ) );
#3115 = SURFACE_STYLE_FILL_AREA( #4975 );
#3116 = ORIENTED_EDGE( '', *, *, #4976, .T. );
#3117 = ORIENTED_EDGE( '', *, *, #4977, .F. );
#3118 = ORIENTED_EDGE( '', *, *, #4978, .F. );
#3119 = ORIENTED_EDGE( '', *, *, #4979, .T. );
#3120 = CARTESIAN_POINT( '', ( -6.10000000000011, 3.45000000000000, -2.10000000000000 ) );
#3121 = DIRECTION( '', ( 1.00000000000000, 0.000000000000000, 0.000000000000000 ) );
#3122 = DIRECTION( '', ( 0.000000000000000, 0.000000000000000, -1.00000000000000 ) );
#3123 = SURFACE_STYLE_FILL_AREA( #4980 );
#3124 = ORIENTED_EDGE( '', *, *, #4624, .F. );
#3125 = ORIENTED_EDGE( '', *, *, #4764, .T. );
#3126 = ORIENTED_EDGE( '', *, *, #4565, .F. );
#3127 = ORIENTED_EDGE( '', *, *, #4725, .T. );
#3128 = CARTESIAN_POINT( '', ( 0.000000000000000, 0.000000000000000, -10.7000000000000 ) );
#3129 = DIRECTION( '', ( 0.000000000000000, 0.000000000000000, 1.00000000000000 ) );
#3130 = DIRECTION( '', ( 1.00000000000000, 0.000000000000000, 0.000000000000000 ) );
#3131 = SURFACE_STYLE_FILL_AREA( #4981 );
#3132 = ORIENTED_EDGE( '', *, *, #4982, .F. );
#3133 = ORIENTED_EDGE( '', *, *, #4983, .T. );
#3134 = ORIENTED_EDGE( '', *, *, #4984, .T. );
#3135 = ORIENTED_EDGE( '', *, *, #4985, .T. );
#3136 = CARTESIAN_POINT( '', ( 15.0000000000000, -4.25000000000000, -6.20000000000000 ) );
#3137 = DIRECTION( '', ( 1.15648231731787E-016, 0.000000000000000, -1.00000000000000 ) );
#3138 = DIRECTION( '', ( -1.00000000000000, 0.000000000000000, -1.15648231731787E-016 ) );
#3139 = SURFACE_STYLE_FILL_AREA( #4986 );
#3140 = ORIENTED_EDGE( '', *, *, #4987, .T. );
#3141 = ORIENTED_EDGE( '', *, *, #4988, .F. );
#3142 = CARTESIAN_POINT( '', ( -7.50000000000011, 0.000000000000000, 7.70000000000000 ) );
#3143 = DIRECTION( '', ( -3.77113799125398E-016, 0.000000000000000, -1.00000000000000 ) );
#3144 = DIRECTION( '', ( -1.00000000000000, 0.000000000000000, 3.77113799125398E-016 ) );
#3145 = SURFACE_STYLE_FILL_AREA( #4989 );
#3146 = ORIENTED_EDGE( '', *, *, #4865, .T. );
#3147 = ORIENTED_EDGE( '', *, *, #4990, .T. );
#3148 = ORIENTED_EDGE( '', *, *, #4991, .T. );
#3149 = ORIENTED_EDGE( '', *, *, #4988, .T. );
#3150 = ORIENTED_EDGE( '', *, *, #4992, .F. );
#3151 = CARTESIAN_POINT( '', ( -7.50000000000011, 0.000000000000000, 7.70000000000000 ) );
#3152 = DIRECTION( '', ( 3.77113799125398E-016, -0.000000000000000, 1.00000000000000 ) );
#3153 = DIRECTION( '', ( 1.00000000000000, 0.000000000000000, -3.77113799125398E-016 ) );
#3154 = SURFACE_STYLE_FILL_AREA( #4993 );
#3155 = ORIENTED_EDGE( '', *, *, #4852, .F. );
#3156 = ORIENTED_EDGE( '', *, *, #4994, .F. );
#3157 = ORIENTED_EDGE( '', *, *, #4995, .F. );
#3158 = ORIENTED_EDGE( '', *, *, #4996, .F. );
#3159 = CARTESIAN_POINT( '', ( 14.1449999999994, 32.7669218061146, -6.05000000000000 ) );
#3160 = DIRECTION( '', ( -0.695421427516052, 0.000000000000000, -0.718602141766595 ) );
#3161 = DIRECTION( '', ( -0.718602141766595, 0.000000000000000, 0.695421427516052 ) );
#3162 = SURFACE_STYLE_FILL_AREA( #4997 );
#3163 = ORIENTED_EDGE( '', *, *, #4998, .T. );
#3164 = ORIENTED_EDGE( '', *, *, #4999, .F. );
#3165 = ORIENTED_EDGE( '', *, *, #5000, .F. );
#3166 = ORIENTED_EDGE( '', *, *, #5001, .F. );
#3167 = CARTESIAN_POINT( '', ( 5.00000000000000, 30.5487887721775, -5.76000000000000 ) );
#3168 = DIRECTION( '', ( -0.000000000000000, 1.00000000000000, -0.000000000000000 ) );
#3169 = DIRECTION( '', ( 0.000000000000000, 0.000000000000000, -1.00000000000000 ) );
#3170 = SURFACE_STYLE_FILL_AREA( #5002 );
#3171 = ORIENTED_EDGE( '', *, *, #5003, .T. );
#3172 = ORIENTED_EDGE( '', *, *, #5004, .T. );
#3173 = ORIENTED_EDGE( '', *, *, #5005, .F. );
#3174 = ORIENTED_EDGE( '', *, *, #5006, .F. );
#3175 = CARTESIAN_POINT( '', ( 2.89999999999969, 1.80623918681885, 6.79000000000000 ) );
#3176 = DIRECTION( '', ( -1.00000000000000, 0.000000000000000, 3.77113799125398E-016 ) );
#3177 = DIRECTION( '', ( 3.77113799125398E-016, 0.000000000000000, 1.00000000000000 ) );
#3178 = SURFACE_STYLE_FILL_AREA( #5007 );
#3179 = ORIENTED_EDGE( '', *, *, #5008, .F. );
#3180 = ORIENTED_EDGE( '', *, *, #4946, .F. );
#3181 = ORIENTED_EDGE( '', *, *, #5009, .T. );
#3182 = ORIENTED_EDGE( '', *, *, #5010, .T. );
#3183 = CARTESIAN_POINT( '', ( 4.99999999999989, -2.75000000000000, -2.50000000000000 ) );
#3184 = DIRECTION( '', ( 0.000000000000000, -0.316145823973806, 0.948710608132914 ) );
#3185 = DIRECTION( '', ( 0.000000000000000, -0.948710608132914, -0.316145823973806 ) );
#3186 = SURFACE_STYLE_FILL_AREA( #5011 );
#3187 = ORIENTED_EDGE( '', *, *, #5012, .T. );
#3188 = ORIENTED_EDGE( '', *, *, #5013, .T. );
#3189 = ORIENTED_EDGE( '', *, *, #5014, .F. );
#3190 = ORIENTED_EDGE( '', *, *, #4830, .F. );
#3191 = CARTESIAN_POINT( '', ( -8.00000000000011, 0.350000000000000, 30.9669218061146 ) );
#3192 = DIRECTION( '', ( 1.00000000000000, 0.000000000000000, 0.000000000000000 ) );
#3193 = DIRECTION( '', ( 0.000000000000000, 0.000000000000000, -1.00000000000000 ) );
#3194 = SURFACE_STYLE_FILL_AREA( #5015 );
#3195 = ORIENTED_EDGE( '', *, *, #5016, .F. );
#3196 = ORIENTED_EDGE( '', *, *, #5017, .T. );
#3197 = ORIENTED_EDGE( '', *, *, #5018, .T. );
#3198 = ORIENTED_EDGE( '', *, *, #5019, .T. );
#3199 = CARTESIAN_POINT( '', ( -5.14500000000011, 4.25000000000000, 6.65000000000000 ) );
#3200 = DIRECTION( '', ( 0.000000000000000, 0.000000000000000, -1.00000000000000 ) );
#3201 = DIRECTION( '', ( -1.00000000000000, 0.000000000000000, 0.000000000000000 ) );
#3202 = SURFACE_STYLE_FILL_AREA( #5020 );
#3203 = ORIENTED_EDGE( '', *, *, #5021, .F. );
#3204 = ORIENTED_EDGE( '', *, *, #5022, .T. );
#3205 = ORIENTED_EDGE( '', *, *, #5023, .T. );
#3206 = ORIENTED_EDGE( '', *, *, #5024, .T. );
#3207 = CARTESIAN_POINT( '', ( 4.85499999999967, 4.25000000000000, 6.65000000000000 ) );
#3208 = DIRECTION( '', ( 0.000000000000000, 0.000000000000000, -1.00000000000000 ) );
#3209 = DIRECTION( '', ( -1.00000000000000, 0.000000000000000, 0.000000000000000 ) );
#3210 = SURFACE_STYLE_FILL_AREA( #5025 );
#3211 = ORIENTED_EDGE( '', *, *, #5026, .F. );
#3212 = ORIENTED_EDGE( '', *, *, #5027, .T. );
#3213 = ORIENTED_EDGE( '', *, *, #5028, .T. );
#3214 = ORIENTED_EDGE( '', *, *, #5029, .T. );
#3215 = CARTESIAN_POINT( '', ( 0.363382140559410, 4.25000000000000, 7.25000000000000 ) );
#3216 = DIRECTION( '', ( 2.02975402025243E-016, 0.000000000000000, -1.00000000000000 ) );
#3217 = DIRECTION( '', ( -1.00000000000000, 0.000000000000000, -2.02975402025243E-016 ) );
#3218 = SURFACE_STYLE_FILL_AREA( #5030 );
#3219 = ORIENTED_EDGE( '', *, *, #4558, .F. );
#3220 = ORIENTED_EDGE( '', *, *, #5031, .F. );
#3221 = ORIENTED_EDGE( '', *, *, #5032, .F. );
#3222 = ORIENTED_EDGE( '', *, *, #5033, .F. );
#3223 = CARTESIAN_POINT( '', ( -0.855000000000217, 32.7669218061146, -6.05000000000000 ) );
#3224 = DIRECTION( '', ( -0.695421427516052, 0.000000000000000, -0.718602141766595 ) );
#3225 = DIRECTION( '', ( -0.718602141766595, 0.000000000000000, 0.695421427516052 ) );
#3226 = SURFACE_STYLE_FILL_AREA( #5034 );
#3227 = ORIENTED_EDGE( '', *, *, #5035, .T. );
#3228 = ORIENTED_EDGE( '', *, *, #4836, .F. );
#3229 = CARTESIAN_POINT( '', ( 12.4999999999994, 0.000000000000000, 7.70000000000000 ) );
#3230 = DIRECTION( '', ( -3.77113799125398E-016, 0.000000000000000, -1.00000000000000 ) );
#3231 = DIRECTION( '', ( -1.00000000000000, 0.000000000000000, 3.77113799125398E-016 ) );
#3232 = SURFACE_STYLE_FILL_AREA( #5036 );
#3233 = ORIENTED_EDGE( '', *, *, #5037, .F. );
#3234 = ORIENTED_EDGE( '', *, *, #5038, .T. );
#3235 = ORIENTED_EDGE( '', *, *, #5039, .T. );
#3236 = ORIENTED_EDGE( '', *, *, #5040, .T. );
#3237 = CARTESIAN_POINT( '', ( -14.6366178594403, 4.25000000000000, 7.25000000000000 ) );
#3238 = DIRECTION( '', ( 2.02975402025243E-016, 0.000000000000000, -1.00000000000000 ) );
#3239 = DIRECTION( '', ( -1.00000000000000, 0.000000000000000, -2.02975402025243E-016 ) );
#3240 = SURFACE_STYLE_FILL_AREA( #5041 );
#3241 = ORIENTED_EDGE( '', *, *, #5042, .T. );
#3242 = ORIENTED_EDGE( '', *, *, #4920, .F. );
#3243 = ORIENTED_EDGE( '', *, *, #4846, .F. );
#3244 = ORIENTED_EDGE( '', *, *, #5043, .T. );
#3245 = CARTESIAN_POINT( '', ( 13.8999999999994, 3.45000000000000, -2.10000000000000 ) );
#3246 = DIRECTION( '', ( 1.00000000000000, 0.000000000000000, 0.000000000000000 ) );
#3247 = DIRECTION( '', ( 0.000000000000000, 0.000000000000000, -1.00000000000000 ) );
#3248 = SURFACE_STYLE_FILL_AREA( #5044 );
#3249 = ORIENTED_EDGE( '', *, *, #4820, .F. );
#3250 = ORIENTED_EDGE( '', *, *, #5045, .F. );
#3251 = ORIENTED_EDGE( '', *, *, #5046, .F. );
#3252 = ORIENTED_EDGE( '', *, *, #5047, .F. );
#3253 = CARTESIAN_POINT( '', ( 15.0000000000000, 30.7558823629686, -3.00000000000000 ) );
#3254 = DIRECTION( '', ( 0.996212107599096, 0.000000000000000, -0.0869565217391324 ) );
#3255 = DIRECTION( '', ( -0.0869565217391324, 0.000000000000000, -0.996212107599096 ) );
#3256 = SURFACE_STYLE_FILL_AREA( #5048 );
#3257 = ORIENTED_EDGE( '', *, *, #5049, .T. );
#3258 = ORIENTED_EDGE( '', *, *, #5050, .T. );
#3259 = ORIENTED_EDGE( '', *, *, #5051, .T. );
#3260 = ORIENTED_EDGE( '', *, *, #4897, .T. );
#3261 = ORIENTED_EDGE( '', *, *, #4863, .F. );
#3262 = CARTESIAN_POINT( '', ( 7.49999999999956, 0.000000000000000, 7.70000000000000 ) );
#3263 = DIRECTION( '', ( 3.77113799125398E-016, -0.000000000000000, 1.00000000000000 ) );
#3264 = DIRECTION( '', ( 1.00000000000000, 0.000000000000000, -3.77113799125398E-016 ) );
#3265 = SURFACE_STYLE_FILL_AREA( #5052 );
#3266 = ORIENTED_EDGE( '', *, *, #5053, .T. );
#3267 = ORIENTED_EDGE( '', *, *, #4737, .F. );
#3268 = ORIENTED_EDGE( '', *, *, #5054, .F. );
#3269 = ORIENTED_EDGE( '', *, *, #5055, .T. );
#3270 = CARTESIAN_POINT( '', ( -12.9000000000000, 1.80623918681884, 6.79000000000000 ) );
#3271 = DIRECTION( '', ( 1.00000000000000, 0.000000000000000, -3.77113799125398E-016 ) );
#3272 = DIRECTION( '', ( -3.77113799125398E-016, 0.000000000000000, -1.00000000000000 ) );
#3273 = SURFACE_STYLE_FILL_AREA( #5056 );
#3274 = ORIENTED_EDGE( '', *, *, #4709, .F. );
#3275 = ORIENTED_EDGE( '', *, *, #5057, .T. );
#3276 = ORIENTED_EDGE( '', *, *, #5058, .T. );
#3277 = ORIENTED_EDGE( '', *, *, #5059, .T. );
#3278 = CARTESIAN_POINT( '', ( 5.36338214055930, 4.25000000000000, 7.25000000000000 ) );
#3279 = DIRECTION( '', ( 2.02975402025243E-016, 0.000000000000000, -1.00000000000000 ) );
#3280 = DIRECTION( '', ( -1.00000000000000, 0.000000000000000, -2.02975402025243E-016 ) );
#3281 = SURFACE_STYLE_FILL_AREA( #5060 );
#3282 = ORIENTED_EDGE( '', *, *, #4892, .T. );
#3283 = ORIENTED_EDGE( '', *, *, #5061, .F. );
#3284 = ORIENTED_EDGE( '', *, *, #5062, .F. );
#3285 = ORIENTED_EDGE( '', *, *, #4977, .T. );
#3286 = CARTESIAN_POINT( '', ( -6.10000000000011, 3.45000000000000, 0.500000000000000 ) );
#3287 = DIRECTION( '', ( 0.000000000000000, 0.000000000000000, 1.00000000000000 ) );
#3288 = DIRECTION( '', ( 1.00000000000000, 0.000000000000000, 0.000000000000000 ) );
#3289 = SURFACE_STYLE_FILL_AREA( #5063 );
#3290 = ORIENTED_EDGE( '', *, *, #5064, .T. );
#3291 = ORIENTED_EDGE( '', *, *, #5065, .T. );
#3292 = ORIENTED_EDGE( '', *, *, #4880, .F. );
#3293 = ORIENTED_EDGE( '', *, *, #5066, .F. );
#3294 = ORIENTED_EDGE( '', *, *, #5067, .T. );
#3295 = ORIENTED_EDGE( '', *, *, #5068, .T. );
#3296 = CARTESIAN_POINT( '', ( 1.99999999999967, -0.350000000000000, 30.9669218061146 ) );
#3297 = DIRECTION( '', ( 0.000000000000000, 1.00000000000000, 0.000000000000000 ) );
#3298 = DIRECTION( '', ( 0.000000000000000, 0.000000000000000, 1.00000000000000 ) );
#3299 = SURFACE_STYLE_FILL_AREA( #5069 );
#3300 = ORIENTED_EDGE( '', *, *, #5070, .F. );
#3301 = ORIENTED_EDGE( '', *, *, #4813, .F. );
#3302 = ORIENTED_EDGE( '', *, *, #5071, .T. );
#3303 = ORIENTED_EDGE( '', *, *, #5072, .F. );
#3304 = ORIENTED_EDGE( '', *, *, #5073, .T. );
#3305 = ORIENTED_EDGE( '', *, *, #5074, .T. );
#3306 = CARTESIAN_POINT( '', ( 9.99999999999978, -2.75000000000000, 0.499999999999990 ) );
#3307 = DIRECTION( '', ( -3.42864700799250E-017, -0.316145823973806, -0.948710608132914 ) );
#3308 = DIRECTION( '', ( 0.000000000000000, 0.948710608132914, -0.316145823973806 ) );
#3309 = SURFACE_STYLE_FILL_AREA( #5075 );
#3310 = ORIENTED_EDGE( '', *, *, #5076, .F. );
#3311 = ORIENTED_EDGE( '', *, *, #5077, .F. );
#3312 = ORIENTED_EDGE( '', *, *, #4781, .T. );
#3313 = ORIENTED_EDGE( '', *, *, #4641, .T. );
#3314 = CARTESIAN_POINT( '', ( 3.99999999999967, -2.75000000000000, -1.00000000000000 ) );
#3315 = DIRECTION( '', ( -0.948710608132914, -0.316145823973806, 0.000000000000000 ) );
#3316 = DIRECTION( '', ( 0.316145823973806, -0.948710608132914, 0.000000000000000 ) );
#3317 = SURFACE_STYLE_FILL_AREA( #5078 );
#3318 = ORIENTED_EDGE( '', *, *, #4696, .T. );
#3319 = ORIENTED_EDGE( '', *, *, #5079, .T. );
#3320 = ORIENTED_EDGE( '', *, *, #4896, .F. );
#3321 = ORIENTED_EDGE( '', *, *, #5080, .F. );
#3322 = CARTESIAN_POINT( '', ( 7.89999999999958, 1.80623918681885, 6.79000000000000 ) );
#3323 = DIRECTION( '', ( -1.00000000000000, 0.000000000000000, 3.77113799125398E-016 ) );
#3324 = DIRECTION( '', ( 3.77113799125398E-016, 0.000000000000000, 1.00000000000000 ) );
#3325 = SURFACE_STYLE_FILL_AREA( #5081 );
#3326 = ORIENTED_EDGE( '', *, *, #5082, .T. );
#3327 = ORIENTED_EDGE( '', *, *, #5083, .F. );
#3328 = ORIENTED_EDGE( '', *, *, #4939, .F. );
#3329 = ORIENTED_EDGE( '', *, *, #5084, .F. );
#3330 = CARTESIAN_POINT( '', ( 10.0000000000000, 30.5487887721775, -3.00000000000000 ) );
#3331 = DIRECTION( '', ( -0.996212107599096, 0.000000000000000, -0.0869565217391324 ) );
#3332 = DIRECTION( '', ( -0.0869565217391324, 0.000000000000000, 0.996212107599096 ) );
#3333 = SURFACE_STYLE_FILL_AREA( #5085 );
#3334 = ORIENTED_EDGE( '', *, *, #5086, .T. );
#3335 = ORIENTED_EDGE( '', *, *, #4990, .F. );
#3336 = CARTESIAN_POINT( '', ( -7.50000000000011, 0.000000000000000, 7.70000000000000 ) );
#3337 = DIRECTION( '', ( -3.77113799125398E-016, 0.000000000000000, -1.00000000000000 ) );
#3338 = DIRECTION( '', ( -1.00000000000000, 0.000000000000000, 3.77113799125398E-016 ) );
#3339 = SURFACE_STYLE_FILL_AREA( #5087 );
#3340 = ORIENTED_EDGE( '', *, *, #5088, .F. );
#3341 = ORIENTED_EDGE( '', *, *, #4909, .F. );
#3342 = ORIENTED_EDGE( '', *, *, #5089, .T. );
#3343 = ORIENTED_EDGE( '', *, *, #5021, .T. );
#3344 = ORIENTED_EDGE( '', *, *, #5090, .T. );
#3345 = ORIENTED_EDGE( '', *, *, #5058, .F. );
#3346 = CARTESIAN_POINT( '', ( 5.14499999999957, 4.25000000000000, 6.65000000000000 ) );
#3347 = DIRECTION( '', ( 0.939692620785909, 0.000000000000000, -0.342020143325668 ) );
#3348 = DIRECTION( '', ( -0.342020143325667, 0.000000000000000, -0.939692620785909 ) );
#3349 = SURFACE_STYLE_FILL_AREA( #5091 );
#3350 = ORIENTED_EDGE( '', *, *, #5092, .F. );
#3351 = ORIENTED_EDGE( '', *, *, #4700, .T. );
#3352 = ORIENTED_EDGE( '', *, *, #5093, .T. );
#3353 = ORIENTED_EDGE( '', *, *, #4773, .T. );
#3354 = CARTESIAN_POINT( '', ( 15.0000000000000, -4.25000000000000, -6.20000000000000 ) );
#3355 = DIRECTION( '', ( 1.15648231731787E-016, 0.000000000000000, -1.00000000000000 ) );
#3356 = DIRECTION( '', ( -1.00000000000000, 0.000000000000000, -1.15648231731787E-016 ) );
#3357 = SURFACE_STYLE_FILL_AREA( #5094 );
#3358 = ORIENTED_EDGE( '', *, *, #4769, .F. );
#3359 = ORIENTED_EDGE( '', *, *, #4620, .F. );
#3360 = ORIENTED_EDGE( '', *, *, #5095, .F. );
#3361 = ORIENTED_EDGE( '', *, *, #4955, .F. );
#3362 = CARTESIAN_POINT( '', ( 11.9999999999994, 0.350000000000000, -9.90000000000000 ) );
#3363 = DIRECTION( '', ( 0.967230965379434, 0.000000000000000, 0.253898128412102 ) );
#3364 = DIRECTION( '', ( 0.000000000000000, -1.00000000000000, 0.000000000000000 ) );
#3365 = SURFACE_STYLE_FILL_AREA( #5096 );
#3366 = ORIENTED_EDGE( '', *, *, #5097, .T. );
#3367 = ORIENTED_EDGE( '', *, *, #5098, .F. );
#3368 = ORIENTED_EDGE( '', *, *, #5099, .F. );
#3369 = ORIENTED_EDGE( '', *, *, #5100, .T. );
#3370 = CARTESIAN_POINT( '', ( 2.09999999999968, 1.80623918681884, 6.79000000000000 ) );
#3371 = DIRECTION( '', ( 1.00000000000000, 0.000000000000000, -3.77113799125398E-016 ) );
#3372 = DIRECTION( '', ( -3.77113799125398E-016, 0.000000000000000, -1.00000000000000 ) );
#3373 = SURFACE_STYLE_FILL_AREA( #5101 );
#3374 = ORIENTED_EDGE( '', *, *, #5102, .T. );
#3375 = ORIENTED_EDGE( '', *, *, #5086, .F. );
#3376 = ORIENTED_EDGE( '', *, *, #4867, .F. );
#3377 = ORIENTED_EDGE( '', *, *, #4721, .T. );
#3378 = CARTESIAN_POINT( '', ( -7.90000000000010, 1.80623918681884, 6.79000000000000 ) );
#3379 = DIRECTION( '', ( 1.00000000000000, 0.000000000000000, -3.77113799125398E-016 ) );
#3380 = DIRECTION( '', ( -3.77113799125398E-016, 0.000000000000000, -1.00000000000000 ) );
#3381 = SURFACE_STYLE_FILL_AREA( #5103 );
#3382 = ORIENTED_EDGE( '', *, *, #5104, .F. );
#3383 = ORIENTED_EDGE( '', *, *, #4969, .F. );
#3384 = ORIENTED_EDGE( '', *, *, #4932, .T. );
#3385 = ORIENTED_EDGE( '', *, *, #5105, .F. );
#3386 = ORIENTED_EDGE( '', *, *, #4934, .T. );
#3387 = ORIENTED_EDGE( '', *, *, #4823, .T. );
#3388 = CARTESIAN_POINT( '', ( 19.9999999999995, -2.75000000000000, 0.499999999999990 ) );
#3389 = DIRECTION( '', ( -3.42864700799250E-017, -0.316145823973806, -0.948710608132914 ) );
#3390 = DIRECTION( '', ( 0.000000000000000, 0.948710608132914, -0.316145823973806 ) );
#3391 = SURFACE_STYLE_FILL_AREA( #5106 );
#3392 = ORIENTED_EDGE( '', *, *, #5107, .T. );
#3393 = ORIENTED_EDGE( '', *, *, #5038, .F. );
#3394 = ORIENTED_EDGE( '', *, *, #5108, .T. );
#3395 = ORIENTED_EDGE( '', *, *, #5109, .F. );
#3396 = ORIENTED_EDGE( '', *, *, #5110, .T. );
#3397 = CARTESIAN_POINT( '', ( -12.5000000000000, 0.000000000000000, 6.80000000000000 ) );
#3398 = DIRECTION( '', ( -2.02975402025242E-016, -0.000000000000000, -1.00000000000000 ) );
#3399 = DIRECTION( '', ( 1.00000000000000, 0.000000000000000, -2.02975402025242E-016 ) );
#3400 = SURFACE_STYLE_FILL_AREA( #5111 );
#3401 = ORIENTED_EDGE( '', *, *, #5112, .F. );
#3402 = ORIENTED_EDGE( '', *, *, #4800, .F. );
#3403 = ORIENTED_EDGE( '', *, *, #5113, .T. );
#3404 = ORIENTED_EDGE( '', *, *, #5114, .T. );
#3405 = CARTESIAN_POINT( '', ( -11.0000000000000, -2.75000000000000, -1.00000000000000 ) );
#3406 = DIRECTION( '', ( -0.948710608132914, -0.316145823973806, 0.000000000000000 ) );
#3407 = DIRECTION( '', ( 0.316145823973806, -0.948710608132914, 0.000000000000000 ) );
#3408 = SURFACE_STYLE_FILL_AREA( #5115 );
#3409 = ORIENTED_EDGE( '', *, *, #4676, .T. );
#3410 = ORIENTED_EDGE( '', *, *, #4632, .F. );
#3411 = CARTESIAN_POINT( '', ( -12.5000000000000, 0.000000000000000, 7.70000000000000 ) );
#3412 = DIRECTION( '', ( -3.77113799125398E-016, 0.000000000000000, -1.00000000000000 ) );
#3413 = DIRECTION( '', ( -1.00000000000000, 0.000000000000000, 3.77113799125398E-016 ) );
#3414 = SURFACE_STYLE_FILL_AREA( #5116 );
#3415 = ORIENTED_EDGE( '', *, *, #4723, .T. );
#3416 = ORIENTED_EDGE( '', *, *, #4866, .T. );
#3417 = ORIENTED_EDGE( '', *, *, #4987, .F. );
#3418 = ORIENTED_EDGE( '', *, *, #5117, .F. );
#3419 = CARTESIAN_POINT( '', ( -7.10000000000009, 1.80623918681885, 6.79000000000000 ) );
#3420 = DIRECTION( '', ( -1.00000000000000, 0.000000000000000, 3.77113799125398E-016 ) );
#3421 = DIRECTION( '', ( 3.77113799125398E-016, 0.000000000000000, 1.00000000000000 ) );
#3422 = SURFACE_STYLE_FILL_AREA( #5118 );
#3423 = ORIENTED_EDGE( '', *, *, #5119, .F. );
#3424 = ORIENTED_EDGE( '', *, *, #5120, .F. );
#3425 = ORIENTED_EDGE( '', *, *, #5068, .F. );
#3426 = ORIENTED_EDGE( '', *, *, #5121, .F. );
#3427 = CARTESIAN_POINT( '', ( 1.99999999999967, 0.350000000000000, -9.90000000000000 ) );
#3428 = DIRECTION( '', ( 0.967230965379434, 0.000000000000000, 0.253898128412102 ) );
#3429 = DIRECTION( '', ( 0.000000000000000, -1.00000000000000, 0.000000000000000 ) );
#3430 = SURFACE_STYLE_FILL_AREA( #5122 );
#3431 = ORIENTED_EDGE( '', *, *, #5123, .T. );
#3432 = ORIENTED_EDGE( '', *, *, #5124, .F. );
#3433 = ORIENTED_EDGE( '', *, *, #5125, .F. );
#3434 = ORIENTED_EDGE( '', *, *, #4694, .T. );
#3435 = CARTESIAN_POINT( '', ( 7.09999999999957, 1.80623918681884, 6.79000000000000 ) );
#3436 = DIRECTION( '', ( 1.00000000000000, 0.000000000000000, -3.77113799125398E-016 ) );
#3437 = DIRECTION( '', ( -3.77113799125398E-016, 0.000000000000000, -1.00000000000000 ) );
#3438 = SURFACE_STYLE_FILL_AREA( #5126 );
#3439 = ORIENTED_EDGE( '', *, *, #5127, .T. );
#3440 = ORIENTED_EDGE( '', *, *, #5109, .T. );
#3441 = ORIENTED_EDGE( '', *, *, #5128, .F. );
#3442 = ORIENTED_EDGE( '', *, *, #5129, .T. );
#3443 = CARTESIAN_POINT( '', ( -14.6366178594403, 4.25000000000000, 7.25000000000000 ) );
#3444 = DIRECTION( '', ( 2.02975402025243E-016, 0.000000000000000, -1.00000000000000 ) );
#3445 = DIRECTION( '', ( -1.00000000000000, 0.000000000000000, -2.02975402025243E-016 ) );
#3446 = SURFACE_STYLE_FILL_AREA( #5130 );
#3447 = ORIENTED_EDGE( '', *, *, #5131, .T. );
#3448 = ORIENTED_EDGE( '', *, *, #5132, .T. );
#3449 = ORIENTED_EDGE( '', *, *, #4767, .F. );
#3450 = ORIENTED_EDGE( '', *, *, #5133, .F. );
#3451 = CARTESIAN_POINT( '', ( 12.9999999999994, -0.350000000000000, 30.9669218061146 ) );
#3452 = DIRECTION( '', ( -1.00000000000000, 0.000000000000000, 0.000000000000000 ) );
#3453 = DIRECTION( '', ( 0.000000000000000, 0.000000000000000, 1.00000000000000 ) );
#3454 = SURFACE_STYLE_FILL_AREA( #5134 );
#3455 = ORIENTED_EDGE( '', *, *, #5051, .F. );
#3456 = ORIENTED_EDGE( '', *, *, #5123, .F. );
#3457 = ORIENTED_EDGE( '', *, *, #4693, .T. );
#3458 = ORIENTED_EDGE( '', *, *, #5080, .T. );
#3459 = CARTESIAN_POINT( '', ( 7.49999999999956, 0.000000000000000, 6.79000000000000 ) );
#3460 = DIRECTION( '', ( -3.77113799125398E-016, -0.000000000000000, -1.00000000000000 ) );
#3461 = DIRECTION( '', ( 1.00000000000000, 0.000000000000000, -3.77113799125398E-016 ) );
#3462 = SURFACE_STYLE_FILL_AREA( #5135 );
#3463 = ORIENTED_EDGE( '', *, *, #5136, .T. );
#3464 = ORIENTED_EDGE( '', *, *, #5027, .F. );
#3465 = ORIENTED_EDGE( '', *, *, #5137, .T. );
#3466 = ORIENTED_EDGE( '', *, *, #5138, .F. );
#3467 = ORIENTED_EDGE( '', *, *, #5139, .T. );
#3468 = CARTESIAN_POINT( '', ( 2.49999999999968, 0.000000000000000, 6.80000000000000 ) );
#3469 = DIRECTION( '', ( -2.02975402025242E-016, -0.000000000000000, -1.00000000000000 ) );
#3470 = DIRECTION( '', ( 1.00000000000000, 0.000000000000000, -2.02975402025242E-016 ) );
#3471 = SURFACE_STYLE_FILL_AREA( #5140 );
#3472 = ORIENTED_EDGE( '', *, *, #5062, .T. );
#3473 = ORIENTED_EDGE( '', *, *, #5141, .T. );
#3474 = ORIENTED_EDGE( '', *, *, #5142, .T. );
#3475 = ORIENTED_EDGE( '', *, *, #4978, .T. );
#3476 = CARTESIAN_POINT( '', ( 0.000000000000000, 3.45000000000000, 0.000000000000000 ) );
#3477 = DIRECTION( '', ( 0.000000000000000, -1.00000000000000, 0.000000000000000 ) );
#3478 = DIRECTION( '', ( 0.000000000000000, 0.000000000000000, -1.00000000000000 ) );
#3479 = SURFACE_STYLE_FILL_AREA( #5143 );
#3480 = ORIENTED_EDGE( '', *, *, #5144, .T. );
#3481 = ORIENTED_EDGE( '', *, *, #5145, .F. );
#3482 = ORIENTED_EDGE( '', *, *, #4662, .F. );
#3483 = ORIENTED_EDGE( '', *, *, #5146, .F. );
#3484 = CARTESIAN_POINT( '', ( -10.0000000000000, 30.5487887721775, -5.76000000000000 ) );
#3485 = DIRECTION( '', ( -0.000000000000000, 1.00000000000000, -0.000000000000000 ) );
#3486 = DIRECTION( '', ( 0.000000000000000, 0.000000000000000, -1.00000000000000 ) );
#3487 = SURFACE_STYLE_FILL_AREA( #5147 );
#3488 = ORIENTED_EDGE( '', *, *, #5049, .F. );
#3489 = ORIENTED_EDGE( '', *, *, #5079, .F. );
#3490 = ORIENTED_EDGE( '', *, *, #4695, .T. );
#3491 = ORIENTED_EDGE( '', *, *, #5125, .T. );
#3492 = CARTESIAN_POINT( '', ( 7.49999999999956, 0.000000000000000, 6.79000000000000 ) );
#3493 = DIRECTION( '', ( -3.77113799125398E-016, -0.000000000000000, -1.00000000000000 ) );
#3494 = DIRECTION( '', ( 1.00000000000000, 0.000000000000000, -3.77113799125398E-016 ) );
#3495 = SURFACE_STYLE_FILL_AREA( #5148 );
#3496 = ORIENTED_EDGE( '', *, *, #4931, .T. );
#3497 = ORIENTED_EDGE( '', *, *, #4681, .F. );
#3498 = ORIENTED_EDGE( '', *, *, #5149, .F. );
#3499 = ORIENTED_EDGE( '', *, *, #5150, .T. );
#3500 = CARTESIAN_POINT( '', ( 6.09999999999956, 3.45000000000000, 0.499999999999991 ) );
#3501 = DIRECTION( '', ( -1.00000000000000, 0.000000000000000, 0.000000000000000 ) );
#3502 = DIRECTION( '', ( 0.000000000000000, 0.000000000000000, 1.00000000000000 ) );
#3503 = SURFACE_STYLE_FILL_AREA( #5151 );
#3504 = ORIENTED_EDGE( '', *, *, #5152, .T. );
#3505 = ORIENTED_EDGE( '', *, *, #4886, .T. );
#3506 = ORIENTED_EDGE( '', *, *, #4658, .T. );
#3507 = ORIENTED_EDGE( '', *, *, #4602, .T. );
#3508 = ORIENTED_EDGE( '', *, *, #5153, .F. );
#3509 = ORIENTED_EDGE( '', *, *, #5154, .F. );
#3510 = CARTESIAN_POINT( '', ( -2.00000000000021, 0.350000000000000, 30.9669218061146 ) );
#3511 = DIRECTION( '', ( 0.000000000000000, -1.00000000000000, 0.000000000000000 ) );
#3512 = DIRECTION( '', ( 0.000000000000000, 0.000000000000000, -1.00000000000000 ) );
#3513 = SURFACE_STYLE_FILL_AREA( #5155 );
#3514 = ORIENTED_EDGE( '', *, *, #5156, .T. );
#3515 = ORIENTED_EDGE( '', *, *, #5121, .T. );
#3516 = ORIENTED_EDGE( '', *, *, #5067, .F. );
#3517 = ORIENTED_EDGE( '', *, *, #5157, .F. );
#3518 = CARTESIAN_POINT( '', ( 1.99999999999967, 0.350000000000000, 30.9669218061146 ) );
#3519 = DIRECTION( '', ( 1.00000000000000, 0.000000000000000, 0.000000000000000 ) );
#3520 = DIRECTION( '', ( 0.000000000000000, 0.000000000000000, -1.00000000000000 ) );
#3521 = SURFACE_STYLE_FILL_AREA( #5158 );
#3522 = ORIENTED_EDGE( '', *, *, #4951, .F. );
#3523 = ORIENTED_EDGE( '', *, *, #5159, .F. );
#3524 = ORIENTED_EDGE( '', *, *, #4818, .F. );
#3525 = ORIENTED_EDGE( '', *, *, #5160, .F. );
#3526 = ORIENTED_EDGE( '', *, *, #4653, .F. );
#3527 = ORIENTED_EDGE( '', *, *, #4808, .F. );
#3528 = ORIENTED_EDGE( '', *, *, #4966, .F. );
#3529 = ORIENTED_EDGE( '', *, *, #4789, .F. );
#3530 = ORIENTED_EDGE( '', *, *, #4710, .F. );
#3531 = ORIENTED_EDGE( '', *, *, #5059, .F. );
#3532 = ORIENTED_EDGE( '', *, *, #5090, .F. );
#3533 = ORIENTED_EDGE( '', *, *, #5024, .F. );
#3534 = ORIENTED_EDGE( '', *, *, #5161, .F. );
#3535 = ORIENTED_EDGE( '', *, *, #5029, .F. );
#3536 = ORIENTED_EDGE( '', *, *, #5162, .F. );
#3537 = ORIENTED_EDGE( '', *, *, #5163, .F. );
#3538 = ORIENTED_EDGE( '', *, *, #4647, .F. );
#3539 = ORIENTED_EDGE( '', *, *, #4974, .F. );
#3540 = ORIENTED_EDGE( '', *, *, #5164, .F. );
#3541 = ORIENTED_EDGE( '', *, *, #5019, .F. );
#3542 = ORIENTED_EDGE( '', *, *, #5165, .F. );
#3543 = ORIENTED_EDGE( '', *, *, #5166, .F. );
#3544 = ORIENTED_EDGE( '', *, *, #4671, .F. );
#3545 = ORIENTED_EDGE( '', *, *, #5167, .F. );
#3546 = ORIENTED_EDGE( '', *, *, #5168, .F. );
#3547 = ORIENTED_EDGE( '', *, *, #5040, .F. );
#3548 = ORIENTED_EDGE( '', *, *, #5169, .F. );
#3549 = ORIENTED_EDGE( '', *, *, #5170, .F. );
#3550 = CARTESIAN_POINT( '', ( -14.6366178594403, -3.25000000000000, 6.25000000000000 ) );
#3551 = DIRECTION( '', ( -1.00000000000000, -0.000000000000000, -2.02975402025243E-016 ) );
#3552 = DIRECTION( '', ( 2.02975402025243E-016, 0.000000000000000, -1.00000000000000 ) );
#3553 = SURFACE_STYLE_FILL_AREA( #5171 );
#3554 = ORIENTED_EDGE( '', *, *, #5172, .T. );
#3555 = ORIENTED_EDGE( '', *, *, #5043, .F. );
#3556 = ORIENTED_EDGE( '', *, *, #4845, .F. );
#3557 = ORIENTED_EDGE( '', *, *, #5173, .T. );
#3558 = CARTESIAN_POINT( '', ( 11.0999999999994, 3.45000000000000, -2.10000000000000 ) );
#3559 = DIRECTION( '', ( 0.000000000000000, 0.000000000000000, -1.00000000000000 ) );
#3560 = DIRECTION( '', ( -1.00000000000000, 0.000000000000000, 0.000000000000000 ) );
#3561 = SURFACE_STYLE_FILL_AREA( #5174 );
#3562 = ORIENTED_EDGE( '', *, *, #5175, .F. );
#3563 = ORIENTED_EDGE( '', *, *, #5176, .F. );
#3564 = ORIENTED_EDGE( '', *, *, #5177, .T. );
#3565 = ORIENTED_EDGE( '', *, *, #4811, .T. );
#3566 = CARTESIAN_POINT( '', ( 9.99999999999978, -2.75000000000000, -2.50000000000000 ) );
#3567 = DIRECTION( '', ( 0.000000000000000, -0.316145823973806, 0.948710608132914 ) );
#3568 = DIRECTION( '', ( 0.000000000000000, -0.948710608132914, -0.316145823973806 ) );
#3569 = SURFACE_STYLE_FILL_AREA( #5178 );
#3570 = ORIENTED_EDGE( '', *, *, #5179, .T. );
#3571 = ORIENTED_EDGE( '', *, *, #4979, .F. );
#3572 = ORIENTED_EDGE( '', *, *, #5142, .F. );
#3573 = ORIENTED_EDGE( '', *, *, #5180, .T. );
#3574 = CARTESIAN_POINT( '', ( -8.90000000000011, 3.45000000000000, -2.10000000000000 ) );
#3575 = DIRECTION( '', ( 0.000000000000000, 0.000000000000000, -1.00000000000000 ) );
#3576 = DIRECTION( '', ( -1.00000000000000, 0.000000000000000, 0.000000000000000 ) );
#3577 = SURFACE_STYLE_FILL_AREA( #5181 );
#3578 = ORIENTED_EDGE( '', *, *, #5182, .F. );
#3579 = ORIENTED_EDGE( '', *, *, #5183, .T. );
#3580 = ORIENTED_EDGE( '', *, *, #5064, .F. );
#3581 = ORIENTED_EDGE( '', *, *, #5120, .T. );
#3582 = CARTESIAN_POINT( '', ( 0.000000000000000, 0.000000000000000, -10.7000000000000 ) );
#3583 = DIRECTION( '', ( 0.000000000000000, 0.000000000000000, 1.00000000000000 ) );
#3584 = DIRECTION( '', ( 1.00000000000000, 0.000000000000000, 0.000000000000000 ) );
#3585 = SURFACE_STYLE_FILL_AREA( #5184 );
#3586 = ORIENTED_EDGE( '', *, *, #4901, .T. );
#3587 = ORIENTED_EDGE( '', *, *, #5185, .F. );
#3588 = ORIENTED_EDGE( '', *, *, #5186, .F. );
#3589 = ORIENTED_EDGE( '', *, *, #5187, .F. );
#3590 = CARTESIAN_POINT( '', ( -5.00000000000000, 30.5487887721775, -5.76000000000000 ) );
#3591 = DIRECTION( '', ( -0.000000000000000, 1.00000000000000, -0.000000000000000 ) );
#3592 = DIRECTION( '', ( 0.000000000000000, 0.000000000000000, -1.00000000000000 ) );
#3593 = SURFACE_STYLE_FILL_AREA( #5188 );
#3594 = ORIENTED_EDGE( '', *, *, #4670, .F. );
#3595 = ORIENTED_EDGE( '', *, *, #5189, .T. );
#3596 = ORIENTED_EDGE( '', *, *, #5190, .T. );
#3597 = ORIENTED_EDGE( '', *, *, #5167, .T. );
#3598 = CARTESIAN_POINT( '', ( -10.1450000000000, 4.25000000000000, 6.65000000000000 ) );
#3599 = DIRECTION( '', ( 0.000000000000000, 0.000000000000000, -1.00000000000000 ) );
#3600 = DIRECTION( '', ( -1.00000000000000, 0.000000000000000, 0.000000000000000 ) );
#3601 = SURFACE_STYLE_FILL_AREA( #5191 );
#3602 = ORIENTED_EDGE( '', *, *, #5192, .F. );
#3603 = ORIENTED_EDGE( '', *, *, #5074, .F. );
#3604 = ORIENTED_EDGE( '', *, *, #5193, .T. );
#3605 = ORIENTED_EDGE( '', *, *, #5176, .T. );
#3606 = CARTESIAN_POINT( '', ( -1.00000000000022, -2.75000000000000, -1.00000000000000 ) );
#3607 = DIRECTION( '', ( -0.948710608132914, -0.316145823973806, 0.000000000000000 ) );
#3608 = DIRECTION( '', ( 0.316145823973806, -0.948710608132914, 0.000000000000000 ) );
#3609 = SURFACE_STYLE_FILL_AREA( #5194 );
#3610 = ORIENTED_EDGE( '', *, *, #4664, .T. );
#3611 = ORIENTED_EDGE( '', *, *, #5195, .F. );
#3612 = ORIENTED_EDGE( '', *, *, #5144, .F. );
#3613 = ORIENTED_EDGE( '', *, *, #5196, .F. );
#3614 = CARTESIAN_POINT( '', ( -10.0000000000000, 30.5487887721775, -3.00000000000000 ) );
#3615 = DIRECTION( '', ( 0.996212107599096, 0.000000000000000, -0.0869565217391324 ) );
#3616 = DIRECTION( '', ( -0.0869565217391324, 0.000000000000000, -0.996212107599096 ) );
#3617 = SURFACE_STYLE_FILL_AREA( #5197 );
#3618 = ORIENTED_EDGE( '', *, *, #5098, .T. );
#3619 = ORIENTED_EDGE( '', *, *, #5198, .F. );
#3620 = CARTESIAN_POINT( '', ( 2.49999999999967, 0.000000000000000, 7.70000000000000 ) );
#3621 = DIRECTION( '', ( -3.77113799125398E-016, 0.000000000000000, -1.00000000000000 ) );
#3622 = DIRECTION( '', ( -1.00000000000000, 0.000000000000000, 3.77113799125398E-016 ) );
#3623 = SURFACE_STYLE_FILL_AREA( #5199 );
#3624 = ORIENTED_EDGE( '', *, *, #4964, .T. );
#3625 = ORIENTED_EDGE( '', *, *, #4547, .T. );
#3626 = ORIENTED_EDGE( '', *, *, #4656, .F. );
#3627 = ORIENTED_EDGE( '', *, *, #5200, .T. );
#3628 = CARTESIAN_POINT( '', ( 10.3633821405592, 4.25000000000000, 7.25000000000000 ) );
#3629 = DIRECTION( '', ( 2.02975402025243E-016, 0.000000000000000, -1.00000000000000 ) );
#3630 = DIRECTION( '', ( -1.00000000000000, 0.000000000000000, -2.02975402025243E-016 ) );
#3631 = SURFACE_STYLE_FILL_AREA( #5201 );
#3632 = ORIENTED_EDGE( '', *, *, #4619, .T. );
#3633 = ORIENTED_EDGE( '', *, *, #5202, .T. );
#3634 = ORIENTED_EDGE( '', *, *, #5131, .F. );
#3635 = ORIENTED_EDGE( '', *, *, #5203, .F. );
#3636 = ORIENTED_EDGE( '', *, *, #4956, .T. );
#3637 = ORIENTED_EDGE( '', *, *, #5095, .T. );
#3638 = CARTESIAN_POINT( '', ( 11.9999999999994, -0.350000000000000, 30.9669218061146 ) );
#3639 = DIRECTION( '', ( 0.000000000000000, 1.00000000000000, 0.000000000000000 ) );
#3640 = DIRECTION( '', ( 0.000000000000000, 0.000000000000000, 1.00000000000000 ) );
#3641 = SURFACE_STYLE_FILL_AREA( #5204 );
#3642 = ORIENTED_EDGE( '', *, *, #5205, .F. );
#3643 = ORIENTED_EDGE( '', *, *, #4916, .F. );
#3644 = ORIENTED_EDGE( '', *, *, #5206, .F. );
#3645 = ORIENTED_EDGE( '', *, *, #5013, .F. );
#3646 = CARTESIAN_POINT( '', ( -8.00000000000011, 0.350000000000000, -9.90000000000000 ) );
#3647 = DIRECTION( '', ( 0.967230965379434, 0.000000000000000, 0.253898128412102 ) );
#3648 = DIRECTION( '', ( 0.000000000000000, -1.00000000000000, 0.000000000000000 ) );
#3649 = SURFACE_STYLE_FILL_AREA( #5207 );
#3650 = ORIENTED_EDGE( '', *, *, #5208, .T. );
#3651 = ORIENTED_EDGE( '', *, *, #5209, .F. );
#3652 = ORIENTED_EDGE( '', *, *, #4556, .F. );
#3653 = ORIENTED_EDGE( '', *, *, #5210, .F. );
#3654 = CARTESIAN_POINT( '', ( 0.699999999999677, 32.7669218061146, -6.20000000000000 ) );
#3655 = DIRECTION( '', ( 0.695421427516052, 0.000000000000000, -0.718602141766595 ) );
#3656 = DIRECTION( '', ( -0.718602141766595, 0.000000000000000, -0.695421427516052 ) );
#3657 = SURFACE_STYLE_FILL_AREA( #5211 );
#3658 = ORIENTED_EDGE( '', *, *, #4631, .F. );
#3659 = ORIENTED_EDGE( '', *, *, #5053, .F. );
#3660 = ORIENTED_EDGE( '', *, *, #5212, .T. );
#3661 = ORIENTED_EDGE( '', *, *, #4677, .T. );
#3662 = CARTESIAN_POINT( '', ( -12.5000000000000, 0.000000000000000, 6.79000000000000 ) );
#3663 = DIRECTION( '', ( -3.77113799125398E-016, -0.000000000000000, -1.00000000000000 ) );
#3664 = DIRECTION( '', ( 1.00000000000000, 0.000000000000000, -3.77113799125398E-016 ) );
#3665 = SURFACE_STYLE_FILL_AREA( #5213 );
#3666 = ORIENTED_EDGE( '', *, *, #5214, .F. );
#3667 = ORIENTED_EDGE( '', *, *, #5215, .F. );
#3668 = ORIENTED_EDGE( '', *, *, #5216, .T. );
#3669 = ORIENTED_EDGE( '', *, *, #5217, .T. );
#3670 = CARTESIAN_POINT( '', ( 13.9999999999995, -2.75000000000000, -1.00000000000000 ) );
#3671 = DIRECTION( '', ( -0.948710608132914, -0.316145823973806, 0.000000000000000 ) );
#3672 = DIRECTION( '', ( 0.316145823973806, -0.948710608132914, 0.000000000000000 ) );
#3673 = SURFACE_STYLE_FILL_AREA( #5218 );
#3674 = ORIENTED_EDGE( '', *, *, #5084, .T. );
#3675 = ORIENTED_EDGE( '', *, *, #4942, .T. );
#3676 = ORIENTED_EDGE( '', *, *, #5219, .T. );
#3677 = ORIENTED_EDGE( '', *, *, #4575, .T. );
#3678 = ORIENTED_EDGE( '', *, *, #5220, .T. );
#3679 = ORIENTED_EDGE( '', *, *, #4760, .T. );
#3680 = ORIENTED_EDGE( '', *, *, #4665, .T. );
#3681 = ORIENTED_EDGE( '', *, *, #5196, .T. );
#3682 = ORIENTED_EDGE( '', *, *, #5146, .T. );
#3683 = ORIENTED_EDGE( '', *, *, #5221, .T. );
#3684 = ORIENTED_EDGE( '', *, *, #4902, .T. );
#3685 = ORIENTED_EDGE( '', *, *, #5187, .T. );
#3686 = ORIENTED_EDGE( '', *, *, #5222, .T. );
#3687 = ORIENTED_EDGE( '', *, *, #5223, .T. );
#3688 = ORIENTED_EDGE( '', *, *, #5001, .T. );
#3689 = ORIENTED_EDGE( '', *, *, #5224, .T. );
#3690 = ORIENTED_EDGE( '', *, *, #5225, .T. );
#3691 = ORIENTED_EDGE( '', *, *, #4960, .T. );
#3692 = ORIENTED_EDGE( '', *, *, #4793, .T. );
#3693 = ORIENTED_EDGE( '', *, *, #4745, .T. );
#3694 = ORIENTED_EDGE( '', *, *, #5226, .T. );
#3695 = ORIENTED_EDGE( '', *, *, #4598, .T. );
#3696 = ORIENTED_EDGE( '', *, *, #4596, .T. );
#3697 = ORIENTED_EDGE( '', *, *, #5227, .T. );
#3698 = ORIENTED_EDGE( '', *, *, #5210, .T. );
#3699 = ORIENTED_EDGE( '', *, *, #4555, .T. );
#3700 = ORIENTED_EDGE( '', *, *, #5033, .T. );
#3701 = ORIENTED_EDGE( '', *, *, #5228, .T. );
#3702 = ORIENTED_EDGE( '', *, *, #4701, .T. );
#3703 = ORIENTED_EDGE( '', *, *, #5092, .T. );
#3704 = ORIENTED_EDGE( '', *, *, #4776, .T. );
#3705 = ORIENTED_EDGE( '', *, *, #4828, .T. );
#3706 = ORIENTED_EDGE( '', *, *, #5229, .T. );
#3707 = ORIENTED_EDGE( '', *, *, #4982, .T. );
#3708 = ORIENTED_EDGE( '', *, *, #5230, .T. );
#3709 = ORIENTED_EDGE( '', *, *, #4872, .T. );
#3710 = ORIENTED_EDGE( '', *, *, #4927, .T. );
#3711 = ORIENTED_EDGE( '', *, *, #5231, .T. );
#3712 = ORIENTED_EDGE( '', *, *, #4840, .T. );
#3713 = ORIENTED_EDGE( '', *, *, #4730, .T. );
#3714 = ORIENTED_EDGE( '', *, *, #5232, .T. );
#3715 = ORIENTED_EDGE( '', *, *, #4948, .T. );
#3716 = ORIENTED_EDGE( '', *, *, #5233, .T. );
#3717 = ORIENTED_EDGE( '', *, *, #4815, .T. );
#3718 = ORIENTED_EDGE( '', *, *, #5047, .T. );
#3719 = ORIENTED_EDGE( '', *, *, #5234, .T. );
#3720 = ORIENTED_EDGE( '', *, *, #5235, .T. );
#3721 = ORIENTED_EDGE( '', *, *, #4853, .T. );
#3722 = ORIENTED_EDGE( '', *, *, #4996, .T. );
#3723 = CARTESIAN_POINT( '', ( 0.000000000000000, 4.25000000000000, 0.000000000000000 ) );
#3724 = DIRECTION( '', ( 0.000000000000000, 1.00000000000000, 0.000000000000000 ) );
#3725 = DIRECTION( '', ( 0.000000000000000, 0.000000000000000, 1.00000000000000 ) );
#3726 = SURFACE_STYLE_FILL_AREA( #5236 );
#3727 = ORIENTED_EDGE( '', *, *, #5237, .F. );
#3728 = ORIENTED_EDGE( '', *, *, #5238, .F. );
#3729 = ORIENTED_EDGE( '', *, *, #5239, .T. );
#3730 = ORIENTED_EDGE( '', *, *, #4796, .T. );
#3731 = CARTESIAN_POINT( '', ( -14.0000000000000, -2.75000000000000, -1.00000000000000 ) );
#3732 = DIRECTION( '', ( 0.948710608132914, -0.316145823973806, 0.000000000000000 ) );
#3733 = DIRECTION( '', ( 0.316145823973806, 0.948710608132914, 0.000000000000000 ) );
#3734 = SURFACE_STYLE_FILL_AREA( #5240 );
#3735 = ORIENTED_EDGE( '', *, *, #4629, .F. );
#3736 = ORIENTED_EDGE( '', *, *, #4675, .F. );
#3737 = ORIENTED_EDGE( '', *, *, #5241, .T. );
#3738 = ORIENTED_EDGE( '', *, *, #5054, .T. );
#3739 = CARTESIAN_POINT( '', ( -12.5000000000000, 0.000000000000000, 6.79000000000000 ) );
#3740 = DIRECTION( '', ( -3.77113799125398E-016, -0.000000000000000, -1.00000000000000 ) );
#3741 = DIRECTION( '', ( 1.00000000000000, 0.000000000000000, -3.77113799125398E-016 ) );
#3742 = SURFACE_STYLE_FILL_AREA( #5242 );
#3743 = ORIENTED_EDGE( '', *, *, #5243, .F. );
#3744 = ORIENTED_EDGE( '', *, *, #5010, .F. );
#3745 = ORIENTED_EDGE( '', *, *, #5244, .T. );
#3746 = ORIENTED_EDGE( '', *, *, #4890, .T. );
#3747 = CARTESIAN_POINT( '', ( -9.00000000000011, -2.75000000000000, -1.00000000000000 ) );
#3748 = DIRECTION( '', ( 0.948710608132914, -0.316145823973806, 0.000000000000000 ) );
#3749 = DIRECTION( '', ( 0.316145823973806, 0.948710608132914, 0.000000000000000 ) );
#3750 = SURFACE_STYLE_FILL_AREA( #5245 );
#3751 = ORIENTED_EDGE( '', *, *, #4626, .T. );
#3752 = ORIENTED_EDGE( '', *, *, #4726, .T. );
#3753 = ORIENTED_EDGE( '', *, *, #4569, .F. );
#3754 = ORIENTED_EDGE( '', *, *, #4746, .F. );
#3755 = CARTESIAN_POINT( '', ( 6.99999999999956, 0.350000000000000, 30.9669218061146 ) );
#3756 = DIRECTION( '', ( 1.00000000000000, 0.000000000000000, 0.000000000000000 ) );
#3757 = DIRECTION( '', ( 0.000000000000000, 0.000000000000000, -1.00000000000000 ) );
#3758 = SURFACE_STYLE_FILL_AREA( #5246 );
#3759 = ORIENTED_EDGE( '', *, *, #5179, .F. );
#3760 = ORIENTED_EDGE( '', *, *, #5247, .F. );
#3761 = ORIENTED_EDGE( '', *, *, #4891, .F. );
#3762 = ORIENTED_EDGE( '', *, *, #5244, .F. );
#3763 = ORIENTED_EDGE( '', *, *, #5009, .F. );
#3764 = ORIENTED_EDGE( '', *, *, #4945, .F. );
#3765 = ORIENTED_EDGE( '', *, *, #4893, .F. );
#3766 = ORIENTED_EDGE( '', *, *, #4976, .F. );
#3767 = CARTESIAN_POINT( '', ( 0.000000000000000, -2.75000000000000, 0.000000000000000 ) );
#3768 = DIRECTION( '', ( 0.000000000000000, 1.00000000000000, 0.000000000000000 ) );
#3769 = DIRECTION( '', ( 0.000000000000000, 0.000000000000000, 1.00000000000000 ) );
#3770 = SURFACE_STYLE_FILL_AREA( #5248 );
#3771 = ORIENTED_EDGE( '', *, *, #5249, .T. );
#3772 = ORIENTED_EDGE( '', *, *, #5149, .T. );
#3773 = ORIENTED_EDGE( '', *, *, #4680, .T. );
#3774 = ORIENTED_EDGE( '', *, *, #4637, .T. );
#3775 = CARTESIAN_POINT( '', ( 0.000000000000000, 3.45000000000000, 0.000000000000000 ) );
#3776 = DIRECTION( '', ( 0.000000000000000, -1.00000000000000, 0.000000000000000 ) );
#3777 = DIRECTION( '', ( 0.000000000000000, 0.000000000000000, -1.00000000000000 ) );
#3778 = SURFACE_STYLE_FILL_AREA( #5250 );
#3779 = ORIENTED_EDGE( '', *, *, #4660, .T. );
#3780 = ORIENTED_EDGE( '', *, *, #4885, .T. );
#3781 = ORIENTED_EDGE( '', *, *, #5251, .F. );
#3782 = ORIENTED_EDGE( '', *, *, #5252, .F. );
#3783 = ORIENTED_EDGE( '', *, *, #5253, .T. );
#3784 = ORIENTED_EDGE( '', *, *, #4604, .T. );
#3785 = CARTESIAN_POINT( '', ( -3.00000000000022, -0.350000000000000, 30.9669218061146 ) );
#3786 = DIRECTION( '', ( 0.000000000000000, 1.00000000000000, 0.000000000000000 ) );
#3787 = DIRECTION( '', ( 0.000000000000000, 0.000000000000000, 1.00000000000000 ) );
#3788 = SURFACE_STYLE_FILL_AREA( #5254 );
#3789 = ORIENTED_EDGE( '', *, *, #5153, .T. );
#3790 = ORIENTED_EDGE( '', *, *, #4605, .T. );
#3791 = ORIENTED_EDGE( '', *, *, #5253, .F. );
#3792 = ORIENTED_EDGE( '', *, *, #5255, .F. );
#3793 = CARTESIAN_POINT( '', ( -3.00000000000022, 0.350000000000000, 30.9669218061146 ) );
#3794 = DIRECTION( '', ( 1.00000000000000, 0.000000000000000, 0.000000000000000 ) );
#3795 = DIRECTION( '', ( 0.000000000000000, 0.000000000000000, -1.00000000000000 ) );
#3796 = SURFACE_STYLE_FILL_AREA( #5256 );
#3797 = ORIENTED_EDGE( '', *, *, #5257, .F. );
#3798 = ORIENTED_EDGE( '', *, *, #5114, .F. );
#3799 = ORIENTED_EDGE( '', *, *, #5258, .T. );
#3800 = ORIENTED_EDGE( '', *, *, #5238, .T. );
#3801 = CARTESIAN_POINT( '', ( 1.00288700954909E-015, -2.75000000000000, -2.50000000000000 ) );
#3802 = DIRECTION( '', ( 0.000000000000000, -0.316145823973806, 0.948710608132914 ) );
#3803 = DIRECTION( '', ( 0.000000000000000, -0.948710608132914, -0.316145823973806 ) );
#3804 = SURFACE_STYLE_FILL_AREA( #5259 );
#3805 = ORIENTED_EDGE( '', *, *, #4609, .T. );
#3806 = ORIENTED_EDGE( '', *, *, #4735, .T. );
#3807 = ORIENTED_EDGE( '', *, *, #4784, .T. );
#3808 = ORIENTED_EDGE( '', *, *, #4588, .T. );
#3809 = ORIENTED_EDGE( '', *, *, #5260, .F. );
#3810 = ORIENTED_EDGE( '', *, *, #4873, .F. );
#3811 = CARTESIAN_POINT( '', ( -12.0000000000000, 0.350000000000000, 28.7487887721775 ) );
#3812 = DIRECTION( '', ( 0.000000000000000, -1.00000000000000, 0.000000000000000 ) );
#3813 = DIRECTION( '', ( 0.000000000000000, 0.000000000000000, -1.00000000000000 ) );
#3814 = SURFACE_STYLE_FILL_AREA( #5261 );
#3815 = ORIENTED_EDGE( '', *, *, #4729, .T. );
#3816 = ORIENTED_EDGE( '', *, *, #5262, .F. );
#3817 = ORIENTED_EDGE( '', *, *, #4949, .F. );
#3818 = ORIENTED_EDGE( '', *, *, #5232, .F. );
#3819 = CARTESIAN_POINT( '', ( -15.0000000000000, 30.7559039593413, -3.00000000000000 ) );
#3820 = DIRECTION( '', ( -0.996212107599096, 0.000000000000000, -0.0869565217391324 ) );
#3821 = DIRECTION( '', ( -0.0869565217391324, 0.000000000000000, 0.996212107599096 ) );
#3822 = SURFACE_STYLE_FILL_AREA( #5263 );
#3823 = ORIENTED_EDGE( '', *, *, #5108, .F. );
#3824 = ORIENTED_EDGE( '', *, *, #5037, .T. );
#3825 = ORIENTED_EDGE( '', *, *, #5168, .T. );
#3826 = ORIENTED_EDGE( '', *, *, #5190, .F. );
#3827 = ORIENTED_EDGE( '', *, *, #5264, .T. );
#3828 = ORIENTED_EDGE( '', *, *, #5128, .T. );
#3829 = CARTESIAN_POINT( '', ( -10.3633821405597, 4.25000000000000, 7.25000000000000 ) );
#3830 = DIRECTION( '', ( -0.939692620785907, 0.000000000000000, -0.342020143325672 ) );
#3831 = DIRECTION( '', ( -0.342020143325672, 0.000000000000000, 0.939692620785907 ) );
#3832 = SURFACE_STYLE_FILL_AREA( #5265 );
#3833 = ORIENTED_EDGE( '', *, *, #5266, .F. );
#3834 = ORIENTED_EDGE( '', *, *, #5004, .F. );
#3835 = ORIENTED_EDGE( '', *, *, #5267, .T. );
#3836 = ORIENTED_EDGE( '', *, *, #5099, .T. );
#3837 = CARTESIAN_POINT( '', ( 2.49999999999967, 0.000000000000000, 6.79000000000000 ) );
#3838 = DIRECTION( '', ( -3.77113799125398E-016, -0.000000000000000, -1.00000000000000 ) );
#3839 = DIRECTION( '', ( 1.00000000000000, 0.000000000000000, -3.77113799125398E-016 ) );
#3840 = SURFACE_STYLE_FILL_AREA( #5268 );
#3841 = ORIENTED_EDGE( '', *, *, #5139, .F. );
#3842 = ORIENTED_EDGE( '', *, *, #5269, .T. );
#3843 = CARTESIAN_POINT( '', ( 2.49999999999968, 0.000000000000000, 9.25000000000000 ) );
#3844 = DIRECTION( '', ( -2.02975402025241E-016, 0.000000000000000, -1.00000000000000 ) );
#3845 = DIRECTION( '', ( -1.00000000000000, 0.000000000000000, 2.02975402025241E-016 ) );
#3846 = SURFACE_STYLE_FILL_AREA( #5270 );
#3847 = ORIENTED_EDGE( '', *, *, #5271, .T. );
#3848 = ORIENTED_EDGE( '', *, *, #4860, .F. );
#3849 = ORIENTED_EDGE( '', *, *, #4716, .F. );
#3850 = ORIENTED_EDGE( '', *, *, #5272, .T. );
#3851 = CARTESIAN_POINT( '', ( -3.90000000000021, 3.45000000000000, 0.499999999999991 ) );
#3852 = DIRECTION( '', ( -1.00000000000000, 0.000000000000000, 0.000000000000000 ) );
#3853 = DIRECTION( '', ( 0.000000000000000, 0.000000000000000, 1.00000000000000 ) );
#3854 = SURFACE_STYLE_FILL_AREA( #5273 );
#3855 = ORIENTED_EDGE( '', *, *, #5260, .T. );
#3856 = ORIENTED_EDGE( '', *, *, #4591, .T. );
#3857 = ORIENTED_EDGE( '', *, *, #5274, .F. );
#3858 = ORIENTED_EDGE( '', *, *, #4874, .F. );
#3859 = CARTESIAN_POINT( '', ( -13.0000000000000, 0.350000000000000, 28.7487887721775 ) );
#3860 = DIRECTION( '', ( 1.00000000000000, 0.000000000000000, 0.000000000000000 ) );
#3861 = DIRECTION( '', ( 0.000000000000000, 0.000000000000000, -1.00000000000000 ) );
#3862 = SURFACE_STYLE_FILL_AREA( #5275 );
#3863 = ORIENTED_EDGE( '', *, *, #4548, .F. );
#3864 = ORIENTED_EDGE( '', *, *, #4837, .T. );
#3865 = CARTESIAN_POINT( '', ( 12.4999999999994, 0.000000000000000, 9.25000000000000 ) );
#3866 = DIRECTION( '', ( -2.02975402025241E-016, 0.000000000000000, -1.00000000000000 ) );
#3867 = DIRECTION( '', ( -1.00000000000000, 0.000000000000000, 2.02975402025241E-016 ) );
#3868 = SURFACE_STYLE_FILL_AREA( #5276 );
#3869 = ORIENTED_EDGE( '', *, *, #4567, .T. );
#3870 = ORIENTED_EDGE( '', *, *, #4765, .T. );
#3871 = ORIENTED_EDGE( '', *, *, #4622, .F. );
#3872 = ORIENTED_EDGE( '', *, *, #4747, .F. );
#3873 = CARTESIAN_POINT( '', ( 7.99999999999956, -0.350000000000000, 30.9669218061146 ) );
#3874 = DIRECTION( '', ( -1.00000000000000, 0.000000000000000, 0.000000000000000 ) );
#3875 = DIRECTION( '', ( 0.000000000000000, 0.000000000000000, 1.00000000000000 ) );
#3876 = SURFACE_STYLE_FILL_AREA( #5277 );
#3877 = ORIENTED_EDGE( '', *, *, #4858, .F. );
#3878 = ORIENTED_EDGE( '', *, *, #5271, .F. );
#3879 = ORIENTED_EDGE( '', *, *, #5071, .F. );
#3880 = ORIENTED_EDGE( '', *, *, #4812, .F. );
#3881 = ORIENTED_EDGE( '', *, *, #5177, .F. );
#3882 = ORIENTED_EDGE( '', *, *, #5193, .F. );
#3883 = ORIENTED_EDGE( '', *, *, #5073, .F. );
#3884 = ORIENTED_EDGE( '', *, *, #5278, .F. );
#3885 = CARTESIAN_POINT( '', ( 0.000000000000000, -2.75000000000000, 0.000000000000000 ) );
#3886 = DIRECTION( '', ( 0.000000000000000, 1.00000000000000, 0.000000000000000 ) );
#3887 = DIRECTION( '', ( 0.000000000000000, 0.000000000000000, 1.00000000000000 ) );
#3888 = SURFACE_STYLE_FILL_AREA( #5279 );
#3889 = ORIENTED_EDGE( '', *, *, #4827, .T. );
#3890 = ORIENTED_EDGE( '', *, *, #5280, .F. );
#3891 = ORIENTED_EDGE( '', *, *, #4983, .F. );
#3892 = ORIENTED_EDGE( '', *, *, #5229, .F. );
#3893 = CARTESIAN_POINT( '', ( -9.30000000000010, 32.7669218061146, -6.20000000000000 ) );
#3894 = DIRECTION( '', ( 0.695421427516052, 0.000000000000000, -0.718602141766595 ) );
#3895 = DIRECTION( '', ( -0.718602141766595, 0.000000000000000, -0.695421427516052 ) );
#3896 = SURFACE_STYLE_FILL_AREA( #5281 );
#3897 = ORIENTED_EDGE( '', *, *, #5212, .F. );
#3898 = ORIENTED_EDGE( '', *, *, #5055, .F. );
#3899 = ORIENTED_EDGE( '', *, *, #5241, .F. );
#3900 = ORIENTED_EDGE( '', *, *, #4674, .F. );
#3901 = CARTESIAN_POINT( '', ( -12.5000000000000, 0.000000000000000, 6.79000000000000 ) );
#3902 = DIRECTION( '', ( -4.68844182696444E-016, 0.000000000000000, -1.00000000000000 ) );
#3903 = DIRECTION( '', ( -1.00000000000000, 0.000000000000000, 4.68844182696444E-016 ) );
#3904 = SURFACE_STYLE_FILL_AREA( #5282 );
#3905 = ORIENTED_EDGE( '', *, *, #4574, .T. );
#3906 = ORIENTED_EDGE( '', *, *, #5283, .F. );
#3907 = ORIENTED_EDGE( '', *, *, #4758, .F. );
#3908 = ORIENTED_EDGE( '', *, *, #5220, .F. );
#3909 = CARTESIAN_POINT( '', ( 0.000000000000000, 30.5487887721775, -3.00000000000000 ) );
#3910 = DIRECTION( '', ( 0.996212107599096, 0.000000000000000, -0.0869565217391324 ) );
#3911 = DIRECTION( '', ( -0.0869565217391324, 0.000000000000000, -0.996212107599096 ) );
#3912 = SURFACE_STYLE_FILL_AREA( #5284 );
#3913 = ORIENTED_EDGE( '', *, *, #5285, .T. );
#3914 = ORIENTED_EDGE( '', *, *, #5286, .F. );
#3915 = ORIENTED_EDGE( '', *, *, #4961, .F. );
#3916 = ORIENTED_EDGE( '', *, *, #5225, .F. );
#3917 = CARTESIAN_POINT( '', ( 10.6999999999995, 32.7669218061146, -6.20000000000000 ) );
#3918 = DIRECTION( '', ( 0.695421427516052, 0.000000000000000, -0.718602141766595 ) );
#3919 = DIRECTION( '', ( -0.718602141766595, 0.000000000000000, -0.695421427516052 ) );
#3920 = SURFACE_STYLE_FILL_AREA( #5287 );
#3921 = ORIENTED_EDGE( '', *, *, #5288, .F. );
#3922 = ORIENTED_EDGE( '', *, *, #4907, .F. );
#3923 = ORIENTED_EDGE( '', *, *, #5289, .T. );
#3924 = ORIENTED_EDGE( '', *, *, #4918, .F. );
#3925 = ORIENTED_EDGE( '', *, *, #5290, .T. );
#3926 = ORIENTED_EDGE( '', *, *, #5215, .T. );
#3927 = CARTESIAN_POINT( '', ( 24.9999999999994, -2.75000000000000, 0.499999999999990 ) );
#3928 = DIRECTION( '', ( -3.42864700799250E-017, -0.316145823973806, -0.948710608132914 ) );
#3929 = DIRECTION( '', ( 0.000000000000000, 0.948710608132914, -0.316145823973806 ) );
#3930 = SURFACE_STYLE_FILL_AREA( #5291 );
#3931 = ORIENTED_EDGE( '', *, *, #5005, .T. );
#3932 = ORIENTED_EDGE( '', *, *, #5292, .F. );
#3933 = CARTESIAN_POINT( '', ( 2.49999999999967, 0.000000000000000, 7.70000000000000 ) );
#3934 = DIRECTION( '', ( -3.77113799125398E-016, 0.000000000000000, -1.00000000000000 ) );
#3935 = DIRECTION( '', ( -1.00000000000000, 0.000000000000000, 3.77113799125398E-016 ) );
#3936 = SURFACE_STYLE_FILL_AREA( #5293 );
#3937 = ORIENTED_EDGE( '', *, *, #5278, .T. );
#3938 = ORIENTED_EDGE( '', *, *, #5294, .F. );
#3939 = ORIENTED_EDGE( '', *, *, #4718, .F. );
#3940 = ORIENTED_EDGE( '', *, *, #4859, .T. );
#3941 = CARTESIAN_POINT( '', ( -1.10000000000022, 3.45000000000000, -2.10000000000000 ) );
#3942 = DIRECTION( '', ( 1.00000000000000, 0.000000000000000, 0.000000000000000 ) );
#3943 = DIRECTION( '', ( 0.000000000000000, 0.000000000000000, -1.00000000000000 ) );
#3944 = SURFACE_STYLE_FILL_AREA( #5295 );
#3945 = ORIENTED_EDGE( '', *, *, #4985, .F. );
#3946 = ORIENTED_EDGE( '', *, *, #5296, .F. );
#3947 = ORIENTED_EDGE( '', *, *, #4869, .F. );
#3948 = ORIENTED_EDGE( '', *, *, #5230, .F. );
#3949 = CARTESIAN_POINT( '', ( -10.8550000000000, 30.5487887721775, -6.05000000000000 ) );
#3950 = DIRECTION( '', ( -0.695421427516052, 0.000000000000000, -0.718602141766595 ) );
#3951 = DIRECTION( '', ( -0.718602141766595, 0.000000000000000, 0.695421427516052 ) );
#3952 = SURFACE_STYLE_FILL_AREA( #5297 );
#3953 = ORIENTED_EDGE( '', *, *, #4744, .T. );
#3954 = ORIENTED_EDGE( '', *, *, #5298, .F. );
#3955 = ORIENTED_EDGE( '', *, *, #4599, .F. );
#3956 = ORIENTED_EDGE( '', *, *, #5226, .F. );
#3957 = CARTESIAN_POINT( '', ( 5.69999999999957, 32.7669218061146, -6.20000000000000 ) );
#3958 = DIRECTION( '', ( 0.695421427516052, 0.000000000000000, -0.718602141766595 ) );
#3959 = DIRECTION( '', ( -0.718602141766595, 0.000000000000000, -0.695421427516052 ) );
#3960 = SURFACE_STYLE_FILL_AREA( #5299 );
#3961 = ORIENTED_EDGE( '', *, *, #5300, .T. );
#3962 = ORIENTED_EDGE( '', *, *, #4704, .T. );
#3963 = ORIENTED_EDGE( '', *, *, #5035, .F. );
#3964 = ORIENTED_EDGE( '', *, *, #5301, .F. );
#3965 = CARTESIAN_POINT( '', ( 12.8999999999995, 1.80623918681885, 6.79000000000000 ) );
#3966 = DIRECTION( '', ( -1.00000000000000, 0.000000000000000, 3.77113799125398E-016 ) );
#3967 = DIRECTION( '', ( 3.77113799125398E-016, 0.000000000000000, 1.00000000000000 ) );
#3968 = SURFACE_STYLE_FILL_AREA( #5302 );
#3969 = ORIENTED_EDGE( '', *, *, #5303, .F. );
#3970 = ORIENTED_EDGE( '', *, *, #5304, .T. );
#3971 = ORIENTED_EDGE( '', *, *, #4648, .T. );
#3972 = ORIENTED_EDGE( '', *, *, #5163, .T. );
#3973 = CARTESIAN_POINT( '', ( -0.145000000000221, 4.25000000000000, 6.65000000000000 ) );
#3974 = DIRECTION( '', ( 0.000000000000000, 0.000000000000000, -1.00000000000000 ) );
#3975 = DIRECTION( '', ( -1.00000000000000, 0.000000000000000, 0.000000000000000 ) );
#3976 = SURFACE_STYLE_FILL_AREA( #5305 );
#3977 = ORIENTED_EDGE( '', *, *, #5000, .T. );
#3978 = ORIENTED_EDGE( '', *, *, #5306, .F. );
#3979 = ORIENTED_EDGE( '', *, *, #5307, .F. );
#3980 = ORIENTED_EDGE( '', *, *, #5222, .F. );
#3981 = CARTESIAN_POINT( '', ( 5.00000000000000, 30.5487887721775, -3.00000000000000 ) );
#3982 = DIRECTION( '', ( -0.996212107599096, 0.000000000000000, -0.0869565217391324 ) );
#3983 = DIRECTION( '', ( -0.0869565217391324, 0.000000000000000, 0.996212107599096 ) );
#3984 = SURFACE_STYLE_FILL_AREA( #5308 );
#3985 = ORIENTED_EDGE( '', *, *, #5202, .F. );
#3986 = ORIENTED_EDGE( '', *, *, #4618, .F. );
#3987 = ORIENTED_EDGE( '', *, *, #4768, .F. );
#3988 = ORIENTED_EDGE( '', *, *, #5132, .F. );
#3989 = CARTESIAN_POINT( '', ( 12.9999999999994, -0.350000000000000, -9.90000000000000 ) );
#3990 = DIRECTION( '', ( -0.967230965379434, 0.000000000000000, 0.253898128412102 ) );
#3991 = DIRECTION( '', ( 0.000000000000000, 1.00000000000000, 0.000000000000000 ) );
#3992 = SURFACE_STYLE_FILL_AREA( #5309 );
#3993 = ORIENTED_EDGE( '', *, *, #5251, .T. );
#3994 = ORIENTED_EDGE( '', *, *, #4887, .T. );
#3995 = ORIENTED_EDGE( '', *, *, #5152, .F. );
#3996 = ORIENTED_EDGE( '', *, *, #5310, .F. );
#3997 = CARTESIAN_POINT( '', ( -2.00000000000021, -0.350000000000000, 30.9669218061146 ) );
#3998 = DIRECTION( '', ( -1.00000000000000, 0.000000000000000, 0.000000000000000 ) );
#3999 = DIRECTION( '', ( 0.000000000000000, 0.000000000000000, 1.00000000000000 ) );
#4000 = SURFACE_STYLE_FILL_AREA( #5311 );
#4001 = ORIENTED_EDGE( '', *, *, #5312, .F. );
#4002 = ORIENTED_EDGE( '', *, *, #4643, .F. );
#4003 = ORIENTED_EDGE( '', *, *, #4780, .T. );
#4004 = ORIENTED_EDGE( '', *, *, #5313, .T. );
#4005 = CARTESIAN_POINT( '', ( 0.999999999999671, -2.75000000000000, -1.00000000000000 ) );
#4006 = DIRECTION( '', ( 0.948710608132914, -0.316145823973806, 0.000000000000000 ) );
#4007 = DIRECTION( '', ( 0.316145823973806, 0.948710608132914, 0.000000000000000 ) );
#4008 = SURFACE_STYLE_FILL_AREA( #5314 );
#4009 = ORIENTED_EDGE( '', *, *, #5315, .T. );
#4010 = ORIENTED_EDGE( '', *, *, #5316, .T. );
#4011 = ORIENTED_EDGE( '', *, *, #5317, .F. );
#4012 = ORIENTED_EDGE( '', *, *, #4832, .F. );
#4013 = CARTESIAN_POINT( '', ( -7.00000000000011, -0.350000000000000, 30.9669218061146 ) );
#4014 = DIRECTION( '', ( -1.00000000000000, 0.000000000000000, 0.000000000000000 ) );
#4015 = DIRECTION( '', ( 0.000000000000000, 0.000000000000000, 1.00000000000000 ) );
#4016 = SURFACE_STYLE_FILL_AREA( #5318 );
#4017 = ORIENTED_EDGE( '', *, *, #5186, .T. );
#4018 = ORIENTED_EDGE( '', *, *, #5319, .F. );
#4019 = ORIENTED_EDGE( '', *, *, #4899, .F. );
#4020 = ORIENTED_EDGE( '', *, *, #5221, .F. );
#4021 = CARTESIAN_POINT( '', ( -5.00000000000000, 30.5487887721775, -3.00000000000000 ) );
#4022 = DIRECTION( '', ( -0.996212107599096, 0.000000000000000, -0.0869565217391324 ) );
#4023 = DIRECTION( '', ( -0.0869565217391324, 0.000000000000000, 0.996212107599096 ) );
#4024 = SURFACE_STYLE_FILL_AREA( #5320 );
#4025 = ORIENTED_EDGE( '', *, *, #5321, .T. );
#4026 = ORIENTED_EDGE( '', *, *, #5138, .T. );
#4027 = ORIENTED_EDGE( '', *, *, #5322, .F. );
#4028 = ORIENTED_EDGE( '', *, *, #5323, .T. );
#4029 = CARTESIAN_POINT( '', ( 0.363382140559410, 4.25000000000000, 7.25000000000000 ) );
#4030 = DIRECTION( '', ( 2.02975402025243E-016, 0.000000000000000, -1.00000000000000 ) );
#4031 = DIRECTION( '', ( -1.00000000000000, 0.000000000000000, -2.02975402025243E-016 ) );
#4032 = SURFACE_STYLE_FILL_AREA( #5324 );
#4033 = ORIENTED_EDGE( '', *, *, #5317, .T. );
#4034 = ORIENTED_EDGE( '', *, *, #5325, .T. );
#4035 = ORIENTED_EDGE( '', *, *, #4913, .T. );
#4036 = ORIENTED_EDGE( '', *, *, #5205, .T. );
#4037 = ORIENTED_EDGE( '', *, *, #5012, .F. );
#4038 = ORIENTED_EDGE( '', *, *, #4829, .F. );
#4039 = CARTESIAN_POINT( '', ( -7.00000000000011, 0.350000000000000, 30.9669218061146 ) );
#4040 = DIRECTION( '', ( 0.000000000000000, -1.00000000000000, 0.000000000000000 ) );
#4041 = DIRECTION( '', ( 0.000000000000000, 0.000000000000000, -1.00000000000000 ) );
#4042 = SURFACE_STYLE_FILL_AREA( #5326 );
#4043 = ORIENTED_EDGE( '', *, *, #5137, .F. );
#4044 = ORIENTED_EDGE( '', *, *, #5026, .T. );
#4045 = ORIENTED_EDGE( '', *, *, #5161, .T. );
#4046 = ORIENTED_EDGE( '', *, *, #5023, .F. );
#4047 = ORIENTED_EDGE( '', *, *, #5327, .T. );
#4048 = ORIENTED_EDGE( '', *, *, #5322, .T. );
#4049 = CARTESIAN_POINT( '', ( 4.63661785943994, 4.25000000000000, 7.25000000000000 ) );
#4050 = DIRECTION( '', ( -0.939692620785907, 0.000000000000000, -0.342020143325672 ) );
#4051 = DIRECTION( '', ( -0.342020143325672, 0.000000000000000, 0.939692620785907 ) );
#4052 = SURFACE_STYLE_FILL_AREA( #5328 );
#4053 = ORIENTED_EDGE( '', *, *, #5231, .F. );
#4054 = ORIENTED_EDGE( '', *, *, #4926, .T. );
#4055 = ORIENTED_EDGE( '', *, *, #5329, .T. );
#4056 = ORIENTED_EDGE( '', *, *, #4841, .T. );
#4057 = CARTESIAN_POINT( '', ( 15.0000000000000, -4.25000000000000, -6.20000000000000 ) );
#4058 = DIRECTION( '', ( 1.15648231731787E-016, 0.000000000000000, -1.00000000000000 ) );
#4059 = DIRECTION( '', ( -1.00000000000000, 0.000000000000000, -1.15648231731787E-016 ) );
#4060 = SURFACE_STYLE_FILL_AREA( #5330 );
#4061 = ORIENTED_EDGE( '', *, *, #5088, .T. );
#4062 = ORIENTED_EDGE( '', *, *, #5057, .F. );
#4063 = ORIENTED_EDGE( '', *, *, #4708, .T. );
#4064 = ORIENTED_EDGE( '', *, *, #4910, .F. );
#4065 = ORIENTED_EDGE( '', *, *, #4862, .T. );
#4066 = CARTESIAN_POINT( '', ( 7.49999999999956, 0.000000000000000, 6.80000000000000 ) );
#4067 = DIRECTION( '', ( -2.02975402025242E-016, -0.000000000000000, -1.00000000000000 ) );
#4068 = DIRECTION( '', ( 1.00000000000000, 0.000000000000000, -2.02975402025242E-016 ) );
#4069 = SURFACE_STYLE_FILL_AREA( #5331 );
#4070 = ORIENTED_EDGE( '', *, *, #4785, .T. );
#4071 = ORIENTED_EDGE( '', *, *, #4733, .T. );
#4072 = ORIENTED_EDGE( '', *, *, #4607, .F. );
#4073 = ORIENTED_EDGE( '', *, *, #4875, .F. );
#4074 = ORIENTED_EDGE( '', *, *, #5274, .T. );
#4075 = ORIENTED_EDGE( '', *, *, #4590, .T. );
#4076 = CARTESIAN_POINT( '', ( -13.0000000000000, -0.350000000000000, 28.7487887721775 ) );
#4077 = DIRECTION( '', ( 0.000000000000000, 1.00000000000000, 0.000000000000000 ) );
#4078 = DIRECTION( '', ( 0.000000000000000, 0.000000000000000, 1.00000000000000 ) );
#4079 = SURFACE_STYLE_FILL_AREA( #5332 );
#4080 = ORIENTED_EDGE( '', *, *, #4991, .F. );
#4081 = ORIENTED_EDGE( '', *, *, #5102, .F. );
#4082 = ORIENTED_EDGE( '', *, *, #4720, .T. );
#4083 = ORIENTED_EDGE( '', *, *, #5117, .T. );
#4084 = CARTESIAN_POINT( '', ( -7.50000000000011, 0.000000000000000, 6.79000000000000 ) );
#4085 = DIRECTION( '', ( -3.77113799125398E-016, -0.000000000000000, -1.00000000000000 ) );
#4086 = DIRECTION( '', ( 1.00000000000000, 0.000000000000000, -3.77113799125398E-016 ) );
#4087 = SURFACE_STYLE_FILL_AREA( #5333 );
#4088 = ORIENTED_EDGE( '', *, *, #4778, .T. );
#4089 = ORIENTED_EDGE( '', *, *, #4691, .F. );
#4090 = ORIENTED_EDGE( '', *, *, #4740, .F. );
#4091 = ORIENTED_EDGE( '', *, *, #4684, .T. );
#4092 = CARTESIAN_POINT( '', ( 1.09999999999967, 3.45000000000000, -2.10000000000000 ) );
#4093 = DIRECTION( '', ( 0.000000000000000, 0.000000000000000, -1.00000000000000 ) );
#4094 = DIRECTION( '', ( -1.00000000000000, 0.000000000000000, 0.000000000000000 ) );
#4095 = SURFACE_STYLE_FILL_AREA( #5334 );
#4096 = ORIENTED_EDGE( '', *, *, #5335, .F. );
#4097 = ORIENTED_EDGE( '', *, *, #5100, .F. );
#4098 = ORIENTED_EDGE( '', *, *, #5267, .F. );
#4099 = ORIENTED_EDGE( '', *, *, #5003, .F. );
#4100 = CARTESIAN_POINT( '', ( 2.49999999999967, 0.000000000000000, 6.79000000000000 ) );
#4101 = DIRECTION( '', ( -4.68844182696444E-016, 0.000000000000000, -1.00000000000000 ) );
#4102 = DIRECTION( '', ( -1.00000000000000, 0.000000000000000, 4.68844182696444E-016 ) );
#4103 = SURFACE_STYLE_FILL_AREA( #5336 );
#4104 = ORIENTED_EDGE( '', *, *, #5124, .T. );
#4105 = ORIENTED_EDGE( '', *, *, #5050, .F. );
#4106 = CARTESIAN_POINT( '', ( 7.49999999999956, 0.000000000000000, 7.70000000000000 ) );
#4107 = DIRECTION( '', ( -3.77113799125398E-016, 0.000000000000000, -1.00000000000000 ) );
#4108 = DIRECTION( '', ( -1.00000000000000, 0.000000000000000, 3.77113799125398E-016 ) );
#4109 = SURFACE_STYLE_FILL_AREA( #5337 );
#4110 = ORIENTED_EDGE( '', *, *, #4835, .F. );
#4111 = ORIENTED_EDGE( '', *, *, #4749, .F. );
#4112 = ORIENTED_EDGE( '', *, *, #5338, .T. );
#4113 = ORIENTED_EDGE( '', *, *, #5301, .T. );
#4114 = CARTESIAN_POINT( '', ( 12.4999999999994, 0.000000000000000, 6.79000000000000 ) );
#4115 = DIRECTION( '', ( -3.77113799125398E-016, -0.000000000000000, -1.00000000000000 ) );
#4116 = DIRECTION( '', ( 1.00000000000000, 0.000000000000000, -3.77113799125398E-016 ) );
#4117 = SURFACE_STYLE_FILL_AREA( #5339 );
#4118 = ORIENTED_EDGE( '', *, *, #5105, .T. );
#4119 = ORIENTED_EDGE( '', *, *, #5150, .F. );
#4120 = ORIENTED_EDGE( '', *, *, #5249, .F. );
#4121 = ORIENTED_EDGE( '', *, *, #4636, .T. );
#4122 = CARTESIAN_POINT( '', ( 8.89999999999956, 3.45000000000000, 0.500000000000000 ) );
#4123 = DIRECTION( '', ( 0.000000000000000, 0.000000000000000, 1.00000000000000 ) );
#4124 = DIRECTION( '', ( 1.00000000000000, 0.000000000000000, 0.000000000000000 ) );
#4125 = SURFACE_STYLE_FILL_AREA( #5340 );
#4126 = ORIENTED_EDGE( '', *, *, #5107, .F. );
#4127 = ORIENTED_EDGE( '', *, *, #5127, .F. );
#4128 = ORIENTED_EDGE( '', *, *, #5341, .T. );
#4129 = ORIENTED_EDGE( '', *, *, #5342, .T. );
#4130 = ORIENTED_EDGE( '', *, *, #5169, .T. );
#4131 = ORIENTED_EDGE( '', *, *, #5039, .F. );
#4132 = CARTESIAN_POINT( '', ( -14.8550000000000, 4.25000000000000, 6.65000000000000 ) );
#4133 = DIRECTION( '', ( 0.939692620785909, 0.000000000000000, -0.342020143325668 ) );
#4134 = DIRECTION( '', ( -0.342020143325667, 0.000000000000000, -0.939692620785909 ) );
#4135 = SURFACE_STYLE_FILL_AREA( #5343 );
#4136 = ORIENTED_EDGE( '', *, *, #5341, .F. );
#4137 = ORIENTED_EDGE( '', *, *, #5129, .F. );
#4138 = ORIENTED_EDGE( '', *, *, #5264, .F. );
#4139 = ORIENTED_EDGE( '', *, *, #5189, .F. );
#4140 = ORIENTED_EDGE( '', *, *, #4669, .F. );
#4141 = ORIENTED_EDGE( '', *, *, #4878, .F. );
#4142 = ORIENTED_EDGE( '', *, *, #5344, .F. );
#4143 = ORIENTED_EDGE( '', *, *, #5017, .F. );
#4144 = ORIENTED_EDGE( '', *, *, #5345, .F. );
#4145 = ORIENTED_EDGE( '', *, *, #4849, .F. );
#4146 = ORIENTED_EDGE( '', *, *, #4649, .F. );
#4147 = ORIENTED_EDGE( '', *, *, #5304, .F. );
#4148 = ORIENTED_EDGE( '', *, *, #5346, .F. );
#4149 = ORIENTED_EDGE( '', *, *, #5323, .F. );
#4150 = ORIENTED_EDGE( '', *, *, #5327, .F. );
#4151 = ORIENTED_EDGE( '', *, *, #5022, .F. );
#4152 = ORIENTED_EDGE( '', *, *, #5089, .F. );
#4153 = ORIENTED_EDGE( '', *, *, #4911, .F. );
#4154 = ORIENTED_EDGE( '', *, *, #4712, .F. );
#4155 = ORIENTED_EDGE( '', *, *, #4788, .F. );
#4156 = ORIENTED_EDGE( '', *, *, #4965, .F. );
#4157 = ORIENTED_EDGE( '', *, *, #5200, .F. );
#4158 = ORIENTED_EDGE( '', *, *, #4655, .F. );
#4159 = ORIENTED_EDGE( '', *, *, #5347, .F. );
#4160 = ORIENTED_EDGE( '', *, *, #4816, .F. );
#4161 = ORIENTED_EDGE( '', *, *, #5233, .F. );
#4162 = ORIENTED_EDGE( '', *, *, #4953, .F. );
#4163 = ORIENTED_EDGE( '', *, *, #5348, .F. );
#4164 = CARTESIAN_POINT( '', ( -1.26859626265778E-015, 3.25000000000000, 6.25000000000000 ) );
#4165 = DIRECTION( '', ( 1.00000000000000, -0.000000000000000, 2.02975402025243E-016 ) );
#4166 = DIRECTION( '', ( -2.02975402025243E-016, 0.000000000000000, 1.00000000000000 ) );
#4167 = SURFACE_STYLE_FILL_AREA( #5349 );
#4168 = ORIENTED_EDGE( '', *, *, #5065, .F. );
#4169 = ORIENTED_EDGE( '', *, *, #5183, .F. );
#4170 = ORIENTED_EDGE( '', *, *, #5350, .F. );
#4171 = ORIENTED_EDGE( '', *, *, #4881, .F. );
#4172 = CARTESIAN_POINT( '', ( 2.99999999999968, -0.350000000000000, -9.90000000000000 ) );
#4173 = DIRECTION( '', ( -0.967230965379434, 0.000000000000000, 0.253898128412102 ) );
#4174 = DIRECTION( '', ( 0.000000000000000, 1.00000000000000, 0.000000000000000 ) );
#4175 = SURFACE_STYLE_FILL_AREA( #5351 );
#4176 = ORIENTED_EDGE( '', *, *, #4936, .T. );
#4177 = ORIENTED_EDGE( '', *, *, #4971, .F. );
#4178 = ORIENTED_EDGE( '', *, *, #5352, .F. );
#4179 = ORIENTED_EDGE( '', *, *, #4551, .T. );
#4180 = CARTESIAN_POINT( '', ( -2.90000000000021, 1.80623918681884, 6.79000000000000 ) );
#4181 = DIRECTION( '', ( 1.00000000000000, 0.000000000000000, -3.77113799125398E-016 ) );
#4182 = DIRECTION( '', ( -3.77113799125398E-016, 0.000000000000000, -1.00000000000000 ) );
#4183 = SURFACE_STYLE_FILL_AREA( #5353 );
#4184 = ORIENTED_EDGE( '', *, *, #4753, .F. );
#4185 = ORIENTED_EDGE( '', *, *, #4848, .F. );
#4186 = ORIENTED_EDGE( '', *, *, #5345, .T. );
#4187 = ORIENTED_EDGE( '', *, *, #5016, .T. );
#4188 = ORIENTED_EDGE( '', *, *, #5164, .T. );
#4189 = ORIENTED_EDGE( '', *, *, #4973, .F. );
#4190 = CARTESIAN_POINT( '', ( -4.85500000000021, 4.25000000000000, 6.65000000000000 ) );
#4191 = DIRECTION( '', ( 0.939692620785909, 0.000000000000000, -0.342020143325668 ) );
#4192 = DIRECTION( '', ( -0.342020143325667, 0.000000000000000, -0.939692620785909 ) );
#4193 = SURFACE_STYLE_FILL_AREA( #5354 );
#4194 = ORIENTED_EDGE( '', *, *, #5355, .F. );
#4195 = ORIENTED_EDGE( '', *, *, #5217, .F. );
#4196 = ORIENTED_EDGE( '', *, *, #5356, .T. );
#4197 = ORIENTED_EDGE( '', *, *, #4905, .T. );
#4198 = CARTESIAN_POINT( '', ( 24.9999999999994, -2.75000000000000, -2.50000000000000 ) );
#4199 = DIRECTION( '', ( 0.000000000000000, -0.316145823973806, 0.948710608132914 ) );
#4200 = DIRECTION( '', ( 0.000000000000000, -0.948710608132914, -0.316145823973806 ) );
#4201 = SURFACE_STYLE_FILL_AREA( #5357 );
#4202 = ORIENTED_EDGE( '', *, *, #4803, .F. );
#4203 = ORIENTED_EDGE( '', *, *, #5358, .T. );
#4204 = ORIENTED_EDGE( '', *, *, #5165, .T. );
#4205 = ORIENTED_EDGE( '', *, *, #5018, .F. );
#4206 = ORIENTED_EDGE( '', *, *, #5344, .T. );
#4207 = ORIENTED_EDGE( '', *, *, #4877, .T. );
#4208 = CARTESIAN_POINT( '', ( -5.36338214055985, 4.25000000000000, 7.25000000000000 ) );
#4209 = DIRECTION( '', ( -0.939692620785907, 0.000000000000000, -0.342020143325672 ) );
#4210 = DIRECTION( '', ( -0.342020143325672, 0.000000000000000, 0.939692620785907 ) );
#4211 = SURFACE_STYLE_FILL_AREA( #5359 );
#4212 = ORIENTED_EDGE( '', *, *, #5110, .F. );
#4213 = ORIENTED_EDGE( '', *, *, #4633, .T. );
#4214 = CARTESIAN_POINT( '', ( -12.5000000000000, 0.000000000000000, 9.25000000000000 ) );
#4215 = DIRECTION( '', ( -2.02975402025241E-016, 0.000000000000000, -1.00000000000000 ) );
#4216 = DIRECTION( '', ( -1.00000000000000, 0.000000000000000, 2.02975402025241E-016 ) );
#4217 = SURFACE_STYLE_FILL_AREA( #5360 );
#4218 = ORIENTED_EDGE( '', *, *, #5361, .F. );
#4219 = ORIENTED_EDGE( '', *, *, #4914, .F. );
#4220 = ORIENTED_EDGE( '', *, *, #5325, .F. );
#4221 = ORIENTED_EDGE( '', *, *, #5316, .F. );
#4222 = CARTESIAN_POINT( '', ( -7.00000000000011, -0.350000000000000, -9.90000000000000 ) );
#4223 = DIRECTION( '', ( -0.967230965379434, 0.000000000000000, 0.253898128412102 ) );
#4224 = DIRECTION( '', ( 0.000000000000000, 1.00000000000000, 0.000000000000000 ) );
#4225 = SURFACE_STYLE_FILL_AREA( #5362 );
#4226 = ORIENTED_EDGE( '', *, *, #5172, .F. );
#4227 = ORIENTED_EDGE( '', *, *, #5363, .F. );
#4228 = ORIENTED_EDGE( '', *, *, #5289, .F. );
#4229 = ORIENTED_EDGE( '', *, *, #4906, .F. );
#4230 = ORIENTED_EDGE( '', *, *, #5356, .F. );
#4231 = ORIENTED_EDGE( '', *, *, #5216, .F. );
#4232 = ORIENTED_EDGE( '', *, *, #5290, .F. );
#4233 = ORIENTED_EDGE( '', *, *, #5042, .F. );
#4234 = CARTESIAN_POINT( '', ( 0.000000000000000, -2.75000000000000, 0.000000000000000 ) );
#4235 = DIRECTION( '', ( 0.000000000000000, 1.00000000000000, 0.000000000000000 ) );
#4236 = DIRECTION( '', ( 0.000000000000000, 0.000000000000000, 1.00000000000000 ) );
#4237 = SURFACE_STYLE_FILL_AREA( #5364 );
#4238 = ORIENTED_EDGE( '', *, *, #4577, .F. );
#4239 = ORIENTED_EDGE( '', *, *, #5365, .F. );
#4240 = ORIENTED_EDGE( '', *, *, #4552, .T. );
#4241 = ORIENTED_EDGE( '', *, *, #5352, .T. );
#4242 = CARTESIAN_POINT( '', ( -2.50000000000022, 0.000000000000000, 6.79000000000000 ) );
#4243 = DIRECTION( '', ( -3.77113799125398E-016, -0.000000000000000, -1.00000000000000 ) );
#4244 = DIRECTION( '', ( 1.00000000000000, 0.000000000000000, -3.77113799125398E-016 ) );
#4245 = SURFACE_STYLE_FILL_AREA( #5366 );
#4246 = ORIENTED_EDGE( '', *, *, #5363, .T. );
#4247 = ORIENTED_EDGE( '', *, *, #5173, .F. );
#4248 = ORIENTED_EDGE( '', *, *, #4844, .F. );
#4249 = ORIENTED_EDGE( '', *, *, #4919, .T. );
#4250 = CARTESIAN_POINT( '', ( 11.0999999999994, 3.45000000000000, 0.499999999999991 ) );
#4251 = DIRECTION( '', ( -1.00000000000000, 0.000000000000000, 0.000000000000000 ) );
#4252 = DIRECTION( '', ( 0.000000000000000, 0.000000000000000, 1.00000000000000 ) );
#4253 = SURFACE_STYLE_FILL_AREA( #5367 );
#4254 = ORIENTED_EDGE( '', *, *, #4882, .T. );
#4255 = ORIENTED_EDGE( '', *, *, #5350, .T. );
#4256 = ORIENTED_EDGE( '', *, *, #5182, .T. );
#4257 = ORIENTED_EDGE( '', *, *, #5119, .T. );
#4258 = ORIENTED_EDGE( '', *, *, #5156, .F. );
#4259 = ORIENTED_EDGE( '', *, *, #5368, .F. );
#4260 = CARTESIAN_POINT( '', ( 2.99999999999968, 0.350000000000000, 30.9669218061146 ) );
#4261 = DIRECTION( '', ( 0.000000000000000, -1.00000000000000, 0.000000000000000 ) );
#4262 = DIRECTION( '', ( 0.000000000000000, 0.000000000000000, -1.00000000000000 ) );
#4263 = SURFACE_STYLE_FILL_AREA( #5369 );
#4264 = ORIENTED_EDGE( '', *, *, #5286, .T. );
#4265 = ORIENTED_EDGE( '', *, *, #5370, .T. );
#4266 = ORIENTED_EDGE( '', *, *, #4994, .T. );
#4267 = ORIENTED_EDGE( '', *, *, #4851, .F. );
#4268 = ORIENTED_EDGE( '', *, *, #5371, .F. );
#4269 = ORIENTED_EDGE( '', *, *, #5372, .T. );
#4270 = ORIENTED_EDGE( '', *, *, #5045, .T. );
#4271 = ORIENTED_EDGE( '', *, *, #4819, .F. );
#4272 = ORIENTED_EDGE( '', *, *, #5159, .T. );
#4273 = ORIENTED_EDGE( '', *, *, #4950, .F. );
#4274 = ORIENTED_EDGE( '', *, *, #5262, .T. );
#4275 = ORIENTED_EDGE( '', *, *, #4728, .T. );
#4276 = ORIENTED_EDGE( '', *, *, #4839, .F. );
#4277 = ORIENTED_EDGE( '', *, *, #5329, .F. );
#4278 = ORIENTED_EDGE( '', *, *, #4925, .T. );
#4279 = ORIENTED_EDGE( '', *, *, #4870, .T. );
#4280 = ORIENTED_EDGE( '', *, *, #5296, .T. );
#4281 = ORIENTED_EDGE( '', *, *, #4984, .F. );
#4282 = ORIENTED_EDGE( '', *, *, #5280, .T. );
#4283 = ORIENTED_EDGE( '', *, *, #4826, .T. );
#4284 = ORIENTED_EDGE( '', *, *, #4774, .T. );
#4285 = ORIENTED_EDGE( '', *, *, #5093, .F. );
#4286 = ORIENTED_EDGE( '', *, *, #4699, .T. );
#4287 = ORIENTED_EDGE( '', *, *, #5373, .T. );
#4288 = ORIENTED_EDGE( '', *, *, #5031, .T. );
#4289 = ORIENTED_EDGE( '', *, *, #4557, .F. );
#4290 = ORIENTED_EDGE( '', *, *, #5209, .T. );
#4291 = ORIENTED_EDGE( '', *, *, #5374, .T. );
#4292 = ORIENTED_EDGE( '', *, *, #4594, .T. );
#4293 = ORIENTED_EDGE( '', *, *, #4600, .F. );
#4294 = ORIENTED_EDGE( '', *, *, #5298, .T. );
#4295 = ORIENTED_EDGE( '', *, *, #4743, .T. );
#4296 = ORIENTED_EDGE( '', *, *, #4792, .T. );
#4297 = ORIENTED_EDGE( '', *, *, #4962, .F. );
#4298 = ORIENTED_EDGE( '', *, *, #4940, .T. );
#4299 = ORIENTED_EDGE( '', *, *, #5083, .T. );
#4300 = ORIENTED_EDGE( '', *, *, #5375, .T. );
#4301 = ORIENTED_EDGE( '', *, *, #5283, .T. );
#4302 = ORIENTED_EDGE( '', *, *, #4573, .T. );
#4303 = ORIENTED_EDGE( '', *, *, #4759, .T. );
#4304 = ORIENTED_EDGE( '', *, *, #5195, .T. );
#4305 = ORIENTED_EDGE( '', *, *, #4663, .T. );
#4306 = ORIENTED_EDGE( '', *, *, #5145, .T. );
#4307 = ORIENTED_EDGE( '', *, *, #4900, .T. );
#4308 = ORIENTED_EDGE( '', *, *, #5319, .T. );
#4309 = ORIENTED_EDGE( '', *, *, #5185, .T. );
#4310 = ORIENTED_EDGE( '', *, *, #5376, .T. );
#4311 = ORIENTED_EDGE( '', *, *, #5306, .T. );
#4312 = ORIENTED_EDGE( '', *, *, #4999, .T. );
#4313 = ORIENTED_EDGE( '', *, *, #5237, .T. );
#4314 = ORIENTED_EDGE( '', *, *, #4795, .T. );
#4315 = ORIENTED_EDGE( '', *, *, #5112, .T. );
#4316 = ORIENTED_EDGE( '', *, *, #5257, .T. );
#4317 = ORIENTED_EDGE( '', *, *, #5243, .T. );
#4318 = ORIENTED_EDGE( '', *, *, #4889, .T. );
#4319 = ORIENTED_EDGE( '', *, *, #4944, .T. );
#4320 = ORIENTED_EDGE( '', *, *, #5008, .T. );
#4321 = ORIENTED_EDGE( '', *, *, #4810, .T. );
#4322 = ORIENTED_EDGE( '', *, *, #5070, .T. );
#4323 = ORIENTED_EDGE( '', *, *, #5192, .T. );
#4324 = ORIENTED_EDGE( '', *, *, #5175, .T. );
#4325 = ORIENTED_EDGE( '', *, *, #5312, .T. );
#4326 = ORIENTED_EDGE( '', *, *, #5377, .T. );
#4327 = ORIENTED_EDGE( '', *, *, #5076, .T. );
#4328 = ORIENTED_EDGE( '', *, *, #4640, .T. );
#4329 = ORIENTED_EDGE( '', *, *, #4968, .T. );
#4330 = ORIENTED_EDGE( '', *, *, #5104, .T. );
#4331 = ORIENTED_EDGE( '', *, *, #4822, .T. );
#4332 = ORIENTED_EDGE( '', *, *, #4560, .T. );
#4333 = ORIENTED_EDGE( '', *, *, #4904, .T. );
#4334 = ORIENTED_EDGE( '', *, *, #5288, .T. );
#4335 = ORIENTED_EDGE( '', *, *, #5214, .T. );
#4336 = ORIENTED_EDGE( '', *, *, #5355, .T. );
#4337 = CARTESIAN_POINT( '', ( 0.000000000000000, -4.25000000000000, 0.000000000000000 ) );
#4338 = DIRECTION( '', ( 0.000000000000000, 1.00000000000000, 0.000000000000000 ) );
#4339 = DIRECTION( '', ( 0.000000000000000, 0.000000000000000, 1.00000000000000 ) );
#4340 = SURFACE_STYLE_FILL_AREA( #5378 );
#4341 = ORIENTED_EDGE( '', *, *, #4817, .F. );
#4342 = ORIENTED_EDGE( '', *, *, #5347, .T. );
#4343 = ORIENTED_EDGE( '', *, *, #4654, .T. );
#4344 = ORIENTED_EDGE( '', *, *, #5160, .T. );
#4345 = CARTESIAN_POINT( '', ( 14.8549999999994, 4.25000000000000, 6.65000000000000 ) );
#4346 = DIRECTION( '', ( 0.000000000000000, 0.000000000000000, -1.00000000000000 ) );
#4347 = DIRECTION( '', ( -1.00000000000000, 0.000000000000000, 0.000000000000000 ) );
#4348 = SURFACE_STYLE_FILL_AREA( #5379 );
#4349 = ORIENTED_EDGE( '', *, *, #4922, .F. );
#4350 = ORIENTED_EDGE( '', *, *, #4583, .F. );
#4351 = ORIENTED_EDGE( '', *, *, #4797, .F. );
#4352 = ORIENTED_EDGE( '', *, *, #5239, .F. );
#4353 = ORIENTED_EDGE( '', *, *, #5258, .F. );
#4354 = ORIENTED_EDGE( '', *, *, #5113, .F. );
#4355 = ORIENTED_EDGE( '', *, *, #4799, .F. );
#4356 = ORIENTED_EDGE( '', *, *, #4612, .F. );
#4357 = CARTESIAN_POINT( '', ( 0.000000000000000, -2.75000000000000, 0.000000000000000 ) );
#4358 = DIRECTION( '', ( 0.000000000000000, 1.00000000000000, 0.000000000000000 ) );
#4359 = DIRECTION( '', ( 0.000000000000000, 0.000000000000000, 1.00000000000000 ) );
#4360 = SURFACE_STYLE_FILL_AREA( #5380 );
#4361 = ORIENTED_EDGE( '', *, *, #5136, .F. );
#4362 = ORIENTED_EDGE( '', *, *, #5321, .F. );
#4363 = ORIENTED_EDGE( '', *, *, #5346, .T. );
#4364 = ORIENTED_EDGE( '', *, *, #5303, .T. );
#4365 = ORIENTED_EDGE( '', *, *, #5162, .T. );
#4366 = ORIENTED_EDGE( '', *, *, #5028, .F. );
#4367 = CARTESIAN_POINT( '', ( 0.144999999999677, 4.25000000000000, 6.65000000000000 ) );
#4368 = DIRECTION( '', ( 0.939692620785909, 0.000000000000000, -0.342020143325668 ) );
#4369 = DIRECTION( '', ( -0.342020143325667, 0.000000000000000, -0.939692620785909 ) );
#4370 = SURFACE_STYLE_FILL_AREA( #5381 );
#4371 = ORIENTED_EDGE( '', *, *, #5307, .T. );
#4372 = ORIENTED_EDGE( '', *, *, #5376, .F. );
#4373 = ORIENTED_EDGE( '', *, *, #4998, .F. );
#4374 = ORIENTED_EDGE( '', *, *, #5223, .F. );
#4375 = CARTESIAN_POINT( '', ( 5.00000000000000, 30.5487887721775, -3.00000000000000 ) );
#4376 = DIRECTION( '', ( 0.996212107599096, 0.000000000000000, -0.0869565217391324 ) );
#4377 = DIRECTION( '', ( -0.0869565217391324, 0.000000000000000, -0.996212107599096 ) );
#4378 = SURFACE_STYLE_FILL_AREA( #5382 );
#4379 = ORIENTED_EDGE( '', *, *, #5266, .T. );
#4380 = ORIENTED_EDGE( '', *, *, #5198, .T. );
#4381 = ORIENTED_EDGE( '', *, *, #5383, .T. );
#4382 = ORIENTED_EDGE( '', *, *, #5292, .T. );
#4383 = ORIENTED_EDGE( '', *, *, #5269, .F. );
#4384 = CARTESIAN_POINT( '', ( 2.49999999999967, 0.000000000000000, 7.70000000000000 ) );
#4385 = DIRECTION( '', ( 3.77113799125398E-016, -0.000000000000000, 1.00000000000000 ) );
#4386 = DIRECTION( '', ( 1.00000000000000, 0.000000000000000, -3.77113799125398E-016 ) );
#4387 = SURFACE_STYLE_FILL_AREA( #5384 );
#4388 = ORIENTED_EDGE( '', *, *, #5377, .F. );
#4389 = ORIENTED_EDGE( '', *, *, #5313, .F. );
#4390 = ORIENTED_EDGE( '', *, *, #4779, .T. );
#4391 = ORIENTED_EDGE( '', *, *, #4856, .F. );
#4392 = ORIENTED_EDGE( '', *, *, #4782, .T. );
#4393 = ORIENTED_EDGE( '', *, *, #5077, .T. );
#4394 = CARTESIAN_POINT( '', ( 14.9999999999997, -2.75000000000000, 0.499999999999990 ) );
#4395 = DIRECTION( '', ( -3.42864700799250E-017, -0.316145823973806, -0.948710608132914 ) );
#4396 = DIRECTION( '', ( 0.000000000000000, 0.948710608132914, -0.316145823973806 ) );
#4397 = SURFACE_STYLE_FILL_AREA( #5385 );
#4398 = ORIENTED_EDGE( '', *, *, #4941, .T. );
#4399 = ORIENTED_EDGE( '', *, *, #5375, .F. );
#4400 = ORIENTED_EDGE( '', *, *, #5082, .F. );
#4401 = ORIENTED_EDGE( '', *, *, #5219, .F. );
#4402 = CARTESIAN_POINT( '', ( 10.0000000000000, 30.5487887721775, -5.76000000000000 ) );
#4403 = DIRECTION( '', ( -0.000000000000000, 1.00000000000000, -0.000000000000000 ) );
#4404 = DIRECTION( '', ( 0.000000000000000, 0.000000000000000, -1.00000000000000 ) );
#4405 = SURFACE_STYLE_FILL_AREA( #5386 );
#4406 = ORIENTED_EDGE( '', *, *, #5342, .F. );
#4407 = ORIENTED_EDGE( '', *, *, #5348, .T. );
#4408 = ORIENTED_EDGE( '', *, *, #4952, .T. );
#4409 = ORIENTED_EDGE( '', *, *, #5170, .T. );
#4410 = CARTESIAN_POINT( '', ( -15.0000000000000, 4.25000000000000, 6.65000000000000 ) );
#4411 = DIRECTION( '', ( 0.000000000000000, 0.000000000000000, -1.00000000000000 ) );
#4412 = DIRECTION( '', ( -1.00000000000000, 0.000000000000000, 0.000000000000000 ) );
#4413 = SURFACE_STYLE_FILL_AREA( #5387 );
#4414 = ORIENTED_EDGE( '', *, *, #4750, .T. );
#4415 = ORIENTED_EDGE( '', *, *, #4834, .F. );
#4416 = CARTESIAN_POINT( '', ( 12.4999999999994, 0.000000000000000, 7.70000000000000 ) );
#4417 = DIRECTION( '', ( -3.77113799125398E-016, 0.000000000000000, -1.00000000000000 ) );
#4418 = DIRECTION( '', ( -1.00000000000000, 0.000000000000000, 3.77113799125398E-016 ) );
#4419 = SURFACE_STYLE_FILL_AREA( #5388 );
#4420 = ORIENTED_EDGE( '', *, *, #4595, .T. );
#4421 = ORIENTED_EDGE( '', *, *, #5374, .F. );
#4422 = ORIENTED_EDGE( '', *, *, #5208, .F. );
#4423 = ORIENTED_EDGE( '', *, *, #5227, .F. );
#4424 = ORIENTED_EDGE( '', *, *, #5368, .T. );
#4425 = ORIENTED_EDGE( '', *, *, #5157, .T. );
#4426 = ORIENTED_EDGE( '', *, *, #5066, .T. );
#4427 = ORIENTED_EDGE( '', *, *, #4883, .T. );
#4428 = CARTESIAN_POINT( '', ( 2.49999999999968, 32.7669218061146, -63.6265054080222 ) );
#4429 = DIRECTION( '', ( -0.000000000000000, 1.00000000000000, -0.000000000000000 ) );
#4430 = DIRECTION( '', ( 0.000000000000000, 0.000000000000000, -1.00000000000000 ) );
#4431 = SURFACE_STYLE_FILL_AREA( #5389 );
#4432 = ORIENTED_EDGE( '', *, *, #5383, .F. );
#4433 = ORIENTED_EDGE( '', *, *, #5097, .F. );
#4434 = ORIENTED_EDGE( '', *, *, #5335, .T. );
#4435 = ORIENTED_EDGE( '', *, *, #5006, .T. );
#4436 = CARTESIAN_POINT( '', ( 2.49999999999967, 0.000000000000000, 6.79000000000000 ) );
#4437 = DIRECTION( '', ( -3.77113799125398E-016, -0.000000000000000, -1.00000000000000 ) );
#4438 = DIRECTION( '', ( 1.00000000000000, 0.000000000000000, -3.77113799125398E-016 ) );
#4439 = SURFACE_STYLE_FILL_AREA( #5390 );
#4440 = ORIENTED_EDGE( '', *, *, #5072, .T. );
#4441 = ORIENTED_EDGE( '', *, *, #5272, .F. );
#4442 = ORIENTED_EDGE( '', *, *, #4715, .F. );
#4443 = ORIENTED_EDGE( '', *, *, #5294, .T. );
#4444 = CARTESIAN_POINT( '', ( -1.10000000000022, 3.45000000000000, 0.500000000000000 ) );
#4445 = DIRECTION( '', ( 0.000000000000000, 0.000000000000000, 1.00000000000000 ) );
#4446 = DIRECTION( '', ( 1.00000000000000, 0.000000000000000, 0.000000000000000 ) );
#4447 = SURFACE_STYLE_FILL_AREA( #5391 );
#4448 = ORIENTED_EDGE( '', *, *, #4805, .F. );
#4449 = ORIENTED_EDGE( '', *, *, #4992, .T. );
#4450 = CARTESIAN_POINT( '', ( -7.50000000000011, 0.000000000000000, 9.25000000000000 ) );
#4451 = DIRECTION( '', ( -2.02975402025241E-016, 0.000000000000000, -1.00000000000000 ) );
#4452 = DIRECTION( '', ( -1.00000000000000, 0.000000000000000, 2.02975402025241E-016 ) );
#4453 = SURFACE_STYLE_FILL_AREA( #5392 );
#4454 = ORIENTED_EDGE( '', *, *, #5046, .T. );
#4455 = ORIENTED_EDGE( '', *, *, #5372, .F. );
#4456 = ORIENTED_EDGE( '', *, *, #5393, .F. );
#4457 = ORIENTED_EDGE( '', *, *, #5234, .F. );
#4458 = CARTESIAN_POINT( '', ( 15.0000000000000, 30.7558823629686, -5.76000000000000 ) );
#4459 = DIRECTION( '', ( -0.000000000000000, 1.00000000000000, -0.000000000000000 ) );
#4460 = DIRECTION( '', ( 0.000000000000000, 0.000000000000000, -1.00000000000000 ) );
#4461 = SURFACE_STYLE_FILL_AREA( #5394 );
#4462 = ORIENTED_EDGE( '', *, *, #4915, .T. );
#4463 = ORIENTED_EDGE( '', *, *, #5361, .T. );
#4464 = ORIENTED_EDGE( '', *, *, #5315, .F. );
#4465 = ORIENTED_EDGE( '', *, *, #4831, .F. );
#4466 = ORIENTED_EDGE( '', *, *, #5014, .T. );
#4467 = ORIENTED_EDGE( '', *, *, #5206, .T. );
#4468 = CARTESIAN_POINT( '', ( -8.00000000000011, -0.350000000000000, 30.9669218061146 ) );
#4469 = DIRECTION( '', ( 0.000000000000000, 1.00000000000000, 0.000000000000000 ) );
#4470 = DIRECTION( '', ( 0.000000000000000, 0.000000000000000, 1.00000000000000 ) );
#4471 = SURFACE_STYLE_FILL_AREA( #5395 );
#4472 = ORIENTED_EDGE( '', *, *, #5235, .F. );
#4473 = ORIENTED_EDGE( '', *, *, #5393, .T. );
#4474 = ORIENTED_EDGE( '', *, *, #5371, .T. );
#4475 = ORIENTED_EDGE( '', *, *, #4854, .T. );
#4476 = CARTESIAN_POINT( '', ( 15.0000000000000, -4.25000000000000, 6.20000000000000 ) );
#4477 = DIRECTION( '', ( 1.00000000000000, 0.000000000000000, 0.000000000000000 ) );
#4478 = DIRECTION( '', ( 0.000000000000000, 0.000000000000000, -1.00000000000000 ) );
#4479 = SURFACE_STYLE_FILL_AREA( #5396 );
#4480 = ORIENTED_EDGE( '', *, *, #4553, .T. );
#4481 = ORIENTED_EDGE( '', *, *, #5365, .T. );
#4482 = ORIENTED_EDGE( '', *, *, #4762, .F. );
#4483 = ORIENTED_EDGE( '', *, *, #4937, .F. );
#4484 = CARTESIAN_POINT( '', ( -2.10000000000020, 1.80623918681885, 6.79000000000000 ) );
#4485 = DIRECTION( '', ( -1.00000000000000, 0.000000000000000, 3.77113799125398E-016 ) );
#4486 = DIRECTION( '', ( 3.77113799125398E-016, 0.000000000000000, 1.00000000000000 ) );
#4487 = SURFACE_STYLE_FILL_AREA( #5397 );
#4488 = ORIENTED_EDGE( '', *, *, #5338, .F. );
#4489 = ORIENTED_EDGE( '', *, *, #4751, .F. );
#4490 = ORIENTED_EDGE( '', *, *, #4705, .F. );
#4491 = ORIENTED_EDGE( '', *, *, #5300, .F. );
#4492 = CARTESIAN_POINT( '', ( 12.4999999999994, 0.000000000000000, 6.79000000000000 ) );
#4493 = DIRECTION( '', ( -4.68844182696444E-016, 0.000000000000000, -1.00000000000000 ) );
#4494 = DIRECTION( '', ( -1.00000000000000, 0.000000000000000, 4.68844182696444E-016 ) );
#4495 = SURFACE_STYLE_FILL_AREA( #5398 );
#4496 = ORIENTED_EDGE( '', *, *, #5032, .T. );
#4497 = ORIENTED_EDGE( '', *, *, #5373, .F. );
#4498 = ORIENTED_EDGE( '', *, *, #4698, .F. );
#4499 = ORIENTED_EDGE( '', *, *, #5228, .F. );
#4500 = ORIENTED_EDGE( '', *, *, #5154, .T. );
#4501 = ORIENTED_EDGE( '', *, *, #5255, .T. );
#4502 = ORIENTED_EDGE( '', *, *, #5252, .T. );
#4503 = ORIENTED_EDGE( '', *, *, #5310, .T. );
#4504 = CARTESIAN_POINT( '', ( -2.50000000000022, 32.7669218061146, -63.6265054080222 ) );
#4505 = DIRECTION( '', ( -0.000000000000000, 1.00000000000000, -0.000000000000000 ) );
#4506 = DIRECTION( '', ( 0.000000000000000, 0.000000000000000, -1.00000000000000 ) );
#4507 = SURFACE_STYLE_FILL_AREA( #5399 );
#4508 = ORIENTED_EDGE( '', *, *, #5247, .T. );
#4509 = ORIENTED_EDGE( '', *, *, #5180, .F. );
#4510 = ORIENTED_EDGE( '', *, *, #5141, .F. );
#4511 = ORIENTED_EDGE( '', *, *, #5061, .T. );
#4512 = CARTESIAN_POINT( '', ( -8.90000000000011, 3.45000000000000, 0.499999999999991 ) );
#4513 = DIRECTION( '', ( -1.00000000000000, 0.000000000000000, 0.000000000000000 ) );
#4514 = DIRECTION( '', ( 0.000000000000000, 0.000000000000000, 1.00000000000000 ) );
#4515 = SURFACE_STYLE_FILL_AREA( #5400 );
#4516 = ORIENTED_EDGE( '', *, *, #5358, .F. );
#4517 = ORIENTED_EDGE( '', *, *, #4802, .T. );
#4518 = ORIENTED_EDGE( '', *, *, #4672, .T. );
#4519 = ORIENTED_EDGE( '', *, *, #5166, .T. );
#4520 = CARTESIAN_POINT( '', ( -9.63661785944037, 4.25000000000000, 7.25000000000000 ) );
#4521 = DIRECTION( '', ( 2.02975402025243E-016, 0.000000000000000, -1.00000000000000 ) );
#4522 = DIRECTION( '', ( -1.00000000000000, 0.000000000000000, -2.02975402025243E-016 ) );
#4523 = SURFACE_STYLE_FILL_AREA( #5401 );
#4524 = ORIENTED_EDGE( '', *, *, #4995, .T. );
#4525 = ORIENTED_EDGE( '', *, *, #5370, .F. );
#4526 = ORIENTED_EDGE( '', *, *, #5285, .F. );
#4527 = ORIENTED_EDGE( '', *, *, #5224, .F. );
#4528 = ORIENTED_EDGE( '', *, *, #4771, .T. );
#4529 = ORIENTED_EDGE( '', *, *, #4957, .T. );
#4530 = ORIENTED_EDGE( '', *, *, #5203, .T. );
#4531 = ORIENTED_EDGE( '', *, *, #5133, .T. );
#4532 = CARTESIAN_POINT( '', ( 12.4999999999994, 32.7669218061146, -63.6265054080222 ) );
#4533 = DIRECTION( '', ( -0.000000000000000, 1.00000000000000, -0.000000000000000 ) );
#4534 = DIRECTION( '', ( 0.000000000000000, 0.000000000000000, -1.00000000000000 ) );
#4535 = SURFACE_STYLE_FILL_AREA( #5402 );
#4536 = ORIENTED_EDGE( '', *, *, #4929, .T. );
#4537 = ORIENTED_EDGE( '', *, *, #4585, .T. );
#4538 = ORIENTED_EDGE( '', *, *, #4923, .T. );
#4539 = ORIENTED_EDGE( '', *, *, #4614, .T. );
#4540 = CARTESIAN_POINT( '', ( 0.000000000000000, 3.45000000000000, 0.000000000000000 ) );
#4541 = DIRECTION( '', ( 0.000000000000000, -1.00000000000000, 0.000000000000000 ) );
#4542 = DIRECTION( '', ( 0.000000000000000, 0.000000000000000, -1.00000000000000 ) );
#4543 = FILL_AREA_STYLE( '', ( #5403 ) );
#4544 = EDGE_CURVE( '', #5404, #5405, #5406, .F. );
#4545 = EDGE_CURVE( '', #5407, #5405, #5408, .T. );
#4546 = EDGE_CURVE( '', #5407, #5409, #5410, .F. );
#4547 = EDGE_CURVE( '', #5404, #5409, #5411, .T. );
#4548 = EDGE_CURVE( '', #5412, #5412, #5413, .T. );
#4549 = FILL_AREA_STYLE( '', ( #5414 ) );
#4550 = EDGE_CURVE( '', #5415, #5416, #5417, .T. );
#4551 = EDGE_CURVE( '', #5418, #5415, #5419, .T. );
#4552 = EDGE_CURVE( '', #5420, #5418, #5421, .T. );
#4553 = EDGE_CURVE( '', #5416, #5420, #5422, .T. );
#4554 = FILL_AREA_STYLE( '', ( #5423 ) );
#4555 = EDGE_CURVE( '', #5424, #5425, #5426, .T. );
#4556 = EDGE_CURVE( '', #5424, #5427, #5428, .T. );
#4557 = EDGE_CURVE( '', #5427, #5429, #5430, .T. );
#4558 = EDGE_CURVE( '', #5429, #5425, #5431, .T. );
#4559 = FILL_AREA_STYLE( '', ( #5432 ) );
#4560 = EDGE_CURVE( '', #5433, #5434, #5435, .T. );
#4561 = EDGE_CURVE( '', #5436, #5433, #5437, .T. );
#4562 = EDGE_CURVE( '', #5436, #5438, #5439, .T. );
#4563 = EDGE_CURVE( '', #5438, #5434, #5440, .T. );
#4564 = FILL_AREA_STYLE( '', ( #5441 ) );
#4565 = EDGE_CURVE( '', #5442, #5443, #5444, .T. );
#4566 = EDGE_CURVE( '', #5443, #5445, #5446, .F. );
#4567 = EDGE_CURVE( '', #5447, #5445, #5448, .T. );
#4568 = EDGE_CURVE( '', #5449, #5447, #5450, .T. );
#4569 = EDGE_CURVE( '', #5449, #5451, #5452, .T. );
#4570 = EDGE_CURVE( '', #5451, #5442, #5453, .F. );
#4571 = FILL_AREA_STYLE( '', ( #5454 ) );
#4572 = EDGE_CURVE( '', #5455, #5456, #5457, .T. );
#4573 = EDGE_CURVE( '', #5458, #5456, #5459, .T. );
#4574 = EDGE_CURVE( '', #5460, #5458, #5461, .T. );
#4575 = EDGE_CURVE( '', #5455, #5460, #5462, .T. );
#4576 = FILL_AREA_STYLE( '', ( #5463 ) );
#4577 = EDGE_CURVE( '', #5464, #5465, #5466, .T. );
#4578 = EDGE_CURVE( '', #5465, #5467, #5468, .T. );
#4579 = EDGE_CURVE( '', #5467, #5469, #5470, .T. );
#4580 = EDGE_CURVE( '', #5469, #5464, #5471, .T. );
#4581 = EDGE_CURVE( '', #5472, #5472, #5473, .T. );
#4582 = FILL_AREA_STYLE( '', ( #5474 ) );
#4583 = EDGE_CURVE( '', #5475, #5476, #5477, .T. );
#4584 = EDGE_CURVE( '', #5478, #5476, #5479, .T. );
#4585 = EDGE_CURVE( '', #5480, #5478, #5481, .T. );
#4586 = EDGE_CURVE( '', #5480, #5475, #5482, .T. );
#4587 = FILL_AREA_STYLE( '', ( #5483 ) );
#4588 = EDGE_CURVE( '', #5484, #5485, #5486, .F. );
#4589 = EDGE_CURVE( '', #5487, #5484, #5488, .T. );
#4590 = EDGE_CURVE( '', #5489, #5487, #5490, .F. );
#4591 = EDGE_CURVE( '', #5485, #5489, #5491, .T. );
#4592 = FILL_AREA_STYLE( '', ( #5492 ) );
#4593 = EDGE_CURVE( '', #5493, #5494, #5495, .T. );
#4594 = EDGE_CURVE( '', #5496, #5493, #5497, .T. );
#4595 = EDGE_CURVE( '', #5498, #5496, #5499, .T. );
#4596 = EDGE_CURVE( '', #5494, #5498, #5500, .T. );
#4597 = FILL_AREA_STYLE( '', ( #5501 ) );
#4598 = EDGE_CURVE( '', #5502, #5494, #5503, .T. );
#4599 = EDGE_CURVE( '', #5502, #5504, #5505, .T. );
#4600 = EDGE_CURVE( '', #5504, #5493, #5506, .T. );
#4601 = FILL_AREA_STYLE( '', ( #5507 ) );
#4602 = EDGE_CURVE( '', #5508, #5509, #5510, .F. );
#4603 = EDGE_CURVE( '', #5511, #5508, #5512, .T. );
#4604 = EDGE_CURVE( '', #5513, #5511, #5514, .F. );
#4605 = EDGE_CURVE( '', #5509, #5513, #5515, .T. );
#4606 = FILL_AREA_STYLE( '', ( #5516 ) );
#4607 = EDGE_CURVE( '', #5517, #5518, #5519, .T. );
#4608 = EDGE_CURVE( '', #5518, #5520, #5521, .T. );
#4609 = EDGE_CURVE( '', #5522, #5520, #5523, .T. );
#4610 = EDGE_CURVE( '', #5517, #5522, #5524, .F. );
#4611 = FILL_AREA_STYLE( '', ( #5525 ) );
#4612 = EDGE_CURVE( '', #5526, #5527, #5528, .T. );
#4613 = EDGE_CURVE( '', #5529, #5527, #5530, .T. );
#4614 = EDGE_CURVE( '', #5531, #5529, #5532, .T. );
#4615 = EDGE_CURVE( '', #5531, #5526, #5533, .T. );
#4616 = FILL_AREA_STYLE( '', ( #5534 ) );
#4617 = EDGE_CURVE( '', #5535, #5536, #5537, .T. );
#4618 = EDGE_CURVE( '', #5535, #5538, #5539, .T. );
#4619 = EDGE_CURVE( '', #5540, #5538, #5541, .T. );
#4620 = EDGE_CURVE( '', #5540, #5536, #5542, .T. );
#4621 = FILL_AREA_STYLE( '', ( #5543 ) );
#4622 = EDGE_CURVE( '', #5544, #5545, #5546, .T. );
#4623 = EDGE_CURVE( '', #5545, #5547, #5548, .F. );
#4624 = EDGE_CURVE( '', #5547, #5549, #5550, .T. );
#4625 = EDGE_CURVE( '', #5549, #5551, #5552, .F. );
#4626 = EDGE_CURVE( '', #5553, #5551, #5554, .T. );
#4627 = EDGE_CURVE( '', #5544, #5553, #5555, .T. );
#4628 = FILL_AREA_STYLE( '', ( #5556 ) );
#4629 = EDGE_CURVE( '', #5557, #5558, #5559, .T. );
#4630 = EDGE_CURVE( '', #5558, #5560, #5561, .T. );
#4631 = EDGE_CURVE( '', #5560, #5562, #5563, .T. );
#4632 = EDGE_CURVE( '', #5562, #5557, #5564, .T. );
#4633 = EDGE_CURVE( '', #5565, #5565, #5566, .T. );
#4634 = FILL_AREA_STYLE( '', ( #5567 ) );
#4635 = EDGE_CURVE( '', #5568, #5569, #5570, .T. );
#4636 = EDGE_CURVE( '', #5571, #5569, #5572, .T. );
#4637 = EDGE_CURVE( '', #5573, #5571, #5574, .T. );
#4638 = EDGE_CURVE( '', #5573, #5568, #5575, .T. );
#4639 = FILL_AREA_STYLE( '', ( #5576 ) );
#4640 = EDGE_CURVE( '', #5577, #5578, #5579, .T. );
#4641 = EDGE_CURVE( '', #5580, #5577, #5581, .T. );
#4642 = EDGE_CURVE( '', #5580, #5582, #5583, .T. );
#4643 = EDGE_CURVE( '', #5582, #5578, #5584, .T. );
#4644 = FILL_AREA_STYLE( '', ( #5585 ) );
#4645 = EDGE_CURVE( '', #5586, #5587, #5588, .F. );
#4646 = EDGE_CURVE( '', #5586, #5589, #5590, .T. );
#4647 = EDGE_CURVE( '', #5589, #5591, #5592, .F. );
#4648 = EDGE_CURVE( '', #5593, #5591, #5594, .T. );
#4649 = EDGE_CURVE( '', #5593, #5595, #5596, .F. );
#4650 = EDGE_CURVE( '', #5595, #5587, #5597, .T. );
#4651 = FILL_AREA_STYLE( '', ( #5598 ) );
#4652 = EDGE_CURVE( '', #5407, #5599, #5600, .T. );
#4653 = EDGE_CURVE( '', #5599, #5601, #5602, .F. );
#4654 = EDGE_CURVE( '', #5603, #5601, #5604, .T. );
#4655 = EDGE_CURVE( '', #5603, #5605, #5606, .F. );
#4656 = EDGE_CURVE( '', #5605, #5409, #5607, .T. );
#4657 = FILL_AREA_STYLE( '', ( #5608 ) );
#4658 = EDGE_CURVE( '', #5609, #5508, #5610, .T. );
#4659 = EDGE_CURVE( '', #5609, #5611, #5612, .T. );
#4660 = EDGE_CURVE( '', #5511, #5611, #5613, .T. );
#4661 = FILL_AREA_STYLE( '', ( #5614 ) );
#4662 = EDGE_CURVE( '', #5615, #5616, #5617, .T. );
#4663 = EDGE_CURVE( '', #5618, #5616, #5619, .T. );
#4664 = EDGE_CURVE( '', #5620, #5618, #5621, .T. );
#4665 = EDGE_CURVE( '', #5615, #5620, #5622, .T. );
#4666 = FILL_AREA_STYLE( '', ( #5623 ) );
#4667 = EDGE_CURVE( '', #5624, #5625, #5626, .F. );
#4668 = EDGE_CURVE( '', #5627, #5624, #5628, .T. );
#4669 = EDGE_CURVE( '', #5627, #5629, #5630, .F. );
#4670 = EDGE_CURVE( '', #5629, #5631, #5632, .T. );
#4671 = EDGE_CURVE( '', #5631, #5633, #5634, .F. );
#4672 = EDGE_CURVE( '', #5625, #5633, #5635, .T. );
#4673 = FILL_AREA_STYLE( '', ( #5636 ) );
#4674 = EDGE_CURVE( '', #5637, #5638, #5639, .T. );
#4675 = EDGE_CURVE( '', #5638, #5557, #5640, .T. );
#4676 = EDGE_CURVE( '', #5562, #5557, #5641, .T. );
#4677 = EDGE_CURVE( '', #5637, #5562, #5642, .T. );
#4678 = FILL_AREA_STYLE( '', ( #5643 ) );
#4679 = EDGE_CURVE( '', #5644, #5568, #5645, .T. );
#4680 = EDGE_CURVE( '', #5646, #5573, #5647, .T. );
#4681 = EDGE_CURVE( '', #5646, #5644, #5648, .T. );
#4682 = FILL_AREA_STYLE( '', ( #5649 ) );
#4683 = EDGE_CURVE( '', #5650, #5651, #5652, .T. );
#4684 = EDGE_CURVE( '', #5653, #5651, #5654, .T. );
#4685 = EDGE_CURVE( '', #5655, #5653, #5656, .T. );
#4686 = EDGE_CURVE( '', #5655, #5650, #5657, .T. );
#4687 = FILL_AREA_STYLE( '', ( #5658 ) );
#4688 = EDGE_CURVE( '', #5659, #5660, #5661, .T. );
#4689 = EDGE_CURVE( '', #5662, #5660, #5663, .T. );
#4690 = EDGE_CURVE( '', #5664, #5662, #5665, .T. );
#4691 = EDGE_CURVE( '', #5664, #5659, #5666, .T. );
#4692 = FILL_AREA_STYLE( '', ( #5667 ) );
#4693 = EDGE_CURVE( '', #5668, #5669, #5670, .T. );
#4694 = EDGE_CURVE( '', #5671, #5668, #5672, .T. );
#4695 = EDGE_CURVE( '', #5673, #5671, #5674, .T. );
#4696 = EDGE_CURVE( '', #5669, #5673, #5675, .T. );
#4697 = FILL_AREA_STYLE( '', ( #5676 ) );
#4698 = EDGE_CURVE( '', #5677, #5678, #5679, .T. );
#4699 = EDGE_CURVE( '', #5680, #5678, #5681, .T. );
#4700 = EDGE_CURVE( '', #5682, #5680, #5683, .T. );
#4701 = EDGE_CURVE( '', #5677, #5682, #5684, .T. );
#4702 = FILL_AREA_STYLE( '', ( #5685 ) );
#4703 = EDGE_CURVE( '', #5686, #5687, #5688, .T. );
#4704 = EDGE_CURVE( '', #5689, #5686, #5690, .T. );
#4705 = EDGE_CURVE( '', #5689, #5691, #5692, .T. );
#4706 = EDGE_CURVE( '', #5691, #5687, #5693, .T. );
#4707 = FILL_AREA_STYLE( '', ( #5694 ) );
#4708 = EDGE_CURVE( '', #5695, #5696, #5697, .F. );
#4709 = EDGE_CURVE( '', #5695, #5698, #5699, .T. );
#4710 = EDGE_CURVE( '', #5698, #5700, #5701, .F. );
#4711 = EDGE_CURVE( '', #5702, #5700, #5703, .T. );
#4712 = EDGE_CURVE( '', #5702, #5704, #5705, .F. );
#4713 = EDGE_CURVE( '', #5704, #5696, #5706, .T. );
#4714 = FILL_AREA_STYLE( '', ( #5707 ) );
#4715 = EDGE_CURVE( '', #5708, #5709, #5710, .T. );
#4716 = EDGE_CURVE( '', #5709, #5711, #5712, .T. );
#4717 = EDGE_CURVE( '', #5711, #5713, #5714, .T. );
#4718 = EDGE_CURVE( '', #5713, #5708, #5715, .T. );
#4719 = FILL_AREA_STYLE( '', ( #5716 ) );
#4720 = EDGE_CURVE( '', #5717, #5718, #5719, .T. );
#4721 = EDGE_CURVE( '', #5720, #5717, #5721, .T. );
#4722 = EDGE_CURVE( '', #5722, #5720, #5723, .T. );
#4723 = EDGE_CURVE( '', #5718, #5722, #5724, .T. );
#4724 = FILL_AREA_STYLE( '', ( #5725 ) );
#4725 = EDGE_CURVE( '', #5442, #5549, #5726, .T. );
#4726 = EDGE_CURVE( '', #5551, #5451, #5727, .T. );
#4727 = FILL_AREA_STYLE( '', ( #5728 ) );
#4728 = EDGE_CURVE( '', #5729, #5730, #5731, .T. );
#4729 = EDGE_CURVE( '', #5732, #5729, #5733, .T. );
#4730 = EDGE_CURVE( '', #5734, #5732, #5735, .F. );
#4731 = EDGE_CURVE( '', #5730, #5734, #5736, .F. );
#4732 = FILL_AREA_STYLE( '', ( #5737 ) );
#4733 = EDGE_CURVE( '', #5738, #5518, #5739, .F. );
#4734 = EDGE_CURVE( '', #5740, #5738, #5741, .T. );
#4735 = EDGE_CURVE( '', #5520, #5740, #5742, .F. );
#4736 = FILL_AREA_STYLE( '', ( #5743 ) );
#4737 = EDGE_CURVE( '', #5558, #5560, #5744, .T. );
#4738 = FILL_AREA_STYLE( '', ( #5745 ) );
#4739 = EDGE_CURVE( '', #5662, #5655, #5746, .T. );
#4740 = EDGE_CURVE( '', #5653, #5664, #5747, .T. );
#4741 = FILL_AREA_STYLE( '', ( #5748 ) );
#4742 = EDGE_CURVE( '', #5749, #5750, #5751, .T. );
#4743 = EDGE_CURVE( '', #5752, #5750, #5753, .T. );
#4744 = EDGE_CURVE( '', #5754, #5752, #5755, .T. );
#4745 = EDGE_CURVE( '', #5749, #5754, #5756, .F. );
#4746 = EDGE_CURVE( '', #5553, #5449, #5757, .T. );
#4747 = EDGE_CURVE( '', #5447, #5544, #5758, .F. );
#4748 = FILL_AREA_STYLE( '', ( #5759 ) );
#4749 = EDGE_CURVE( '', #5760, #5761, #5762, .T. );
#4750 = EDGE_CURVE( '', #5687, #5761, #5763, .T. );
#4751 = EDGE_CURVE( '', #5691, #5760, #5764, .T. );
#4752 = FILL_AREA_STYLE( '', ( #5765 ) );
#4753 = EDGE_CURVE( '', #5766, #5767, #5768, .F. );
#4754 = EDGE_CURVE( '', #5586, #5767, #5769, .T. );
#4755 = EDGE_CURVE( '', #5766, #5587, #5770, .T. );
#4756 = EDGE_CURVE( '', #5771, #5771, #5772, .T. );
#4757 = FILL_AREA_STYLE( '', ( #5773 ) );
#4758 = EDGE_CURVE( '', #5774, #5775, #5776, .T. );
#4759 = EDGE_CURVE( '', #5456, #5775, #5777, .T. );
#4760 = EDGE_CURVE( '', #5774, #5455, #5778, .F. );
#4761 = FILL_AREA_STYLE( '', ( #5779 ) );
#4762 = EDGE_CURVE( '', #5469, #5464, #5780, .T. );
#4763 = FILL_AREA_STYLE( '', ( #5781 ) );
#4764 = EDGE_CURVE( '', #5547, #5443, #5782, .T. );
#4765 = EDGE_CURVE( '', #5445, #5545, #5783, .T. );
#4766 = FILL_AREA_STYLE( '', ( #5784 ) );
#4767 = EDGE_CURVE( '', #5785, #5786, #5787, .T. );
#4768 = EDGE_CURVE( '', #5786, #5535, #5788, .F. );
#4769 = EDGE_CURVE( '', #5536, #5789, #5790, .F. );
#4770 = EDGE_CURVE( '', #5791, #5789, #5792, .T. );
#4771 = EDGE_CURVE( '', #5785, #5791, #5793, .T. );
#4772 = FILL_AREA_STYLE( '', ( #5794 ) );
#4773 = EDGE_CURVE( '', #5795, #5796, #5797, .T. );
#4774 = EDGE_CURVE( '', #5798, #5795, #5799, .T. );
#4775 = EDGE_CURVE( '', #5800, #5798, #5801, .T. );
#4776 = EDGE_CURVE( '', #5796, #5800, #5802, .T. );
#4777 = FILL_AREA_STYLE( '', ( #5803 ) );
#4778 = EDGE_CURVE( '', #5651, #5659, #5804, .T. );
#4779 = EDGE_CURVE( '', #5805, #5650, #5806, .T. );
#4780 = EDGE_CURVE( '', #5582, #5805, #5807, .T. );
#4781 = EDGE_CURVE( '', #5808, #5580, #5809, .T. );
#4782 = EDGE_CURVE( '', #5660, #5808, #5810, .T. );
#4783 = FILL_AREA_STYLE( '', ( #5811 ) );
#4784 = EDGE_CURVE( '', #5740, #5484, #5812, .T. );
#4785 = EDGE_CURVE( '', #5487, #5738, #5813, .T. );
#4786 = FILL_AREA_STYLE( '', ( #5814 ) );
#4787 = EDGE_CURVE( '', #5815, #5816, #5817, .T. );
#4788 = EDGE_CURVE( '', #5815, #5702, #5818, .T. );
#4789 = EDGE_CURVE( '', #5700, #5816, #5819, .T. );
#4790 = FILL_AREA_STYLE( '', ( #5820 ) );
#4791 = EDGE_CURVE( '', #5821, #5822, #5823, .T. );
#4792 = EDGE_CURVE( '', #5750, #5821, #5824, .T. );
#4793 = EDGE_CURVE( '', #5822, #5749, #5825, .T. );
#4794 = FILL_AREA_STYLE( '', ( #5826 ) );
#4795 = EDGE_CURVE( '', #5827, #5828, #5829, .T. );
#4796 = EDGE_CURVE( '', #5830, #5827, #5831, .T. );
#4797 = EDGE_CURVE( '', #5830, #5475, #5832, .T. );
#4798 = EDGE_CURVE( '', #5527, #5475, #5833, .T. );
#4799 = EDGE_CURVE( '', #5527, #5834, #5835, .T. );
#4800 = EDGE_CURVE( '', #5834, #5828, #5836, .T. );
#4801 = FILL_AREA_STYLE( '', ( #5837 ) );
#4802 = EDGE_CURVE( '', #5838, #5625, #5839, .T. );
#4803 = EDGE_CURVE( '', #5838, #5840, #5841, .F. );
#4804 = EDGE_CURVE( '', #5624, #5840, #5842, .T. );
#4805 = EDGE_CURVE( '', #5843, #5843, #5844, .T. );
#4806 = FILL_AREA_STYLE( '', ( #5845 ) );
#4807 = EDGE_CURVE( '', #5405, #5846, #5847, .T. );
#4808 = EDGE_CURVE( '', #5846, #5599, #5848, .T. );
#4809 = FILL_AREA_STYLE( '', ( #5849 ) );
#4810 = EDGE_CURVE( '', #5850, #5851, #5852, .T. );
#4811 = EDGE_CURVE( '', #5853, #5850, #5854, .T. );
#4812 = EDGE_CURVE( '', #5853, #5855, #5856, .T. );
#4813 = EDGE_CURVE( '', #5855, #5851, #5857, .T. );
#4814 = FILL_AREA_STYLE( '', ( #5858 ) );
#4815 = EDGE_CURVE( '', #5859, #5860, #5861, .T. );
#4816 = EDGE_CURVE( '', #5859, #5862, #5863, .T. );
#4817 = EDGE_CURVE( '', #5862, #5864, #5865, .T. );
#4818 = EDGE_CURVE( '', #5864, #5866, #5867, .T. );
#4819 = EDGE_CURVE( '', #5866, #5868, #5869, .T. );
#4820 = EDGE_CURVE( '', #5868, #5860, #5870, .T. );
#4821 = FILL_AREA_STYLE( '', ( #5871 ) );
#4822 = EDGE_CURVE( '', #5872, #5433, #5873, .T. );
#4823 = EDGE_CURVE( '', #5874, #5872, #5875, .T. );
#4824 = EDGE_CURVE( '', #5874, #5436, #5876, .T. );
#4825 = FILL_AREA_STYLE( '', ( #5877 ) );
#4826 = EDGE_CURVE( '', #5878, #5798, #5879, .T. );
#4827 = EDGE_CURVE( '', #5880, #5878, #5881, .T. );
#4828 = EDGE_CURVE( '', #5800, #5880, #5882, .F. );
#4829 = EDGE_CURVE( '', #5883, #5884, #5885, .T. );
#4830 = EDGE_CURVE( '', #5884, #5886, #5887, .T. );
#4831 = EDGE_CURVE( '', #5886, #5888, #5889, .T. );
#4832 = EDGE_CURVE( '', #5888, #5883, #5890, .F. );
#4833 = FILL_AREA_STYLE( '', ( #5891 ) );
#4834 = EDGE_CURVE( '', #5687, #5761, #5892, .T. );
#4835 = EDGE_CURVE( '', #5761, #5893, #5894, .T. );
#4836 = EDGE_CURVE( '', #5893, #5686, #5895, .T. );
#4837 = EDGE_CURVE( '', #5896, #5896, #5897, .T. );
#4838 = FILL_AREA_STYLE( '', ( #5898 ) );
#4839 = EDGE_CURVE( '', #5899, #5730, #5900, .T. );
#4840 = EDGE_CURVE( '', #5901, #5734, #5902, .T. );
#4841 = EDGE_CURVE( '', #5899, #5901, #5903, .T. );
#4842 = FILL_AREA_STYLE( '', ( #5904 ) );
#4843 = EDGE_CURVE( '', #5905, #5906, #5907, .T. );
#4844 = EDGE_CURVE( '', #5906, #5908, #5909, .T. );
#4845 = EDGE_CURVE( '', #5908, #5910, #5911, .T. );
#4846 = EDGE_CURVE( '', #5910, #5905, #5912, .T. );
#4847 = FILL_AREA_STYLE( '', ( #5913 ) );
#4848 = EDGE_CURVE( '', #5914, #5766, #5915, .T. );
#4849 = EDGE_CURVE( '', #5595, #5914, #5916, .F. );
#4850 = FILL_AREA_STYLE( '', ( #5917 ) );
#4851 = EDGE_CURVE( '', #5918, #5919, #5920, .T. );
#4852 = EDGE_CURVE( '', #5919, #5921, #5922, .T. );
#4853 = EDGE_CURVE( '', #5923, #5921, #5924, .T. );
#4854 = EDGE_CURVE( '', #5918, #5923, #5925, .T. );
#4855 = FILL_AREA_STYLE( '', ( #5926 ) );
#4856 = EDGE_CURVE( '', #5660, #5650, #5927, .T. );
#4857 = FILL_AREA_STYLE( '', ( #5928 ) );
#4858 = EDGE_CURVE( '', #5929, #5930, #5931, .T. );
#4859 = EDGE_CURVE( '', #5713, #5930, #5932, .T. );
#4860 = EDGE_CURVE( '', #5711, #5929, #5933, .T. );
#4861 = FILL_AREA_STYLE( '', ( #5934 ) );
#4862 = EDGE_CURVE( '', #5935, #5935, #5936, .T. );
#4863 = EDGE_CURVE( '', #5937, #5937, #5938, .T. );
#4864 = FILL_AREA_STYLE( '', ( #5939 ) );
#4865 = EDGE_CURVE( '', #5940, #5941, #5942, .T. );
#4866 = EDGE_CURVE( '', #5722, #5940, #5943, .T. );
#4867 = EDGE_CURVE( '', #5720, #5941, #5944, .T. );
#4868 = FILL_AREA_STYLE( '', ( #5945 ) );
#4869 = EDGE_CURVE( '', #5946, #5947, #5948, .T. );
#4870 = EDGE_CURVE( '', #5949, #5947, #5950, .T. );
#4871 = EDGE_CURVE( '', #5951, #5949, #5952, .T. );
#4872 = EDGE_CURVE( '', #5946, #5951, #5953, .F. );
#4873 = EDGE_CURVE( '', #5522, #5954, #5955, .T. );
#4874 = EDGE_CURVE( '', #5954, #5956, #5957, .T. );
#4875 = EDGE_CURVE( '', #5956, #5517, #5958, .T. );
#4876 = FILL_AREA_STYLE( '', ( #5959 ) );
#4877 = EDGE_CURVE( '', #5960, #5840, #5961, .T. );
#4878 = EDGE_CURVE( '', #5960, #5627, #5962, .F. );
#4879 = FILL_AREA_STYLE( '', ( #5963 ) );
#4880 = EDGE_CURVE( '', #5964, #5965, #5966, .T. );
#4881 = EDGE_CURVE( '', #5965, #5967, #5968, .T. );
#4882 = EDGE_CURVE( '', #5969, #5967, #5970, .T. );
#4883 = EDGE_CURVE( '', #5964, #5969, #5971, .F. );
#4884 = FILL_AREA_STYLE( '', ( #5972 ) );
#4885 = EDGE_CURVE( '', #5611, #5973, #5974, .F. );
#4886 = EDGE_CURVE( '', #5975, #5609, #5976, .F. );
#4887 = EDGE_CURVE( '', #5973, #5975, #5977, .T. );
#4888 = FILL_AREA_STYLE( '', ( #5978 ) );
#4889 = EDGE_CURVE( '', #5979, #5980, #5981, .T. );
#4890 = EDGE_CURVE( '', #5982, #5979, #5983, .T. );
#4891 = EDGE_CURVE( '', #5982, #5984, #5985, .T. );
#4892 = EDGE_CURVE( '', #5986, #5984, #5987, .T. );
#4893 = EDGE_CURVE( '', #5986, #5988, #5989, .T. );
#4894 = EDGE_CURVE( '', #5988, #5980, #5990, .T. );
#4895 = FILL_AREA_STYLE( '', ( #5991 ) );
#4896 = EDGE_CURVE( '', #5992, #5993, #5994, .T. );
#4897 = EDGE_CURVE( '', #5992, #5993, #5995, .T. );
#4898 = FILL_AREA_STYLE( '', ( #5996 ) );
#4899 = EDGE_CURVE( '', #5997, #5998, #5999, .T. );
#4900 = EDGE_CURVE( '', #6000, #5998, #6001, .T. );
#4901 = EDGE_CURVE( '', #6002, #6000, #6003, .T. );
#4902 = EDGE_CURVE( '', #5997, #6002, #6004, .T. );
#4903 = FILL_AREA_STYLE( '', ( #6005 ) );
#4904 = EDGE_CURVE( '', #6006, #6007, #6008, .T. );
#4905 = EDGE_CURVE( '', #6009, #6006, #6010, .T. );
#4906 = EDGE_CURVE( '', #6009, #6011, #6012, .T. );
#4907 = EDGE_CURVE( '', #6011, #6007, #6013, .T. );
#4908 = FILL_AREA_STYLE( '', ( #6014 ) );
#4909 = EDGE_CURVE( '', #6015, #6016, #6017, .T. );
#4910 = EDGE_CURVE( '', #6016, #5696, #6018, .T. );
#4911 = EDGE_CURVE( '', #5704, #6015, #6019, .F. );
#4912 = FILL_AREA_STYLE( '', ( #6020 ) );
#4913 = EDGE_CURVE( '', #6021, #6022, #6023, .T. );
#4914 = EDGE_CURVE( '', #6021, #6024, #6025, .T. );
#4915 = EDGE_CURVE( '', #6026, #6024, #6027, .T. );
#4916 = EDGE_CURVE( '', #6026, #6022, #6028, .T. );
#4917 = FILL_AREA_STYLE( '', ( #6029 ) );
#4918 = EDGE_CURVE( '', #6030, #6031, #6032, .T. );
#4919 = EDGE_CURVE( '', #5906, #6031, #6033, .T. );
#4920 = EDGE_CURVE( '', #5905, #6030, #6034, .T. );
#4921 = FILL_AREA_STYLE( '', ( #6035 ) );
#4922 = EDGE_CURVE( '', #5476, #5526, #6036, .T. );
#4923 = EDGE_CURVE( '', #5478, #5531, #6037, .T. );
#4924 = FILL_AREA_STYLE( '', ( #6038 ) );
#4925 = EDGE_CURVE( '', #6039, #5949, #6040, .T. );
#4926 = EDGE_CURVE( '', #6041, #6039, #6042, .T. );
#4927 = EDGE_CURVE( '', #5951, #6041, #6043, .T. );
#4928 = FILL_AREA_STYLE( '', ( #6044 ) );
#4929 = EDGE_CURVE( '', #5529, #5480, #6045, .T. );
#4930 = FILL_AREA_STYLE( '', ( #6046 ) );
#4931 = EDGE_CURVE( '', #6047, #5644, #6048, .T. );
#4932 = EDGE_CURVE( '', #6049, #6047, #6050, .T. );
#4933 = EDGE_CURVE( '', #5438, #6049, #6051, .T. );
#4934 = EDGE_CURVE( '', #5569, #5874, #6052, .T. );
#4935 = FILL_AREA_STYLE( '', ( #6053 ) );
#4936 = EDGE_CURVE( '', #5415, #5467, #6054, .T. );
#4937 = EDGE_CURVE( '', #5416, #5469, #6055, .T. );
#4938 = FILL_AREA_STYLE( '', ( #6056 ) );
#4939 = EDGE_CURVE( '', #6057, #6058, #6059, .T. );
#4940 = EDGE_CURVE( '', #6060, #6058, #6061, .T. );
#4941 = EDGE_CURVE( '', #6062, #6060, #6063, .T. );
#4942 = EDGE_CURVE( '', #6057, #6062, #6064, .T. );
#4943 = FILL_AREA_STYLE( '', ( #6065 ) );
#4944 = EDGE_CURVE( '', #5980, #6066, #6067, .T. );
#4945 = EDGE_CURVE( '', #5988, #6068, #6069, .T. );
#4946 = EDGE_CURVE( '', #6068, #6066, #6070, .T. );
#4947 = FILL_AREA_STYLE( '', ( #6071 ) );
#4948 = EDGE_CURVE( '', #6072, #6073, #6074, .T. );
#4949 = EDGE_CURVE( '', #6072, #6075, #6076, .T. );
#4950 = EDGE_CURVE( '', #6075, #6077, #6078, .T. );
#4951 = EDGE_CURVE( '', #6077, #6079, #6080, .T. );
#4952 = EDGE_CURVE( '', #6081, #6079, #6082, .T. );
#4953 = EDGE_CURVE( '', #6081, #6073, #6083, .T. );
#4954 = FILL_AREA_STYLE( '', ( #6084 ) );
#4955 = EDGE_CURVE( '', #5789, #6085, #6086, .T. );
#4956 = EDGE_CURVE( '', #6087, #6085, #6088, .T. );
#4957 = EDGE_CURVE( '', #5791, #6087, #6089, .T. );
#4958 = FILL_AREA_STYLE( '', ( #6090 ) );
#4959 = FILL_AREA_STYLE( '', ( #6091 ) );
#4960 = EDGE_CURVE( '', #6092, #5822, #6093, .T. );
#4961 = EDGE_CURVE( '', #6092, #6094, #6095, .T. );
#4962 = EDGE_CURVE( '', #6094, #5821, #6096, .T. );
#4963 = FILL_AREA_STYLE( '', ( #6097 ) );
#4964 = EDGE_CURVE( '', #6098, #5404, #6099, .T. );
#4965 = EDGE_CURVE( '', #6098, #5815, #6100, .F. );
#4966 = EDGE_CURVE( '', #5816, #5846, #6101, .F. );
#4967 = FILL_AREA_STYLE( '', ( #6102 ) );
#4968 = EDGE_CURVE( '', #5434, #6103, #6104, .T. );
#4969 = EDGE_CURVE( '', #6049, #6103, #6105, .T. );
#4970 = FILL_AREA_STYLE( '', ( #6106 ) );
#4971 = EDGE_CURVE( '', #5465, #5467, #6107, .T. );
#4972 = FILL_AREA_STYLE( '', ( #6108 ) );
#4973 = EDGE_CURVE( '', #5767, #6109, #6110, .T. );
#4974 = EDGE_CURVE( '', #6109, #5589, #6111, .T. );
#4975 = FILL_AREA_STYLE( '', ( #6112 ) );
#4976 = EDGE_CURVE( '', #6113, #5986, #6114, .T. );
#4977 = EDGE_CURVE( '', #6115, #5986, #6116, .T. );
#4978 = EDGE_CURVE( '', #6117, #6115, #6118, .T. );
#4979 = EDGE_CURVE( '', #6117, #6113, #6119, .T. );
#4980 = FILL_AREA_STYLE( '', ( #6120 ) );
#4981 = FILL_AREA_STYLE( '', ( #6121 ) );
#4982 = EDGE_CURVE( '', #6122, #6123, #6124, .T. );
#4983 = EDGE_CURVE( '', #6122, #6125, #6126, .T. );
#4984 = EDGE_CURVE( '', #6125, #6127, #6128, .T. );
#4985 = EDGE_CURVE( '', #6127, #6123, #6129, .T. );
#4986 = FILL_AREA_STYLE( '', ( #6130 ) );
#4987 = EDGE_CURVE( '', #6131, #5940, #6132, .T. );
#4988 = EDGE_CURVE( '', #6131, #5940, #6133, .T. );
#4989 = FILL_AREA_STYLE( '', ( #6134 ) );
#4990 = EDGE_CURVE( '', #5941, #6135, #6136, .T. );
#4991 = EDGE_CURVE( '', #6135, #6131, #6137, .T. );
#4992 = EDGE_CURVE( '', #6138, #6138, #6139, .T. );
#4993 = FILL_AREA_STYLE( '', ( #6140 ) );
#4994 = EDGE_CURVE( '', #6141, #5919, #6142, .T. );
#4995 = EDGE_CURVE( '', #6143, #6141, #6144, .T. );
#4996 = EDGE_CURVE( '', #5921, #6143, #6145, .T. );
#4997 = FILL_AREA_STYLE( '', ( #6146 ) );
#4998 = EDGE_CURVE( '', #6147, #6148, #6149, .T. );
#4999 = EDGE_CURVE( '', #6150, #6148, #6151, .T. );
#5000 = EDGE_CURVE( '', #6152, #6150, #6153, .T. );
#5001 = EDGE_CURVE( '', #6147, #6152, #6154, .F. );
#5002 = FILL_AREA_STYLE( '', ( #6155 ) );
#5003 = EDGE_CURVE( '', #6156, #6157, #6158, .T. );
#5004 = EDGE_CURVE( '', #6157, #6159, #6160, .T. );
#5005 = EDGE_CURVE( '', #6161, #6159, #6162, .T. );
#5006 = EDGE_CURVE( '', #6156, #6161, #6163, .T. );
#5007 = FILL_AREA_STYLE( '', ( #6164 ) );
#5008 = EDGE_CURVE( '', #6066, #6165, #6166, .T. );
#5009 = EDGE_CURVE( '', #6068, #6167, #6168, .T. );
#5010 = EDGE_CURVE( '', #6167, #6165, #6169, .T. );
#5011 = FILL_AREA_STYLE( '', ( #6170 ) );
#5012 = EDGE_CURVE( '', #5884, #6171, #6172, .T. );
#5013 = EDGE_CURVE( '', #6171, #6173, #6174, .T. );
#5014 = EDGE_CURVE( '', #5886, #6173, #6175, .T. );
#5015 = FILL_AREA_STYLE( '', ( #6176 ) );
#5016 = EDGE_CURVE( '', #6177, #6178, #6179, .T. );
#5017 = EDGE_CURVE( '', #6177, #6180, #6181, .T. );
#5018 = EDGE_CURVE( '', #6180, #6182, #6183, .T. );
#5019 = EDGE_CURVE( '', #6182, #6178, #6184, .T. );
#5020 = FILL_AREA_STYLE( '', ( #6185 ) );
#5021 = EDGE_CURVE( '', #6186, #6187, #6188, .T. );
#5022 = EDGE_CURVE( '', #6186, #6189, #6190, .T. );
#5023 = EDGE_CURVE( '', #6189, #6191, #6192, .T. );
#5024 = EDGE_CURVE( '', #6191, #6187, #6193, .T. );
#5025 = FILL_AREA_STYLE( '', ( #6194 ) );
#5026 = EDGE_CURVE( '', #6195, #6196, #6197, .T. );
#5027 = EDGE_CURVE( '', #6195, #6198, #6199, .T. );
#5028 = EDGE_CURVE( '', #6198, #6200, #6201, .T. );
#5029 = EDGE_CURVE( '', #6200, #6196, #6202, .T. );
#5030 = FILL_AREA_STYLE( '', ( #6203 ) );
#5031 = EDGE_CURVE( '', #6204, #5429, #6205, .T. );
#5032 = EDGE_CURVE( '', #6206, #6204, #6207, .T. );
#5033 = EDGE_CURVE( '', #5425, #6206, #6208, .T. );
#5034 = FILL_AREA_STYLE( '', ( #6209 ) );
#5035 = EDGE_CURVE( '', #5893, #5686, #6210, .T. );
#5036 = FILL_AREA_STYLE( '', ( #6211 ) );
#5037 = EDGE_CURVE( '', #6212, #6213, #6214, .T. );
#5038 = EDGE_CURVE( '', #6212, #6215, #6216, .T. );
#5039 = EDGE_CURVE( '', #6215, #6217, #6218, .T. );
#5040 = EDGE_CURVE( '', #6217, #6213, #6219, .T. );
#5041 = FILL_AREA_STYLE( '', ( #6220 ) );
#5042 = EDGE_CURVE( '', #6221, #6030, #6222, .T. );
#5043 = EDGE_CURVE( '', #5910, #6221, #6223, .T. );
#5044 = FILL_AREA_STYLE( '', ( #6224 ) );
#5045 = EDGE_CURVE( '', #6225, #5868, #6226, .T. );
#5046 = EDGE_CURVE( '', #6227, #6225, #6228, .T. );
#5047 = EDGE_CURVE( '', #5860, #6227, #6229, .T. );
#5048 = FILL_AREA_STYLE( '', ( #6230 ) );
#5049 = EDGE_CURVE( '', #5993, #6231, #6232, .T. );
#5050 = EDGE_CURVE( '', #6231, #6233, #6234, .T. );
#5051 = EDGE_CURVE( '', #6233, #5992, #6235, .T. );
#5052 = FILL_AREA_STYLE( '', ( #6236 ) );
#5053 = EDGE_CURVE( '', #6237, #5560, #6238, .T. );
#5054 = EDGE_CURVE( '', #6239, #5558, #6240, .T. );
#5055 = EDGE_CURVE( '', #6239, #6237, #6241, .T. );
#5056 = FILL_AREA_STYLE( '', ( #6242 ) );
#5057 = EDGE_CURVE( '', #5695, #6243, #6244, .T. );
#5058 = EDGE_CURVE( '', #6243, #6245, #6246, .T. );
#5059 = EDGE_CURVE( '', #6245, #5698, #6247, .T. );
#5060 = FILL_AREA_STYLE( '', ( #6248 ) );
#5061 = EDGE_CURVE( '', #6249, #5984, #6250, .T. );
#5062 = EDGE_CURVE( '', #6115, #6249, #6251, .T. );
#5063 = FILL_AREA_STYLE( '', ( #6252 ) );
#5064 = EDGE_CURVE( '', #6253, #6254, #6255, .T. );
#5065 = EDGE_CURVE( '', #6254, #5965, #6256, .F. );
#5066 = EDGE_CURVE( '', #6257, #5964, #6258, .T. );
#5067 = EDGE_CURVE( '', #6257, #6259, #6260, .T. );
#5068 = EDGE_CURVE( '', #6259, #6253, #6261, .F. );
#5069 = FILL_AREA_STYLE( '', ( #6262 ) );
#5070 = EDGE_CURVE( '', #5851, #6263, #6264, .T. );
#5071 = EDGE_CURVE( '', #5855, #6265, #6266, .T. );
#5072 = EDGE_CURVE( '', #6267, #6265, #6268, .T. );
#5073 = EDGE_CURVE( '', #6267, #6269, #6270, .T. );
#5074 = EDGE_CURVE( '', #6269, #6263, #6271, .T. );
#5075 = FILL_AREA_STYLE( '', ( #6272 ) );
#5076 = EDGE_CURVE( '', #6273, #5577, #6274, .T. );
#5077 = EDGE_CURVE( '', #5808, #6273, #6275, .T. );
#5078 = FILL_AREA_STYLE( '', ( #6276 ) );
#5079 = EDGE_CURVE( '', #5673, #5993, #6277, .T. );
#5080 = EDGE_CURVE( '', #5669, #5992, #6278, .T. );
#5081 = FILL_AREA_STYLE( '', ( #6279 ) );
#5082 = EDGE_CURVE( '', #6280, #6281, #6282, .T. );
#5083 = EDGE_CURVE( '', #6058, #6281, #6283, .T. );
#5084 = EDGE_CURVE( '', #6280, #6057, #6284, .T. );
#5085 = FILL_AREA_STYLE( '', ( #6285 ) );
#5086 = EDGE_CURVE( '', #5941, #6135, #6286, .T. );
#5087 = FILL_AREA_STYLE( '', ( #6287 ) );
#5088 = EDGE_CURVE( '', #6016, #6243, #6288, .F. );
#5089 = EDGE_CURVE( '', #6015, #6186, #6289, .F. );
#5090 = EDGE_CURVE( '', #6187, #6245, #6290, .F. );
#5091 = FILL_AREA_STYLE( '', ( #6291 ) );
#5092 = EDGE_CURVE( '', #5682, #5796, #6292, .T. );
#5093 = EDGE_CURVE( '', #5680, #5795, #6293, .T. );
#5094 = FILL_AREA_STYLE( '', ( #6294 ) );
#5095 = EDGE_CURVE( '', #6085, #5540, #6295, .F. );
#5096 = FILL_AREA_STYLE( '', ( #6296 ) );
#5097 = EDGE_CURVE( '', #6297, #6298, #6299, .T. );
#5098 = EDGE_CURVE( '', #6300, #6298, #6301, .T. );
#5099 = EDGE_CURVE( '', #6302, #6300, #6303, .T. );
#5100 = EDGE_CURVE( '', #6302, #6297, #6304, .T. );
#5101 = FILL_AREA_STYLE( '', ( #6305 ) );
#5102 = EDGE_CURVE( '', #5717, #6135, #6306, .T. );
#5103 = FILL_AREA_STYLE( '', ( #6307 ) );
#5104 = EDGE_CURVE( '', #6103, #5872, #6308, .T. );
#5105 = EDGE_CURVE( '', #5569, #6047, #6309, .T. );
#5106 = FILL_AREA_STYLE( '', ( #6310 ) );
#5107 = EDGE_CURVE( '', #6311, #6215, #6312, .F. );
#5108 = EDGE_CURVE( '', #6212, #6313, #6314, .F. );
#5109 = EDGE_CURVE( '', #6311, #6313, #6315, .T. );
#5110 = EDGE_CURVE( '', #6316, #6316, #6317, .T. );
#5111 = FILL_AREA_STYLE( '', ( #6318 ) );
#5112 = EDGE_CURVE( '', #5828, #6319, #6320, .T. );
#5113 = EDGE_CURVE( '', #5834, #6321, #6322, .T. );
#5114 = EDGE_CURVE( '', #6321, #6319, #6323, .T. );
#5115 = FILL_AREA_STYLE( '', ( #6324 ) );
#5116 = FILL_AREA_STYLE( '', ( #6325 ) );
#5117 = EDGE_CURVE( '', #5718, #6131, #6326, .T. );
#5118 = FILL_AREA_STYLE( '', ( #6327 ) );
#5119 = EDGE_CURVE( '', #6328, #6329, #6330, .F. );
#5120 = EDGE_CURVE( '', #6253, #6328, #6331, .T. );
#5121 = EDGE_CURVE( '', #6329, #6259, #6332, .T. );
#5122 = FILL_AREA_STYLE( '', ( #6333 ) );
#5123 = EDGE_CURVE( '', #5668, #6233, #6334, .T. );
#5124 = EDGE_CURVE( '', #6231, #6233, #6335, .T. );
#5125 = EDGE_CURVE( '', #5671, #6231, #6336, .T. );
#5126 = FILL_AREA_STYLE( '', ( #6337 ) );
#5127 = EDGE_CURVE( '', #6338, #6311, #6339, .T. );
#5128 = EDGE_CURVE( '', #6340, #6313, #6341, .T. );
#5129 = EDGE_CURVE( '', #6340, #6338, #6342, .F. );
#5130 = FILL_AREA_STYLE( '', ( #6343 ) );
#5131 = EDGE_CURVE( '', #6344, #6345, #6346, .T. );
#5132 = EDGE_CURVE( '', #6345, #5786, #6347, .T. );
#5133 = EDGE_CURVE( '', #6344, #5785, #6348, .F. );
#5134 = FILL_AREA_STYLE( '', ( #6349 ) );
#5135 = FILL_AREA_STYLE( '', ( #6350 ) );
#5136 = EDGE_CURVE( '', #6351, #6198, #6352, .F. );
#5137 = EDGE_CURVE( '', #6195, #6353, #6354, .F. );
#5138 = EDGE_CURVE( '', #6351, #6353, #6355, .T. );
#5139 = EDGE_CURVE( '', #6356, #6356, #6357, .T. );
#5140 = FILL_AREA_STYLE( '', ( #6358 ) );
#5141 = EDGE_CURVE( '', #6249, #6359, #6360, .T. );
#5142 = EDGE_CURVE( '', #6359, #6117, #6361, .T. );
#5143 = FILL_AREA_STYLE( '', ( #6362 ) );
#5144 = EDGE_CURVE( '', #6363, #6364, #6365, .T. );
#5145 = EDGE_CURVE( '', #5616, #6364, #6366, .T. );
#5146 = EDGE_CURVE( '', #6363, #5615, #6367, .F. );
#5147 = FILL_AREA_STYLE( '', ( #6368 ) );
#5148 = FILL_AREA_STYLE( '', ( #6369 ) );
#5149 = EDGE_CURVE( '', #6370, #5646, #6371, .T. );
#5150 = EDGE_CURVE( '', #6370, #6047, #6372, .T. );
#5151 = FILL_AREA_STYLE( '', ( #6373 ) );
#5152 = EDGE_CURVE( '', #6374, #5975, #6375, .T. );
#5153 = EDGE_CURVE( '', #6376, #5509, #6377, .T. );
#5154 = EDGE_CURVE( '', #6374, #6376, #6378, .T. );
#5155 = FILL_AREA_STYLE( '', ( #6379 ) );
#5156 = EDGE_CURVE( '', #6380, #6329, #6381, .T. );
#5157 = EDGE_CURVE( '', #6380, #6257, #6382, .T. );
#5158 = FILL_AREA_STYLE( '', ( #6383 ) );
#5159 = EDGE_CURVE( '', #5866, #6077, #6384, .F. );
#5160 = EDGE_CURVE( '', #5601, #5864, #6385, .T. );
#5161 = EDGE_CURVE( '', #6196, #6191, #6386, .F. );
#5162 = EDGE_CURVE( '', #6387, #6200, #6388, .F. );
#5163 = EDGE_CURVE( '', #5591, #6387, #6389, .T. );
#5164 = EDGE_CURVE( '', #6178, #6109, #6390, .F. );
#5165 = EDGE_CURVE( '', #6391, #6182, #6392, .F. );
#5166 = EDGE_CURVE( '', #5633, #6391, #6393, .T. );
#5167 = EDGE_CURVE( '', #6394, #5631, #6395, .T. );
#5168 = EDGE_CURVE( '', #6213, #6394, #6396, .F. );
#5169 = EDGE_CURVE( '', #6397, #6217, #6398, .F. );
#5170 = EDGE_CURVE( '', #6079, #6397, #6399, .T. );
#5171 = FILL_AREA_STYLE( '', ( #6400 ) );
#5172 = EDGE_CURVE( '', #6401, #6221, #6402, .T. );
#5173 = EDGE_CURVE( '', #5908, #6401, #6403, .T. );
#5174 = FILL_AREA_STYLE( '', ( #6404 ) );
#5175 = EDGE_CURVE( '', #6405, #5850, #6406, .T. );
#5176 = EDGE_CURVE( '', #6407, #6405, #6408, .T. );
#5177 = EDGE_CURVE( '', #6407, #5853, #6409, .T. );
#5178 = FILL_AREA_STYLE( '', ( #6410 ) );
#5179 = EDGE_CURVE( '', #6411, #6113, #6412, .T. );
#5180 = EDGE_CURVE( '', #6359, #6411, #6413, .T. );
#5181 = FILL_AREA_STYLE( '', ( #6414 ) );
#5182 = EDGE_CURVE( '', #6415, #6328, #6416, .T. );
#5183 = EDGE_CURVE( '', #6415, #6254, #6417, .T. );
#5184 = FILL_AREA_STYLE( '', ( #6418 ) );
#5185 = EDGE_CURVE( '', #6419, #6000, #6420, .T. );
#5186 = EDGE_CURVE( '', #6421, #6419, #6422, .T. );
#5187 = EDGE_CURVE( '', #6002, #6421, #6423, .F. );
#5188 = FILL_AREA_STYLE( '', ( #6424 ) );
#5189 = EDGE_CURVE( '', #5629, #6425, #6426, .T. );
#5190 = EDGE_CURVE( '', #6425, #6394, #6427, .T. );
#5191 = FILL_AREA_STYLE( '', ( #6428 ) );
#5192 = EDGE_CURVE( '', #6263, #6405, #6429, .T. );
#5193 = EDGE_CURVE( '', #6269, #6407, #6430, .T. );
#5194 = FILL_AREA_STYLE( '', ( #6431 ) );
#5195 = EDGE_CURVE( '', #6364, #5618, #6432, .T. );
#5196 = EDGE_CURVE( '', #5620, #6363, #6433, .T. );
#5197 = FILL_AREA_STYLE( '', ( #6434 ) );
#5198 = EDGE_CURVE( '', #6300, #6298, #6435, .T. );
#5199 = FILL_AREA_STYLE( '', ( #6436 ) );
#5200 = EDGE_CURVE( '', #5605, #6098, #6437, .F. );
#5201 = FILL_AREA_STYLE( '', ( #6438 ) );
#5202 = EDGE_CURVE( '', #5538, #6345, #6439, .F. );
#5203 = EDGE_CURVE( '', #6087, #6344, #6440, .T. );
#5204 = FILL_AREA_STYLE( '', ( #6441 ) );
#5205 = EDGE_CURVE( '', #6022, #6171, #6442, .F. );
#5206 = EDGE_CURVE( '', #6173, #6026, #6443, .F. );
#5207 = FILL_AREA_STYLE( '', ( #6444 ) );
#5208 = EDGE_CURVE( '', #6445, #6446, #6447, .T. );
#5209 = EDGE_CURVE( '', #5427, #6446, #6448, .T. );
#5210 = EDGE_CURVE( '', #6445, #5424, #6449, .T. );
#5211 = FILL_AREA_STYLE( '', ( #6450 ) );
#5212 = EDGE_CURVE( '', #6237, #5637, #6451, .T. );
#5213 = FILL_AREA_STYLE( '', ( #6452 ) );
#5214 = EDGE_CURVE( '', #6453, #6454, #6455, .T. );
#5215 = EDGE_CURVE( '', #6456, #6453, #6457, .T. );
#5216 = EDGE_CURVE( '', #6456, #6458, #6459, .T. );
#5217 = EDGE_CURVE( '', #6458, #6454, #6460, .T. );
#5218 = FILL_AREA_STYLE( '', ( #6461 ) );
#5219 = EDGE_CURVE( '', #6062, #6280, #6462, .F. );
#5220 = EDGE_CURVE( '', #5460, #5774, #6463, .T. );
#5221 = EDGE_CURVE( '', #6421, #5997, #6464, .T. );
#5222 = EDGE_CURVE( '', #6152, #6465, #6466, .T. );
#5223 = EDGE_CURVE( '', #6465, #6147, #6467, .T. );
#5224 = EDGE_CURVE( '', #6143, #6468, #6469, .F. );
#5225 = EDGE_CURVE( '', #6468, #6092, #6470, .T. );
#5226 = EDGE_CURVE( '', #5754, #5502, #6471, .T. );
#5227 = EDGE_CURVE( '', #5498, #6445, #6472, .F. );
#5228 = EDGE_CURVE( '', #6206, #5677, #6473, .F. );
#5229 = EDGE_CURVE( '', #5880, #6122, #6474, .T. );
#5230 = EDGE_CURVE( '', #6123, #5946, #6475, .T. );
#5231 = EDGE_CURVE( '', #6041, #5901, #6476, .T. );
#5232 = EDGE_CURVE( '', #5732, #6072, #6477, .T. );
#5233 = EDGE_CURVE( '', #6073, #5859, #6478, .T. );
#5234 = EDGE_CURVE( '', #6227, #6479, #6480, .F. );
#5235 = EDGE_CURVE( '', #6479, #5923, #6481, .T. );
#5236 = FILL_AREA_STYLE( '', ( #6482 ) );
#5237 = EDGE_CURVE( '', #6483, #5827, #6484, .T. );
#5238 = EDGE_CURVE( '', #6485, #6483, #6486, .T. );
#5239 = EDGE_CURVE( '', #6485, #5830, #6487, .T. );
#5240 = FILL_AREA_STYLE( '', ( #6488 ) );
#5241 = EDGE_CURVE( '', #5638, #6239, #6489, .T. );
#5242 = FILL_AREA_STYLE( '', ( #6490 ) );
#5243 = EDGE_CURVE( '', #6165, #5979, #6491, .T. );
#5244 = EDGE_CURVE( '', #6167, #5982, #6492, .T. );
#5245 = FILL_AREA_STYLE( '', ( #6493 ) );
#5246 = FILL_AREA_STYLE( '', ( #6494 ) );
#5247 = EDGE_CURVE( '', #5984, #6411, #6495, .T. );
#5248 = FILL_AREA_STYLE( '', ( #6496 ) );
#5249 = EDGE_CURVE( '', #5571, #6370, #6497, .T. );
#5250 = FILL_AREA_STYLE( '', ( #6498 ) );
#5251 = EDGE_CURVE( '', #6499, #5973, #6500, .T. );
#5252 = EDGE_CURVE( '', #6501, #6499, #6502, .T. );
#5253 = EDGE_CURVE( '', #6501, #5513, #6503, .T. );
#5254 = FILL_AREA_STYLE( '', ( #6504 ) );
#5255 = EDGE_CURVE( '', #6376, #6501, #6505, .T. );
#5256 = FILL_AREA_STYLE( '', ( #6506 ) );
#5257 = EDGE_CURVE( '', #6319, #6483, #6507, .T. );
#5258 = EDGE_CURVE( '', #6321, #6485, #6508, .T. );
#5259 = FILL_AREA_STYLE( '', ( #6509 ) );
#5260 = EDGE_CURVE( '', #5954, #5485, #6510, .T. );
#5261 = FILL_AREA_STYLE( '', ( #6511 ) );
#5262 = EDGE_CURVE( '', #6075, #5729, #6512, .T. );
#5263 = FILL_AREA_STYLE( '', ( #6513 ) );
#5264 = EDGE_CURVE( '', #6425, #6340, #6514, .F. );
#5265 = FILL_AREA_STYLE( '', ( #6515 ) );
#5266 = EDGE_CURVE( '', #6159, #6300, #6516, .T. );
#5267 = EDGE_CURVE( '', #6157, #6302, #6517, .T. );
#5268 = FILL_AREA_STYLE( '', ( #6518 ) );
#5269 = EDGE_CURVE( '', #6519, #6519, #6520, .T. );
#5270 = FILL_AREA_STYLE( '', ( #6521 ) );
#5271 = EDGE_CURVE( '', #6265, #5929, #6522, .T. );
#5272 = EDGE_CURVE( '', #5709, #6265, #6523, .T. );
#5273 = FILL_AREA_STYLE( '', ( #6524 ) );
#5274 = EDGE_CURVE( '', #5956, #5489, #6525, .T. );
#5275 = FILL_AREA_STYLE( '', ( #6526 ) );
#5276 = FILL_AREA_STYLE( '', ( #6527 ) );
#5277 = FILL_AREA_STYLE( '', ( #6528 ) );
#5278 = EDGE_CURVE( '', #5930, #6267, #6529, .T. );
#5279 = FILL_AREA_STYLE( '', ( #6530 ) );
#5280 = EDGE_CURVE( '', #6125, #5878, #6531, .T. );
#5281 = FILL_AREA_STYLE( '', ( #6532 ) );
#5282 = FILL_AREA_STYLE( '', ( #6533 ) );
#5283 = EDGE_CURVE( '', #5775, #5458, #6534, .T. );
#5284 = FILL_AREA_STYLE( '', ( #6535 ) );
#5285 = EDGE_CURVE( '', #6468, #6536, #6537, .T. );
#5286 = EDGE_CURVE( '', #6094, #6536, #6538, .T. );
#5287 = FILL_AREA_STYLE( '', ( #6539 ) );
#5288 = EDGE_CURVE( '', #6007, #6453, #6540, .T. );
#5289 = EDGE_CURVE( '', #6011, #6031, #6541, .T. );
#5290 = EDGE_CURVE( '', #6030, #6456, #6542, .T. );
#5291 = FILL_AREA_STYLE( '', ( #6543 ) );
#5292 = EDGE_CURVE( '', #6161, #6159, #6544, .T. );
#5293 = FILL_AREA_STYLE( '', ( #6545 ) );
#5294 = EDGE_CURVE( '', #5708, #6267, #6546, .T. );
#5295 = FILL_AREA_STYLE( '', ( #6547 ) );
#5296 = EDGE_CURVE( '', #5947, #6127, #6548, .T. );
#5297 = FILL_AREA_STYLE( '', ( #6549 ) );
#5298 = EDGE_CURVE( '', #5504, #5752, #6550, .T. );
#5299 = FILL_AREA_STYLE( '', ( #6551 ) );
#5300 = EDGE_CURVE( '', #6552, #5689, #6553, .T. );
#5301 = EDGE_CURVE( '', #6552, #5893, #6554, .T. );
#5302 = FILL_AREA_STYLE( '', ( #6555 ) );
#5303 = EDGE_CURVE( '', #6556, #6387, #6557, .T. );
#5304 = EDGE_CURVE( '', #6556, #5593, #6558, .T. );
#5305 = FILL_AREA_STYLE( '', ( #6559 ) );
#5306 = EDGE_CURVE( '', #6560, #6150, #6561, .T. );
#5307 = EDGE_CURVE( '', #6465, #6560, #6562, .T. );
#5308 = FILL_AREA_STYLE( '', ( #6563 ) );
#5309 = FILL_AREA_STYLE( '', ( #6564 ) );
#5310 = EDGE_CURVE( '', #6499, #6374, #6565, .F. );
#5311 = FILL_AREA_STYLE( '', ( #6566 ) );
#5312 = EDGE_CURVE( '', #5578, #6567, #6568, .T. );
#5313 = EDGE_CURVE( '', #5805, #6567, #6569, .T. );
#5314 = FILL_AREA_STYLE( '', ( #6570 ) );
#5315 = EDGE_CURVE( '', #5888, #6571, #6572, .T. );
#5316 = EDGE_CURVE( '', #6571, #6573, #6574, .T. );
#5317 = EDGE_CURVE( '', #5883, #6573, #6575, .T. );
#5318 = FILL_AREA_STYLE( '', ( #6576 ) );
#5319 = EDGE_CURVE( '', #5998, #6419, #6577, .T. );
#5320 = FILL_AREA_STYLE( '', ( #6578 ) );
#5321 = EDGE_CURVE( '', #6579, #6351, #6580, .T. );
#5322 = EDGE_CURVE( '', #6581, #6353, #6582, .T. );
#5323 = EDGE_CURVE( '', #6581, #6579, #6583, .F. );
#5324 = FILL_AREA_STYLE( '', ( #6584 ) );
#5325 = EDGE_CURVE( '', #6573, #6021, #6585, .F. );
#5326 = FILL_AREA_STYLE( '', ( #6586 ) );
#5327 = EDGE_CURVE( '', #6189, #6581, #6587, .F. );
#5328 = FILL_AREA_STYLE( '', ( #6588 ) );
#5329 = EDGE_CURVE( '', #6039, #5899, #6589, .T. );
#5330 = FILL_AREA_STYLE( '', ( #6590 ) );
#5331 = FILL_AREA_STYLE( '', ( #6591 ) );
#5332 = FILL_AREA_STYLE( '', ( #6592 ) );
#5333 = FILL_AREA_STYLE( '', ( #6593 ) );
#5334 = FILL_AREA_STYLE( '', ( #6594 ) );
#5335 = EDGE_CURVE( '', #6297, #6156, #6595, .T. );
#5336 = FILL_AREA_STYLE( '', ( #6596 ) );
#5337 = FILL_AREA_STYLE( '', ( #6597 ) );
#5338 = EDGE_CURVE( '', #5760, #6552, #6598, .T. );
#5339 = FILL_AREA_STYLE( '', ( #6599 ) );
#5340 = FILL_AREA_STYLE( '', ( #6600 ) );
#5341 = EDGE_CURVE( '', #6338, #6601, #6602, .F. );
#5342 = EDGE_CURVE( '', #6601, #6397, #6603, .T. );
#5343 = FILL_AREA_STYLE( '', ( #6604 ) );
#5344 = EDGE_CURVE( '', #6180, #5960, #6605, .F. );
#5345 = EDGE_CURVE( '', #5914, #6177, #6606, .F. );
#5346 = EDGE_CURVE( '', #6579, #6556, #6607, .F. );
#5347 = EDGE_CURVE( '', #5862, #5603, #6608, .T. );
#5348 = EDGE_CURVE( '', #6601, #6081, #6609, .T. );
#5349 = FILL_AREA_STYLE( '', ( #6610 ) );
#5350 = EDGE_CURVE( '', #5967, #6415, #6611, .F. );
#5351 = FILL_AREA_STYLE( '', ( #6612 ) );
#5352 = EDGE_CURVE( '', #5418, #5465, #6613, .T. );
#5353 = FILL_AREA_STYLE( '', ( #6614 ) );
#5354 = FILL_AREA_STYLE( '', ( #6615 ) );
#5355 = EDGE_CURVE( '', #6454, #6006, #6616, .T. );
#5356 = EDGE_CURVE( '', #6458, #6009, #6617, .T. );
#5357 = FILL_AREA_STYLE( '', ( #6618 ) );
#5358 = EDGE_CURVE( '', #5838, #6391, #6619, .T. );
#5359 = FILL_AREA_STYLE( '', ( #6620 ) );
#5360 = FILL_AREA_STYLE( '', ( #6621 ) );
#5361 = EDGE_CURVE( '', #6024, #6571, #6622, .F. );
#5362 = FILL_AREA_STYLE( '', ( #6623 ) );
#5363 = EDGE_CURVE( '', #6031, #6401, #6624, .T. );
#5364 = FILL_AREA_STYLE( '', ( #6625 ) );
#5365 = EDGE_CURVE( '', #5420, #5464, #6626, .T. );
#5366 = FILL_AREA_STYLE( '', ( #6627 ) );
#5367 = FILL_AREA_STYLE( '', ( #6628 ) );
#5368 = EDGE_CURVE( '', #5969, #6380, #6629, .T. );
#5369 = FILL_AREA_STYLE( '', ( #6630 ) );
#5370 = EDGE_CURVE( '', #6536, #6141, #6631, .T. );
#5371 = EDGE_CURVE( '', #6632, #5918, #6633, .T. );
#5372 = EDGE_CURVE( '', #6632, #6225, #6634, .T. );
#5373 = EDGE_CURVE( '', #5678, #6204, #6635, .T. );
#5374 = EDGE_CURVE( '', #6446, #5496, #6636, .T. );
#5375 = EDGE_CURVE( '', #6281, #6060, #6637, .T. );
#5376 = EDGE_CURVE( '', #6148, #6560, #6638, .T. );
#5377 = EDGE_CURVE( '', #6567, #6273, #6639, .T. );
#5378 = FILL_AREA_STYLE( '', ( #6640 ) );
#5379 = FILL_AREA_STYLE( '', ( #6641 ) );
#5380 = FILL_AREA_STYLE( '', ( #6642 ) );
#5381 = FILL_AREA_STYLE( '', ( #6643 ) );
#5382 = FILL_AREA_STYLE( '', ( #6644 ) );
#5383 = EDGE_CURVE( '', #6298, #6161, #6645, .T. );
#5384 = FILL_AREA_STYLE( '', ( #6646 ) );
#5385 = FILL_AREA_STYLE( '', ( #6647 ) );
#5386 = FILL_AREA_STYLE( '', ( #6648 ) );
#5387 = FILL_AREA_STYLE( '', ( #6649 ) );
#5388 = FILL_AREA_STYLE( '', ( #6650 ) );
#5389 = FILL_AREA_STYLE( '', ( #6651 ) );
#5390 = FILL_AREA_STYLE( '', ( #6652 ) );
#5391 = FILL_AREA_STYLE( '', ( #6653 ) );
#5392 = FILL_AREA_STYLE( '', ( #6654 ) );
#5393 = EDGE_CURVE( '', #6479, #6632, #6655, .T. );
#5394 = FILL_AREA_STYLE( '', ( #6656 ) );
#5395 = FILL_AREA_STYLE( '', ( #6657 ) );
#5396 = FILL_AREA_STYLE( '', ( #6658 ) );
#5397 = FILL_AREA_STYLE( '', ( #6659 ) );
#5398 = FILL_AREA_STYLE( '', ( #6660 ) );
#5399 = FILL_AREA_STYLE( '', ( #6661 ) );
#5400 = FILL_AREA_STYLE( '', ( #6662 ) );
#5401 = FILL_AREA_STYLE( '', ( #6663 ) );
#5402 = FILL_AREA_STYLE( '', ( #6664 ) );
#5403 = FILL_AREA_STYLE_COLOUR( '', #6665 );
#5404 = VERTEX_POINT( '', #6666 );
#5405 = VERTEX_POINT( '', #6667 );
#5406 = ELLIPSE( '', #6668, 6.72475012037513, 2.30000000000000 );
#5407 = VERTEX_POINT( '', #6669 );
#5408 = CIRCLE( '', #6670, 2.30000000000000 );
#5409 = VERTEX_POINT( '', #6671 );
#5410 = ELLIPSE( '', #6672, 6.72475012037502, 2.30000000000000 );
#5411 = CIRCLE( '', #6673, 2.30000000000000 );
#5412 = VERTEX_POINT( '', #6674 );
#5413 = CIRCLE( '', #6675, 2.30000000000000 );
#5414 = FILL_AREA_STYLE_COLOUR( '', #6676 );
#5415 = VERTEX_POINT( '', #6677 );
#5416 = VERTEX_POINT( '', #6678 );
#5417 = CIRCLE( '', #6679, 1.85000000000000 );
#5418 = VERTEX_POINT( '', #6680 );
#5419 = LINE( '', #6681, #6682 );
#5420 = VERTEX_POINT( '', #6683 );
#5421 = CIRCLE( '', #6684, 1.85000000000000 );
#5422 = LINE( '', #6685, #6686 );
#5423 = FILL_AREA_STYLE_COLOUR( '', #6687 );
#5424 = VERTEX_POINT( '', #6688 );
#5425 = VERTEX_POINT( '', #6689 );
#5426 = LINE( '', #6690, #6691 );
#5427 = VERTEX_POINT( '', #6692 );
#5428 = LINE( '', #6693, #6694 );
#5429 = VERTEX_POINT( '', #6695 );
#5430 = LINE( '', #6696, #6697 );
#5431 = LINE( '', #6698, #6699 );
#5432 = FILL_AREA_STYLE_COLOUR( '', #6700 );
#5433 = VERTEX_POINT( '', #6701 );
#5434 = VERTEX_POINT( '', #6702 );
#5435 = LINE( '', #6703, #6704 );
#5436 = VERTEX_POINT( '', #6705 );
#5437 = LINE( '', #6706, #6707 );
#5438 = VERTEX_POINT( '', #6708 );
#5439 = LINE( '', #6709, #6710 );
#5440 = LINE( '', #6711, #6712 );
#5441 = FILL_AREA_STYLE_COLOUR( '', #6713 );
#5442 = VERTEX_POINT( '', #6714 );
#5443 = VERTEX_POINT( '', #6715 );
#5444 = LINE( '', #6716, #6717 );
#5445 = VERTEX_POINT( '', #6718 );
#5446 = LINE( '', #6719, #6720 );
#5447 = VERTEX_POINT( '', #6721 );
#5448 = LINE( '', #6722, #6723 );
#5449 = VERTEX_POINT( '', #6724 );
#5450 = CIRCLE( '', #6725, 57.6000000000000 );
#5451 = VERTEX_POINT( '', #6726 );
#5452 = LINE( '', #6727, #6728 );
#5453 = LINE( '', #6729, #6730 );
#5454 = FILL_AREA_STYLE_COLOUR( '', #6731 );
#5455 = VERTEX_POINT( '', #6732 );
#5456 = VERTEX_POINT( '', #6733 );
#5457 = LINE( '', #6734, #6735 );
#5458 = VERTEX_POINT( '', #6736 );
#5459 = LINE( '', #6737, #6738 );
#5460 = VERTEX_POINT( '', #6739 );
#5461 = LINE( '', #6740, #6741 );
#5462 = LINE( '', #6742, #6743 );
#5463 = FILL_AREA_STYLE_COLOUR( '', #6744 );
#5464 = VERTEX_POINT( '', #6745 );
#5465 = VERTEX_POINT( '', #6746 );
#5466 = CIRCLE( '', #6747, 1.85000000000000 );
#5467 = VERTEX_POINT( '', #6748 );
#5468 = CIRCLE( '', #6749, 1.85000000000000 );
#5469 = VERTEX_POINT( '', #6750 );
#5470 = CIRCLE( '', #6751, 1.85000000000000 );
#5471 = CIRCLE( '', #6752, 1.85000000000000 );
#5472 = VERTEX_POINT( '', #6753 );
#5473 = CIRCLE( '', #6754, 1.89803373858627 );
#5474 = FILL_AREA_STYLE_COLOUR( '', #6755 );
#5475 = VERTEX_POINT( '', #6756 );
#5476 = VERTEX_POINT( '', #6757 );
#5477 = LINE( '', #6758, #6759 );
#5478 = VERTEX_POINT( '', #6760 );
#5479 = LINE( '', #6761, #6762 );
#5480 = VERTEX_POINT( '', #6763 );
#5481 = LINE( '', #6764, #6765 );
#5482 = LINE( '', #6766, #6767 );
#5483 = FILL_AREA_STYLE_COLOUR( '', #6768 );
#5484 = VERTEX_POINT( '', #6769 );
#5485 = VERTEX_POINT( '', #6770 );
#5486 = LINE( '', #6771, #6772 );
#5487 = VERTEX_POINT( '', #6773 );
#5488 = LINE( '', #6774, #6775 );
#5489 = VERTEX_POINT( '', #6776 );
#5490 = LINE( '', #6777, #6778 );
#5491 = LINE( '', #6779, #6780 );
#5492 = FILL_AREA_STYLE_COLOUR( '', #6781 );
#5493 = VERTEX_POINT( '', #6782 );
#5494 = VERTEX_POINT( '', #6783 );
#5495 = LINE( '', #6784, #6785 );
#5496 = VERTEX_POINT( '', #6786 );
#5497 = LINE( '', #6787, #6788 );
#5498 = VERTEX_POINT( '', #6789 );
#5499 = LINE( '', #6790, #6791 );
#5500 = LINE( '', #6792, #6793 );
#5501 = FILL_AREA_STYLE_COLOUR( '', #6794 );
#5502 = VERTEX_POINT( '', #6795 );
#5503 = LINE( '', #6796, #6797 );
#5504 = VERTEX_POINT( '', #6798 );
#5505 = LINE( '', #6799, #6800 );
#5506 = LINE( '', #6801, #6802 );
#5507 = FILL_AREA_STYLE_COLOUR( '', #6803 );
#5508 = VERTEX_POINT( '', #6804 );
#5509 = VERTEX_POINT( '', #6805 );
#5510 = LINE( '', #6806, #6807 );
#5511 = VERTEX_POINT( '', #6808 );
#5512 = LINE( '', #6809, #6810 );
#5513 = VERTEX_POINT( '', #6811 );
#5514 = LINE( '', #6812, #6813 );
#5515 = LINE( '', #6814, #6815 );
#5516 = FILL_AREA_STYLE_COLOUR( '', #6816 );
#5517 = VERTEX_POINT( '', #6817 );
#5518 = VERTEX_POINT( '', #6818 );
#5519 = LINE( '', #6819, #6820 );
#5520 = VERTEX_POINT( '', #6821 );
#5521 = LINE( '', #6822, #6823 );
#5522 = VERTEX_POINT( '', #6824 );
#5523 = LINE( '', #6825, #6826 );
#5524 = LINE( '', #6827, #6828 );
#5525 = FILL_AREA_STYLE_COLOUR( '', #6829 );
#5526 = VERTEX_POINT( '', #6830 );
#5527 = VERTEX_POINT( '', #6831 );
#5528 = LINE( '', #6832, #6833 );
#5529 = VERTEX_POINT( '', #6834 );
#5530 = LINE( '', #6835, #6836 );
#5531 = VERTEX_POINT( '', #6837 );
#5532 = LINE( '', #6838, #6839 );
#5533 = LINE( '', #6840, #6841 );
#5534 = FILL_AREA_STYLE_COLOUR( '', #6842 );
#5535 = VERTEX_POINT( '', #6843 );
#5536 = VERTEX_POINT( '', #6844 );
#5537 = LINE( '', #6845, #6846 );
#5538 = VERTEX_POINT( '', #6847 );
#5539 = LINE( '', #6848, #6849 );
#5540 = VERTEX_POINT( '', #6850 );
#5541 = LINE( '', #6851, #6852 );
#5542 = LINE( '', #6853, #6854 );
#5543 = FILL_AREA_STYLE_COLOUR( '', #6855 );
#5544 = VERTEX_POINT( '', #6856 );
#5545 = VERTEX_POINT( '', #6857 );
#5546 = LINE( '', #6858, #6859 );
#5547 = VERTEX_POINT( '', #6860 );
#5548 = LINE( '', #6861, #6862 );
#5549 = VERTEX_POINT( '', #6863 );
#5550 = LINE( '', #6864, #6865 );
#5551 = VERTEX_POINT( '', #6866 );
#5552 = LINE( '', #6867, #6868 );
#5553 = VERTEX_POINT( '', #6869 );
#5554 = LINE( '', #6870, #6871 );
#5555 = CIRCLE( '', #6872, 57.6000000000000 );
#5556 = FILL_AREA_STYLE_COLOUR( '', #6873 );
#5557 = VERTEX_POINT( '', #6874 );
#5558 = VERTEX_POINT( '', #6875 );
#5559 = CIRCLE( '', #6876, 1.85000000000000 );
#5560 = VERTEX_POINT( '', #6877 );
#5561 = CIRCLE( '', #6878, 1.85000000000000 );
#5562 = VERTEX_POINT( '', #6879 );
#5563 = CIRCLE( '', #6880, 1.85000000000000 );
#5564 = CIRCLE( '', #6881, 1.85000000000000 );
#5565 = VERTEX_POINT( '', #6882 );
#5566 = CIRCLE( '', #6883, 1.89803373858627 );
#5567 = FILL_AREA_STYLE_COLOUR( '', #6884 );
#5568 = VERTEX_POINT( '', #6885 );
#5569 = VERTEX_POINT( '', #6886 );
#5570 = LINE( '', #6887, #6888 );
#5571 = VERTEX_POINT( '', #6889 );
#5572 = LINE( '', #6890, #6891 );
#5573 = VERTEX_POINT( '', #6892 );
#5574 = LINE( '', #6893, #6894 );
#5575 = LINE( '', #6895, #6896 );
#5576 = FILL_AREA_STYLE_COLOUR( '', #6897 );
#5577 = VERTEX_POINT( '', #6898 );
#5578 = VERTEX_POINT( '', #6899 );
#5579 = LINE( '', #6900, #6901 );
#5580 = VERTEX_POINT( '', #6902 );
#5581 = LINE( '', #6903, #6904 );
#5582 = VERTEX_POINT( '', #6905 );
#5583 = LINE( '', #6906, #6907 );
#5584 = LINE( '', #6908, #6909 );
#5585 = FILL_AREA_STYLE_COLOUR( '', #6910 );
#5586 = VERTEX_POINT( '', #6911 );
#5587 = VERTEX_POINT( '', #6912 );
#5588 = ELLIPSE( '', #6913, 6.72475012037502, 2.30000000000000 );
#5589 = VERTEX_POINT( '', #6914 );
#5590 = LINE( '', #6915, #6916 );
#5591 = VERTEX_POINT( '', #6917 );
#5592 = ELLIPSE( '', #6918, 1.06417777247591, 1.00000000000000 );
#5593 = VERTEX_POINT( '', #6919 );
#5594 = LINE( '', #6920, #6921 );
#5595 = VERTEX_POINT( '', #6922 );
#5596 = ELLIPSE( '', #6923, 1.06417777247591, 1.00000000000000 );
#5597 = LINE( '', #6924, #6925 );
#5598 = FILL_AREA_STYLE_COLOUR( '', #6926 );
#5599 = VERTEX_POINT( '', #6927 );
#5600 = LINE( '', #6928, #6929 );
#5601 = VERTEX_POINT( '', #6930 );
#5602 = ELLIPSE( '', #6931, 1.06417777247591, 1.00000000000000 );
#5603 = VERTEX_POINT( '', #6932 );
#5604 = LINE( '', #6933, #6934 );
#5605 = VERTEX_POINT( '', #6935 );
#5606 = ELLIPSE( '', #6936, 1.06417777247591, 1.00000000000000 );
#5607 = LINE( '', #6937, #6938 );
#5608 = FILL_AREA_STYLE_COLOUR( '', #6939 );
#5609 = VERTEX_POINT( '', #6940 );
#5610 = LINE( '', #6941, #6942 );
#5611 = VERTEX_POINT( '', #6943 );
#5612 = LINE( '', #6944, #6945 );
#5613 = LINE( '', #6946, #6947 );
#5614 = FILL_AREA_STYLE_COLOUR( '', #6948 );
#5615 = VERTEX_POINT( '', #6949 );
#5616 = VERTEX_POINT( '', #6950 );
#5617 = LINE( '', #6951, #6952 );
#5618 = VERTEX_POINT( '', #6953 );
#5619 = LINE( '', #6954, #6955 );
#5620 = VERTEX_POINT( '', #6956 );
#5621 = LINE( '', #6957, #6958 );
#5622 = LINE( '', #6959, #6960 );
#5623 = FILL_AREA_STYLE_COLOUR( '', #6961 );
#5624 = VERTEX_POINT( '', #6962 );
#5625 = VERTEX_POINT( '', #6963 );
#5626 = ELLIPSE( '', #6964, 6.72475012037513, 2.30000000000000 );
#5627 = VERTEX_POINT( '', #6965 );
#5628 = LINE( '', #6966, #6967 );
#5629 = VERTEX_POINT( '', #6968 );
#5630 = ELLIPSE( '', #6969, 1.06417777247591, 1.00000000000000 );
#5631 = VERTEX_POINT( '', #6970 );
#5632 = LINE( '', #6971, #6972 );
#5633 = VERTEX_POINT( '', #6973 );
#5634 = ELLIPSE( '', #6974, 1.06417777247591, 1.00000000000000 );
#5635 = LINE( '', #6975, #6976 );
#5636 = FILL_AREA_STYLE_COLOUR( '', #6977 );
#5637 = VERTEX_POINT( '', #6978 );
#5638 = VERTEX_POINT( '', #6979 );
#5639 = LINE( '', #6980, #6981 );
#5640 = LINE( '', #6982, #6983 );
#5641 = LINE( '', #6984, #6985 );
#5642 = LINE( '', #6986, #6987 );
#5643 = FILL_AREA_STYLE_COLOUR( '', #6988 );
#5644 = VERTEX_POINT( '', #6989 );
#5645 = LINE( '', #6990, #6991 );
#5646 = VERTEX_POINT( '', #6992 );
#5647 = LINE( '', #6993, #6994 );
#5648 = LINE( '', #6995, #6996 );
#5649 = FILL_AREA_STYLE_COLOUR( '', #6997 );
#5650 = VERTEX_POINT( '', #6998 );
#5651 = VERTEX_POINT( '', #6999 );
#5652 = LINE( '', #7000, #7001 );
#5653 = VERTEX_POINT( '', #7002 );
#5654 = LINE( '', #7003, #7004 );
#5655 = VERTEX_POINT( '', #7005 );
#5656 = LINE( '', #7006, #7007 );
#5657 = LINE( '', #7008, #7009 );
#5658 = FILL_AREA_STYLE_COLOUR( '', #7010 );
#5659 = VERTEX_POINT( '', #7011 );
#5660 = VERTEX_POINT( '', #7012 );
#5661 = LINE( '', #7013, #7014 );
#5662 = VERTEX_POINT( '', #7015 );
#5663 = LINE( '', #7016, #7017 );
#5664 = VERTEX_POINT( '', #7018 );
#5665 = LINE( '', #7019, #7020 );
#5666 = LINE( '', #7021, #7022 );
#5667 = FILL_AREA_STYLE_COLOUR( '', #7023 );
#5668 = VERTEX_POINT( '', #7024 );
#5669 = VERTEX_POINT( '', #7025 );
#5670 = CIRCLE( '', #7026, 1.85000000000000 );
#5671 = VERTEX_POINT( '', #7027 );
#5672 = LINE( '', #7028, #7029 );
#5673 = VERTEX_POINT( '', #7030 );
#5674 = CIRCLE( '', #7031, 1.85000000000000 );
#5675 = LINE( '', #7032, #7033 );
#5676 = FILL_AREA_STYLE_COLOUR( '', #7034 );
#5677 = VERTEX_POINT( '', #7035 );
#5678 = VERTEX_POINT( '', #7036 );
#5679 = LINE( '', #7037, #7038 );
#5680 = VERTEX_POINT( '', #7039 );
#5681 = LINE( '', #7040, #7041 );
#5682 = VERTEX_POINT( '', #7042 );
#5683 = LINE( '', #7043, #7044 );
#5684 = LINE( '', #7045, #7046 );
#5685 = FILL_AREA_STYLE_COLOUR( '', #7047 );
#5686 = VERTEX_POINT( '', #7048 );
#5687 = VERTEX_POINT( '', #7049 );
#5688 = CIRCLE( '', #7050, 1.85000000000000 );
#5689 = VERTEX_POINT( '', #7051 );
#5690 = LINE( '', #7052, #7053 );
#5691 = VERTEX_POINT( '', #7054 );
#5692 = CIRCLE( '', #7055, 1.85000000000000 );
#5693 = LINE( '', #7056, #7057 );
#5694 = FILL_AREA_STYLE_COLOUR( '', #7058 );
#5695 = VERTEX_POINT( '', #7059 );
#5696 = VERTEX_POINT( '', #7060 );
#5697 = ELLIPSE( '', #7061, 6.72475012037502, 2.30000000000000 );
#5698 = VERTEX_POINT( '', #7062 );
#5699 = LINE( '', #7063, #7064 );
#5700 = VERTEX_POINT( '', #7065 );
#5701 = ELLIPSE( '', #7066, 1.06417777247591, 1.00000000000000 );
#5702 = VERTEX_POINT( '', #7067 );
#5703 = LINE( '', #7068, #7069 );
#5704 = VERTEX_POINT( '', #7070 );
#5705 = ELLIPSE( '', #7071, 1.06417777247591, 1.00000000000000 );
#5706 = LINE( '', #7072, #7073 );
#5707 = FILL_AREA_STYLE_COLOUR( '', #7074 );
#5708 = VERTEX_POINT( '', #7075 );
#5709 = VERTEX_POINT( '', #7076 );
#5710 = LINE( '', #7077, #7078 );
#5711 = VERTEX_POINT( '', #7079 );
#5712 = LINE( '', #7080, #7081 );
#5713 = VERTEX_POINT( '', #7082 );
#5714 = LINE( '', #7083, #7084 );
#5715 = LINE( '', #7085, #7086 );
#5716 = FILL_AREA_STYLE_COLOUR( '', #7087 );
#5717 = VERTEX_POINT( '', #7088 );
#5718 = VERTEX_POINT( '', #7089 );
#5719 = CIRCLE( '', #7090, 1.85000000000000 );
#5720 = VERTEX_POINT( '', #7091 );
#5721 = LINE( '', #7092, #7093 );
#5722 = VERTEX_POINT( '', #7094 );
#5723 = CIRCLE( '', #7095, 1.85000000000000 );
#5724 = LINE( '', #7096, #7097 );
#5725 = FILL_AREA_STYLE_COLOUR( '', #7098 );
#5726 = LINE( '', #7099, #7100 );
#5727 = LINE( '', #7101, #7102 );
#5728 = FILL_AREA_STYLE_COLOUR( '', #7103 );
#5729 = VERTEX_POINT( '', #7104 );
#5730 = VERTEX_POINT( '', #7105 );
#5731 = CIRCLE( '', #7106, 0.240000000000000 );
#5732 = VERTEX_POINT( '', #7107 );
#5733 = LINE( '', #7108, #7109 );
#5734 = VERTEX_POINT( '', #7110 );
#5735 = CIRCLE( '', #7111, 0.240000000000000 );
#5736 = LINE( '', #7112, #7113 );
#5737 = FILL_AREA_STYLE_COLOUR( '', #7114 );
#5738 = VERTEX_POINT( '', #7115 );
#5739 = LINE( '', #7116, #7117 );
#5740 = VERTEX_POINT( '', #7118 );
#5741 = LINE( '', #7119, #7120 );
#5742 = LINE( '', #7121, #7122 );
#5743 = FILL_AREA_STYLE_COLOUR( '', #7123 );
#5744 = LINE( '', #7124, #7125 );
#5745 = FILL_AREA_STYLE_COLOUR( '', #7126 );
#5746 = LINE( '', #7127, #7128 );
#5747 = LINE( '', #7129, #7130 );
#5748 = FILL_AREA_STYLE_COLOUR( '', #7131 );
#5749 = VERTEX_POINT( '', #7132 );
#5750 = VERTEX_POINT( '', #7133 );
#5751 = LINE( '', #7134, #7135 );
#5752 = VERTEX_POINT( '', #7136 );
#5753 = CIRCLE( '', #7137, 57.6000000000000 );
#5754 = VERTEX_POINT( '', #7138 );
#5755 = LINE( '', #7139, #7140 );
#5756 = CIRCLE( '', #7141, 57.6000000000000 );
#5757 = LINE( '', #7142, #7143 );
#5758 = LINE( '', #7144, #7145 );
#5759 = FILL_AREA_STYLE_COLOUR( '', #7146 );
#5760 = VERTEX_POINT( '', #7147 );
#5761 = VERTEX_POINT( '', #7148 );
#5762 = LINE( '', #7149, #7150 );
#5763 = LINE( '', #7151, #7152 );
#5764 = LINE( '', #7153, #7154 );
#5765 = FILL_AREA_STYLE_COLOUR( '', #7155 );
#5766 = VERTEX_POINT( '', #7156 );
#5767 = VERTEX_POINT( '', #7157 );
#5768 = ELLIPSE( '', #7158, 6.72475012037513, 2.30000000000000 );
#5769 = CIRCLE( '', #7159, 2.30000000000000 );
#5770 = CIRCLE( '', #7160, 2.30000000000000 );
#5771 = VERTEX_POINT( '', #7161 );
#5772 = CIRCLE( '', #7162, 2.30000000000000 );
#5773 = FILL_AREA_STYLE_COLOUR( '', #7163 );
#5774 = VERTEX_POINT( '', #7164 );
#5775 = VERTEX_POINT( '', #7165 );
#5776 = LINE( '', #7166, #7167 );
#5777 = CIRCLE( '', #7168, 0.240000000000000 );
#5778 = CIRCLE( '', #7169, 0.240000000000000 );
#5779 = FILL_AREA_STYLE_COLOUR( '', #7170 );
#5780 = LINE( '', #7171, #7172 );
#5781 = FILL_AREA_STYLE_COLOUR( '', #7173 );
#5782 = LINE( '', #7174, #7175 );
#5783 = LINE( '', #7176, #7177 );
#5784 = FILL_AREA_STYLE_COLOUR( '', #7178 );
#5785 = VERTEX_POINT( '', #7179 );
#5786 = VERTEX_POINT( '', #7180 );
#5787 = LINE( '', #7181, #7182 );
#5788 = LINE( '', #7183, #7184 );
#5789 = VERTEX_POINT( '', #7185 );
#5790 = LINE( '', #7186, #7187 );
#5791 = VERTEX_POINT( '', #7188 );
#5792 = LINE( '', #7189, #7190 );
#5793 = CIRCLE( '', #7191, 57.6000000000000 );
#5794 = FILL_AREA_STYLE_COLOUR( '', #7192 );
#5795 = VERTEX_POINT( '', #7193 );
#5796 = VERTEX_POINT( '', #7194 );
#5797 = LINE( '', #7195, #7196 );
#5798 = VERTEX_POINT( '', #7197 );
#5799 = LINE( '', #7198, #7199 );
#5800 = VERTEX_POINT( '', #7200 );
#5801 = LINE( '', #7201, #7202 );
#5802 = LINE( '', #7203, #7204 );
#5803 = FILL_AREA_STYLE_COLOUR( '', #7205 );
#5804 = LINE( '', #7206, #7207 );
#5805 = VERTEX_POINT( '', #7208 );
#5806 = LINE( '', #7209, #7210 );
#5807 = LINE( '', #7211, #7212 );
#5808 = VERTEX_POINT( '', #7213 );
#5809 = LINE( '', #7214, #7215 );
#5810 = LINE( '', #7216, #7217 );
#5811 = FILL_AREA_STYLE_COLOUR( '', #7218 );
#5812 = LINE( '', #7219, #7220 );
#5813 = LINE( '', #7221, #7222 );
#5814 = FILL_AREA_STYLE_COLOUR( '', #7223 );
#5815 = VERTEX_POINT( '', #7224 );
#5816 = VERTEX_POINT( '', #7225 );
#5817 = LINE( '', #7226, #7227 );
#5818 = LINE( '', #7228, #7229 );
#5819 = LINE( '', #7230, #7231 );
#5820 = FILL_AREA_STYLE_COLOUR( '', #7232 );
#5821 = VERTEX_POINT( '', #7233 );
#5822 = VERTEX_POINT( '', #7234 );
#5823 = LINE( '', #7235, #7236 );
#5824 = LINE( '', #7237, #7238 );
#5825 = LINE( '', #7239, #7240 );
#5826 = FILL_AREA_STYLE_COLOUR( '', #7241 );
#5827 = VERTEX_POINT( '', #7242 );
#5828 = VERTEX_POINT( '', #7243 );
#5829 = LINE( '', #7244, #7245 );
#5830 = VERTEX_POINT( '', #7246 );
#5831 = LINE( '', #7247, #7248 );
#5832 = LINE( '', #7249, #7250 );
#5833 = LINE( '', #7251, #7252 );
#5834 = VERTEX_POINT( '', #7253 );
#5835 = LINE( '', #7254, #7255 );
#5836 = LINE( '', #7256, #7257 );
#5837 = FILL_AREA_STYLE_COLOUR( '', #7258 );
#5838 = VERTEX_POINT( '', #7259 );
#5839 = CIRCLE( '', #7260, 2.30000000000000 );
#5840 = VERTEX_POINT( '', #7261 );
#5841 = ELLIPSE( '', #7262, 6.72475012037502, 2.30000000000000 );
#5842 = CIRCLE( '', #7263, 2.30000000000000 );
#5843 = VERTEX_POINT( '', #7264 );
#5844 = CIRCLE( '', #7265, 2.30000000000000 );
#5845 = FILL_AREA_STYLE_COLOUR( '', #7266 );
#5846 = VERTEX_POINT( '', #7267 );
#5847 = LINE( '', #7268, #7269 );
#5848 = LINE( '', #7270, #7271 );
#5849 = FILL_AREA_STYLE_COLOUR( '', #7272 );
#5850 = VERTEX_POINT( '', #7273 );
#5851 = VERTEX_POINT( '', #7274 );
#5852 = LINE( '', #7275, #7276 );
#5853 = VERTEX_POINT( '', #7277 );
#5854 = LINE( '', #7278, #7279 );
#5855 = VERTEX_POINT( '', #7280 );
#5856 = LINE( '', #7281, #7282 );
#5857 = LINE( '', #7283, #7284 );
#5858 = FILL_AREA_STYLE_COLOUR( '', #7285 );
#5859 = VERTEX_POINT( '', #7286 );
#5860 = VERTEX_POINT( '', #7287 );
#5861 = LINE( '', #7288, #7289 );
#5862 = VERTEX_POINT( '', #7290 );
#5863 = CIRCLE( '', #7291, 1.00000000000000 );
#5864 = VERTEX_POINT( '', #7292 );
#5865 = LINE( '', #7293, #7294 );
#5866 = VERTEX_POINT( '', #7295 );
#5867 = CIRCLE( '', #7296, 1.00000000000000 );
#5868 = VERTEX_POINT( '', #7297 );
#5869 = LINE( '', #7298, #7299 );
#5870 = LINE( '', #7300, #7301 );
#5871 = FILL_AREA_STYLE_COLOUR( '', #7302 );
#5872 = VERTEX_POINT( '', #7303 );
#5873 = LINE( '', #7304, #7305 );
#5874 = VERTEX_POINT( '', #7306 );
#5875 = LINE( '', #7307, #7308 );
#5876 = LINE( '', #7309, #7310 );
#5877 = FILL_AREA_STYLE_COLOUR( '', #7311 );
#5878 = VERTEX_POINT( '', #7312 );
#5879 = CIRCLE( '', #7313, 57.6000000000000 );
#5880 = VERTEX_POINT( '', #7314 );
#5881 = LINE( '', #7315, #7316 );
#5882 = CIRCLE( '', #7317, 57.6000000000000 );
#5883 = VERTEX_POINT( '', #7318 );
#5884 = VERTEX_POINT( '', #7319 );
#5885 = CIRCLE( '', #7320, 57.6000000000000 );
#5886 = VERTEX_POINT( '', #7321 );
#5887 = LINE( '', #7322, #7323 );
#5888 = VERTEX_POINT( '', #7324 );
#5889 = CIRCLE( '', #7325, 57.6000000000000 );
#5890 = LINE( '', #7326, #7327 );
#5891 = FILL_AREA_STYLE_COLOUR( '', #7328 );
#5892 = CIRCLE( '', #7329, 1.85000000000000 );
#5893 = VERTEX_POINT( '', #7330 );
#5894 = CIRCLE( '', #7331, 1.85000000000000 );
#5895 = CIRCLE( '', #7332, 1.85000000000000 );
#5896 = VERTEX_POINT( '', #7333 );
#5897 = CIRCLE( '', #7334, 1.89803373858627 );
#5898 = FILL_AREA_STYLE_COLOUR( '', #7335 );
#5899 = VERTEX_POINT( '', #7336 );
#5900 = LINE( '', #7337, #7338 );
#5901 = VERTEX_POINT( '', #7339 );
#5902 = LINE( '', #7340, #7341 );
#5903 = LINE( '', #7342, #7343 );
#5904 = FILL_AREA_STYLE_COLOUR( '', #7344 );
#5905 = VERTEX_POINT( '', #7345 );
#5906 = VERTEX_POINT( '', #7346 );
#5907 = LINE( '', #7347, #7348 );
#5908 = VERTEX_POINT( '', #7349 );
#5909 = LINE( '', #7350, #7351 );
#5910 = VERTEX_POINT( '', #7352 );
#5911 = LINE( '', #7353, #7354 );
#5912 = LINE( '', #7355, #7356 );
#5913 = FILL_AREA_STYLE_COLOUR( '', #7357 );
#5914 = VERTEX_POINT( '', #7358 );
#5915 = LINE( '', #7359, #7360 );
#5916 = LINE( '', #7361, #7362 );
#5917 = FILL_AREA_STYLE_COLOUR( '', #7363 );
#5918 = VERTEX_POINT( '', #7364 );
#5919 = VERTEX_POINT( '', #7365 );
#5920 = LINE( '', #7366, #7367 );
#5921 = VERTEX_POINT( '', #7368 );
#5922 = LINE( '', #7369, #7370 );
#5923 = VERTEX_POINT( '', #7371 );
#5924 = LINE( '', #7372, #7373 );
#5925 = LINE( '', #7374, #7375 );
#5926 = FILL_AREA_STYLE_COLOUR( '', #7376 );
#5927 = LINE( '', #7377, #7378 );
#5928 = FILL_AREA_STYLE_COLOUR( '', #7379 );
#5929 = VERTEX_POINT( '', #7380 );
#5930 = VERTEX_POINT( '', #7381 );
#5931 = LINE( '', #7382, #7383 );
#5932 = LINE( '', #7384, #7385 );
#5933 = LINE( '', #7386, #7387 );
#5934 = FILL_AREA_STYLE_COLOUR( '', #7388 );
#5935 = VERTEX_POINT( '', #7389 );
#5936 = CIRCLE( '', #7390, 2.30000000000000 );
#5937 = VERTEX_POINT( '', #7391 );
#5938 = CIRCLE( '', #7392, 1.89803373858627 );
#5939 = FILL_AREA_STYLE_COLOUR( '', #7393 );
#5940 = VERTEX_POINT( '', #7394 );
#5941 = VERTEX_POINT( '', #7395 );
#5942 = CIRCLE( '', #7396, 1.85000000000000 );
#5943 = LINE( '', #7397, #7398 );
#5944 = LINE( '', #7399, #7400 );
#5945 = FILL_AREA_STYLE_COLOUR( '', #7401 );
#5946 = VERTEX_POINT( '', #7402 );
#5947 = VERTEX_POINT( '', #7403 );
#5948 = LINE( '', #7404, #7405 );
#5949 = VERTEX_POINT( '', #7406 );
#5950 = CIRCLE( '', #7407, 57.6000000000000 );
#5951 = VERTEX_POINT( '', #7408 );
#5952 = LINE( '', #7409, #7410 );
#5953 = CIRCLE( '', #7411, 57.6000000000000 );
#5954 = VERTEX_POINT( '', #7412 );
#5955 = CIRCLE( '', #7413, 57.6000000000000 );
#5956 = VERTEX_POINT( '', #7414 );
#5957 = LINE( '', #7415, #7416 );
#5958 = CIRCLE( '', #7417, 57.6000000000000 );
#5959 = FILL_AREA_STYLE_COLOUR( '', #7418 );
#5960 = VERTEX_POINT( '', #7419 );
#5961 = LINE( '', #7420, #7421 );
#5962 = LINE( '', #7422, #7423 );
#5963 = FILL_AREA_STYLE_COLOUR( '', #7424 );
#5964 = VERTEX_POINT( '', #7425 );
#5965 = VERTEX_POINT( '', #7426 );
#5966 = LINE( '', #7427, #7428 );
#5967 = VERTEX_POINT( '', #7429 );
#5968 = LINE( '', #7430, #7431 );
#5969 = VERTEX_POINT( '', #7432 );
#5970 = LINE( '', #7433, #7434 );
#5971 = LINE( '', #7435, #7436 );
#5972 = FILL_AREA_STYLE_COLOUR( '', #7437 );
#5973 = VERTEX_POINT( '', #7438 );
#5974 = LINE( '', #7439, #7440 );
#5975 = VERTEX_POINT( '', #7441 );
#5976 = LINE( '', #7442, #7443 );
#5977 = LINE( '', #7444, #7445 );
#5978 = FILL_AREA_STYLE_COLOUR( '', #7446 );
#5979 = VERTEX_POINT( '', #7447 );
#5980 = VERTEX_POINT( '', #7448 );
#5981 = LINE( '', #7449, #7450 );
#5982 = VERTEX_POINT( '', #7451 );
#5983 = LINE( '', #7452, #7453 );
#5984 = VERTEX_POINT( '', #7454 );
#5985 = LINE( '', #7455, #7456 );
#5986 = VERTEX_POINT( '', #7457 );
#5987 = LINE( '', #7458, #7459 );
#5988 = VERTEX_POINT( '', #7460 );
#5989 = LINE( '', #7461, #7462 );
#5990 = LINE( '', #7463, #7464 );
#5991 = FILL_AREA_STYLE_COLOUR( '', #7465 );
#5992 = VERTEX_POINT( '', #7466 );
#5993 = VERTEX_POINT( '', #7467 );
#5994 = LINE( '', #7468, #7469 );
#5995 = CIRCLE( '', #7470, 1.85000000000000 );
#5996 = FILL_AREA_STYLE_COLOUR( '', #7471 );
#5997 = VERTEX_POINT( '', #7472 );
#5998 = VERTEX_POINT( '', #7473 );
#5999 = LINE( '', #7474, #7475 );
#6000 = VERTEX_POINT( '', #7476 );
#6001 = LINE( '', #7477, #7478 );
#6002 = VERTEX_POINT( '', #7479 );
#6003 = LINE( '', #7480, #7481 );
#6004 = LINE( '', #7482, #7483 );
#6005 = FILL_AREA_STYLE_COLOUR( '', #7484 );
#6006 = VERTEX_POINT( '', #7485 );
#6007 = VERTEX_POINT( '', #7486 );
#6008 = LINE( '', #7487, #7488 );
#6009 = VERTEX_POINT( '', #7489 );
#6010 = LINE( '', #7490, #7491 );
#6011 = VERTEX_POINT( '', #7492 );
#6012 = LINE( '', #7493, #7494 );
#6013 = LINE( '', #7495, #7496 );
#6014 = FILL_AREA_STYLE_COLOUR( '', #7497 );
#6015 = VERTEX_POINT( '', #7498 );
#6016 = VERTEX_POINT( '', #7499 );
#6017 = LINE( '', #7500, #7501 );
#6018 = CIRCLE( '', #7502, 2.30000000000000 );
#6019 = LINE( '', #7503, #7504 );
#6020 = FILL_AREA_STYLE_COLOUR( '', #7505 );
#6021 = VERTEX_POINT( '', #7506 );
#6022 = VERTEX_POINT( '', #7507 );
#6023 = LINE( '', #7508, #7509 );
#6024 = VERTEX_POINT( '', #7510 );
#6025 = LINE( '', #7511, #7512 );
#6026 = VERTEX_POINT( '', #7513 );
#6027 = LINE( '', #7514, #7515 );
#6028 = LINE( '', #7516, #7517 );
#6029 = FILL_AREA_STYLE_COLOUR( '', #7518 );
#6030 = VERTEX_POINT( '', #7519 );
#6031 = VERTEX_POINT( '', #7520 );
#6032 = LINE( '', #7521, #7522 );
#6033 = LINE( '', #7523, #7524 );
#6034 = LINE( '', #7525, #7526 );
#6035 = FILL_AREA_STYLE_COLOUR( '', #7527 );
#6036 = LINE( '', #7528, #7529 );
#6037 = LINE( '', #7530, #7531 );
#6038 = FILL_AREA_STYLE_COLOUR( '', #7532 );
#6039 = VERTEX_POINT( '', #7533 );
#6040 = LINE( '', #7534, #7535 );
#6041 = VERTEX_POINT( '', #7536 );
#6042 = LINE( '', #7537, #7538 );
#6043 = LINE( '', #7539, #7540 );
#6044 = FILL_AREA_STYLE_COLOUR( '', #7541 );
#6045 = LINE( '', #7542, #7543 );
#6046 = FILL_AREA_STYLE_COLOUR( '', #7544 );
#6047 = VERTEX_POINT( '', #7545 );
#6048 = LINE( '', #7546, #7547 );
#6049 = VERTEX_POINT( '', #7548 );
#6050 = LINE( '', #7549, #7550 );
#6051 = LINE( '', #7551, #7552 );
#6052 = LINE( '', #7553, #7554 );
#6053 = FILL_AREA_STYLE_COLOUR( '', #7555 );
#6054 = LINE( '', #7556, #7557 );
#6055 = LINE( '', #7558, #7559 );
#6056 = FILL_AREA_STYLE_COLOUR( '', #7560 );
#6057 = VERTEX_POINT( '', #7561 );
#6058 = VERTEX_POINT( '', #7562 );
#6059 = LINE( '', #7563, #7564 );
#6060 = VERTEX_POINT( '', #7565 );
#6061 = LINE( '', #7566, #7567 );
#6062 = VERTEX_POINT( '', #7568 );
#6063 = LINE( '', #7569, #7570 );
#6064 = LINE( '', #7571, #7572 );
#6065 = FILL_AREA_STYLE_COLOUR( '', #7573 );
#6066 = VERTEX_POINT( '', #7574 );
#6067 = LINE( '', #7575, #7576 );
#6068 = VERTEX_POINT( '', #7577 );
#6069 = LINE( '', #7578, #7579 );
#6070 = LINE( '', #7580, #7581 );
#6071 = FILL_AREA_STYLE_COLOUR( '', #7582 );
#6072 = VERTEX_POINT( '', #7583 );
#6073 = VERTEX_POINT( '', #7584 );
#6074 = LINE( '', #7585, #7586 );
#6075 = VERTEX_POINT( '', #7587 );
#6076 = LINE( '', #7588, #7589 );
#6077 = VERTEX_POINT( '', #7590 );
#6078 = LINE( '', #7591, #7592 );
#6079 = VERTEX_POINT( '', #7593 );
#6080 = CIRCLE( '', #7594, 1.00000000000000 );
#6081 = VERTEX_POINT( '', #7595 );
#6082 = LINE( '', #7596, #7597 );
#6083 = CIRCLE( '', #7598, 1.00000000000000 );
#6084 = FILL_AREA_STYLE_COLOUR( '', #7599 );
#6085 = VERTEX_POINT( '', #7600 );
#6086 = LINE( '', #7601, #7602 );
#6087 = VERTEX_POINT( '', #7603 );
#6088 = LINE( '', #7604, #7605 );
#6089 = LINE( '', #7606, #7607 );
#6090 = FILL_AREA_STYLE_COLOUR( '', #7608 );
#6091 = FILL_AREA_STYLE_COLOUR( '', #7609 );
#6092 = VERTEX_POINT( '', #7610 );
#6093 = LINE( '', #7611, #7612 );
#6094 = VERTEX_POINT( '', #7613 );
#6095 = LINE( '', #7614, #7615 );
#6096 = LINE( '', #7616, #7617 );
#6097 = FILL_AREA_STYLE_COLOUR( '', #7618 );
#6098 = VERTEX_POINT( '', #7619 );
#6099 = LINE( '', #7620, #7621 );
#6100 = ELLIPSE( '', #7622, 1.06417777247591, 1.00000000000000 );
#6101 = ELLIPSE( '', #7623, 1.06417777247591, 1.00000000000000 );
#6102 = FILL_AREA_STYLE_COLOUR( '', #7624 );
#6103 = VERTEX_POINT( '', #7625 );
#6104 = LINE( '', #7626, #7627 );
#6105 = LINE( '', #7628, #7629 );
#6106 = FILL_AREA_STYLE_COLOUR( '', #7630 );
#6107 = LINE( '', #7631, #7632 );
#6108 = FILL_AREA_STYLE_COLOUR( '', #7633 );
#6109 = VERTEX_POINT( '', #7634 );
#6110 = LINE( '', #7635, #7636 );
#6111 = LINE( '', #7637, #7638 );
#6112 = FILL_AREA_STYLE_COLOUR( '', #7639 );
#6113 = VERTEX_POINT( '', #7640 );
#6114 = LINE( '', #7641, #7642 );
#6115 = VERTEX_POINT( '', #7643 );
#6116 = LINE( '', #7644, #7645 );
#6117 = VERTEX_POINT( '', #7646 );
#6118 = LINE( '', #7647, #7648 );
#6119 = LINE( '', #7649, #7650 );
#6120 = FILL_AREA_STYLE_COLOUR( '', #7651 );
#6121 = FILL_AREA_STYLE_COLOUR( '', #7652 );
#6122 = VERTEX_POINT( '', #7653 );
#6123 = VERTEX_POINT( '', #7654 );
#6124 = LINE( '', #7655, #7656 );
#6125 = VERTEX_POINT( '', #7657 );
#6126 = LINE( '', #7658, #7659 );
#6127 = VERTEX_POINT( '', #7660 );
#6128 = LINE( '', #7661, #7662 );
#6129 = LINE( '', #7663, #7664 );
#6130 = FILL_AREA_STYLE_COLOUR( '', #7665 );
#6131 = VERTEX_POINT( '', #7666 );
#6132 = LINE( '', #7667, #7668 );
#6133 = CIRCLE( '', #7669, 1.85000000000000 );
#6134 = FILL_AREA_STYLE_COLOUR( '', #7670 );
#6135 = VERTEX_POINT( '', #7671 );
#6136 = CIRCLE( '', #7672, 1.85000000000000 );
#6137 = CIRCLE( '', #7673, 1.85000000000000 );
#6138 = VERTEX_POINT( '', #7674 );
#6139 = CIRCLE( '', #7675, 1.89803373858627 );
#6140 = FILL_AREA_STYLE_COLOUR( '', #7676 );
#6141 = VERTEX_POINT( '', #7677 );
#6142 = LINE( '', #7678, #7679 );
#6143 = VERTEX_POINT( '', #7680 );
#6144 = LINE( '', #7681, #7682 );
#6145 = LINE( '', #7683, #7684 );
#6146 = FILL_AREA_STYLE_COLOUR( '', #7685 );
#6147 = VERTEX_POINT( '', #7686 );
#6148 = VERTEX_POINT( '', #7687 );
#6149 = LINE( '', #7688, #7689 );
#6150 = VERTEX_POINT( '', #7690 );
#6151 = CIRCLE( '', #7691, 0.240000000000000 );
#6152 = VERTEX_POINT( '', #7692 );
#6153 = LINE( '', #7693, #7694 );
#6154 = CIRCLE( '', #7695, 0.240000000000000 );
#6155 = FILL_AREA_STYLE_COLOUR( '', #7696 );
#6156 = VERTEX_POINT( '', #7697 );
#6157 = VERTEX_POINT( '', #7698 );
#6158 = LINE( '', #7699, #7700 );
#6159 = VERTEX_POINT( '', #7701 );
#6160 = LINE( '', #7702, #7703 );
#6161 = VERTEX_POINT( '', #7704 );
#6162 = LINE( '', #7705, #7706 );
#6163 = LINE( '', #7707, #7708 );
#6164 = FILL_AREA_STYLE_COLOUR( '', #7709 );
#6165 = VERTEX_POINT( '', #7710 );
#6166 = LINE( '', #7711, #7712 );
#6167 = VERTEX_POINT( '', #7713 );
#6168 = LINE( '', #7714, #7715 );
#6169 = LINE( '', #7716, #7717 );
#6170 = FILL_AREA_STYLE_COLOUR( '', #7718 );
#6171 = VERTEX_POINT( '', #7719 );
#6172 = LINE( '', #7720, #7721 );
#6173 = VERTEX_POINT( '', #7722 );
#6174 = LINE( '', #7723, #7724 );
#6175 = LINE( '', #7725, #7726 );
#6176 = FILL_AREA_STYLE_COLOUR( '', #7727 );
#6177 = VERTEX_POINT( '', #7728 );
#6178 = VERTEX_POINT( '', #7729 );
#6179 = LINE( '', #7730, #7731 );
#6180 = VERTEX_POINT( '', #7732 );
#6181 = LINE( '', #7733, #7734 );
#6182 = VERTEX_POINT( '', #7735 );
#6183 = LINE( '', #7736, #7737 );
#6184 = LINE( '', #7738, #7739 );
#6185 = FILL_AREA_STYLE_COLOUR( '', #7740 );
#6186 = VERTEX_POINT( '', #7741 );
#6187 = VERTEX_POINT( '', #7742 );
#6188 = LINE( '', #7743, #7744 );
#6189 = VERTEX_POINT( '', #7745 );
#6190 = LINE( '', #7746, #7747 );
#6191 = VERTEX_POINT( '', #7748 );
#6192 = LINE( '', #7749, #7750 );
#6193 = LINE( '', #7751, #7752 );
#6194 = FILL_AREA_STYLE_COLOUR( '', #7753 );
#6195 = VERTEX_POINT( '', #7754 );
#6196 = VERTEX_POINT( '', #7755 );
#6197 = LINE( '', #7756, #7757 );
#6198 = VERTEX_POINT( '', #7758 );
#6199 = CIRCLE( '', #7759, 2.30000000000000 );
#6200 = VERTEX_POINT( '', #7760 );
#6201 = LINE( '', #7761, #7762 );
#6202 = LINE( '', #7763, #7764 );
#6203 = FILL_AREA_STYLE_COLOUR( '', #7765 );
#6204 = VERTEX_POINT( '', #7766 );
#6205 = LINE( '', #7767, #7768 );
#6206 = VERTEX_POINT( '', #7769 );
#6207 = LINE( '', #7770, #7771 );
#6208 = LINE( '', #7772, #7773 );
#6209 = FILL_AREA_STYLE_COLOUR( '', #7774 );
#6210 = LINE( '', #7775, #7776 );
#6211 = FILL_AREA_STYLE_COLOUR( '', #7777 );
#6212 = VERTEX_POINT( '', #7778 );
#6213 = VERTEX_POINT( '', #7779 );
#6214 = LINE( '', #7780, #7781 );
#6215 = VERTEX_POINT( '', #7782 );
#6216 = CIRCLE( '', #7783, 2.30000000000000 );
#6217 = VERTEX_POINT( '', #7784 );
#6218 = LINE( '', #7785, #7786 );
#6219 = LINE( '', #7787, #7788 );
#6220 = FILL_AREA_STYLE_COLOUR( '', #7789 );
#6221 = VERTEX_POINT( '', #7790 );
#6222 = LINE( '', #7791, #7792 );
#6223 = LINE( '', #7793, #7794 );
#6224 = FILL_AREA_STYLE_COLOUR( '', #7795 );
#6225 = VERTEX_POINT( '', #7796 );
#6226 = LINE( '', #7797, #7798 );
#6227 = VERTEX_POINT( '', #7799 );
#6228 = LINE( '', #7800, #7801 );
#6229 = LINE( '', #7802, #7803 );
#6230 = FILL_AREA_STYLE_COLOUR( '', #7804 );
#6231 = VERTEX_POINT( '', #7805 );
#6232 = CIRCLE( '', #7806, 1.85000000000000 );
#6233 = VERTEX_POINT( '', #7807 );
#6234 = CIRCLE( '', #7808, 1.85000000000000 );
#6235 = CIRCLE( '', #7809, 1.85000000000000 );
#6236 = FILL_AREA_STYLE_COLOUR( '', #7810 );
#6237 = VERTEX_POINT( '', #7811 );
#6238 = LINE( '', #7812, #7813 );
#6239 = VERTEX_POINT( '', #7814 );
#6240 = LINE( '', #7815, #7816 );
#6241 = LINE( '', #7817, #7818 );
#6242 = FILL_AREA_STYLE_COLOUR( '', #7819 );
#6243 = VERTEX_POINT( '', #7820 );
#6244 = CIRCLE( '', #7821, 2.30000000000000 );
#6245 = VERTEX_POINT( '', #7822 );
#6246 = LINE( '', #7823, #7824 );
#6247 = LINE( '', #7825, #7826 );
#6248 = FILL_AREA_STYLE_COLOUR( '', #7827 );
#6249 = VERTEX_POINT( '', #7828 );
#6250 = LINE( '', #7829, #7830 );
#6251 = LINE( '', #7831, #7832 );
#6252 = FILL_AREA_STYLE_COLOUR( '', #7833 );
#6253 = VERTEX_POINT( '', #7834 );
#6254 = VERTEX_POINT( '', #7835 );
#6255 = LINE( '', #7836, #7837 );
#6256 = LINE( '', #7838, #7839 );
#6257 = VERTEX_POINT( '', #7840 );
#6258 = CIRCLE( '', #7841, 57.6000000000000 );
#6259 = VERTEX_POINT( '', #7842 );
#6260 = LINE( '', #7843, #7844 );
#6261 = LINE( '', #7845, #7846 );
#6262 = FILL_AREA_STYLE_COLOUR( '', #7847 );
#6263 = VERTEX_POINT( '', #7848 );
#6264 = LINE( '', #7849, #7850 );
#6265 = VERTEX_POINT( '', #7851 );
#6266 = LINE( '', #7852, #7853 );
#6267 = VERTEX_POINT( '', #7854 );
#6268 = LINE( '', #7855, #7856 );
#6269 = VERTEX_POINT( '', #7857 );
#6270 = LINE( '', #7858, #7859 );
#6271 = LINE( '', #7860, #7861 );
#6272 = FILL_AREA_STYLE_COLOUR( '', #7862 );
#6273 = VERTEX_POINT( '', #7863 );
#6274 = LINE( '', #7864, #7865 );
#6275 = LINE( '', #7866, #7867 );
#6276 = FILL_AREA_STYLE_COLOUR( '', #7868 );
#6277 = LINE( '', #7869, #7870 );
#6278 = LINE( '', #7871, #7872 );
#6279 = FILL_AREA_STYLE_COLOUR( '', #7873 );
#6280 = VERTEX_POINT( '', #7874 );
#6281 = VERTEX_POINT( '', #7875 );
#6282 = LINE( '', #7876, #7877 );
#6283 = LINE( '', #7878, #7879 );
#6284 = LINE( '', #7880, #7881 );
#6285 = FILL_AREA_STYLE_COLOUR( '', #7882 );
#6286 = LINE( '', #7883, #7884 );
#6287 = FILL_AREA_STYLE_COLOUR( '', #7885 );
#6288 = ELLIPSE( '', #7886, 6.72475012037513, 2.30000000000000 );
#6289 = ELLIPSE( '', #7887, 1.06417777247591, 1.00000000000000 );
#6290 = ELLIPSE( '', #7888, 1.06417777247591, 1.00000000000000 );
#6291 = FILL_AREA_STYLE_COLOUR( '', #7889 );
#6292 = LINE( '', #7890, #7891 );
#6293 = LINE( '', #7892, #7893 );
#6294 = FILL_AREA_STYLE_COLOUR( '', #7894 );
#6295 = LINE( '', #7895, #7896 );
#6296 = FILL_AREA_STYLE_COLOUR( '', #7897 );
#6297 = VERTEX_POINT( '', #7898 );
#6298 = VERTEX_POINT( '', #7899 );
#6299 = LINE( '', #7900, #7901 );
#6300 = VERTEX_POINT( '', #7902 );
#6301 = LINE( '', #7903, #7904 );
#6302 = VERTEX_POINT( '', #7905 );
#6303 = LINE( '', #7906, #7907 );
#6304 = LINE( '', #7908, #7909 );
#6305 = FILL_AREA_STYLE_COLOUR( '', #7910 );
#6306 = LINE( '', #7911, #7912 );
#6307 = FILL_AREA_STYLE_COLOUR( '', #7913 );
#6308 = LINE( '', #7914, #7915 );
#6309 = LINE( '', #7916, #7917 );
#6310 = FILL_AREA_STYLE_COLOUR( '', #7918 );
#6311 = VERTEX_POINT( '', #7919 );
#6312 = ELLIPSE( '', #7920, 6.72475012037513, 2.30000000000000 );
#6313 = VERTEX_POINT( '', #7921 );
#6314 = ELLIPSE( '', #7922, 6.72475012037502, 2.30000000000000 );
#6315 = CIRCLE( '', #7923, 2.30000000000000 );
#6316 = VERTEX_POINT( '', #7924 );
#6317 = CIRCLE( '', #7925, 2.30000000000000 );
#6318 = FILL_AREA_STYLE_COLOUR( '', #7926 );
#6319 = VERTEX_POINT( '', #7927 );
#6320 = LINE( '', #7928, #7929 );
#6321 = VERTEX_POINT( '', #7930 );
#6322 = LINE( '', #7931, #7932 );
#6323 = LINE( '', #7933, #7934 );
#6324 = FILL_AREA_STYLE_COLOUR( '', #7935 );
#6325 = FILL_AREA_STYLE_COLOUR( '', #7936 );
#6326 = LINE( '', #7937, #7938 );
#6327 = FILL_AREA_STYLE_COLOUR( '', #7939 );
#6328 = VERTEX_POINT( '', #7940 );
#6329 = VERTEX_POINT( '', #7941 );
#6330 = LINE( '', #7942, #7943 );
#6331 = LINE( '', #7944, #7945 );
#6332 = LINE( '', #7946, #7947 );
#6333 = FILL_AREA_STYLE_COLOUR( '', #7948 );
#6334 = LINE( '', #7949, #7950 );
#6335 = LINE( '', #7951, #7952 );
#6336 = LINE( '', #7953, #7954 );
#6337 = FILL_AREA_STYLE_COLOUR( '', #7955 );
#6338 = VERTEX_POINT( '', #7956 );
#6339 = LINE( '', #7957, #7958 );
#6340 = VERTEX_POINT( '', #7959 );
#6341 = LINE( '', #7960, #7961 );
#6342 = LINE( '', #7962, #7963 );
#6343 = FILL_AREA_STYLE_COLOUR( '', #7964 );
#6344 = VERTEX_POINT( '', #7965 );
#6345 = VERTEX_POINT( '', #7966 );
#6346 = LINE( '', #7967, #7968 );
#6347 = LINE( '', #7969, #7970 );
#6348 = LINE( '', #7971, #7972 );
#6349 = FILL_AREA_STYLE_COLOUR( '', #7973 );
#6350 = FILL_AREA_STYLE_COLOUR( '', #7974 );
#6351 = VERTEX_POINT( '', #7975 );
#6352 = ELLIPSE( '', #7976, 6.72475012037513, 2.30000000000000 );
#6353 = VERTEX_POINT( '', #7977 );
#6354 = ELLIPSE( '', #7978, 6.72475012037502, 2.30000000000000 );
#6355 = CIRCLE( '', #7979, 2.30000000000000 );
#6356 = VERTEX_POINT( '', #7980 );
#6357 = CIRCLE( '', #7981, 2.30000000000000 );
#6358 = FILL_AREA_STYLE_COLOUR( '', #7982 );
#6359 = VERTEX_POINT( '', #7983 );
#6360 = LINE( '', #7984, #7985 );
#6361 = LINE( '', #7986, #7987 );
#6362 = FILL_AREA_STYLE_COLOUR( '', #7988 );
#6363 = VERTEX_POINT( '', #7989 );
#6364 = VERTEX_POINT( '', #7990 );
#6365 = LINE( '', #7991, #7992 );
#6366 = CIRCLE( '', #7993, 0.240000000000000 );
#6367 = CIRCLE( '', #7994, 0.240000000000000 );
#6368 = FILL_AREA_STYLE_COLOUR( '', #7995 );
#6369 = FILL_AREA_STYLE_COLOUR( '', #7996 );
#6370 = VERTEX_POINT( '', #7997 );
#6371 = LINE( '', #7998, #7999 );
#6372 = LINE( '', #8000, #8001 );
#6373 = FILL_AREA_STYLE_COLOUR( '', #8002 );
#6374 = VERTEX_POINT( '', #8003 );
#6375 = LINE( '', #8004, #8005 );
#6376 = VERTEX_POINT( '', #8006 );
#6377 = LINE( '', #8007, #8008 );
#6378 = CIRCLE( '', #8009, 57.6000000000000 );
#6379 = FILL_AREA_STYLE_COLOUR( '', #8010 );
#6380 = VERTEX_POINT( '', #8011 );
#6381 = LINE( '', #8012, #8013 );
#6382 = LINE( '', #8014, #8015 );
#6383 = FILL_AREA_STYLE_COLOUR( '', #8016 );
#6384 = LINE( '', #8017, #8018 );
#6385 = LINE( '', #8019, #8020 );
#6386 = ELLIPSE( '', #8021, 1.06417777247591, 1.00000000000000 );
#6387 = VERTEX_POINT( '', #8022 );
#6388 = ELLIPSE( '', #8023, 1.06417777247591, 1.00000000000000 );
#6389 = LINE( '', #8024, #8025 );
#6390 = ELLIPSE( '', #8026, 1.06417777247591, 1.00000000000000 );
#6391 = VERTEX_POINT( '', #8027 );
#6392 = ELLIPSE( '', #8028, 1.06417777247591, 1.00000000000000 );
#6393 = LINE( '', #8029, #8030 );
#6394 = VERTEX_POINT( '', #8031 );
#6395 = LINE( '', #8032, #8033 );
#6396 = ELLIPSE( '', #8034, 1.06417777247591, 1.00000000000000 );
#6397 = VERTEX_POINT( '', #8035 );
#6398 = ELLIPSE( '', #8036, 1.06417777247591, 1.00000000000000 );
#6399 = LINE( '', #8037, #8038 );
#6400 = FILL_AREA_STYLE_COLOUR( '', #8039 );
#6401 = VERTEX_POINT( '', #8040 );
#6402 = LINE( '', #8041, #8042 );
#6403 = LINE( '', #8043, #8044 );
#6404 = FILL_AREA_STYLE_COLOUR( '', #8045 );
#6405 = VERTEX_POINT( '', #8046 );
#6406 = LINE( '', #8047, #8048 );
#6407 = VERTEX_POINT( '', #8049 );
#6408 = LINE( '', #8050, #8051 );
#6409 = LINE( '', #8052, #8053 );
#6410 = FILL_AREA_STYLE_COLOUR( '', #8054 );
#6411 = VERTEX_POINT( '', #8055 );
#6412 = LINE( '', #8056, #8057 );
#6413 = LINE( '', #8058, #8059 );
#6414 = FILL_AREA_STYLE_COLOUR( '', #8060 );
#6415 = VERTEX_POINT( '', #8061 );
#6416 = LINE( '', #8062, #8063 );
#6417 = LINE( '', #8064, #8065 );
#6418 = FILL_AREA_STYLE_COLOUR( '', #8066 );
#6419 = VERTEX_POINT( '', #8067 );
#6420 = CIRCLE( '', #8068, 0.240000000000000 );
#6421 = VERTEX_POINT( '', #8069 );
#6422 = LINE( '', #8070, #8071 );
#6423 = CIRCLE( '', #8072, 0.240000000000000 );
#6424 = FILL_AREA_STYLE_COLOUR( '', #8073 );
#6425 = VERTEX_POINT( '', #8074 );
#6426 = LINE( '', #8075, #8076 );
#6427 = LINE( '', #8077, #8078 );
#6428 = FILL_AREA_STYLE_COLOUR( '', #8079 );
#6429 = LINE( '', #8080, #8081 );
#6430 = LINE( '', #8082, #8083 );
#6431 = FILL_AREA_STYLE_COLOUR( '', #8084 );
#6432 = LINE( '', #8085, #8086 );
#6433 = LINE( '', #8087, #8088 );
#6434 = FILL_AREA_STYLE_COLOUR( '', #8089 );
#6435 = CIRCLE( '', #8090, 1.85000000000000 );
#6436 = FILL_AREA_STYLE_COLOUR( '', #8091 );
#6437 = LINE( '', #8092, #8093 );
#6438 = FILL_AREA_STYLE_COLOUR( '', #8094 );
#6439 = LINE( '', #8095, #8096 );
#6440 = CIRCLE( '', #8097, 57.6000000000000 );
#6441 = FILL_AREA_STYLE_COLOUR( '', #8098 );
#6442 = LINE( '', #8099, #8100 );
#6443 = LINE( '', #8101, #8102 );
#6444 = FILL_AREA_STYLE_COLOUR( '', #8103 );
#6445 = VERTEX_POINT( '', #8104 );
#6446 = VERTEX_POINT( '', #8105 );
#6447 = LINE( '', #8106, #8107 );
#6448 = LINE( '', #8108, #8109 );
#6449 = LINE( '', #8110, #8111 );
#6450 = FILL_AREA_STYLE_COLOUR( '', #8112 );
#6451 = CIRCLE( '', #8113, 1.85000000000000 );
#6452 = FILL_AREA_STYLE_COLOUR( '', #8114 );
#6453 = VERTEX_POINT( '', #8115 );
#6454 = VERTEX_POINT( '', #8116 );
#6455 = LINE( '', #8117, #8118 );
#6456 = VERTEX_POINT( '', #8119 );
#6457 = LINE( '', #8120, #8121 );
#6458 = VERTEX_POINT( '', #8122 );
#6459 = LINE( '', #8123, #8124 );
#6460 = LINE( '', #8125, #8126 );
#6461 = FILL_AREA_STYLE_COLOUR( '', #8127 );
#6462 = CIRCLE( '', #8128, 0.240000000000000 );
#6463 = LINE( '', #8129, #8130 );
#6464 = LINE( '', #8131, #8132 );
#6465 = VERTEX_POINT( '', #8133 );
#6466 = LINE( '', #8134, #8135 );
#6467 = LINE( '', #8136, #8137 );
#6468 = VERTEX_POINT( '', #8138 );
#6469 = CIRCLE( '', #8139, 57.6000000000000 );
#6470 = LINE( '', #8140, #8141 );
#6471 = LINE( '', #8142, #8143 );
#6472 = CIRCLE( '', #8144, 57.6000000000000 );
#6473 = CIRCLE( '', #8145, 57.6000000000000 );
#6474 = LINE( '', #8146, #8147 );
#6475 = LINE( '', #8148, #8149 );
#6476 = LINE( '', #8150, #8151 );
#6477 = LINE( '', #8152, #8153 );
#6478 = LINE( '', #8154, #8155 );
#6479 = VERTEX_POINT( '', #8156 );
#6480 = CIRCLE( '', #8157, 0.240000000000000 );
#6481 = LINE( '', #8158, #8159 );
#6482 = FILL_AREA_STYLE_COLOUR( '', #8160 );
#6483 = VERTEX_POINT( '', #8161 );
#6484 = LINE( '', #8162, #8163 );
#6485 = VERTEX_POINT( '', #8164 );
#6486 = LINE( '', #8165, #8166 );
#6487 = LINE( '', #8167, #8168 );
#6488 = FILL_AREA_STYLE_COLOUR( '', #8169 );
#6489 = CIRCLE( '', #8170, 1.85000000000000 );
#6490 = FILL_AREA_STYLE_COLOUR( '', #8171 );
#6491 = LINE( '', #8172, #8173 );
#6492 = LINE( '', #8174, #8175 );
#6493 = FILL_AREA_STYLE_COLOUR( '', #8176 );
#6494 = FILL_AREA_STYLE_COLOUR( '', #8177 );
#6495 = LINE( '', #8178, #8179 );
#6496 = FILL_AREA_STYLE_COLOUR( '', #8180 );
#6497 = LINE( '', #8181, #8182 );
#6498 = FILL_AREA_STYLE_COLOUR( '', #8183 );
#6499 = VERTEX_POINT( '', #8184 );
#6500 = LINE( '', #8185, #8186 );
#6501 = VERTEX_POINT( '', #8187 );
#6502 = CIRCLE( '', #8188, 57.6000000000000 );
#6503 = LINE( '', #8189, #8190 );
#6504 = FILL_AREA_STYLE_COLOUR( '', #8191 );
#6505 = LINE( '', #8192, #8193 );
#6506 = FILL_AREA_STYLE_COLOUR( '', #8194 );
#6507 = LINE( '', #8195, #8196 );
#6508 = LINE( '', #8197, #8198 );
#6509 = FILL_AREA_STYLE_COLOUR( '', #8199 );
#6510 = LINE( '', #8200, #8201 );
#6511 = FILL_AREA_STYLE_COLOUR( '', #8202 );
#6512 = LINE( '', #8203, #8204 );
#6513 = FILL_AREA_STYLE_COLOUR( '', #8205 );
#6514 = ELLIPSE( '', #8206, 1.06417777247591, 1.00000000000000 );
#6515 = FILL_AREA_STYLE_COLOUR( '', #8207 );
#6516 = CIRCLE( '', #8208, 1.85000000000000 );
#6517 = CIRCLE( '', #8209, 1.85000000000000 );
#6518 = FILL_AREA_STYLE_COLOUR( '', #8210 );
#6519 = VERTEX_POINT( '', #8211 );
#6520 = CIRCLE( '', #8212, 1.89803373858627 );
#6521 = FILL_AREA_STYLE_COLOUR( '', #8213 );
#6522 = LINE( '', #8214, #8215 );
#6523 = LINE( '', #8216, #8217 );
#6524 = FILL_AREA_STYLE_COLOUR( '', #8218 );
#6525 = LINE( '', #8219, #8220 );
#6526 = FILL_AREA_STYLE_COLOUR( '', #8221 );
#6527 = FILL_AREA_STYLE_COLOUR( '', #8222 );
#6528 = FILL_AREA_STYLE_COLOUR( '', #8223 );
#6529 = LINE( '', #8224, #8225 );
#6530 = FILL_AREA_STYLE_COLOUR( '', #8226 );
#6531 = LINE( '', #8227, #8228 );
#6532 = FILL_AREA_STYLE_COLOUR( '', #8229 );
#6533 = FILL_AREA_STYLE_COLOUR( '', #8230 );
#6534 = LINE( '', #8231, #8232 );
#6535 = FILL_AREA_STYLE_COLOUR( '', #8233 );
#6536 = VERTEX_POINT( '', #8234 );
#6537 = LINE( '', #8235, #8236 );
#6538 = LINE( '', #8237, #8238 );
#6539 = FILL_AREA_STYLE_COLOUR( '', #8239 );
#6540 = LINE( '', #8240, #8241 );
#6541 = LINE( '', #8242, #8243 );
#6542 = LINE( '', #8244, #8245 );
#6543 = FILL_AREA_STYLE_COLOUR( '', #8246 );
#6544 = CIRCLE( '', #8247, 1.85000000000000 );
#6545 = FILL_AREA_STYLE_COLOUR( '', #8248 );
#6546 = LINE( '', #8249, #8250 );
#6547 = FILL_AREA_STYLE_COLOUR( '', #8251 );
#6548 = LINE( '', #8252, #8253 );
#6549 = FILL_AREA_STYLE_COLOUR( '', #8254 );
#6550 = LINE( '', #8255, #8256 );
#6551 = FILL_AREA_STYLE_COLOUR( '', #8257 );
#6552 = VERTEX_POINT( '', #8258 );
#6553 = LINE( '', #8259, #8260 );
#6554 = LINE( '', #8261, #8262 );
#6555 = FILL_AREA_STYLE_COLOUR( '', #8263 );
#6556 = VERTEX_POINT( '', #8264 );
#6557 = LINE( '', #8265, #8266 );
#6558 = LINE( '', #8267, #8268 );
#6559 = FILL_AREA_STYLE_COLOUR( '', #8269 );
#6560 = VERTEX_POINT( '', #8270 );
#6561 = LINE( '', #8271, #8272 );
#6562 = LINE( '', #8273, #8274 );
#6563 = FILL_AREA_STYLE_COLOUR( '', #8275 );
#6564 = FILL_AREA_STYLE_COLOUR( '', #8276 );
#6565 = LINE( '', #8277, #8278 );
#6566 = FILL_AREA_STYLE_COLOUR( '', #8279 );
#6567 = VERTEX_POINT( '', #8280 );
#6568 = LINE( '', #8281, #8282 );
#6569 = LINE( '', #8283, #8284 );
#6570 = FILL_AREA_STYLE_COLOUR( '', #8285 );
#6571 = VERTEX_POINT( '', #8286 );
#6572 = LINE( '', #8287, #8288 );
#6573 = VERTEX_POINT( '', #8289 );
#6574 = LINE( '', #8290, #8291 );
#6575 = LINE( '', #8292, #8293 );
#6576 = FILL_AREA_STYLE_COLOUR( '', #8294 );
#6577 = LINE( '', #8295, #8296 );
#6578 = FILL_AREA_STYLE_COLOUR( '', #8297 );
#6579 = VERTEX_POINT( '', #8298 );
#6580 = LINE( '', #8299, #8300 );
#6581 = VERTEX_POINT( '', #8301 );
#6582 = LINE( '', #8302, #8303 );
#6583 = LINE( '', #8304, #8305 );
#6584 = FILL_AREA_STYLE_COLOUR( '', #8306 );
#6585 = LINE( '', #8307, #8308 );
#6586 = FILL_AREA_STYLE_COLOUR( '', #8309 );
#6587 = ELLIPSE( '', #8310, 1.06417777247591, 1.00000000000000 );
#6588 = FILL_AREA_STYLE_COLOUR( '', #8311 );
#6589 = LINE( '', #8312, #8313 );
#6590 = FILL_AREA_STYLE_COLOUR( '', #8314 );
#6591 = FILL_AREA_STYLE_COLOUR( '', #8315 );
#6592 = FILL_AREA_STYLE_COLOUR( '', #8316 );
#6593 = FILL_AREA_STYLE_COLOUR( '', #8317 );
#6594 = FILL_AREA_STYLE_COLOUR( '', #8318 );
#6595 = CIRCLE( '', #8319, 1.85000000000000 );
#6596 = FILL_AREA_STYLE_COLOUR( '', #8320 );
#6597 = FILL_AREA_STYLE_COLOUR( '', #8321 );
#6598 = CIRCLE( '', #8322, 1.85000000000000 );
#6599 = FILL_AREA_STYLE_COLOUR( '', #8323 );
#6600 = FILL_AREA_STYLE_COLOUR( '', #8324 );
#6601 = VERTEX_POINT( '', #8325 );
#6602 = ELLIPSE( '', #8326, 1.06417777247591, 1.00000000000000 );
#6603 = LINE( '', #8327, #8328 );
#6604 = FILL_AREA_STYLE_COLOUR( '', #8329 );
#6605 = ELLIPSE( '', #8330, 1.06417777247591, 1.00000000000000 );
#6606 = ELLIPSE( '', #8331, 1.06417777247591, 1.00000000000000 );
#6607 = ELLIPSE( '', #8332, 1.06417777247591, 1.00000000000000 );
#6608 = LINE( '', #8333, #8334 );
#6609 = LINE( '', #8335, #8336 );
#6610 = FILL_AREA_STYLE_COLOUR( '', #8337 );
#6611 = LINE( '', #8338, #8339 );
#6612 = FILL_AREA_STYLE_COLOUR( '', #8340 );
#6613 = LINE( '', #8341, #8342 );
#6614 = FILL_AREA_STYLE_COLOUR( '', #8343 );
#6615 = FILL_AREA_STYLE_COLOUR( '', #8344 );
#6616 = LINE( '', #8345, #8346 );
#6617 = LINE( '', #8347, #8348 );
#6618 = FILL_AREA_STYLE_COLOUR( '', #8349 );
#6619 = LINE( '', #8350, #8351 );
#6620 = FILL_AREA_STYLE_COLOUR( '', #8352 );
#6621 = FILL_AREA_STYLE_COLOUR( '', #8353 );
#6622 = LINE( '', #8354, #8355 );
#6623 = FILL_AREA_STYLE_COLOUR( '', #8356 );
#6624 = LINE( '', #8357, #8358 );
#6625 = FILL_AREA_STYLE_COLOUR( '', #8359 );
#6626 = LINE( '', #8360, #8361 );
#6627 = FILL_AREA_STYLE_COLOUR( '', #8362 );
#6628 = FILL_AREA_STYLE_COLOUR( '', #8363 );
#6629 = CIRCLE( '', #8364, 57.6000000000000 );
#6630 = FILL_AREA_STYLE_COLOUR( '', #8365 );
#6631 = CIRCLE( '', #8366, 57.6000000000000 );
#6632 = VERTEX_POINT( '', #8367 );
#6633 = LINE( '', #8368, #8369 );
#6634 = CIRCLE( '', #8370, 0.240000000000000 );
#6635 = CIRCLE( '', #8371, 57.6000000000000 );
#6636 = CIRCLE( '', #8372, 57.6000000000000 );
#6637 = CIRCLE( '', #8373, 0.240000000000000 );
#6638 = LINE( '', #8374, #8375 );
#6639 = LINE( '', #8376, #8377 );
#6640 = FILL_AREA_STYLE_COLOUR( '', #8378 );
#6641 = FILL_AREA_STYLE_COLOUR( '', #8379 );
#6642 = FILL_AREA_STYLE_COLOUR( '', #8380 );
#6643 = FILL_AREA_STYLE_COLOUR( '', #8381 );
#6644 = FILL_AREA_STYLE_COLOUR( '', #8382 );
#6645 = CIRCLE( '', #8383, 1.85000000000000 );
#6646 = FILL_AREA_STYLE_COLOUR( '', #8384 );
#6647 = FILL_AREA_STYLE_COLOUR( '', #8385 );
#6648 = FILL_AREA_STYLE_COLOUR( '', #8386 );
#6649 = FILL_AREA_STYLE_COLOUR( '', #8387 );
#6650 = FILL_AREA_STYLE_COLOUR( '', #8388 );
#6651 = FILL_AREA_STYLE_COLOUR( '', #8389 );
#6652 = FILL_AREA_STYLE_COLOUR( '', #8390 );
#6653 = FILL_AREA_STYLE_COLOUR( '', #8391 );
#6654 = FILL_AREA_STYLE_COLOUR( '', #8392 );
#6655 = LINE( '', #8393, #8394 );
#6656 = FILL_AREA_STYLE_COLOUR( '', #8395 );
#6657 = FILL_AREA_STYLE_COLOUR( '', #8396 );
#6658 = FILL_AREA_STYLE_COLOUR( '', #8397 );
#6659 = FILL_AREA_STYLE_COLOUR( '', #8398 );
#6660 = FILL_AREA_STYLE_COLOUR( '', #8399 );
#6661 = FILL_AREA_STYLE_COLOUR( '', #8400 );
#6662 = FILL_AREA_STYLE_COLOUR( '', #8401 );
#6663 = FILL_AREA_STYLE_COLOUR( '', #8402 );
#6664 = FILL_AREA_STYLE_COLOUR( '', #8403 );
#6665 = COLOUR_RGB( '', 0.568627476692200, 0.568627476692200, 0.568627476692200 );
#6666 = CARTESIAN_POINT( '', ( 10.3633821405592, 0.851389524671822, 7.25000000000000 ) );
#6667 = CARTESIAN_POINT( '', ( 10.3633821405592, -0.851389524671822, 7.25000000000000 ) );
#6668 = AXIS2_PLACEMENT_3D( '', #8404, #8405, #8406 );
#6669 = CARTESIAN_POINT( '', ( 14.6366178594397, -0.851389524671792, 7.25000000000000 ) );
#6670 = AXIS2_PLACEMENT_3D( '', #8407, #8408, #8409 );
#6671 = CARTESIAN_POINT( '', ( 14.6366178594397, 0.851389524671796, 7.25000000000000 ) );
#6672 = AXIS2_PLACEMENT_3D( '', #8410, #8411, #8412 );
#6673 = AXIS2_PLACEMENT_3D( '', #8413, #8414, #8415 );
#6674 = CARTESIAN_POINT( '', ( 14.7999999999994, 0.000000000000000, 9.25000000000000 ) );
#6675 = AXIS2_PLACEMENT_3D( '', #8416, #8417, #8418 );
#6676 = COLOUR_RGB( '', 0.949019610881805, 0.949019610881805, 0.949019610881805 );
#6677 = CARTESIAN_POINT( '', ( -2.90000000000021, 1.80623918681884, 6.79000000000000 ) );
#6678 = CARTESIAN_POINT( '', ( -2.10000000000020, 1.80623918681885, 6.79000000000000 ) );
#6679 = AXIS2_PLACEMENT_3D( '', #8419, #8420, #8421 );
#6680 = CARTESIAN_POINT( '', ( -2.90000000000021, -1.80623918681885, 6.79000000000000 ) );
#6681 = CARTESIAN_POINT( '', ( -2.90000000000021, 1.80623918681884, 6.79000000000000 ) );
#6682 = VECTOR( '', #8422, 1000.00000000000 );
#6683 = CARTESIAN_POINT( '', ( -2.10000000000020, -1.80623918681884, 6.79000000000000 ) );
#6684 = AXIS2_PLACEMENT_3D( '', #8423, #8424, #8425 );
#6685 = CARTESIAN_POINT( '', ( -2.10000000000020, 1.80623918681885, 6.79000000000000 ) );
#6686 = VECTOR( '', #8426, 1000.00000000000 );
#6687 = COLOUR_RGB( '', 0.568627476692200, 0.568627476692200, 0.568627476692200 );
#6688 = CARTESIAN_POINT( '', ( 0.699999999999677, 4.25000000000000, -6.20000000000000 ) );
#6689 = CARTESIAN_POINT( '', ( -0.700000000000221, 4.25000000000000, -6.20000000000000 ) );
#6690 = CARTESIAN_POINT( '', ( 15.0000000000000, 4.25000000000000, -6.20000000000000 ) );
#6691 = VECTOR( '', #8427, 1000.00000000000 );
#6692 = CARTESIAN_POINT( '', ( 0.699999999999677, -4.25000000000000, -6.20000000000000 ) );
#6693 = CARTESIAN_POINT( '', ( 0.699999999999677, -4.25000000000000, -6.20000000000000 ) );
#6694 = VECTOR( '', #8428, 1000.00000000000 );
#6695 = CARTESIAN_POINT( '', ( -0.700000000000221, -4.25000000000000, -6.20000000000000 ) );
#6696 = CARTESIAN_POINT( '', ( 15.0000000000000, -4.25000000000000, -6.20000000000000 ) );
#6697 = VECTOR( '', #8429, 1000.00000000000 );
#6698 = CARTESIAN_POINT( '', ( -0.700000000000225, -4.25000000000000, -6.20000000000000 ) );
#6699 = VECTOR( '', #8430, 1000.00000000000 );
#6700 = COLOUR_RGB( '', 0.568627476692200, 0.568627476692200, 0.568627476692200 );
#6701 = CARTESIAN_POINT( '', ( 9.49985604872024, -4.25000000000000, -2.99985604872068 ) );
#6702 = CARTESIAN_POINT( '', ( 5.50014395127889, -4.25000000000000, -2.99985604872068 ) );
#6703 = CARTESIAN_POINT( '', ( 19.9999999999995, -4.25000000000000, -2.99985604872068 ) );
#6704 = VECTOR( '', #8431, 1000.00000000000 );
#6705 = CARTESIAN_POINT( '', ( 8.99999999999956, -2.75000000000000, -2.50000000000000 ) );
#6706 = CARTESIAN_POINT( '', ( 9.99952890522646, -5.74945026508654, -3.49952890522690 ) );
#6707 = VECTOR( '', #8432, 1000.00000000000 );
#6708 = CARTESIAN_POINT( '', ( 5.99999999999956, -2.75000000000000, -2.50000000000000 ) );
#6709 = CARTESIAN_POINT( '', ( 19.9999999999995, -2.75000000000000, -2.50000000000000 ) );
#6710 = VECTOR( '', #8433, 1000.00000000000 );
#6711 = CARTESIAN_POINT( '', ( 6.13629939616687, -2.34098405476093, -2.36370060383270 ) );
#6712 = VECTOR( '', #8434, 1000.00000000000 );
#6713 = COLOUR_RGB( '', 0.568627476692200, 0.568627476692200, 0.568627476692200 );
#6714 = CARTESIAN_POINT( '', ( 7.20999999999956, -0.350000000000000, -10.7000000000000 ) );
#6715 = CARTESIAN_POINT( '', ( 7.78999999999956, -0.350000000000000, -10.7000000000000 ) );
#6716 = CARTESIAN_POINT( '', ( 6.99999999999956, -0.350000000000000, -10.7000000000000 ) );
#6717 = VECTOR( '', #8435, 1000.00000000000 );
#6718 = CARTESIAN_POINT( '', ( 7.99999999999956, -0.350000000000000, -9.90000000000000 ) );
#6719 = CARTESIAN_POINT( '', ( 7.99999999999956, -0.350000000000000, -9.90000000000000 ) );
#6720 = VECTOR( '', #8436, 1000.00000000000 );
#6721 = CARTESIAN_POINT( '', ( 7.99999999999956, -0.350000000000000, -6.02867558779369 ) );
#6722 = CARTESIAN_POINT( '', ( 7.99999999999956, -0.350000000000000, 30.9669218061146 ) );
#6723 = VECTOR( '', #8437, 1000.00000000000 );
#6724 = CARTESIAN_POINT( '', ( 6.99999999999956, -0.349999999999996, -6.02867558779369 ) );
#6725 = AXIS2_PLACEMENT_3D( '', #8438, #8439, #8440 );
#6726 = CARTESIAN_POINT( '', ( 6.99999999999957, -0.350000000000000, -9.90000000000000 ) );
#6727 = CARTESIAN_POINT( '', ( 6.99999999999956, -0.350000000000000, 30.9669218061146 ) );
#6728 = VECTOR( '', #8441, 1000.00000000000 );
#6729 = CARTESIAN_POINT( '', ( 6.99999999999956, -0.350000000000000, -9.90000000000000 ) );
#6730 = VECTOR( '', #8442, 1000.00000000000 );
#6731 = COLOUR_RGB( '', 0.568627476692200, 0.568627476692200, 0.568627476692200 );
#6732 = CARTESIAN_POINT( '', ( 0.239090905823789, 4.25000000000000, -5.73913043478261 ) );
#6733 = CARTESIAN_POINT( '', ( 0.239090905823789, -4.25000000000000, -5.73913043478261 ) );
#6734 = CARTESIAN_POINT( '', ( 0.239090905823789, 30.5487887721775, -5.73913043478261 ) );
#6735 = VECTOR( '', #8443, 1000.00000000000 );
#6736 = CARTESIAN_POINT( '', ( 0.000000000000000, -4.25000000000000, -3.00000000000000 ) );
#6737 = CARTESIAN_POINT( '', ( 0.000000000000000, -4.25000000000000, -3.00000000000000 ) );
#6738 = VECTOR( '', #8444, 1000.00000000000 );
#6739 = CARTESIAN_POINT( '', ( 0.000000000000000, 4.25000000000000, -3.00000000000000 ) );
#6740 = CARTESIAN_POINT( '', ( 0.000000000000000, 30.5487887721775, -3.00000000000000 ) );
#6741 = VECTOR( '', #8445, 1000.00000000000 );
#6742 = CARTESIAN_POINT( '', ( -0.259881419373683, 4.25000000000000, -0.0226843100189047 ) );
#6743 = VECTOR( '', #8446, 1000.00000000000 );
#6744 = COLOUR_RGB( '', 0.568627476692200, 0.568627476692200, 0.568627476692200 );
#6745 = CARTESIAN_POINT( '', ( -2.10000000000020, -1.80623918681884, 7.70000000000000 ) );
#6746 = CARTESIAN_POINT( '', ( -2.90000000000021, -1.80623918681885, 7.70000000000000 ) );
#6747 = AXIS2_PLACEMENT_3D( '', #8447, #8448, #8449 );
#6748 = CARTESIAN_POINT( '', ( -2.90000000000021, 1.80623918681885, 7.70000000000000 ) );
#6749 = AXIS2_PLACEMENT_3D( '', #8450, #8451, #8452 );
#6750 = CARTESIAN_POINT( '', ( -2.10000000000020, 1.80623918681885, 7.70000000000000 ) );
#6751 = AXIS2_PLACEMENT_3D( '', #8453, #8454, #8455 );
#6752 = AXIS2_PLACEMENT_3D( '', #8456, #8457, #8458 );
#6753 = CARTESIAN_POINT( '', ( -4.39803373858649, 0.000000000000000, 9.25000000000000 ) );
#6754 = AXIS2_PLACEMENT_3D( '', #8459, #8460, #8461 );
#6755 = COLOUR_RGB( '', 0.568627476692200, 0.568627476692200, 0.568627476692200 );
#6756 = CARTESIAN_POINT( '', ( -13.9000000000000, -2.75000000000000, 0.499999999999991 ) );
#6757 = CARTESIAN_POINT( '', ( -13.9000000000000, -2.75000000000000, -2.10000000000000 ) );
#6758 = CARTESIAN_POINT( '', ( -13.9000000000000, -2.75000000000000, 0.499999999999991 ) );
#6759 = VECTOR( '', #8462, 1000.00000000000 );
#6760 = CARTESIAN_POINT( '', ( -13.9000000000000, 3.45000000000000, -2.10000000000000 ) );
#6761 = CARTESIAN_POINT( '', ( -13.9000000000000, 3.45000000000000, -2.10000000000000 ) );
#6762 = VECTOR( '', #8463, 1000.00000000000 );
#6763 = CARTESIAN_POINT( '', ( -13.9000000000000, 3.45000000000000, 0.499999999999991 ) );
#6764 = CARTESIAN_POINT( '', ( -13.9000000000000, 3.45000000000000, 0.499999999999991 ) );
#6765 = VECTOR( '', #8464, 1000.00000000000 );
#6766 = CARTESIAN_POINT( '', ( -13.9000000000000, 3.45000000000000, 0.499999999999991 ) );
#6767 = VECTOR( '', #8465, 1000.00000000000 );
#6768 = COLOUR_RGB( '', 0.568627476692200, 0.568627476692200, 0.568627476692200 );
#6769 = CARTESIAN_POINT( '', ( -12.7900000000000, 0.350000000000000, -10.7000000000000 ) );
#6770 = CARTESIAN_POINT( '', ( -13.0000000000000, 0.350000000000000, -9.90000000000000 ) );
#6771 = CARTESIAN_POINT( '', ( -13.0000000000000, 0.350000000000000, -9.90000000000000 ) );
#6772 = VECTOR( '', #8466, 1000.00000000000 );
#6773 = CARTESIAN_POINT( '', ( -12.7900000000000, -0.350000000000000, -10.7000000000000 ) );
#6774 = CARTESIAN_POINT( '', ( -12.7900000000000, 0.000000000000000, -10.7000000000000 ) );
#6775 = VECTOR( '', #8467, 1000.00000000000 );
#6776 = CARTESIAN_POINT( '', ( -13.0000000000000, -0.350000000000000, -9.90000000000000 ) );
#6777 = CARTESIAN_POINT( '', ( -13.0000000000000, -0.350000000000000, -9.90000000000000 ) );
#6778 = VECTOR( '', #8468, 1000.00000000000 );
#6779 = CARTESIAN_POINT( '', ( -13.0000000000000, 0.350000000000000, -9.90000000000000 ) );
#6780 = VECTOR( '', #8469, 1000.00000000000 );
#6781 = COLOUR_RGB( '', 0.568627476692200, 0.568627476692200, 0.568627476692200 );
#6782 = CARTESIAN_POINT( '', ( 4.29999999999967, -4.25000000000000, -6.20000000000000 ) );
#6783 = CARTESIAN_POINT( '', ( 4.29999999999967, 4.25000000000000, -6.20000000000000 ) );
#6784 = CARTESIAN_POINT( '', ( 4.29999999999967, -4.25000000000000, -6.20000000000000 ) );
#6785 = VECTOR( '', #8470, 1000.00000000000 );
#6786 = CARTESIAN_POINT( '', ( 4.14499999999963, -4.25000000000000, -6.05000000000000 ) );
#6787 = CARTESIAN_POINT( '', ( 4.14499999999968, -4.25000000000000, -6.05000000000000 ) );
#6788 = VECTOR( '', #8471, 1000.00000000000 );
#6789 = CARTESIAN_POINT( '', ( 4.14499999999963, 4.25000000000000, -6.05000000000000 ) );
#6790 = CARTESIAN_POINT( '', ( 4.14499999999963, 32.7669218061146, -6.05000000000000 ) );
#6791 = VECTOR( '', #8472, 1000.00000000000 );
#6792 = CARTESIAN_POINT( '', ( -1.01880709296097, 4.25000000000000, -1.05276732939302 ) );
#6793 = VECTOR( '', #8473, 1000.00000000000 );
#6794 = COLOUR_RGB( '', 0.568627476692200, 0.568627476692200, 0.568627476692200 );
#6795 = CARTESIAN_POINT( '', ( 5.69999999999957, 4.25000000000000, -6.20000000000000 ) );
#6796 = CARTESIAN_POINT( '', ( 15.0000000000000, 4.25000000000000, -6.20000000000000 ) );
#6797 = VECTOR( '', #8474, 1000.00000000000 );
#6798 = CARTESIAN_POINT( '', ( 5.69999999999957, -4.25000000000000, -6.20000000000000 ) );
#6799 = CARTESIAN_POINT( '', ( 5.69999999999957, -4.25000000000000, -6.20000000000000 ) );
#6800 = VECTOR( '', #8475, 1000.00000000000 );
#6801 = CARTESIAN_POINT( '', ( 15.0000000000000, -4.25000000000000, -6.20000000000000 ) );
#6802 = VECTOR( '', #8476, 1000.00000000000 );
#6803 = COLOUR_RGB( '', 0.568627476692200, 0.568627476692200, 0.568627476692200 );
#6804 = CARTESIAN_POINT( '', ( -2.79000000000022, 0.350000000000000, -10.7000000000000 ) );
#6805 = CARTESIAN_POINT( '', ( -3.00000000000022, 0.350000000000000, -9.90000000000000 ) );
#6806 = CARTESIAN_POINT( '', ( -3.00000000000022, 0.350000000000000, -9.90000000000000 ) );
#6807 = VECTOR( '', #8477, 1000.00000000000 );
#6808 = CARTESIAN_POINT( '', ( -2.79000000000022, -0.350000000000000, -10.7000000000000 ) );
#6809 = CARTESIAN_POINT( '', ( -2.79000000000022, 0.000000000000000, -10.7000000000000 ) );
#6810 = VECTOR( '', #8478, 1000.00000000000 );
#6811 = CARTESIAN_POINT( '', ( -3.00000000000022, -0.350000000000000, -9.90000000000000 ) );
#6812 = CARTESIAN_POINT( '', ( -3.00000000000022, -0.350000000000000, -9.90000000000000 ) );
#6813 = VECTOR( '', #8479, 1000.00000000000 );
#6814 = CARTESIAN_POINT( '', ( -3.00000000000022, 0.350000000000000, -9.90000000000000 ) );
#6815 = VECTOR( '', #8480, 1000.00000000000 );
#6816 = COLOUR_RGB( '', 0.568627476692200, 0.568627476692200, 0.568627476692200 );
#6817 = CARTESIAN_POINT( '', ( -12.0000000000000, -0.350000000000000, -6.02867558779369 ) );
#6818 = CARTESIAN_POINT( '', ( -12.0000000000000, -0.350000000000000, -9.90000000000000 ) );
#6819 = CARTESIAN_POINT( '', ( -12.0000000000000, -0.350000000000000, 28.7487887721775 ) );
#6820 = VECTOR( '', #8481, 1000.00000000000 );
#6821 = CARTESIAN_POINT( '', ( -12.0000000000000, 0.350000000000000, -9.90000000000000 ) );
#6822 = CARTESIAN_POINT( '', ( -12.0000000000000, -0.350000000000000, -9.90000000000000 ) );
#6823 = VECTOR( '', #8482, 1000.00000000000 );
#6824 = CARTESIAN_POINT( '', ( -12.0000000000000, 0.350000000000000, -6.02867558779369 ) );
#6825 = CARTESIAN_POINT( '', ( -12.0000000000000, 0.350000000000000, 28.7487887721775 ) );
#6826 = VECTOR( '', #8483, 1000.00000000000 );
#6827 = CARTESIAN_POINT( '', ( -12.0000000000000, 30.5487887721775, -6.02867558779369 ) );
#6828 = VECTOR( '', #8484, 1000.00000000000 );
#6829 = COLOUR_RGB( '', 0.568627476692200, 0.568627476692200, 0.568627476692200 );
#6830 = CARTESIAN_POINT( '', ( -11.1000000000000, -2.75000000000000, -2.10000000000000 ) );
#6831 = CARTESIAN_POINT( '', ( -11.1000000000000, -2.75000000000000, 0.499999999999991 ) );
#6832 = CARTESIAN_POINT( '', ( -11.1000000000000, -2.75000000000000, -2.10000000000000 ) );
#6833 = VECTOR( '', #8485, 1000.00000000000 );
#6834 = CARTESIAN_POINT( '', ( -11.1000000000000, 3.45000000000000, 0.499999999999991 ) );
#6835 = CARTESIAN_POINT( '', ( -11.1000000000000, 3.45000000000000, 0.499999999999991 ) );
#6836 = VECTOR( '', #8486, 1000.00000000000 );
#6837 = CARTESIAN_POINT( '', ( -11.1000000000000, 3.45000000000000, -2.10000000000000 ) );
#6838 = CARTESIAN_POINT( '', ( -11.1000000000000, 3.45000000000000, -2.10000000000000 ) );
#6839 = VECTOR( '', #8487, 1000.00000000000 );
#6840 = CARTESIAN_POINT( '', ( -11.1000000000000, 3.45000000000000, -2.10000000000000 ) );
#6841 = VECTOR( '', #8488, 1000.00000000000 );
#6842 = COLOUR_RGB( '', 0.568627476692200, 0.568627476692200, 0.568627476692200 );
#6843 = CARTESIAN_POINT( '', ( 12.7899999999994, 0.350000000000000, -10.7000000000000 ) );
#6844 = CARTESIAN_POINT( '', ( 12.2099999999994, 0.350000000000000, -10.7000000000000 ) );
#6845 = CARTESIAN_POINT( '', ( 12.9999999999994, 0.350000000000000, -10.7000000000000 ) );
#6846 = VECTOR( '', #8489, 1000.00000000000 );
#6847 = CARTESIAN_POINT( '', ( 12.7899999999994, -0.350000000000000, -10.7000000000000 ) );
#6848 = CARTESIAN_POINT( '', ( 12.7899999999994, 0.000000000000000, -10.7000000000000 ) );
#6849 = VECTOR( '', #8490, 1000.00000000000 );
#6850 = CARTESIAN_POINT( '', ( 12.2099999999994, -0.350000000000000, -10.7000000000000 ) );
#6851 = CARTESIAN_POINT( '', ( 11.9999999999994, -0.350000000000000, -10.7000000000000 ) );
#6852 = VECTOR( '', #8491, 1000.00000000000 );
#6853 = CARTESIAN_POINT( '', ( 12.2099999999994, 0.000000000000000, -10.7000000000000 ) );
#6854 = VECTOR( '', #8492, 1000.00000000000 );
#6855 = COLOUR_RGB( '', 0.568627476692200, 0.568627476692200, 0.568627476692200 );
#6856 = CARTESIAN_POINT( '', ( 7.99999999999956, 0.350000000000000, -6.02867558779369 ) );
#6857 = CARTESIAN_POINT( '', ( 7.99999999999956, 0.350000000000000, -9.90000000000000 ) );
#6858 = CARTESIAN_POINT( '', ( 7.99999999999956, 0.350000000000000, 30.9669218061146 ) );
#6859 = VECTOR( '', #8493, 1000.00000000000 );
#6860 = CARTESIAN_POINT( '', ( 7.78999999999956, 0.350000000000000, -10.7000000000000 ) );
#6861 = CARTESIAN_POINT( '', ( 7.99999999999956, 0.350000000000000, -9.90000000000000 ) );
#6862 = VECTOR( '', #8494, 1000.00000000000 );
#6863 = CARTESIAN_POINT( '', ( 7.20999999999956, 0.350000000000000, -10.7000000000000 ) );
#6864 = CARTESIAN_POINT( '', ( 7.99999999999956, 0.350000000000000, -10.7000000000000 ) );
#6865 = VECTOR( '', #8495, 1000.00000000000 );
#6866 = CARTESIAN_POINT( '', ( 6.99999999999957, 0.350000000000000, -9.90000000000000 ) );
#6867 = CARTESIAN_POINT( '', ( 6.99999999999956, 0.350000000000000, -9.90000000000000 ) );
#6868 = VECTOR( '', #8496, 1000.00000000000 );
#6869 = CARTESIAN_POINT( '', ( 6.99999999999956, 0.350000000000000, -6.02867558779369 ) );
#6870 = CARTESIAN_POINT( '', ( 6.99999999999956, 0.350000000000000, 30.9669218061146 ) );
#6871 = VECTOR( '', #8497, 1000.00000000000 );
#6872 = AXIS2_PLACEMENT_3D( '', #8498, #8499, #8500 );
#6873 = COLOUR_RGB( '', 0.568627476692200, 0.568627476692200, 0.568627476692200 );
#6874 = CARTESIAN_POINT( '', ( -12.1000000000000, -1.80623918681884, 7.70000000000000 ) );
#6875 = CARTESIAN_POINT( '', ( -12.9000000000000, -1.80623918681885, 7.70000000000000 ) );
#6876 = AXIS2_PLACEMENT_3D( '', #8501, #8502, #8503 );
#6877 = CARTESIAN_POINT( '', ( -12.9000000000000, 1.80623918681885, 7.70000000000000 ) );
#6878 = AXIS2_PLACEMENT_3D( '', #8504, #8505, #8506 );
#6879 = CARTESIAN_POINT( '', ( -12.1000000000000, 1.80623918681885, 7.70000000000000 ) );
#6880 = AXIS2_PLACEMENT_3D( '', #8507, #8508, #8509 );
#6881 = AXIS2_PLACEMENT_3D( '', #8510, #8511, #8512 );
#6882 = CARTESIAN_POINT( '', ( -14.3980337385863, 0.000000000000000, 9.25000000000000 ) );
#6883 = AXIS2_PLACEMENT_3D( '', #8513, #8514, #8515 );
#6884 = COLOUR_RGB( '', 0.568627476692200, 0.568627476692200, 0.568627476692200 );
#6885 = CARTESIAN_POINT( '', ( 8.89999999999956, -2.75000000000000, -2.10000000000000 ) );
#6886 = CARTESIAN_POINT( '', ( 8.89999999999956, -2.75000000000000, 0.499999999999991 ) );
#6887 = CARTESIAN_POINT( '', ( 8.89999999999956, -2.75000000000000, -2.10000000000000 ) );
#6888 = VECTOR( '', #8516, 1000.00000000000 );
#6889 = CARTESIAN_POINT( '', ( 8.89999999999956, 3.45000000000000, 0.499999999999991 ) );
#6890 = CARTESIAN_POINT( '', ( 8.89999999999956, 3.45000000000000, 0.499999999999991 ) );
#6891 = VECTOR( '', #8517, 1000.00000000000 );
#6892 = CARTESIAN_POINT( '', ( 8.89999999999956, 3.45000000000000, -2.10000000000000 ) );
#6893 = CARTESIAN_POINT( '', ( 8.89999999999956, 3.45000000000000, -2.10000000000000 ) );
#6894 = VECTOR( '', #8518, 1000.00000000000 );
#6895 = CARTESIAN_POINT( '', ( 8.89999999999956, 3.45000000000000, -2.10000000000000 ) );
#6896 = VECTOR( '', #8519, 1000.00000000000 );
#6897 = COLOUR_RGB( '', 0.568627476692200, 0.568627476692200, 0.568627476692200 );
#6898 = CARTESIAN_POINT( '', ( 4.49985604872035, -4.25000000000000, -2.99985604872068 ) );
#6899 = CARTESIAN_POINT( '', ( 0.500143951278994, -4.25000000000000, -2.99985604872068 ) );
#6900 = CARTESIAN_POINT( '', ( 14.9999999999997, -4.25000000000000, -2.99985604872068 ) );
#6901 = VECTOR( '', #8520, 1000.00000000000 );
#6902 = CARTESIAN_POINT( '', ( 3.99999999999967, -2.75000000000000, -2.50000000000000 ) );
#6903 = CARTESIAN_POINT( '', ( 4.99952890522657, -5.74945026508654, -3.49952890522690 ) );
#6904 = VECTOR( '', #8521, 1000.00000000000 );
#6905 = CARTESIAN_POINT( '', ( 0.999999999999671, -2.75000000000000, -2.50000000000000 ) );
#6906 = CARTESIAN_POINT( '', ( 14.9999999999997, -2.75000000000000, -2.50000000000000 ) );
#6907 = VECTOR( '', #8522, 1000.00000000000 );
#6908 = CARTESIAN_POINT( '', ( 1.13629939616698, -2.34098405476093, -2.36370060383270 ) );
#6909 = VECTOR( '', #8523, 1000.00000000000 );
#6910 = COLOUR_RGB( '', 0.568627476692200, 0.568627476692200, 0.568627476692200 );
#6911 = CARTESIAN_POINT( '', ( -0.363382140559943, -0.851389524671792, 7.25000000000000 ) );
#6912 = CARTESIAN_POINT( '', ( -0.363382140559945, 0.851389524671796, 7.25000000000000 ) );
#6913 = AXIS2_PLACEMENT_3D( '', #8524, #8525, #8526 );
#6914 = CARTESIAN_POINT( '', ( -0.363382140559955, -3.25000000000000, 7.25000000000000 ) );
#6915 = CARTESIAN_POINT( '', ( -0.363382140559955, 4.25000000000000, 7.25000000000000 ) );
#6916 = VECTOR( '', #8527, 1000.00000000000 );
#6917 = CARTESIAN_POINT( '', ( -0.145000000000221, -4.16651513899118, 6.65000000000000 ) );
#6918 = AXIS2_PLACEMENT_3D( '', #8528, #8529, #8530 );
#6919 = CARTESIAN_POINT( '', ( -0.145000000000221, 4.16651513899118, 6.65000000000000 ) );
#6920 = CARTESIAN_POINT( '', ( -0.145000000000221, 4.25000000000000, 6.65000000000000 ) );
#6921 = VECTOR( '', #8531, 1000.00000000000 );
#6922 = CARTESIAN_POINT( '', ( -0.363382140559955, 3.25000000000000, 7.25000000000000 ) );
#6923 = AXIS2_PLACEMENT_3D( '', #8532, #8533, #8534 );
#6924 = CARTESIAN_POINT( '', ( -0.363382140559955, 4.25000000000000, 7.25000000000000 ) );
#6925 = VECTOR( '', #8535, 1000.00000000000 );
#6926 = COLOUR_RGB( '', 0.568627476692200, 0.568627476692200, 0.568627476692200 );
#6927 = CARTESIAN_POINT( '', ( 14.6366178594397, -3.25000000000000, 7.25000000000000 ) );
#6928 = CARTESIAN_POINT( '', ( 14.6366178594397, 4.25000000000000, 7.25000000000000 ) );
#6929 = VECTOR( '', #8536, 1000.00000000000 );
#6930 = CARTESIAN_POINT( '', ( 14.8549999999994, -4.16651513899118, 6.65000000000000 ) );
#6931 = AXIS2_PLACEMENT_3D( '', #8537, #8538, #8539 );
#6932 = CARTESIAN_POINT( '', ( 14.8549999999994, 4.16651513899118, 6.65000000000000 ) );
#6933 = CARTESIAN_POINT( '', ( 14.8549999999994, 4.25000000000000, 6.65000000000000 ) );
#6934 = VECTOR( '', #8540, 1000.00000000000 );
#6935 = CARTESIAN_POINT( '', ( 14.6366178594397, 3.25000000000000, 7.25000000000000 ) );
#6936 = AXIS2_PLACEMENT_3D( '', #8541, #8542, #8543 );
#6937 = CARTESIAN_POINT( '', ( 14.6366178594397, 4.25000000000000, 7.25000000000000 ) );
#6938 = VECTOR( '', #8544, 1000.00000000000 );
#6939 = COLOUR_RGB( '', 0.568627476692200, 0.568627476692200, 0.568627476692200 );
#6940 = CARTESIAN_POINT( '', ( -2.21000000000022, 0.350000000000000, -10.7000000000000 ) );
#6941 = CARTESIAN_POINT( '', ( -2.00000000000021, 0.350000000000000, -10.7000000000000 ) );
#6942 = VECTOR( '', #8545, 1000.00000000000 );
#6943 = CARTESIAN_POINT( '', ( -2.21000000000022, -0.350000000000000, -10.7000000000000 ) );
#6944 = CARTESIAN_POINT( '', ( -2.21000000000022, 0.000000000000000, -10.7000000000000 ) );
#6945 = VECTOR( '', #8546, 1000.00000000000 );
#6946 = CARTESIAN_POINT( '', ( -3.00000000000022, -0.350000000000000, -10.7000000000000 ) );
#6947 = VECTOR( '', #8547, 1000.00000000000 );
#6948 = COLOUR_RGB( '', 0.568627476692200, 0.568627476692200, 0.568627476692200 );
#6949 = CARTESIAN_POINT( '', ( -9.76090909417621, 4.25000000000000, -5.73913043478261 ) );
#6950 = CARTESIAN_POINT( '', ( -9.76090909417621, -4.25000000000000, -5.73913043478261 ) );
#6951 = CARTESIAN_POINT( '', ( -9.76090909417621, 30.5487887721775, -5.73913043478261 ) );
#6952 = VECTOR( '', #8548, 1000.00000000000 );
#6953 = CARTESIAN_POINT( '', ( -10.0000000000000, -4.25000000000000, -3.00000000000000 ) );
#6954 = CARTESIAN_POINT( '', ( -10.0000000000000, -4.25000000000000, -3.00000000000000 ) );
#6955 = VECTOR( '', #8549, 1000.00000000000 );
#6956 = CARTESIAN_POINT( '', ( -10.0000000000000, 4.25000000000000, -3.00000000000000 ) );
#6957 = CARTESIAN_POINT( '', ( -10.0000000000000, 30.5487887721775, -3.00000000000000 ) );
#6958 = VECTOR( '', #8550, 1000.00000000000 );
#6959 = CARTESIAN_POINT( '', ( -10.1842670526440, 4.25000000000000, -0.888955707931181 ) );
#6960 = VECTOR( '', #8551, 1000.00000000000 );
#6961 = COLOUR_RGB( '', 0.568627476692200, 0.568627476692200, 0.568627476692200 );
#6962 = CARTESIAN_POINT( '', ( -9.63661785944037, 0.851389524671825, 7.25000000000000 ) );
#6963 = CARTESIAN_POINT( '', ( -9.63661785944037, -0.851389524671825, 7.25000000000000 ) );
#6964 = AXIS2_PLACEMENT_3D( '', #8552, #8553, #8554 );
#6965 = CARTESIAN_POINT( '', ( -9.63661785944037, 3.25000000000000, 7.25000000000000 ) );
#6966 = CARTESIAN_POINT( '', ( -9.63661785944037, 4.25000000000000, 7.25000000000000 ) );
#6967 = VECTOR( '', #8555, 1000.00000000000 );
#6968 = CARTESIAN_POINT( '', ( -9.85500000000000, 4.16651513899118, 6.65000000000000 ) );
#6969 = AXIS2_PLACEMENT_3D( '', #8556, #8557, #8558 );
#6970 = CARTESIAN_POINT( '', ( -9.85500000000000, -4.16651513899118, 6.65000000000000 ) );
#6971 = CARTESIAN_POINT( '', ( -9.85500000000000, 4.25000000000000, 6.65000000000000 ) );
#6972 = VECTOR( '', #8559, 1000.00000000000 );
#6973 = CARTESIAN_POINT( '', ( -9.63661785944037, -3.25000000000000, 7.25000000000000 ) );
#6974 = AXIS2_PLACEMENT_3D( '', #8560, #8561, #8562 );
#6975 = CARTESIAN_POINT( '', ( -9.63661785944037, 4.25000000000000, 7.25000000000000 ) );
#6976 = VECTOR( '', #8563, 1000.00000000000 );
#6977 = COLOUR_RGB( '', 0.949019610881805, 0.949019610881805, 0.949019610881805 );
#6978 = CARTESIAN_POINT( '', ( -12.1000000000000, 1.80623918681885, 6.79000000000000 ) );
#6979 = CARTESIAN_POINT( '', ( -12.1000000000000, -1.80623918681884, 6.79000000000000 ) );
#6980 = CARTESIAN_POINT( '', ( -12.1000000000000, 1.80623918681885, 6.79000000000000 ) );
#6981 = VECTOR( '', #8564, 1000.00000000000 );
#6982 = CARTESIAN_POINT( '', ( -12.1000000000000, -1.80623918681884, 6.79000000000000 ) );
#6983 = VECTOR( '', #8565, 1000.00000000000 );
#6984 = CARTESIAN_POINT( '', ( -12.1000000000000, 1.80623918681885, 7.70000000000000 ) );
#6985 = VECTOR( '', #8566, 1000.00000000000 );
#6986 = CARTESIAN_POINT( '', ( -12.1000000000000, 1.80623918681885, 6.79000000000000 ) );
#6987 = VECTOR( '', #8567, 1000.00000000000 );
#6988 = COLOUR_RGB( '', 0.568627476692200, 0.568627476692200, 0.568627476692200 );
#6989 = CARTESIAN_POINT( '', ( 6.09999999999956, -2.75000000000000, -2.10000000000000 ) );
#6990 = CARTESIAN_POINT( '', ( 6.09999999999956, -2.75000000000000, -2.10000000000000 ) );
#6991 = VECTOR( '', #8568, 1000.00000000000 );
#6992 = CARTESIAN_POINT( '', ( 6.09999999999956, 3.45000000000000, -2.10000000000000 ) );
#6993 = CARTESIAN_POINT( '', ( 6.09999999999956, 3.45000000000000, -2.10000000000000 ) );
#6994 = VECTOR( '', #8569, 1000.00000000000 );
#6995 = CARTESIAN_POINT( '', ( 6.09999999999956, 3.45000000000000, -2.10000000000000 ) );
#6996 = VECTOR( '', #8570, 1000.00000000000 );
#6997 = COLOUR_RGB( '', 0.568627476692200, 0.568627476692200, 0.568627476692200 );
#6998 = CARTESIAN_POINT( '', ( 1.09999999999967, -2.75000000000000, 0.499999999999991 ) );
#6999 = CARTESIAN_POINT( '', ( 1.09999999999967, -2.75000000000000, -2.10000000000000 ) );
#7000 = CARTESIAN_POINT( '', ( 1.09999999999967, -2.75000000000000, 0.499999999999991 ) );
#7001 = VECTOR( '', #8571, 1000.00000000000 );
#7002 = CARTESIAN_POINT( '', ( 1.09999999999967, 3.45000000000000, -2.10000000000000 ) );
#7003 = CARTESIAN_POINT( '', ( 1.09999999999967, 3.45000000000000, -2.10000000000000 ) );
#7004 = VECTOR( '', #8572, 1000.00000000000 );
#7005 = CARTESIAN_POINT( '', ( 1.09999999999967, 3.45000000000000, 0.499999999999991 ) );
#7006 = CARTESIAN_POINT( '', ( 1.09999999999967, 3.45000000000000, 0.499999999999991 ) );
#7007 = VECTOR( '', #8573, 1000.00000000000 );
#7008 = CARTESIAN_POINT( '', ( 1.09999999999967, 3.45000000000000, 0.499999999999991 ) );
#7009 = VECTOR( '', #8574, 1000.00000000000 );
#7010 = COLOUR_RGB( '', 0.568627476692200, 0.568627476692200, 0.568627476692200 );
#7011 = CARTESIAN_POINT( '', ( 3.89999999999967, -2.75000000000000, -2.10000000000000 ) );
#7012 = CARTESIAN_POINT( '', ( 3.89999999999967, -2.75000000000000, 0.499999999999991 ) );
#7013 = CARTESIAN_POINT( '', ( 3.89999999999967, -2.75000000000000, -2.10000000000000 ) );
#7014 = VECTOR( '', #8575, 1000.00000000000 );
#7015 = CARTESIAN_POINT( '', ( 3.89999999999967, 3.45000000000000, 0.499999999999991 ) );
#7016 = CARTESIAN_POINT( '', ( 3.89999999999967, 3.45000000000000, 0.499999999999991 ) );
#7017 = VECTOR( '', #8576, 1000.00000000000 );
#7018 = CARTESIAN_POINT( '', ( 3.89999999999967, 3.45000000000000, -2.10000000000000 ) );
#7019 = CARTESIAN_POINT( '', ( 3.89999999999967, 3.45000000000000, -2.10000000000000 ) );
#7020 = VECTOR( '', #8577, 1000.00000000000 );
#7021 = CARTESIAN_POINT( '', ( 3.89999999999967, 3.45000000000000, -2.10000000000000 ) );
#7022 = VECTOR( '', #8578, 1000.00000000000 );
#7023 = COLOUR_RGB( '', 0.949019610881805, 0.949019610881805, 0.949019610881805 );
#7024 = CARTESIAN_POINT( '', ( 7.09999999999957, 1.80623918681884, 6.79000000000000 ) );
#7025 = CARTESIAN_POINT( '', ( 7.89999999999958, 1.80623918681885, 6.79000000000000 ) );
#7026 = AXIS2_PLACEMENT_3D( '', #8579, #8580, #8581 );
#7027 = CARTESIAN_POINT( '', ( 7.09999999999957, -1.80623918681885, 6.79000000000000 ) );
#7028 = CARTESIAN_POINT( '', ( 7.09999999999957, 1.80623918681884, 6.79000000000000 ) );
#7029 = VECTOR( '', #8582, 1000.00000000000 );
#7030 = CARTESIAN_POINT( '', ( 7.89999999999958, -1.80623918681884, 6.79000000000000 ) );
#7031 = AXIS2_PLACEMENT_3D( '', #8583, #8584, #8585 );
#7032 = CARTESIAN_POINT( '', ( 7.89999999999958, 1.80623918681885, 6.79000000000000 ) );
#7033 = VECTOR( '', #8586, 1000.00000000000 );
#7034 = COLOUR_RGB( '', 0.568627476692200, 0.568627476692200, 0.568627476692200 );
#7035 = CARTESIAN_POINT( '', ( -4.14500000000022, 4.25000000000000, -6.05000000000000 ) );
#7036 = CARTESIAN_POINT( '', ( -4.14500000000022, -4.25000000000000, -6.05000000000000 ) );
#7037 = CARTESIAN_POINT( '', ( -4.14500000000022, 32.7669218061146, -6.05000000000000 ) );
#7038 = VECTOR( '', #8587, 1000.00000000000 );
#7039 = CARTESIAN_POINT( '', ( -4.30000000000021, -4.25000000000000, -6.20000000000000 ) );
#7040 = CARTESIAN_POINT( '', ( -4.30000000000021, -4.25000000000000, -6.20000000000000 ) );
#7041 = VECTOR( '', #8588, 1000.00000000000 );
#7042 = CARTESIAN_POINT( '', ( -4.30000000000021, 4.25000000000000, -6.20000000000000 ) );
#7043 = CARTESIAN_POINT( '', ( -4.30000000000021, -4.25000000000000, -6.20000000000000 ) );
#7044 = VECTOR( '', #8589, 1000.00000000000 );
#7045 = CARTESIAN_POINT( '', ( 1.01880709296071, 4.25000000000000, -1.05276732939275 ) );
#7046 = VECTOR( '', #8590, 1000.00000000000 );
#7047 = COLOUR_RGB( '', 0.568627476692200, 0.568627476692200, 0.568627476692200 );
#7048 = CARTESIAN_POINT( '', ( 12.8999999999995, -1.80623918681884, 7.70000000000000 ) );
#7049 = CARTESIAN_POINT( '', ( 12.0999999999995, -1.80623918681885, 7.70000000000000 ) );
#7050 = AXIS2_PLACEMENT_3D( '', #8591, #8592, #8593 );
#7051 = CARTESIAN_POINT( '', ( 12.8999999999995, -1.80623918681884, 6.79000000000000 ) );
#7052 = CARTESIAN_POINT( '', ( 12.8999999999995, -1.80623918681884, 6.79000000000000 ) );
#7053 = VECTOR( '', #8594, 1000.00000000000 );
#7054 = CARTESIAN_POINT( '', ( 12.0999999999995, -1.80623918681885, 6.79000000000000 ) );
#7055 = AXIS2_PLACEMENT_3D( '', #8595, #8596, #8597 );
#7056 = CARTESIAN_POINT( '', ( 12.0999999999995, -1.80623918681885, 6.79000000000000 ) );
#7057 = VECTOR( '', #8598, 1000.00000000000 );
#7058 = COLOUR_RGB( '', 0.568627476692200, 0.568627476692200, 0.568627476692200 );
#7059 = CARTESIAN_POINT( '', ( 9.63661785943984, -0.851389524671792, 7.25000000000000 ) );
#7060 = CARTESIAN_POINT( '', ( 9.63661785943984, 0.851389524671796, 7.25000000000000 ) );
#7061 = AXIS2_PLACEMENT_3D( '', #8599, #8600, #8601 );
#7062 = CARTESIAN_POINT( '', ( 9.63661785943982, -3.25000000000000, 7.25000000000000 ) );
#7063 = CARTESIAN_POINT( '', ( 9.63661785943982, 4.25000000000000, 7.25000000000000 ) );
#7064 = VECTOR( '', #8602, 1000.00000000000 );
#7065 = CARTESIAN_POINT( '', ( 9.85499999999956, -4.16651513899118, 6.65000000000000 ) );
#7066 = AXIS2_PLACEMENT_3D( '', #8603, #8604, #8605 );
#7067 = CARTESIAN_POINT( '', ( 9.85499999999956, 4.16651513899118, 6.65000000000000 ) );
#7068 = CARTESIAN_POINT( '', ( 9.85499999999956, 4.25000000000000, 6.65000000000000 ) );
#7069 = VECTOR( '', #8606, 1000.00000000000 );
#7070 = CARTESIAN_POINT( '', ( 9.63661785943982, 3.25000000000000, 7.25000000000000 ) );
#7071 = AXIS2_PLACEMENT_3D( '', #8607, #8608, #8609 );
#7072 = CARTESIAN_POINT( '', ( 9.63661785943982, 4.25000000000000, 7.25000000000000 ) );
#7073 = VECTOR( '', #8610, 1000.00000000000 );
#7074 = COLOUR_RGB( '', 0.568627476692200, 0.568627476692200, 0.568627476692200 );
#7075 = CARTESIAN_POINT( '', ( -1.10000000000022, 3.45000000000000, 0.499999999999991 ) );
#7076 = CARTESIAN_POINT( '', ( -3.90000000000021, 3.45000000000000, 0.499999999999991 ) );
#7077 = CARTESIAN_POINT( '', ( -1.10000000000022, 3.45000000000000, 0.500000000000000 ) );
#7078 = VECTOR( '', #8611, 1000.00000000000 );
#7079 = CARTESIAN_POINT( '', ( -3.90000000000021, 3.45000000000000, -2.10000000000000 ) );
#7080 = CARTESIAN_POINT( '', ( -3.90000000000021, 3.45000000000000, 0.499999999999991 ) );
#7081 = VECTOR( '', #8612, 1000.00000000000 );
#7082 = CARTESIAN_POINT( '', ( -1.10000000000022, 3.45000000000000, -2.10000000000000 ) );
#7083 = CARTESIAN_POINT( '', ( -3.90000000000021, 3.45000000000000, -2.10000000000000 ) );
#7084 = VECTOR( '', #8613, 1000.00000000000 );
#7085 = CARTESIAN_POINT( '', ( -1.10000000000022, 3.45000000000000, -2.10000000000000 ) );
#7086 = VECTOR( '', #8614, 1000.00000000000 );
#7087 = COLOUR_RGB( '', 0.568627476692200, 0.568627476692200, 0.568627476692200 );
#7088 = CARTESIAN_POINT( '', ( -7.90000000000010, 1.80623918681884, 6.79000000000000 ) );
#7089 = CARTESIAN_POINT( '', ( -7.10000000000009, 1.80623918681885, 6.79000000000000 ) );
#7090 = AXIS2_PLACEMENT_3D( '', #8615, #8616, #8617 );
#7091 = CARTESIAN_POINT( '', ( -7.90000000000010, -1.80623918681885, 6.79000000000000 ) );
#7092 = CARTESIAN_POINT( '', ( -7.90000000000010, 1.80623918681884, 6.79000000000000 ) );
#7093 = VECTOR( '', #8618, 1000.00000000000 );
#7094 = CARTESIAN_POINT( '', ( -7.10000000000009, -1.80623918681884, 6.79000000000000 ) );
#7095 = AXIS2_PLACEMENT_3D( '', #8619, #8620, #8621 );
#7096 = CARTESIAN_POINT( '', ( -7.10000000000009, 1.80623918681885, 6.79000000000000 ) );
#7097 = VECTOR( '', #8622, 1000.00000000000 );
#7098 = COLOUR_RGB( '', 0.568627476692200, 0.568627476692200, 0.568627476692200 );
#7099 = CARTESIAN_POINT( '', ( 7.20999999999956, 0.000000000000000, -10.7000000000000 ) );
#7100 = VECTOR( '', #8623, 1000.00000000000 );
#7101 = CARTESIAN_POINT( '', ( 6.99999999999956, 0.350000000000000, -9.90000000000000 ) );
#7102 = VECTOR( '', #8624, 1000.00000000000 );
#7103 = COLOUR_RGB( '', 0.568627476692200, 0.568627476692200, 0.568627476692200 );
#7104 = CARTESIAN_POINT( '', ( -14.7609090941762, -4.25000000000000, -5.73913043478261 ) );
#7105 = CARTESIAN_POINT( '', ( -15.0000000000000, -4.25000000000000, -6.00000000000000 ) );
#7106 = AXIS2_PLACEMENT_3D( '', #8625, #8626, #8627 );
#7107 = CARTESIAN_POINT( '', ( -14.7609090941762, 4.25000000000000, -5.73913043478261 ) );
#7108 = CARTESIAN_POINT( '', ( -14.7609090941762, 30.7559039593413, -5.73913043478261 ) );
#7109 = VECTOR( '', #8628, 1000.00000000000 );
#7110 = CARTESIAN_POINT( '', ( -15.0000000000000, 4.25000000000000, -6.00000000000000 ) );
#7111 = AXIS2_PLACEMENT_3D( '', #8629, #8630, #8631 );
#7112 = CARTESIAN_POINT( '', ( -15.0000000000000, 30.7559039593413, -6.00000000000000 ) );
#7113 = VECTOR( '', #8632, 1000.00000000000 );
#7114 = COLOUR_RGB( '', 0.568627476692200, 0.568627476692200, 0.568627476692200 );
#7115 = CARTESIAN_POINT( '', ( -12.2100000000000, -0.350000000000000, -10.7000000000000 ) );
#7116 = CARTESIAN_POINT( '', ( -12.0000000000000, -0.350000000000000, -9.90000000000000 ) );
#7117 = VECTOR( '', #8633, 1000.00000000000 );
#7118 = CARTESIAN_POINT( '', ( -12.2100000000000, 0.350000000000000, -10.7000000000000 ) );
#7119 = CARTESIAN_POINT( '', ( -12.2100000000000, 0.000000000000000, -10.7000000000000 ) );
#7120 = VECTOR( '', #8634, 1000.00000000000 );
#7121 = CARTESIAN_POINT( '', ( -12.0000000000000, 0.350000000000000, -9.90000000000000 ) );
#7122 = VECTOR( '', #8635, 1000.00000000000 );
#7123 = COLOUR_RGB( '', 0.949019610881805, 0.949019610881805, 0.949019610881805 );
#7124 = CARTESIAN_POINT( '', ( -12.9000000000000, 1.80623918681884, 7.70000000000000 ) );
#7125 = VECTOR( '', #8636, 1000.00000000000 );
#7126 = COLOUR_RGB( '', 0.568627476692200, 0.568627476692200, 0.568627476692200 );
#7127 = CARTESIAN_POINT( '', ( 3.89999999999967, 3.45000000000000, 0.500000000000000 ) );
#7128 = VECTOR( '', #8637, 1000.00000000000 );
#7129 = CARTESIAN_POINT( '', ( 1.09999999999967, 3.45000000000000, -2.10000000000000 ) );
#7130 = VECTOR( '', #8638, 1000.00000000000 );
#7131 = COLOUR_RGB( '', 0.568627476692200, 0.568627476692200, 0.568627476692200 );
#7132 = CARTESIAN_POINT( '', ( 9.14499999999952, 4.25000000000000, -6.05000000000000 ) );
#7133 = CARTESIAN_POINT( '', ( 9.14499999999952, -4.25000000000000, -6.05000000000000 ) );
#7134 = CARTESIAN_POINT( '', ( 9.14499999999952, 32.7669218061146, -6.05000000000000 ) );
#7135 = VECTOR( '', #8639, 1000.00000000000 );
#7136 = CARTESIAN_POINT( '', ( 5.85499999999956, -4.25000000000000, -6.05000000000000 ) );
#7137 = AXIS2_PLACEMENT_3D( '', #8640, #8641, #8642 );
#7138 = CARTESIAN_POINT( '', ( 5.85499999999956, 4.25000000000000, -6.05000000000000 ) );
#7139 = CARTESIAN_POINT( '', ( 5.85499999999956, 32.7669218061146, -6.05000000000000 ) );
#7140 = VECTOR( '', #8643, 1000.00000000000 );
#7141 = AXIS2_PLACEMENT_3D( '', #8644, #8645, #8646 );
#7142 = CARTESIAN_POINT( '', ( 6.99999999999956, 32.7669218061146, -6.02867558779369 ) );
#7143 = VECTOR( '', #8647, 1000.00000000000 );
#7144 = CARTESIAN_POINT( '', ( 7.99999999999956, 32.7669218061146, -6.02867558779369 ) );
#7145 = VECTOR( '', #8648, 1000.00000000000 );
#7146 = COLOUR_RGB( '', 0.949019610881805, 0.949019610881805, 0.949019610881805 );
#7147 = CARTESIAN_POINT( '', ( 12.0999999999995, 1.80623918681884, 6.79000000000000 ) );
#7148 = CARTESIAN_POINT( '', ( 12.0999999999995, 1.80623918681885, 7.70000000000000 ) );
#7149 = CARTESIAN_POINT( '', ( 12.0999999999995, 1.80623918681884, 6.79000000000000 ) );
#7150 = VECTOR( '', #8649, 1000.00000000000 );
#7151 = CARTESIAN_POINT( '', ( 12.0999999999995, 1.80623918681884, 7.70000000000000 ) );
#7152 = VECTOR( '', #8650, 1000.00000000000 );
#7153 = CARTESIAN_POINT( '', ( 12.0999999999995, 1.80623918681884, 6.79000000000000 ) );
#7154 = VECTOR( '', #8651, 1000.00000000000 );
#7155 = COLOUR_RGB( '', 0.568627476692200, 0.568627476692200, 0.568627476692200 );
#7156 = CARTESIAN_POINT( '', ( -4.63661785944048, 0.851389524671822, 7.25000000000000 ) );
#7157 = CARTESIAN_POINT( '', ( -4.63661785944048, -0.851389524671822, 7.25000000000000 ) );
#7158 = AXIS2_PLACEMENT_3D( '', #8652, #8653, #8654 );
#7159 = AXIS2_PLACEMENT_3D( '', #8655, #8656, #8657 );
#7160 = AXIS2_PLACEMENT_3D( '', #8658, #8659, #8660 );
#7161 = CARTESIAN_POINT( '', ( -0.200000000000215, 0.000000000000000, 9.25000000000000 ) );
#7162 = AXIS2_PLACEMENT_3D( '', #8661, #8662, #8663 );
#7163 = COLOUR_RGB( '', 0.568627476692200, 0.568627476692200, 0.568627476692200 );
#7164 = CARTESIAN_POINT( '', ( -0.239090905823783, 4.25000000000000, -5.73913043478261 ) );
#7165 = CARTESIAN_POINT( '', ( -0.239090905823783, -4.25000000000000, -5.73913043478261 ) );
#7166 = CARTESIAN_POINT( '', ( -0.239090905823783, 30.5487887721775, -5.73913043478261 ) );
#7167 = VECTOR( '', #8664, 1000.00000000000 );
#7168 = AXIS2_PLACEMENT_3D( '', #8665, #8666, #8667 );
#7169 = AXIS2_PLACEMENT_3D( '', #8668, #8669, #8670 );
#7170 = COLOUR_RGB( '', 0.949019610881805, 0.949019610881805, 0.949019610881805 );
#7171 = CARTESIAN_POINT( '', ( -2.10000000000020, 1.80623918681885, 7.70000000000000 ) );
#7172 = VECTOR( '', #8671, 1000.00000000000 );
#7173 = COLOUR_RGB( '', 0.568627476692200, 0.568627476692200, 0.568627476692200 );
#7174 = CARTESIAN_POINT( '', ( 7.78999999999956, 0.000000000000000, -10.7000000000000 ) );
#7175 = VECTOR( '', #8672, 1000.00000000000 );
#7176 = CARTESIAN_POINT( '', ( 7.99999999999956, -0.350000000000000, -9.90000000000000 ) );
#7177 = VECTOR( '', #8673, 1000.00000000000 );
#7178 = COLOUR_RGB( '', 0.568627476692200, 0.568627476692200, 0.568627476692200 );
#7179 = CARTESIAN_POINT( '', ( 12.9999999999994, 0.350000000000000, -6.02867558779369 ) );
#7180 = CARTESIAN_POINT( '', ( 12.9999999999994, 0.350000000000000, -9.90000000000000 ) );
#7181 = CARTESIAN_POINT( '', ( 12.9999999999994, 0.350000000000000, 30.9669218061146 ) );
#7182 = VECTOR( '', #8674, 1000.00000000000 );
#7183 = CARTESIAN_POINT( '', ( 12.9999999999994, 0.350000000000000, -9.90000000000000 ) );
#7184 = VECTOR( '', #8675, 1000.00000000000 );
#7185 = CARTESIAN_POINT( '', ( 11.9999999999995, 0.350000000000000, -9.90000000000000 ) );
#7186 = CARTESIAN_POINT( '', ( 11.9999999999994, 0.350000000000000, -9.90000000000000 ) );
#7187 = VECTOR( '', #8676, 1000.00000000000 );
#7188 = CARTESIAN_POINT( '', ( 11.9999999999994, 0.350000000000000, -6.02867558779369 ) );
#7189 = CARTESIAN_POINT( '', ( 11.9999999999994, 0.350000000000000, 30.9669218061146 ) );
#7190 = VECTOR( '', #8677, 1000.00000000000 );
#7191 = AXIS2_PLACEMENT_3D( '', #8678, #8679, #8680 );
#7192 = COLOUR_RGB( '', 0.568627476692200, 0.568627476692200, 0.568627476692200 );
#7193 = CARTESIAN_POINT( '', ( -5.70000000000011, -4.25000000000000, -6.20000000000000 ) );
#7194 = CARTESIAN_POINT( '', ( -5.70000000000011, 4.25000000000000, -6.20000000000000 ) );
#7195 = CARTESIAN_POINT( '', ( -5.70000000000012, -4.25000000000000, -6.20000000000000 ) );
#7196 = VECTOR( '', #8681, 1000.00000000000 );
#7197 = CARTESIAN_POINT( '', ( -5.85500000000015, -4.25000000000000, -6.05000000000000 ) );
#7198 = CARTESIAN_POINT( '', ( -5.85500000000011, -4.25000000000000, -6.05000000000000 ) );
#7199 = VECTOR( '', #8682, 1000.00000000000 );
#7200 = CARTESIAN_POINT( '', ( -5.85500000000015, 4.25000000000000, -6.05000000000000 ) );
#7201 = CARTESIAN_POINT( '', ( -5.85500000000015, 32.7669218061146, -6.05000000000000 ) );
#7202 = VECTOR( '', #8683, 1000.00000000000 );
#7203 = CARTESIAN_POINT( '', ( -5.85491671144550, 4.25000000000000, -6.05008060182708 ) );
#7204 = VECTOR( '', #8684, 1000.00000000000 );
#7205 = COLOUR_RGB( '', 0.949019610881805, 0.949019610881805, 0.949019610881805 );
#7206 = CARTESIAN_POINT( '', ( 1.09999999999967, -2.75000000000000, -2.10000000000000 ) );
#7207 = VECTOR( '', #8685, 1000.00000000000 );
#7208 = CARTESIAN_POINT( '', ( 0.999999999999671, -2.75000000000000, 0.499999999999991 ) );
#7209 = CARTESIAN_POINT( '', ( 14.9999999999997, -2.75000000000000, 0.499999999999990 ) );
#7210 = VECTOR( '', #8686, 1000.00000000000 );
#7211 = CARTESIAN_POINT( '', ( 0.999999999999671, -2.75000000000000, -1.00000000000000 ) );
#7212 = VECTOR( '', #8687, 1000.00000000000 );
#7213 = CARTESIAN_POINT( '', ( 3.99999999999967, -2.75000000000000, 0.499999999999990 ) );
#7214 = CARTESIAN_POINT( '', ( 3.99999999999967, -2.75000000000000, -1.00000000000000 ) );
#7215 = VECTOR( '', #8688, 1000.00000000000 );
#7216 = CARTESIAN_POINT( '', ( 14.9999999999997, -2.75000000000000, 0.499999999999990 ) );
#7217 = VECTOR( '', #8689, 1000.00000000000 );
#7218 = COLOUR_RGB( '', 0.568627476692200, 0.568627476692200, 0.568627476692200 );
#7219 = CARTESIAN_POINT( '', ( -12.0000000000000, 0.350000000000000, -10.7000000000000 ) );
#7220 = VECTOR( '', #8690, 1000.00000000000 );
#7221 = CARTESIAN_POINT( '', ( -13.0000000000000, -0.350000000000000, -10.7000000000000 ) );
#7222 = VECTOR( '', #8691, 1000.00000000000 );
#7223 = COLOUR_RGB( '', 0.568627476692200, 0.568627476692200, 0.568627476692200 );
#7224 = CARTESIAN_POINT( '', ( 10.1449999999995, 4.16651513899118, 6.65000000000000 ) );
#7225 = CARTESIAN_POINT( '', ( 10.1449999999995, -4.16651513899118, 6.65000000000000 ) );
#7226 = CARTESIAN_POINT( '', ( 10.1449999999995, 4.25000000000000, 6.65000000000000 ) );
#7227 = VECTOR( '', #8692, 1000.00000000000 );
#7228 = CARTESIAN_POINT( '', ( 9.99999999999956, 4.16651513899118, 6.65000000000000 ) );
#7229 = VECTOR( '', #8693, 1000.00000000000 );
#7230 = CARTESIAN_POINT( '', ( 9.85499999999956, -4.16651513899118, 6.65000000000000 ) );
#7231 = VECTOR( '', #8694, 1000.00000000000 );
#7232 = COLOUR_RGB( '', 0.568627476692200, 0.568627476692200, 0.568627476692200 );
#7233 = CARTESIAN_POINT( '', ( 9.29999999999956, -4.25000000000000, -6.20000000000000 ) );
#7234 = CARTESIAN_POINT( '', ( 9.29999999999956, 4.25000000000000, -6.20000000000000 ) );
#7235 = CARTESIAN_POINT( '', ( 9.29999999999956, -4.25000000000000, -6.20000000000000 ) );
#7236 = VECTOR( '', #8695, 1000.00000000000 );
#7237 = CARTESIAN_POINT( '', ( 9.14499999999956, -4.25000000000000, -6.05000000000000 ) );
#7238 = VECTOR( '', #8696, 1000.00000000000 );
#7239 = CARTESIAN_POINT( '', ( 1.39924771628129, 4.25000000000000, 1.44588930682401 ) );
#7240 = VECTOR( '', #8697, 1000.00000000000 );
#7241 = COLOUR_RGB( '', 0.568627476692200, 0.568627476692200, 0.568627476692200 );
#7242 = CARTESIAN_POINT( '', ( -14.4998560487207, -4.25000000000000, 0.999856048720667 ) );
#7243 = CARTESIAN_POINT( '', ( -10.5001439512793, -4.25000000000000, 0.999856048720667 ) );
#7244 = CARTESIAN_POINT( '', ( 1.07516195197180E-015, -4.25000000000000, 0.999856048720667 ) );
#7245 = VECTOR( '', #8698, 1000.00000000000 );
#7246 = CARTESIAN_POINT( '', ( -14.0000000000000, -2.75000000000000, 0.499999999999991 ) );
#7247 = CARTESIAN_POINT( '', ( -12.7278723024385, 1.06748215556468, -0.772127697561514 ) );
#7248 = VECTOR( '', #8699, 1000.00000000000 );
#7249 = CARTESIAN_POINT( '', ( 1.05709711817337E-015, -2.75000000000000, 0.499999999999990 ) );
#7250 = VECTOR( '', #8700, 1000.00000000000 );
#7251 = CARTESIAN_POINT( '', ( -11.1000000000000, -2.75000000000000, 0.500000000000000 ) );
#7252 = VECTOR( '', #8701, 1000.00000000000 );
#7253 = CARTESIAN_POINT( '', ( -11.0000000000000, -2.75000000000000, 0.499999999999990 ) );
#7254 = CARTESIAN_POINT( '', ( 1.05709711817337E-015, -2.75000000000000, 0.499999999999990 ) );
#7255 = VECTOR( '', #8702, 1000.00000000000 );
#7256 = CARTESIAN_POINT( '', ( -11.1362993961673, -2.34098405476093, 0.363700603832687 ) );
#7257 = VECTOR( '', #8703, 1000.00000000000 );
#7258 = COLOUR_RGB( '', 0.568627476692200, 0.568627476692200, 0.568627476692200 );
#7259 = CARTESIAN_POINT( '', ( -5.36338214055983, -0.851389524671790, 7.25000000000000 ) );
#7260 = AXIS2_PLACEMENT_3D( '', #8704, #8705, #8706 );
#7261 = CARTESIAN_POINT( '', ( -5.36338214055983, 0.851389524671794, 7.25000000000000 ) );
#7262 = AXIS2_PLACEMENT_3D( '', #8707, #8708, #8709 );
#7263 = AXIS2_PLACEMENT_3D( '', #8710, #8711, #8712 );
#7264 = CARTESIAN_POINT( '', ( -5.20000000000011, 0.000000000000000, 9.25000000000000 ) );
#7265 = AXIS2_PLACEMENT_3D( '', #8713, #8714, #8715 );
#7266 = COLOUR_RGB( '', 0.568627476692200, 0.568627476692200, 0.568627476692200 );
#7267 = CARTESIAN_POINT( '', ( 10.3633821405592, -3.25000000000000, 7.25000000000000 ) );
#7268 = CARTESIAN_POINT( '', ( 10.3633821405592, 4.25000000000000, 7.25000000000000 ) );
#7269 = VECTOR( '', #8716, 1000.00000000000 );
#7270 = CARTESIAN_POINT( '', ( 10.3633821405592, -3.25000000000000, 7.25000000000000 ) );
#7271 = VECTOR( '', #8717, 1000.00000000000 );
#7272 = COLOUR_RGB( '', 0.568627476692200, 0.568627476692200, 0.568627476692200 );
#7273 = CARTESIAN_POINT( '', ( -4.49985604872089, -4.25000000000000, -2.99985604872068 ) );
#7274 = CARTESIAN_POINT( '', ( -4.49985604872089, -4.25000000000000, 0.999856048720667 ) );
#7275 = CARTESIAN_POINT( '', ( -4.49985604872089, -4.25000000000000, -1.00000000000000 ) );
#7276 = VECTOR( '', #8718, 1000.00000000000 );
#7277 = CARTESIAN_POINT( '', ( -4.00000000000022, -2.75000000000000, -2.50000000000000 ) );
#7278 = CARTESIAN_POINT( '', ( -3.86370060383291, -2.34098405476093, -2.36370060383270 ) );
#7279 = VECTOR( '', #8719, 1000.00000000000 );
#7280 = CARTESIAN_POINT( '', ( -4.00000000000022, -2.75000000000000, 0.499999999999991 ) );
#7281 = CARTESIAN_POINT( '', ( -4.00000000000022, -2.75000000000000, -1.00000000000000 ) );
#7282 = VECTOR( '', #8720, 1000.00000000000 );
#7283 = CARTESIAN_POINT( '', ( -2.72787230243872, 1.06748215556468, -0.772127697561514 ) );
#7284 = VECTOR( '', #8721, 1000.00000000000 );
#7285 = COLOUR_RGB( '', 0.568627476692200, 0.568627476692200, 0.568627476692200 );
#7286 = CARTESIAN_POINT( '', ( 15.0000000000000, 4.25000000000000, 6.25000000000000 ) );
#7287 = CARTESIAN_POINT( '', ( 15.0000000000000, 4.25000000000000, -3.00000000000000 ) );
#7288 = CARTESIAN_POINT( '', ( 15.0000000000000, 4.25000000000000, 6.20000000000000 ) );
#7289 = VECTOR( '', #8722, 1000.00000000000 );
#7290 = CARTESIAN_POINT( '', ( 14.9999999999994, 4.16651513899118, 6.65000000000000 ) );
#7291 = AXIS2_PLACEMENT_3D( '', #8723, #8724, #8725 );
#7292 = CARTESIAN_POINT( '', ( 15.0000000000000, -4.16651513899118, 6.65000000000000 ) );
#7293 = CARTESIAN_POINT( '', ( 14.9999999999994, 4.25000000000000, 6.65000000000000 ) );
#7294 = VECTOR( '', #8726, 1000.00000000000 );
#7295 = CARTESIAN_POINT( '', ( 15.0000000000000, -4.25000000000000, 6.25000000000000 ) );
#7296 = AXIS2_PLACEMENT_3D( '', #8727, #8728, #8729 );
#7297 = CARTESIAN_POINT( '', ( 15.0000000000000, -4.25000000000000, -3.00000000000000 ) );
#7298 = CARTESIAN_POINT( '', ( 15.0000000000000, -4.25000000000000, 6.20000000000000 ) );
#7299 = VECTOR( '', #8730, 1000.00000000000 );
#7300 = CARTESIAN_POINT( '', ( 15.0000000000000, -4.25000000000000, -3.00000000000000 ) );
#7301 = VECTOR( '', #8731, 1000.00000000000 );
#7302 = COLOUR_RGB( '', 0.568627476692200, 0.568627476692200, 0.568627476692200 );
#7303 = CARTESIAN_POINT( '', ( 9.49985604872024, -4.25000000000000, 0.999856048720667 ) );
#7304 = CARTESIAN_POINT( '', ( 9.49985604872024, -4.25000000000000, -1.00000000000000 ) );
#7305 = VECTOR( '', #8732, 1000.00000000000 );
#7306 = CARTESIAN_POINT( '', ( 8.99999999999956, -2.75000000000000, 0.499999999999990 ) );
#7307 = CARTESIAN_POINT( '', ( 8.86370060383226, -2.34098405476093, 0.363700603832687 ) );
#7308 = VECTOR( '', #8733, 1000.00000000000 );
#7309 = CARTESIAN_POINT( '', ( 8.99999999999956, -2.75000000000000, -1.00000000000000 ) );
#7310 = VECTOR( '', #8734, 1000.00000000000 );
#7311 = COLOUR_RGB( '', 0.568627476692200, 0.568627476692200, 0.568627476692200 );
#7312 = CARTESIAN_POINT( '', ( -9.14500000000011, -4.25000000000000, -6.05000000000000 ) );
#7313 = AXIS2_PLACEMENT_3D( '', #8735, #8736, #8737 );
#7314 = CARTESIAN_POINT( '', ( -9.14500000000011, 4.25000000000000, -6.05000000000000 ) );
#7315 = CARTESIAN_POINT( '', ( -9.14500000000011, 32.7669218061146, -6.05000000000000 ) );
#7316 = VECTOR( '', #8738, 1000.00000000000 );
#7317 = AXIS2_PLACEMENT_3D( '', #8739, #8740, #8741 );
#7318 = CARTESIAN_POINT( '', ( -7.00000000000011, 0.350000000000000, -6.02867558779369 ) );
#7319 = CARTESIAN_POINT( '', ( -8.00000000000011, 0.350000000000000, -6.02867558779369 ) );
#7320 = AXIS2_PLACEMENT_3D( '', #8742, #8743, #8744 );
#7321 = CARTESIAN_POINT( '', ( -8.00000000000011, -0.349999999999996, -6.02867558779369 ) );
#7322 = CARTESIAN_POINT( '', ( -8.00000000000011, 32.7669218061146, -6.02867558779369 ) );
#7323 = VECTOR( '', #8745, 1000.00000000000 );
#7324 = CARTESIAN_POINT( '', ( -7.00000000000011, -0.350000000000000, -6.02867558779369 ) );
#7325 = AXIS2_PLACEMENT_3D( '', #8746, #8747, #8748 );
#7326 = CARTESIAN_POINT( '', ( -7.00000000000011, 32.7669218061146, -6.02867558779369 ) );
#7327 = VECTOR( '', #8749, 1000.00000000000 );
#7328 = COLOUR_RGB( '', 0.568627476692200, 0.568627476692200, 0.568627476692200 );
#7329 = AXIS2_PLACEMENT_3D( '', #8750, #8751, #8752 );
#7330 = CARTESIAN_POINT( '', ( 12.8999999999995, 1.80623918681885, 7.70000000000000 ) );
#7331 = AXIS2_PLACEMENT_3D( '', #8753, #8754, #8755 );
#7332 = AXIS2_PLACEMENT_3D( '', #8756, #8757, #8758 );
#7333 = CARTESIAN_POINT( '', ( 10.6019662614132, 0.000000000000000, 9.25000000000000 ) );
#7334 = AXIS2_PLACEMENT_3D( '', #8759, #8760, #8761 );
#7335 = COLOUR_RGB( '', 0.568627476692200, 0.568627476692200, 0.568627476692200 );
#7336 = CARTESIAN_POINT( '', ( -15.0000000000000, -4.25000000000000, -6.20000000000000 ) );
#7337 = CARTESIAN_POINT( '', ( -15.0000000000000, -4.25000000000000, -6.20000000000000 ) );
#7338 = VECTOR( '', #8762, 1000.00000000000 );
#7339 = CARTESIAN_POINT( '', ( -15.0000000000000, 4.25000000000000, -6.20000000000000 ) );
#7340 = CARTESIAN_POINT( '', ( -15.0000000000000, 4.25000000000000, -6.20000000000000 ) );
#7341 = VECTOR( '', #8763, 1000.00000000000 );
#7342 = CARTESIAN_POINT( '', ( -15.0000000000000, -4.25000000000000, -6.20000000000000 ) );
#7343 = VECTOR( '', #8764, 1000.00000000000 );
#7344 = COLOUR_RGB( '', 0.568627476692200, 0.568627476692200, 0.568627476692200 );
#7345 = CARTESIAN_POINT( '', ( 13.8999999999994, 3.45000000000000, 0.499999999999991 ) );
#7346 = CARTESIAN_POINT( '', ( 11.0999999999994, 3.45000000000000, 0.499999999999991 ) );
#7347 = CARTESIAN_POINT( '', ( 13.8999999999994, 3.45000000000000, 0.500000000000000 ) );
#7348 = VECTOR( '', #8765, 1000.00000000000 );
#7349 = CARTESIAN_POINT( '', ( 11.0999999999994, 3.45000000000000, -2.10000000000000 ) );
#7350 = CARTESIAN_POINT( '', ( 11.0999999999994, 3.45000000000000, 0.499999999999991 ) );
#7351 = VECTOR( '', #8766, 1000.00000000000 );
#7352 = CARTESIAN_POINT( '', ( 13.8999999999994, 3.45000000000000, -2.10000000000000 ) );
#7353 = CARTESIAN_POINT( '', ( 11.0999999999994, 3.45000000000000, -2.10000000000000 ) );
#7354 = VECTOR( '', #8767, 1000.00000000000 );
#7355 = CARTESIAN_POINT( '', ( 13.8999999999994, 3.45000000000000, -2.10000000000000 ) );
#7356 = VECTOR( '', #8768, 1000.00000000000 );
#7357 = COLOUR_RGB( '', 0.568627476692200, 0.568627476692200, 0.568627476692200 );
#7358 = CARTESIAN_POINT( '', ( -4.63661785944048, 3.25000000000000, 7.25000000000000 ) );
#7359 = CARTESIAN_POINT( '', ( -4.63661785944048, 4.25000000000000, 7.25000000000000 ) );
#7360 = VECTOR( '', #8769, 1000.00000000000 );
#7361 = CARTESIAN_POINT( '', ( -4.63661785944048, 3.25000000000000, 7.25000000000000 ) );
#7362 = VECTOR( '', #8770, 1000.00000000000 );
#7363 = COLOUR_RGB( '', 0.568627476692200, 0.568627476692200, 0.568627476692200 );
#7364 = CARTESIAN_POINT( '', ( 15.0000000000000, -4.25000000000000, -6.20000000000000 ) );
#7365 = CARTESIAN_POINT( '', ( 14.2999999999994, -4.25000000000000, -6.20000000000000 ) );
#7366 = CARTESIAN_POINT( '', ( 15.0000000000000, -4.25000000000000, -6.20000000000000 ) );
#7367 = VECTOR( '', #8771, 1000.00000000000 );
#7368 = CARTESIAN_POINT( '', ( 14.2999999999994, 4.25000000000000, -6.20000000000000 ) );
#7369 = CARTESIAN_POINT( '', ( 14.2999999999994, -4.25000000000000, -6.20000000000000 ) );
#7370 = VECTOR( '', #8772, 1000.00000000000 );
#7371 = CARTESIAN_POINT( '', ( 15.0000000000000, 4.25000000000000, -6.20000000000000 ) );
#7372 = CARTESIAN_POINT( '', ( 15.0000000000000, 4.25000000000000, -6.20000000000000 ) );
#7373 = VECTOR( '', #8773, 1000.00000000000 );
#7374 = CARTESIAN_POINT( '', ( 15.0000000000000, -4.25000000000000, -6.20000000000000 ) );
#7375 = VECTOR( '', #8774, 1000.00000000000 );
#7376 = COLOUR_RGB( '', 0.568627476692200, 0.568627476692200, 0.568627476692200 );
#7377 = CARTESIAN_POINT( '', ( 3.89999999999967, -2.75000000000000, 0.500000000000000 ) );
#7378 = VECTOR( '', #8775, 1000.00000000000 );
#7379 = COLOUR_RGB( '', 0.568627476692200, 0.568627476692200, 0.568627476692200 );
#7380 = CARTESIAN_POINT( '', ( -3.90000000000021, -2.75000000000000, -2.10000000000000 ) );
#7381 = CARTESIAN_POINT( '', ( -1.10000000000022, -2.75000000000000, -2.10000000000000 ) );
#7382 = CARTESIAN_POINT( '', ( -3.90000000000021, -2.75000000000000, -2.10000000000000 ) );
#7383 = VECTOR( '', #8776, 1000.00000000000 );
#7384 = CARTESIAN_POINT( '', ( -1.10000000000022, 3.45000000000000, -2.10000000000000 ) );
#7385 = VECTOR( '', #8777, 1000.00000000000 );
#7386 = CARTESIAN_POINT( '', ( -3.90000000000021, 3.45000000000000, -2.10000000000000 ) );
#7387 = VECTOR( '', #8778, 1000.00000000000 );
#7388 = COLOUR_RGB( '', 0.568627476692200, 0.568627476692200, 0.568627476692200 );
#7389 = CARTESIAN_POINT( '', ( 9.79999999999956, 0.000000000000000, 9.25000000000000 ) );
#7390 = AXIS2_PLACEMENT_3D( '', #8779, #8780, #8781 );
#7391 = CARTESIAN_POINT( '', ( 5.60196626141328, 0.000000000000000, 9.25000000000000 ) );
#7392 = AXIS2_PLACEMENT_3D( '', #8782, #8783, #8784 );
#7393 = COLOUR_RGB( '', 0.568627476692200, 0.568627476692200, 0.568627476692200 );
#7394 = CARTESIAN_POINT( '', ( -7.10000000000009, -1.80623918681884, 7.70000000000000 ) );
#7395 = CARTESIAN_POINT( '', ( -7.90000000000010, -1.80623918681885, 7.70000000000000 ) );
#7396 = AXIS2_PLACEMENT_3D( '', #8785, #8786, #8787 );
#7397 = CARTESIAN_POINT( '', ( -7.10000000000009, -1.80623918681884, 6.79000000000000 ) );
#7398 = VECTOR( '', #8788, 1000.00000000000 );
#7399 = CARTESIAN_POINT( '', ( -7.90000000000010, -1.80623918681885, 6.79000000000000 ) );
#7400 = VECTOR( '', #8789, 1000.00000000000 );
#7401 = COLOUR_RGB( '', 0.568627476692200, 0.568627476692200, 0.568627476692200 );
#7402 = CARTESIAN_POINT( '', ( -10.8550000000000, 4.25000000000000, -6.05000000000000 ) );
#7403 = CARTESIAN_POINT( '', ( -10.8550000000000, -4.25000000000000, -6.05000000000000 ) );
#7404 = CARTESIAN_POINT( '', ( -10.8550000000000, 30.5487887721775, -6.05000000000000 ) );
#7405 = VECTOR( '', #8790, 1000.00000000000 );
#7406 = CARTESIAN_POINT( '', ( -14.1450000000000, -4.25000000000000, -6.05000000000000 ) );
#7407 = AXIS2_PLACEMENT_3D( '', #8791, #8792, #8793 );
#7408 = CARTESIAN_POINT( '', ( -14.1450000000000, 4.25000000000000, -6.05000000000000 ) );
#7409 = CARTESIAN_POINT( '', ( -14.1450000000000, 30.5487887721775, -6.05000000000000 ) );
#7410 = VECTOR( '', #8794, 1000.00000000000 );
#7411 = AXIS2_PLACEMENT_3D( '', #8795, #8796, #8797 );
#7412 = CARTESIAN_POINT( '', ( -13.0000000000000, 0.350000000000000, -6.02867558779369 ) );
#7413 = AXIS2_PLACEMENT_3D( '', #8798, #8799, #8800 );
#7414 = CARTESIAN_POINT( '', ( -13.0000000000000, -0.349999999999996, -6.02867558779369 ) );
#7415 = CARTESIAN_POINT( '', ( -13.0000000000000, 30.5487887721775, -6.02867558779369 ) );
#7416 = VECTOR( '', #8801, 1000.00000000000 );
#7417 = AXIS2_PLACEMENT_3D( '', #8802, #8803, #8804 );
#7418 = COLOUR_RGB( '', 0.568627476692200, 0.568627476692200, 0.568627476692200 );
#7419 = CARTESIAN_POINT( '', ( -5.36338214055985, 3.25000000000000, 7.25000000000000 ) );
#7420 = CARTESIAN_POINT( '', ( -5.36338214055985, 4.25000000000000, 7.25000000000000 ) );
#7421 = VECTOR( '', #8805, 1000.00000000000 );
#7422 = CARTESIAN_POINT( '', ( -9.63661785944037, 3.25000000000000, 7.25000000000000 ) );
#7423 = VECTOR( '', #8806, 1000.00000000000 );
#7424 = COLOUR_RGB( '', 0.568627476692200, 0.568627476692200, 0.568627476692200 );
#7425 = CARTESIAN_POINT( '', ( 2.99999999999968, -0.350000000000000, -6.02867558779369 ) );
#7426 = CARTESIAN_POINT( '', ( 2.99999999999967, -0.350000000000000, -9.90000000000000 ) );
#7427 = CARTESIAN_POINT( '', ( 2.99999999999968, -0.350000000000000, 30.9669218061146 ) );
#7428 = VECTOR( '', #8807, 1000.00000000000 );
#7429 = CARTESIAN_POINT( '', ( 2.99999999999967, 0.350000000000000, -9.90000000000000 ) );
#7430 = CARTESIAN_POINT( '', ( 2.99999999999968, -0.350000000000000, -9.90000000000000 ) );
#7431 = VECTOR( '', #8808, 1000.00000000000 );
#7432 = CARTESIAN_POINT( '', ( 2.99999999999968, 0.350000000000000, -6.02867558779369 ) );
#7433 = CARTESIAN_POINT( '', ( 2.99999999999968, 0.350000000000000, 30.9669218061146 ) );
#7434 = VECTOR( '', #8809, 1000.00000000000 );
#7435 = CARTESIAN_POINT( '', ( 2.99999999999968, 32.7669218061146, -6.02867558779369 ) );
#7436 = VECTOR( '', #8810, 1000.00000000000 );
#7437 = COLOUR_RGB( '', 0.568627476692200, 0.568627476692200, 0.568627476692200 );
#7438 = CARTESIAN_POINT( '', ( -2.00000000000022, -0.350000000000000, -9.90000000000000 ) );
#7439 = CARTESIAN_POINT( '', ( -2.00000000000021, -0.350000000000000, -9.90000000000000 ) );
#7440 = VECTOR( '', #8811, 1000.00000000000 );
#7441 = CARTESIAN_POINT( '', ( -2.00000000000022, 0.350000000000000, -9.90000000000000 ) );
#7442 = CARTESIAN_POINT( '', ( -2.00000000000021, 0.350000000000000, -9.90000000000000 ) );
#7443 = VECTOR( '', #8812, 1000.00000000000 );
#7444 = CARTESIAN_POINT( '', ( -2.00000000000021, -0.350000000000000, -9.90000000000000 ) );
#7445 = VECTOR( '', #8813, 1000.00000000000 );
#7446 = COLOUR_RGB( '', 0.568627476692200, 0.568627476692200, 0.568627476692200 );
#7447 = CARTESIAN_POINT( '', ( -9.49985604872079, -4.25000000000000, 0.999856048720667 ) );
#7448 = CARTESIAN_POINT( '', ( -5.50014395127943, -4.25000000000000, 0.999856048720667 ) );
#7449 = CARTESIAN_POINT( '', ( 4.99999999999989, -4.25000000000000, 0.999856048720667 ) );
#7450 = VECTOR( '', #8814, 1000.00000000000 );
#7451 = CARTESIAN_POINT( '', ( -9.00000000000011, -2.75000000000000, 0.499999999999991 ) );
#7452 = CARTESIAN_POINT( '', ( -7.72787230243860, 1.06748215556468, -0.772127697561513 ) );
#7453 = VECTOR( '', #8815, 1000.00000000000 );
#7454 = CARTESIAN_POINT( '', ( -8.90000000000011, -2.75000000000000, 0.499999999999991 ) );
#7455 = CARTESIAN_POINT( '', ( 4.99999999999989, -2.75000000000000, 0.499999999999990 ) );
#7456 = VECTOR( '', #8816, 1000.00000000000 );
#7457 = CARTESIAN_POINT( '', ( -6.10000000000011, -2.75000000000000, 0.499999999999991 ) );
#7458 = CARTESIAN_POINT( '', ( -6.10000000000011, -2.75000000000000, 0.500000000000000 ) );
#7459 = VECTOR( '', #8817, 1000.00000000000 );
#7460 = CARTESIAN_POINT( '', ( -6.00000000000011, -2.75000000000000, 0.499999999999990 ) );
#7461 = CARTESIAN_POINT( '', ( 4.99999999999989, -2.75000000000000, 0.499999999999990 ) );
#7462 = VECTOR( '', #8818, 1000.00000000000 );
#7463 = CARTESIAN_POINT( '', ( -6.13629939616741, -2.34098405476093, 0.363700603832687 ) );
#7464 = VECTOR( '', #8819, 1000.00000000000 );
#7465 = COLOUR_RGB( '', 0.949019610881805, 0.949019610881805, 0.949019610881805 );
#7466 = CARTESIAN_POINT( '', ( 7.89999999999958, 1.80623918681885, 7.70000000000000 ) );
#7467 = CARTESIAN_POINT( '', ( 7.89999999999958, -1.80623918681884, 7.70000000000000 ) );
#7468 = CARTESIAN_POINT( '', ( 7.89999999999958, 1.80623918681885, 7.70000000000000 ) );
#7469 = VECTOR( '', #8820, 1000.00000000000 );
#7470 = AXIS2_PLACEMENT_3D( '', #8821, #8822, #8823 );
#7471 = COLOUR_RGB( '', 0.568627476692200, 0.568627476692200, 0.568627476692200 );
#7472 = CARTESIAN_POINT( '', ( -5.00000000000000, 4.25000000000000, -3.00000000000000 ) );
#7473 = CARTESIAN_POINT( '', ( -5.00000000000000, -4.25000000000000, -3.00000000000000 ) );
#7474 = CARTESIAN_POINT( '', ( -5.00000000000000, 30.5487887721775, -3.00000000000000 ) );
#7475 = VECTOR( '', #8824, 1000.00000000000 );
#7476 = CARTESIAN_POINT( '', ( -5.23909090582378, -4.25000000000000, -5.73913043478261 ) );
#7477 = CARTESIAN_POINT( '', ( -5.00000000000000, -4.25000000000000, -3.00000000000000 ) );
#7478 = VECTOR( '', #8825, 1000.00000000000 );
#7479 = CARTESIAN_POINT( '', ( -5.23909090582378, 4.25000000000000, -5.73913043478261 ) );
#7480 = CARTESIAN_POINT( '', ( -5.23909090582378, 30.5487887721775, -5.73913043478261 ) );
#7481 = VECTOR( '', #8826, 1000.00000000000 );
#7482 = CARTESIAN_POINT( '', ( -4.70231139726148, 4.25000000000000, 0.410451388937234 ) );
#7483 = VECTOR( '', #8827, 1000.00000000000 );
#7484 = COLOUR_RGB( '', 0.568627476692200, 0.568627476692200, 0.568627476692200 );
#7485 = CARTESIAN_POINT( '', ( 10.5001439512788, -4.25000000000000, -2.99985604872068 ) );
#7486 = CARTESIAN_POINT( '', ( 10.5001439512788, -4.25000000000000, 0.999856048720667 ) );
#7487 = CARTESIAN_POINT( '', ( 10.5001439512788, -4.25000000000000, -1.00000000000000 ) );
#7488 = VECTOR( '', #8828, 1000.00000000000 );
#7489 = CARTESIAN_POINT( '', ( 10.9999999999994, -2.75000000000000, -2.50000000000000 ) );
#7490 = CARTESIAN_POINT( '', ( 11.1362993961668, -2.34098405476093, -2.36370060383270 ) );
#7491 = VECTOR( '', #8829, 1000.00000000000 );
#7492 = CARTESIAN_POINT( '', ( 10.9999999999994, -2.75000000000000, 0.499999999999991 ) );
#7493 = CARTESIAN_POINT( '', ( 10.9999999999994, -2.75000000000000, -1.00000000000000 ) );
#7494 = VECTOR( '', #8830, 1000.00000000000 );
#7495 = CARTESIAN_POINT( '', ( 12.2721276975610, 1.06748215556468, -0.772127697561513 ) );
#7496 = VECTOR( '', #8831, 1000.00000000000 );
#7497 = COLOUR_RGB( '', 0.568627476692200, 0.568627476692200, 0.568627476692200 );
#7498 = CARTESIAN_POINT( '', ( 5.36338214055930, 3.25000000000000, 7.25000000000000 ) );
#7499 = CARTESIAN_POINT( '', ( 5.36338214055930, 0.851389524671822, 7.25000000000000 ) );
#7500 = CARTESIAN_POINT( '', ( 5.36338214055930, 4.25000000000000, 7.25000000000000 ) );
#7501 = VECTOR( '', #8832, 1000.00000000000 );
#7502 = AXIS2_PLACEMENT_3D( '', #8833, #8834, #8835 );
#7503 = CARTESIAN_POINT( '', ( 5.36338214055930, 3.25000000000000, 7.25000000000000 ) );
#7504 = VECTOR( '', #8836, 1000.00000000000 );
#7505 = COLOUR_RGB( '', 0.568627476692200, 0.568627476692200, 0.568627476692200 );
#7506 = CARTESIAN_POINT( '', ( -7.21000000000011, 0.350000000000000, -10.7000000000000 ) );
#7507 = CARTESIAN_POINT( '', ( -7.79000000000011, 0.350000000000000, -10.7000000000000 ) );
#7508 = CARTESIAN_POINT( '', ( -7.00000000000011, 0.350000000000000, -10.7000000000000 ) );
#7509 = VECTOR( '', #8837, 1000.00000000000 );
#7510 = CARTESIAN_POINT( '', ( -7.21000000000011, -0.350000000000000, -10.7000000000000 ) );
#7511 = CARTESIAN_POINT( '', ( -7.21000000000011, 0.000000000000000, -10.7000000000000 ) );
#7512 = VECTOR( '', #8838, 1000.00000000000 );
#7513 = CARTESIAN_POINT( '', ( -7.79000000000011, -0.350000000000000, -10.7000000000000 ) );
#7514 = CARTESIAN_POINT( '', ( -8.00000000000011, -0.350000000000000, -10.7000000000000 ) );
#7515 = VECTOR( '', #8839, 1000.00000000000 );
#7516 = CARTESIAN_POINT( '', ( -7.79000000000011, 0.000000000000000, -10.7000000000000 ) );
#7517 = VECTOR( '', #8840, 1000.00000000000 );
#7518 = COLOUR_RGB( '', 0.568627476692200, 0.568627476692200, 0.568627476692200 );
#7519 = CARTESIAN_POINT( '', ( 13.8999999999994, -2.75000000000000, 0.499999999999991 ) );
#7520 = CARTESIAN_POINT( '', ( 11.0999999999994, -2.75000000000000, 0.499999999999991 ) );
#7521 = CARTESIAN_POINT( '', ( 13.8999999999994, -2.75000000000000, 0.500000000000000 ) );
#7522 = VECTOR( '', #8841, 1000.00000000000 );
#7523 = CARTESIAN_POINT( '', ( 11.0999999999994, 3.45000000000000, 0.499999999999991 ) );
#7524 = VECTOR( '', #8842, 1000.00000000000 );
#7525 = CARTESIAN_POINT( '', ( 13.8999999999994, 3.45000000000000, 0.499999999999991 ) );
#7526 = VECTOR( '', #8843, 1000.00000000000 );
#7527 = COLOUR_RGB( '', 0.568627476692200, 0.568627476692200, 0.568627476692200 );
#7528 = CARTESIAN_POINT( '', ( -13.9000000000000, -2.75000000000000, -2.10000000000000 ) );
#7529 = VECTOR( '', #8844, 1000.00000000000 );
#7530 = CARTESIAN_POINT( '', ( -13.9000000000000, 3.45000000000000, -2.10000000000000 ) );
#7531 = VECTOR( '', #8845, 1000.00000000000 );
#7532 = COLOUR_RGB( '', 0.568627476692200, 0.568627476692200, 0.568627476692200 );
#7533 = CARTESIAN_POINT( '', ( -14.3000000000000, -4.25000000000000, -6.20000000000000 ) );
#7534 = CARTESIAN_POINT( '', ( -14.3000000000000, -4.25000000000000, -6.20000000000000 ) );
#7535 = VECTOR( '', #8846, 1000.00000000000 );
#7536 = CARTESIAN_POINT( '', ( -14.3000000000000, 4.25000000000000, -6.20000000000000 ) );
#7537 = CARTESIAN_POINT( '', ( -14.3000000000000, -4.25000000000000, -6.20000000000000 ) );
#7538 = VECTOR( '', #8847, 1000.00000000000 );
#7539 = CARTESIAN_POINT( '', ( -3.81730252552381, 4.25000000000000, 3.94454594304132 ) );
#7540 = VECTOR( '', #8848, 1000.00000000000 );
#7541 = COLOUR_RGB( '', 0.568627476692200, 0.568627476692200, 0.568627476692200 );
#7542 = CARTESIAN_POINT( '', ( -11.1000000000000, 3.45000000000000, 0.500000000000000 ) );
#7543 = VECTOR( '', #8849, 1000.00000000000 );
#7544 = COLOUR_RGB( '', 0.949019610881805, 0.949019610881805, 0.949019610881805 );
#7545 = CARTESIAN_POINT( '', ( 6.09999999999956, -2.75000000000000, 0.499999999999991 ) );
#7546 = CARTESIAN_POINT( '', ( 6.09999999999956, -2.75000000000000, 0.499999999999991 ) );
#7547 = VECTOR( '', #8850, 1000.00000000000 );
#7548 = CARTESIAN_POINT( '', ( 5.99999999999956, -2.75000000000000, 0.499999999999991 ) );
#7549 = CARTESIAN_POINT( '', ( 19.9999999999995, -2.75000000000000, 0.499999999999990 ) );
#7550 = VECTOR( '', #8851, 1000.00000000000 );
#7551 = CARTESIAN_POINT( '', ( 5.99999999999956, -2.75000000000000, -1.00000000000000 ) );
#7552 = VECTOR( '', #8852, 1000.00000000000 );
#7553 = CARTESIAN_POINT( '', ( 19.9999999999995, -2.75000000000000, 0.499999999999990 ) );
#7554 = VECTOR( '', #8853, 1000.00000000000 );
#7555 = COLOUR_RGB( '', 0.568627476692200, 0.568627476692200, 0.568627476692200 );
#7556 = CARTESIAN_POINT( '', ( -2.90000000000021, 1.80623918681884, 6.79000000000000 ) );
#7557 = VECTOR( '', #8854, 1000.00000000000 );
#7558 = CARTESIAN_POINT( '', ( -2.10000000000020, 1.80623918681885, 6.79000000000000 ) );
#7559 = VECTOR( '', #8855, 1000.00000000000 );
#7560 = COLOUR_RGB( '', 0.568627476692200, 0.568627476692200, 0.568627476692200 );
#7561 = CARTESIAN_POINT( '', ( 10.0000000000000, 4.25000000000000, -3.00000000000000 ) );
#7562 = CARTESIAN_POINT( '', ( 10.0000000000000, -4.25000000000000, -3.00000000000000 ) );
#7563 = CARTESIAN_POINT( '', ( 10.0000000000000, 30.5487887721775, -3.00000000000000 ) );
#7564 = VECTOR( '', #8856, 1000.00000000000 );
#7565 = CARTESIAN_POINT( '', ( 9.76090909417622, -4.25000000000000, -5.73913043478261 ) );
#7566 = CARTESIAN_POINT( '', ( 10.0000000000000, -4.25000000000000, -3.00000000000000 ) );
#7567 = VECTOR( '', #8857, 1000.00000000000 );
#7568 = CARTESIAN_POINT( '', ( 9.76090909417622, 4.25000000000000, -5.73913043478261 ) );
#7569 = CARTESIAN_POINT( '', ( 9.76090909417622, 30.5487887721775, -5.73913043478261 ) );
#7570 = VECTOR( '', #8858, 1000.00000000000 );
#7571 = CARTESIAN_POINT( '', ( 10.1842670526440, 4.25000000000000, -0.888955707931181 ) );
#7572 = VECTOR( '', #8859, 1000.00000000000 );
#7573 = COLOUR_RGB( '', 0.568627476692200, 0.568627476692200, 0.568627476692200 );
#7574 = CARTESIAN_POINT( '', ( -5.50014395127943, -4.25000000000000, -2.99985604872068 ) );
#7575 = CARTESIAN_POINT( '', ( -5.50014395127943, -4.25000000000000, -1.00000000000000 ) );
#7576 = VECTOR( '', #8860, 1000.00000000000 );
#7577 = CARTESIAN_POINT( '', ( -6.00000000000011, -2.75000000000000, -2.50000000000000 ) );
#7578 = CARTESIAN_POINT( '', ( -6.00000000000011, -2.75000000000000, -1.00000000000000 ) );
#7579 = VECTOR( '', #8861, 1000.00000000000 );
#7580 = CARTESIAN_POINT( '', ( -5.00047109477321, -5.74945026508654, -3.49952890522690 ) );
#7581 = VECTOR( '', #8862, 1000.00000000000 );
#7582 = COLOUR_RGB( '', 0.568627476692200, 0.568627476692200, 0.568627476692200 );
#7583 = CARTESIAN_POINT( '', ( -15.0000000000000, 4.25000000000000, -3.00000000000000 ) );
#7584 = CARTESIAN_POINT( '', ( -15.0000000000000, 4.25000000000000, 6.25000000000000 ) );
#7585 = CARTESIAN_POINT( '', ( -15.0000000000000, 4.25000000000000, -6.20000000000000 ) );
#7586 = VECTOR( '', #8863, 1000.00000000000 );
#7587 = CARTESIAN_POINT( '', ( -15.0000000000000, -4.25000000000000, -3.00000000000007 ) );
#7588 = CARTESIAN_POINT( '', ( -15.0000000000000, 30.7559039593413, -3.00000000000000 ) );
#7589 = VECTOR( '', #8864, 1000.00000000000 );
#7590 = CARTESIAN_POINT( '', ( -15.0000000000000, -4.25000000000000, 6.25000000000000 ) );
#7591 = CARTESIAN_POINT( '', ( -15.0000000000000, -4.25000000000000, -6.20000000000000 ) );
#7592 = VECTOR( '', #8865, 1000.00000000000 );
#7593 = CARTESIAN_POINT( '', ( -15.0000000000000, -4.16651513899119, 6.65000000000000 ) );
#7594 = AXIS2_PLACEMENT_3D( '', #8866, #8867, #8868 );
#7595 = CARTESIAN_POINT( '', ( -15.0000000000000, 4.16651513899118, 6.65000000000000 ) );
#7596 = CARTESIAN_POINT( '', ( -15.0000000000000, 4.25000000000000, 6.65000000000000 ) );
#7597 = VECTOR( '', #8869, 1000.00000000000 );
#7598 = AXIS2_PLACEMENT_3D( '', #8870, #8871, #8872 );
#7599 = COLOUR_RGB( '', 0.568627476692200, 0.568627476692200, 0.568627476692200 );
#7600 = CARTESIAN_POINT( '', ( 11.9999999999995, -0.350000000000000, -9.90000000000000 ) );
#7601 = CARTESIAN_POINT( '', ( 11.9999999999994, 0.350000000000000, -9.90000000000000 ) );
#7602 = VECTOR( '', #8873, 1000.00000000000 );
#7603 = CARTESIAN_POINT( '', ( 11.9999999999994, -0.349999999999996, -6.02867558779369 ) );
#7604 = CARTESIAN_POINT( '', ( 11.9999999999994, -0.350000000000000, 30.9669218061146 ) );
#7605 = VECTOR( '', #8874, 1000.00000000000 );
#7606 = CARTESIAN_POINT( '', ( 11.9999999999994, 32.7669218061146, -6.02867558779369 ) );
#7607 = VECTOR( '', #8875, 1000.00000000000 );
#7608 = COLOUR_RGB( '', 0.568627476692200, 0.568627476692200, 0.568627476692200 );
#7609 = COLOUR_RGB( '', 0.568627476692200, 0.568627476692200, 0.568627476692200 );
#7610 = CARTESIAN_POINT( '', ( 10.6999999999995, 4.25000000000000, -6.20000000000000 ) );
#7611 = CARTESIAN_POINT( '', ( 15.0000000000000, 4.25000000000000, -6.20000000000000 ) );
#7612 = VECTOR( '', #8876, 1000.00000000000 );
#7613 = CARTESIAN_POINT( '', ( 10.6999999999995, -4.25000000000000, -6.20000000000000 ) );
#7614 = CARTESIAN_POINT( '', ( 10.6999999999995, -4.25000000000000, -6.20000000000000 ) );
#7615 = VECTOR( '', #8877, 1000.00000000000 );
#7616 = CARTESIAN_POINT( '', ( 15.0000000000000, -4.25000000000000, -6.20000000000000 ) );
#7617 = VECTOR( '', #8878, 1000.00000000000 );
#7618 = COLOUR_RGB( '', 0.568627476692200, 0.568627476692200, 0.568627476692200 );
#7619 = CARTESIAN_POINT( '', ( 10.3633821405592, 3.25000000000000, 7.25000000000000 ) );
#7620 = CARTESIAN_POINT( '', ( 10.3633821405592, 4.25000000000000, 7.25000000000000 ) );
#7621 = VECTOR( '', #8879, 1000.00000000000 );
#7622 = AXIS2_PLACEMENT_3D( '', #8880, #8881, #8882 );
#7623 = AXIS2_PLACEMENT_3D( '', #8883, #8884, #8885 );
#7624 = COLOUR_RGB( '', 0.568627476692200, 0.568627476692200, 0.568627476692200 );
#7625 = CARTESIAN_POINT( '', ( 5.50014395127888, -4.25000000000000, 0.999856048720667 ) );
#7626 = CARTESIAN_POINT( '', ( 5.50014395127889, -4.25000000000000, -1.00000000000000 ) );
#7627 = VECTOR( '', #8886, 1000.00000000000 );
#7628 = CARTESIAN_POINT( '', ( 7.27212769756107, 1.06748215556468, -0.772127697561513 ) );
#7629 = VECTOR( '', #8887, 1000.00000000000 );
#7630 = COLOUR_RGB( '', 0.949019610881805, 0.949019610881805, 0.949019610881805 );
#7631 = CARTESIAN_POINT( '', ( -2.90000000000021, 1.80623918681884, 7.70000000000000 ) );
#7632 = VECTOR( '', #8888, 1000.00000000000 );
#7633 = COLOUR_RGB( '', 0.568627476692200, 0.568627476692200, 0.568627476692200 );
#7634 = CARTESIAN_POINT( '', ( -4.63661785944048, -3.25000000000000, 7.25000000000000 ) );
#7635 = CARTESIAN_POINT( '', ( -4.63661785944048, 4.25000000000000, 7.25000000000000 ) );
#7636 = VECTOR( '', #8889, 1000.00000000000 );
#7637 = CARTESIAN_POINT( '', ( -4.63661785944048, -3.25000000000000, 7.25000000000000 ) );
#7638 = VECTOR( '', #8890, 1000.00000000000 );
#7639 = COLOUR_RGB( '', 0.568627476692200, 0.568627476692200, 0.568627476692200 );
#7640 = CARTESIAN_POINT( '', ( -6.10000000000011, -2.75000000000000, -2.10000000000000 ) );
#7641 = CARTESIAN_POINT( '', ( -6.10000000000011, -2.75000000000000, -2.10000000000000 ) );
#7642 = VECTOR( '', #8891, 1000.00000000000 );
#7643 = CARTESIAN_POINT( '', ( -6.10000000000011, 3.45000000000000, 0.499999999999991 ) );
#7644 = CARTESIAN_POINT( '', ( -6.10000000000011, 3.45000000000000, 0.499999999999991 ) );
#7645 = VECTOR( '', #8892, 1000.00000000000 );
#7646 = CARTESIAN_POINT( '', ( -6.10000000000011, 3.45000000000000, -2.10000000000000 ) );
#7647 = CARTESIAN_POINT( '', ( -6.10000000000011, 3.45000000000000, -2.10000000000000 ) );
#7648 = VECTOR( '', #8893, 1000.00000000000 );
#7649 = CARTESIAN_POINT( '', ( -6.10000000000011, 3.45000000000000, -2.10000000000000 ) );
#7650 = VECTOR( '', #8894, 1000.00000000000 );
#7651 = COLOUR_RGB( '', 0.568627476692200, 0.568627476692200, 0.568627476692200 );
#7652 = COLOUR_RGB( '', 0.568627476692200, 0.568627476692200, 0.568627476692200 );
#7653 = CARTESIAN_POINT( '', ( -9.30000000000010, 4.25000000000000, -6.20000000000000 ) );
#7654 = CARTESIAN_POINT( '', ( -10.7000000000000, 4.25000000000000, -6.20000000000000 ) );
#7655 = CARTESIAN_POINT( '', ( 15.0000000000000, 4.25000000000000, -6.20000000000000 ) );
#7656 = VECTOR( '', #8895, 1000.00000000000 );
#7657 = CARTESIAN_POINT( '', ( -9.30000000000010, -4.25000000000000, -6.20000000000000 ) );
#7658 = CARTESIAN_POINT( '', ( -9.30000000000010, -4.25000000000000, -6.20000000000000 ) );
#7659 = VECTOR( '', #8896, 1000.00000000000 );
#7660 = CARTESIAN_POINT( '', ( -10.7000000000000, -4.25000000000000, -6.20000000000000 ) );
#7661 = CARTESIAN_POINT( '', ( 15.0000000000000, -4.25000000000000, -6.20000000000000 ) );
#7662 = VECTOR( '', #8897, 1000.00000000000 );
#7663 = CARTESIAN_POINT( '', ( -10.7000000000000, -4.25000000000000, -6.20000000000000 ) );
#7664 = VECTOR( '', #8898, 1000.00000000000 );
#7665 = COLOUR_RGB( '', 0.568627476692200, 0.568627476692200, 0.568627476692200 );
#7666 = CARTESIAN_POINT( '', ( -7.10000000000009, 1.80623918681885, 7.70000000000000 ) );
#7667 = CARTESIAN_POINT( '', ( -7.10000000000009, 1.80623918681885, 7.70000000000000 ) );
#7668 = VECTOR( '', #8899, 1000.00000000000 );
#7669 = AXIS2_PLACEMENT_3D( '', #8900, #8901, #8902 );
#7670 = COLOUR_RGB( '', 0.568627476692200, 0.568627476692200, 0.568627476692200 );
#7671 = CARTESIAN_POINT( '', ( -7.90000000000010, 1.80623918681885, 7.70000000000000 ) );
#7672 = AXIS2_PLACEMENT_3D( '', #8903, #8904, #8905 );
#7673 = AXIS2_PLACEMENT_3D( '', #8906, #8907, #8908 );
#7674 = CARTESIAN_POINT( '', ( -9.39803373858638, 0.000000000000000, 9.25000000000000 ) );
#7675 = AXIS2_PLACEMENT_3D( '', #8909, #8910, #8911 );
#7676 = COLOUR_RGB( '', 0.568627476692200, 0.568627476692200, 0.568627476692200 );
#7677 = CARTESIAN_POINT( '', ( 14.1449999999994, -4.25000000000000, -6.05000000000000 ) );
#7678 = CARTESIAN_POINT( '', ( 14.1449999999994, -4.25000000000000, -6.05000000000000 ) );
#7679 = VECTOR( '', #8912, 1000.00000000000 );
#7680 = CARTESIAN_POINT( '', ( 14.1449999999994, 4.25000000000000, -6.05000000000000 ) );
#7681 = CARTESIAN_POINT( '', ( 14.1449999999994, 32.7669218061146, -6.05000000000000 ) );
#7682 = VECTOR( '', #8913, 1000.00000000000 );
#7683 = CARTESIAN_POINT( '', ( 3.81730252552355, 4.25000000000000, 3.94454594304105 ) );
#7684 = VECTOR( '', #8914, 1000.00000000000 );
#7685 = COLOUR_RGB( '', 0.568627476692200, 0.568627476692200, 0.568627476692200 );
#7686 = CARTESIAN_POINT( '', ( 4.76090909417622, 4.25000000000000, -5.73913043478261 ) );
#7687 = CARTESIAN_POINT( '', ( 4.76090909417622, -4.25000000000000, -5.73913043478261 ) );
#7688 = CARTESIAN_POINT( '', ( 4.76090909417622, 30.5487887721775, -5.73913043478261 ) );
#7689 = VECTOR( '', #8915, 1000.00000000000 );
#7690 = CARTESIAN_POINT( '', ( 5.23909090582379, -4.25000000000000, -5.73913043478261 ) );
#7691 = AXIS2_PLACEMENT_3D( '', #8916, #8917, #8918 );
#7692 = CARTESIAN_POINT( '', ( 5.23909090582379, 4.25000000000000, -5.73913043478261 ) );
#7693 = CARTESIAN_POINT( '', ( 5.23909090582379, 30.5487887721775, -5.73913043478261 ) );
#7694 = VECTOR( '', #8919, 1000.00000000000 );
#7695 = AXIS2_PLACEMENT_3D( '', #8920, #8921, #8922 );
#7696 = COLOUR_RGB( '', 0.949019610881805, 0.949019610881805, 0.949019610881805 );
#7697 = CARTESIAN_POINT( '', ( 2.89999999999969, 1.80623918681885, 6.79000000000000 ) );
#7698 = CARTESIAN_POINT( '', ( 2.89999999999969, -1.80623918681884, 6.79000000000000 ) );
#7699 = CARTESIAN_POINT( '', ( 2.89999999999969, 1.80623918681885, 6.79000000000000 ) );
#7700 = VECTOR( '', #8923, 1000.00000000000 );
#7701 = CARTESIAN_POINT( '', ( 2.89999999999969, -1.80623918681884, 7.70000000000000 ) );
#7702 = CARTESIAN_POINT( '', ( 2.89999999999969, -1.80623918681884, 6.79000000000000 ) );
#7703 = VECTOR( '', #8924, 1000.00000000000 );
#7704 = CARTESIAN_POINT( '', ( 2.89999999999969, 1.80623918681885, 7.70000000000000 ) );
#7705 = CARTESIAN_POINT( '', ( 2.89999999999969, 1.80623918681885, 7.70000000000000 ) );
#7706 = VECTOR( '', #8925, 1000.00000000000 );
#7707 = CARTESIAN_POINT( '', ( 2.89999999999969, 1.80623918681885, 6.79000000000000 ) );
#7708 = VECTOR( '', #8926, 1000.00000000000 );
#7709 = COLOUR_RGB( '', 0.568627476692200, 0.568627476692200, 0.568627476692200 );
#7710 = CARTESIAN_POINT( '', ( -9.49985604872079, -4.25000000000000, -2.99985604872068 ) );
#7711 = CARTESIAN_POINT( '', ( 4.99999999999989, -4.25000000000000, -2.99985604872068 ) );
#7712 = VECTOR( '', #8927, 1000.00000000000 );
#7713 = CARTESIAN_POINT( '', ( -9.00000000000011, -2.75000000000000, -2.50000000000000 ) );
#7714 = CARTESIAN_POINT( '', ( 4.99999999999989, -2.75000000000000, -2.50000000000000 ) );
#7715 = VECTOR( '', #8928, 1000.00000000000 );
#7716 = CARTESIAN_POINT( '', ( -8.86370060383280, -2.34098405476093, -2.36370060383270 ) );
#7717 = VECTOR( '', #8929, 1000.00000000000 );
#7718 = COLOUR_RGB( '', 0.568627476692200, 0.568627476692200, 0.568627476692200 );
#7719 = CARTESIAN_POINT( '', ( -8.00000000000010, 0.350000000000000, -9.90000000000000 ) );
#7720 = CARTESIAN_POINT( '', ( -8.00000000000011, 0.350000000000000, 30.9669218061146 ) );
#7721 = VECTOR( '', #8930, 1000.00000000000 );
#7722 = CARTESIAN_POINT( '', ( -8.00000000000010, -0.350000000000000, -9.90000000000000 ) );
#7723 = CARTESIAN_POINT( '', ( -8.00000000000011, 0.350000000000000, -9.90000000000000 ) );
#7724 = VECTOR( '', #8931, 1000.00000000000 );
#7725 = CARTESIAN_POINT( '', ( -8.00000000000011, -0.350000000000000, 30.9669218061146 ) );
#7726 = VECTOR( '', #8932, 1000.00000000000 );
#7727 = COLOUR_RGB( '', 0.568627476692200, 0.568627476692200, 0.568627476692200 );
#7728 = CARTESIAN_POINT( '', ( -4.85500000000021, 4.16651513899118, 6.65000000000000 ) );
#7729 = CARTESIAN_POINT( '', ( -4.85500000000021, -4.16651513899118, 6.65000000000000 ) );
#7730 = CARTESIAN_POINT( '', ( -4.85500000000021, 4.25000000000000, 6.65000000000000 ) );
#7731 = VECTOR( '', #8933, 1000.00000000000 );
#7732 = CARTESIAN_POINT( '', ( -5.14500000000011, 4.16651513899118, 6.65000000000000 ) );
#7733 = CARTESIAN_POINT( '', ( -5.00000000000011, 4.16651513899118, 6.65000000000000 ) );
#7734 = VECTOR( '', #8934, 1000.00000000000 );
#7735 = CARTESIAN_POINT( '', ( -5.14500000000011, -4.16651513899118, 6.65000000000000 ) );
#7736 = CARTESIAN_POINT( '', ( -5.14500000000011, 4.25000000000000, 6.65000000000000 ) );
#7737 = VECTOR( '', #8935, 1000.00000000000 );
#7738 = CARTESIAN_POINT( '', ( -5.14500000000011, -4.16651513899118, 6.65000000000000 ) );
#7739 = VECTOR( '', #8936, 1000.00000000000 );
#7740 = COLOUR_RGB( '', 0.568627476692200, 0.568627476692200, 0.568627476692200 );
#7741 = CARTESIAN_POINT( '', ( 5.14499999999957, 4.16651513899118, 6.65000000000000 ) );
#7742 = CARTESIAN_POINT( '', ( 5.14499999999957, -4.16651513899118, 6.65000000000000 ) );
#7743 = CARTESIAN_POINT( '', ( 5.14499999999957, 4.25000000000000, 6.65000000000000 ) );
#7744 = VECTOR( '', #8937, 1000.00000000000 );
#7745 = CARTESIAN_POINT( '', ( 4.85499999999967, 4.16651513899118, 6.65000000000000 ) );
#7746 = CARTESIAN_POINT( '', ( 4.99999999999967, 4.16651513899118, 6.65000000000000 ) );
#7747 = VECTOR( '', #8938, 1000.00000000000 );
#7748 = CARTESIAN_POINT( '', ( 4.85499999999967, -4.16651513899118, 6.65000000000000 ) );
#7749 = CARTESIAN_POINT( '', ( 4.85499999999967, 4.25000000000000, 6.65000000000000 ) );
#7750 = VECTOR( '', #8939, 1000.00000000000 );
#7751 = CARTESIAN_POINT( '', ( 4.85499999999967, -4.16651513899118, 6.65000000000000 ) );
#7752 = VECTOR( '', #8940, 1000.00000000000 );
#7753 = COLOUR_RGB( '', 0.568627476692200, 0.568627476692200, 0.568627476692200 );
#7754 = CARTESIAN_POINT( '', ( 4.63661785943995, -0.851389524671792, 7.25000000000000 ) );
#7755 = CARTESIAN_POINT( '', ( 4.63661785943994, -3.25000000000000, 7.25000000000000 ) );
#7756 = CARTESIAN_POINT( '', ( 4.63661785943994, 4.25000000000000, 7.25000000000000 ) );
#7757 = VECTOR( '', #8941, 1000.00000000000 );
#7758 = CARTESIAN_POINT( '', ( 0.363382140559410, -0.851389524671822, 7.25000000000000 ) );
#7759 = AXIS2_PLACEMENT_3D( '', #8942, #8943, #8944 );
#7760 = CARTESIAN_POINT( '', ( 0.363382140559410, -3.25000000000000, 7.25000000000000 ) );
#7761 = CARTESIAN_POINT( '', ( 0.363382140559410, 4.25000000000000, 7.25000000000000 ) );
#7762 = VECTOR( '', #8945, 1000.00000000000 );
#7763 = CARTESIAN_POINT( '', ( 0.363382140559410, -3.25000000000000, 7.25000000000000 ) );
#7764 = VECTOR( '', #8946, 1000.00000000000 );
#7765 = COLOUR_RGB( '', 0.568627476692200, 0.568627476692200, 0.568627476692200 );
#7766 = CARTESIAN_POINT( '', ( -0.855000000000258, -4.25000000000000, -6.05000000000000 ) );
#7767 = CARTESIAN_POINT( '', ( -0.855000000000217, -4.25000000000000, -6.05000000000000 ) );
#7768 = VECTOR( '', #8947, 1000.00000000000 );
#7769 = CARTESIAN_POINT( '', ( -0.855000000000258, 4.25000000000000, -6.05000000000000 ) );
#7770 = CARTESIAN_POINT( '', ( -0.855000000000258, 32.7669218061146, -6.05000000000000 ) );
#7771 = VECTOR( '', #8948, 1000.00000000000 );
#7772 = CARTESIAN_POINT( '', ( -3.43686190220324, 4.25000000000000, -3.55142396561005 ) );
#7773 = VECTOR( '', #8949, 1000.00000000000 );
#7774 = COLOUR_RGB( '', 0.949019610881805, 0.949019610881805, 0.949019610881805 );
#7775 = CARTESIAN_POINT( '', ( 12.8999999999995, 1.80623918681885, 7.70000000000000 ) );
#7776 = VECTOR( '', #8950, 1000.00000000000 );
#7777 = COLOUR_RGB( '', 0.568627476692200, 0.568627476692200, 0.568627476692200 );
#7778 = CARTESIAN_POINT( '', ( -10.3633821405597, -0.851389524671792, 7.25000000000000 ) );
#7779 = CARTESIAN_POINT( '', ( -10.3633821405597, -3.25000000000000, 7.25000000000000 ) );
#7780 = CARTESIAN_POINT( '', ( -10.3633821405597, 4.25000000000000, 7.25000000000000 ) );
#7781 = VECTOR( '', #8951, 1000.00000000000 );
#7782 = CARTESIAN_POINT( '', ( -14.6366178594403, -0.851389524671822, 7.25000000000000 ) );
#7783 = AXIS2_PLACEMENT_3D( '', #8952, #8953, #8954 );
#7784 = CARTESIAN_POINT( '', ( -14.6366178594403, -3.25000000000000, 7.25000000000000 ) );
#7785 = CARTESIAN_POINT( '', ( -14.6366178594403, 4.25000000000000, 7.25000000000000 ) );
#7786 = VECTOR( '', #8955, 1000.00000000000 );
#7787 = CARTESIAN_POINT( '', ( -14.6366178594403, -3.25000000000000, 7.25000000000000 ) );
#7788 = VECTOR( '', #8956, 1000.00000000000 );
#7789 = COLOUR_RGB( '', 0.568627476692200, 0.568627476692200, 0.568627476692200 );
#7790 = CARTESIAN_POINT( '', ( 13.8999999999994, -2.75000000000000, -2.10000000000000 ) );
#7791 = CARTESIAN_POINT( '', ( 13.8999999999994, -2.75000000000000, -2.10000000000000 ) );
#7792 = VECTOR( '', #8957, 1000.00000000000 );
#7793 = CARTESIAN_POINT( '', ( 13.8999999999994, 3.45000000000000, -2.10000000000000 ) );
#7794 = VECTOR( '', #8958, 1000.00000000000 );
#7795 = COLOUR_RGB( '', 0.568627476692200, 0.568627476692200, 0.568627476692200 );
#7796 = CARTESIAN_POINT( '', ( 14.7609090941762, -4.25000000000000, -5.73913043478261 ) );
#7797 = CARTESIAN_POINT( '', ( 15.0000000000000, -4.25000000000000, -3.00000000000000 ) );
#7798 = VECTOR( '', #8959, 1000.00000000000 );
#7799 = CARTESIAN_POINT( '', ( 14.7609090941762, 4.25000000000000, -5.73913043478261 ) );
#7800 = CARTESIAN_POINT( '', ( 14.7609090941762, 30.7558823629686, -5.73913043478261 ) );
#7801 = VECTOR( '', #8960, 1000.00000000000 );
#7802 = CARTESIAN_POINT( '', ( 15.1464598692792, 4.25000000000000, -1.32209140688732 ) );
#7803 = VECTOR( '', #8961, 1000.00000000000 );
#7804 = COLOUR_RGB( '', 0.568627476692200, 0.568627476692200, 0.568627476692200 );
#7805 = CARTESIAN_POINT( '', ( 7.09999999999957, -1.80623918681885, 7.70000000000000 ) );
#7806 = AXIS2_PLACEMENT_3D( '', #8962, #8963, #8964 );
#7807 = CARTESIAN_POINT( '', ( 7.09999999999957, 1.80623918681885, 7.70000000000000 ) );
#7808 = AXIS2_PLACEMENT_3D( '', #8965, #8966, #8967 );
#7809 = AXIS2_PLACEMENT_3D( '', #8968, #8969, #8970 );
#7810 = COLOUR_RGB( '', 0.949019610881805, 0.949019610881805, 0.949019610881805 );
#7811 = CARTESIAN_POINT( '', ( -12.9000000000000, 1.80623918681884, 6.79000000000000 ) );
#7812 = CARTESIAN_POINT( '', ( -12.9000000000000, 1.80623918681884, 6.79000000000000 ) );
#7813 = VECTOR( '', #8971, 1000.00000000000 );
#7814 = CARTESIAN_POINT( '', ( -12.9000000000000, -1.80623918681885, 6.79000000000000 ) );
#7815 = CARTESIAN_POINT( '', ( -12.9000000000000, -1.80623918681885, 6.79000000000000 ) );
#7816 = VECTOR( '', #8972, 1000.00000000000 );
#7817 = CARTESIAN_POINT( '', ( -12.9000000000000, 1.80623918681884, 6.79000000000000 ) );
#7818 = VECTOR( '', #8973, 1000.00000000000 );
#7819 = COLOUR_RGB( '', 0.568627476692200, 0.568627476692200, 0.568627476692200 );
#7820 = CARTESIAN_POINT( '', ( 5.36338214055930, -0.851389524671822, 7.25000000000000 ) );
#7821 = AXIS2_PLACEMENT_3D( '', #8974, #8975, #8976 );
#7822 = CARTESIAN_POINT( '', ( 5.36338214055930, -3.25000000000000, 7.25000000000000 ) );
#7823 = CARTESIAN_POINT( '', ( 5.36338214055930, 4.25000000000000, 7.25000000000000 ) );
#7824 = VECTOR( '', #8977, 1000.00000000000 );
#7825 = CARTESIAN_POINT( '', ( 5.36338214055930, -3.25000000000000, 7.25000000000000 ) );
#7826 = VECTOR( '', #8978, 1000.00000000000 );
#7827 = COLOUR_RGB( '', 0.568627476692200, 0.568627476692200, 0.568627476692200 );
#7828 = CARTESIAN_POINT( '', ( -8.90000000000011, 3.45000000000000, 0.499999999999991 ) );
#7829 = CARTESIAN_POINT( '', ( -8.90000000000011, 3.45000000000000, 0.499999999999991 ) );
#7830 = VECTOR( '', #8979, 1000.00000000000 );
#7831 = CARTESIAN_POINT( '', ( -6.10000000000011, 3.45000000000000, 0.500000000000000 ) );
#7832 = VECTOR( '', #8980, 1000.00000000000 );
#7833 = COLOUR_RGB( '', 0.568627476692200, 0.568627476692200, 0.568627476692200 );
#7834 = CARTESIAN_POINT( '', ( 2.20999999999967, -0.350000000000000, -10.7000000000000 ) );
#7835 = CARTESIAN_POINT( '', ( 2.78999999999968, -0.350000000000000, -10.7000000000000 ) );
#7836 = CARTESIAN_POINT( '', ( 1.99999999999967, -0.350000000000000, -10.7000000000000 ) );
#7837 = VECTOR( '', #8981, 1000.00000000000 );
#7838 = CARTESIAN_POINT( '', ( 2.99999999999968, -0.350000000000000, -9.90000000000000 ) );
#7839 = VECTOR( '', #8982, 1000.00000000000 );
#7840 = CARTESIAN_POINT( '', ( 1.99999999999967, -0.349999999999996, -6.02867558779369 ) );
#7841 = AXIS2_PLACEMENT_3D( '', #8983, #8984, #8985 );
#7842 = CARTESIAN_POINT( '', ( 1.99999999999968, -0.350000000000000, -9.90000000000000 ) );
#7843 = CARTESIAN_POINT( '', ( 1.99999999999967, -0.350000000000000, 30.9669218061146 ) );
#7844 = VECTOR( '', #8986, 1000.00000000000 );
#7845 = CARTESIAN_POINT( '', ( 1.99999999999967, -0.350000000000000, -9.90000000000000 ) );
#7846 = VECTOR( '', #8987, 1000.00000000000 );
#7847 = COLOUR_RGB( '', 0.568627476692200, 0.568627476692200, 0.568627476692200 );
#7848 = CARTESIAN_POINT( '', ( -0.500143951279539, -4.25000000000000, 0.999856048720667 ) );
#7849 = CARTESIAN_POINT( '', ( 9.99999999999978, -4.25000000000000, 0.999856048720667 ) );
#7850 = VECTOR( '', #8988, 1000.00000000000 );
#7851 = CARTESIAN_POINT( '', ( -3.90000000000021, -2.75000000000000, 0.499999999999991 ) );
#7852 = CARTESIAN_POINT( '', ( 9.99999999999978, -2.75000000000000, 0.499999999999990 ) );
#7853 = VECTOR( '', #8989, 1000.00000000000 );
#7854 = CARTESIAN_POINT( '', ( -1.10000000000022, -2.75000000000000, 0.499999999999991 ) );
#7855 = CARTESIAN_POINT( '', ( -1.10000000000022, -2.75000000000000, 0.500000000000000 ) );
#7856 = VECTOR( '', #8990, 1000.00000000000 );
#7857 = CARTESIAN_POINT( '', ( -1.00000000000022, -2.75000000000000, 0.499999999999990 ) );
#7858 = CARTESIAN_POINT( '', ( 9.99999999999978, -2.75000000000000, 0.499999999999990 ) );
#7859 = VECTOR( '', #8991, 1000.00000000000 );
#7860 = CARTESIAN_POINT( '', ( -1.13629939616752, -2.34098405476093, 0.363700603832687 ) );
#7861 = VECTOR( '', #8992, 1000.00000000000 );
#7862 = COLOUR_RGB( '', 0.568627476692200, 0.568627476692200, 0.568627476692200 );
#7863 = CARTESIAN_POINT( '', ( 4.49985604872035, -4.25000000000000, 0.999856048720667 ) );
#7864 = CARTESIAN_POINT( '', ( 4.49985604872035, -4.25000000000000, -1.00000000000000 ) );
#7865 = VECTOR( '', #8993, 1000.00000000000 );
#7866 = CARTESIAN_POINT( '', ( 3.86370060383237, -2.34098405476093, 0.363700603832687 ) );
#7867 = VECTOR( '', #8994, 1000.00000000000 );
#7868 = COLOUR_RGB( '', 0.949019610881805, 0.949019610881805, 0.949019610881805 );
#7869 = CARTESIAN_POINT( '', ( 7.89999999999958, -1.80623918681884, 6.79000000000000 ) );
#7870 = VECTOR( '', #8995, 1000.00000000000 );
#7871 = CARTESIAN_POINT( '', ( 7.89999999999958, 1.80623918681885, 6.79000000000000 ) );
#7872 = VECTOR( '', #8996, 1000.00000000000 );
#7873 = COLOUR_RGB( '', 0.568627476692200, 0.568627476692200, 0.568627476692200 );
#7874 = CARTESIAN_POINT( '', ( 10.2390909058238, 4.25000000000000, -5.73913043478261 ) );
#7875 = CARTESIAN_POINT( '', ( 10.2390909058238, -4.25000000000000, -5.73913043478261 ) );
#7876 = CARTESIAN_POINT( '', ( 10.2390909058238, 30.5487887721775, -5.73913043478261 ) );
#7877 = VECTOR( '', #8997, 1000.00000000000 );
#7878 = CARTESIAN_POINT( '', ( 10.0000000000000, -4.25000000000000, -3.00000000000000 ) );
#7879 = VECTOR( '', #8998, 1000.00000000000 );
#7880 = CARTESIAN_POINT( '', ( 9.66450421389664, 4.25000000000000, 0.843587087893372 ) );
#7881 = VECTOR( '', #8999, 1000.00000000000 );
#7882 = COLOUR_RGB( '', 0.568627476692200, 0.568627476692200, 0.568627476692200 );
#7883 = CARTESIAN_POINT( '', ( -7.90000000000010, 1.80623918681884, 7.70000000000000 ) );
#7884 = VECTOR( '', #9000, 1000.00000000000 );
#7885 = COLOUR_RGB( '', 0.568627476692200, 0.568627476692200, 0.568627476692200 );
#7886 = AXIS2_PLACEMENT_3D( '', #9001, #9002, #9003 );
#7887 = AXIS2_PLACEMENT_3D( '', #9004, #9005, #9006 );
#7888 = AXIS2_PLACEMENT_3D( '', #9007, #9008, #9009 );
#7889 = COLOUR_RGB( '', 0.568627476692200, 0.568627476692200, 0.568627476692200 );
#7890 = CARTESIAN_POINT( '', ( 15.0000000000000, 4.25000000000000, -6.20000000000000 ) );
#7891 = VECTOR( '', #9010, 1000.00000000000 );
#7892 = CARTESIAN_POINT( '', ( 15.0000000000000, -4.25000000000000, -6.20000000000000 ) );
#7893 = VECTOR( '', #9011, 1000.00000000000 );
#7894 = COLOUR_RGB( '', 0.568627476692200, 0.568627476692200, 0.568627476692200 );
#7895 = CARTESIAN_POINT( '', ( 11.9999999999994, -0.350000000000000, -9.90000000000000 ) );
#7896 = VECTOR( '', #9012, 1000.00000000000 );
#7897 = COLOUR_RGB( '', 0.949019610881805, 0.949019610881805, 0.949019610881805 );
#7898 = CARTESIAN_POINT( '', ( 2.09999999999968, 1.80623918681884, 6.79000000000000 ) );
#7899 = CARTESIAN_POINT( '', ( 2.09999999999968, 1.80623918681885, 7.70000000000000 ) );
#7900 = CARTESIAN_POINT( '', ( 2.09999999999968, 1.80623918681884, 6.79000000000000 ) );
#7901 = VECTOR( '', #9013, 1000.00000000000 );
#7902 = CARTESIAN_POINT( '', ( 2.09999999999968, -1.80623918681885, 7.70000000000000 ) );
#7903 = CARTESIAN_POINT( '', ( 2.09999999999968, 1.80623918681884, 7.70000000000000 ) );
#7904 = VECTOR( '', #9014, 1000.00000000000 );
#7905 = CARTESIAN_POINT( '', ( 2.09999999999968, -1.80623918681885, 6.79000000000000 ) );
#7906 = CARTESIAN_POINT( '', ( 2.09999999999968, -1.80623918681885, 6.79000000000000 ) );
#7907 = VECTOR( '', #9015, 1000.00000000000 );
#7908 = CARTESIAN_POINT( '', ( 2.09999999999968, 1.80623918681884, 6.79000000000000 ) );
#7909 = VECTOR( '', #9016, 1000.00000000000 );
#7910 = COLOUR_RGB( '', 0.568627476692200, 0.568627476692200, 0.568627476692200 );
#7911 = CARTESIAN_POINT( '', ( -7.90000000000010, 1.80623918681884, 6.79000000000000 ) );
#7912 = VECTOR( '', #9017, 1000.00000000000 );
#7913 = COLOUR_RGB( '', 0.568627476692200, 0.568627476692200, 0.568627476692200 );
#7914 = CARTESIAN_POINT( '', ( 19.9999999999995, -4.25000000000000, 0.999856048720667 ) );
#7915 = VECTOR( '', #9018, 1000.00000000000 );
#7916 = CARTESIAN_POINT( '', ( 8.89999999999956, -2.75000000000000, 0.500000000000000 ) );
#7917 = VECTOR( '', #9019, 1000.00000000000 );
#7918 = COLOUR_RGB( '', 0.568627476692200, 0.568627476692200, 0.568627476692200 );
#7919 = CARTESIAN_POINT( '', ( -14.6366178594403, 0.851389524671822, 7.25000000000000 ) );
#7920 = AXIS2_PLACEMENT_3D( '', #9020, #9021, #9022 );
#7921 = CARTESIAN_POINT( '', ( -10.3633821405597, 0.851389524671796, 7.25000000000000 ) );
#7922 = AXIS2_PLACEMENT_3D( '', #9023, #9024, #9025 );
#7923 = AXIS2_PLACEMENT_3D( '', #9026, #9027, #9028 );
#7924 = CARTESIAN_POINT( '', ( -10.2000000000000, 0.000000000000000, 9.25000000000000 ) );
#7925 = AXIS2_PLACEMENT_3D( '', #9029, #9030, #9031 );
#7926 = COLOUR_RGB( '', 0.568627476692200, 0.568627476692200, 0.568627476692200 );
#7927 = CARTESIAN_POINT( '', ( -10.5001439512793, -4.25000000000000, -2.99985604872068 ) );
#7928 = CARTESIAN_POINT( '', ( -10.5001439512793, -4.25000000000000, -1.00000000000000 ) );
#7929 = VECTOR( '', #9032, 1000.00000000000 );
#7930 = CARTESIAN_POINT( '', ( -11.0000000000000, -2.75000000000000, -2.50000000000000 ) );
#7931 = CARTESIAN_POINT( '', ( -11.0000000000000, -2.75000000000000, -1.00000000000000 ) );
#7932 = VECTOR( '', #9033, 1000.00000000000 );
#7933 = CARTESIAN_POINT( '', ( -10.0004710947731, -5.74945026508654, -3.49952890522690 ) );
#7934 = VECTOR( '', #9034, 1000.00000000000 );
#7935 = COLOUR_RGB( '', 0.949019610881805, 0.949019610881805, 0.949019610881805 );
#7936 = COLOUR_RGB( '', 0.568627476692200, 0.568627476692200, 0.568627476692200 );
#7937 = CARTESIAN_POINT( '', ( -7.10000000000009, 1.80623918681885, 6.79000000000000 ) );
#7938 = VECTOR( '', #9035, 1000.00000000000 );
#7939 = COLOUR_RGB( '', 0.568627476692200, 0.568627476692200, 0.568627476692200 );
#7940 = CARTESIAN_POINT( '', ( 2.20999999999967, 0.350000000000000, -10.7000000000000 ) );
#7941 = CARTESIAN_POINT( '', ( 1.99999999999968, 0.350000000000000, -9.90000000000000 ) );
#7942 = CARTESIAN_POINT( '', ( 1.99999999999967, 0.350000000000000, -9.90000000000000 ) );
#7943 = VECTOR( '', #9036, 1000.00000000000 );
#7944 = CARTESIAN_POINT( '', ( 2.20999999999967, 0.000000000000000, -10.7000000000000 ) );
#7945 = VECTOR( '', #9037, 1000.00000000000 );
#7946 = CARTESIAN_POINT( '', ( 1.99999999999967, 0.350000000000000, -9.90000000000000 ) );
#7947 = VECTOR( '', #9038, 1000.00000000000 );
#7948 = COLOUR_RGB( '', 0.949019610881805, 0.949019610881805, 0.949019610881805 );
#7949 = CARTESIAN_POINT( '', ( 7.09999999999957, 1.80623918681884, 6.79000000000000 ) );
#7950 = VECTOR( '', #9039, 1000.00000000000 );
#7951 = CARTESIAN_POINT( '', ( 7.09999999999957, 1.80623918681884, 7.70000000000000 ) );
#7952 = VECTOR( '', #9040, 1000.00000000000 );
#7953 = CARTESIAN_POINT( '', ( 7.09999999999957, -1.80623918681885, 6.79000000000000 ) );
#7954 = VECTOR( '', #9041, 1000.00000000000 );
#7955 = COLOUR_RGB( '', 0.568627476692200, 0.568627476692200, 0.568627476692200 );
#7956 = CARTESIAN_POINT( '', ( -14.6366178594403, 3.25000000000000, 7.25000000000000 ) );
#7957 = CARTESIAN_POINT( '', ( -14.6366178594403, 4.25000000000000, 7.25000000000000 ) );
#7958 = VECTOR( '', #9042, 1000.00000000000 );
#7959 = CARTESIAN_POINT( '', ( -10.3633821405597, 3.25000000000000, 7.25000000000000 ) );
#7960 = CARTESIAN_POINT( '', ( -10.3633821405597, 4.25000000000000, 7.25000000000000 ) );
#7961 = VECTOR( '', #9043, 1000.00000000000 );
#7962 = CARTESIAN_POINT( '', ( -14.6366178594403, 3.25000000000000, 7.25000000000000 ) );
#7963 = VECTOR( '', #9044, 1000.00000000000 );
#7964 = COLOUR_RGB( '', 0.568627476692200, 0.568627476692200, 0.568627476692200 );
#7965 = CARTESIAN_POINT( '', ( 12.9999999999994, -0.350000000000000, -6.02867558779369 ) );
#7966 = CARTESIAN_POINT( '', ( 12.9999999999994, -0.350000000000000, -9.90000000000000 ) );
#7967 = CARTESIAN_POINT( '', ( 12.9999999999994, -0.350000000000000, 30.9669218061146 ) );
#7968 = VECTOR( '', #9045, 1000.00000000000 );
#7969 = CARTESIAN_POINT( '', ( 12.9999999999994, -0.350000000000000, -9.90000000000000 ) );
#7970 = VECTOR( '', #9046, 1000.00000000000 );
#7971 = CARTESIAN_POINT( '', ( 12.9999999999994, 32.7669218061146, -6.02867558779369 ) );
#7972 = VECTOR( '', #9047, 1000.00000000000 );
#7973 = COLOUR_RGB( '', 0.568627476692200, 0.568627476692200, 0.568627476692200 );
#7974 = COLOUR_RGB( '', 0.568627476692200, 0.568627476692200, 0.568627476692200 );
#7975 = CARTESIAN_POINT( '', ( 0.363382140559410, 0.851389524671822, 7.25000000000000 ) );
#7976 = AXIS2_PLACEMENT_3D( '', #9048, #9049, #9050 );
#7977 = CARTESIAN_POINT( '', ( 4.63661785943995, 0.851389524671796, 7.25000000000000 ) );
#7978 = AXIS2_PLACEMENT_3D( '', #9051, #9052, #9053 );
#7979 = AXIS2_PLACEMENT_3D( '', #9054, #9055, #9056 );
#7980 = CARTESIAN_POINT( '', ( 4.79999999999967, 0.000000000000000, 9.25000000000000 ) );
#7981 = AXIS2_PLACEMENT_3D( '', #9057, #9058, #9059 );
#7982 = COLOUR_RGB( '', 0.568627476692200, 0.568627476692200, 0.568627476692200 );
#7983 = CARTESIAN_POINT( '', ( -8.90000000000011, 3.45000000000000, -2.10000000000000 ) );
#7984 = CARTESIAN_POINT( '', ( -8.90000000000011, 3.45000000000000, 0.499999999999991 ) );
#7985 = VECTOR( '', #9060, 1000.00000000000 );
#7986 = CARTESIAN_POINT( '', ( -8.90000000000011, 3.45000000000000, -2.10000000000000 ) );
#7987 = VECTOR( '', #9061, 1000.00000000000 );
#7988 = COLOUR_RGB( '', 0.568627476692200, 0.568627476692200, 0.568627476692200 );
#7989 = CARTESIAN_POINT( '', ( -10.2390909058238, 4.25000000000000, -5.73913043478261 ) );
#7990 = CARTESIAN_POINT( '', ( -10.2390909058238, -4.25000000000000, -5.73913043478261 ) );
#7991 = CARTESIAN_POINT( '', ( -10.2390909058238, 30.5487887721775, -5.73913043478261 ) );
#7992 = VECTOR( '', #9062, 1000.00000000000 );
#7993 = AXIS2_PLACEMENT_3D( '', #9063, #9064, #9065 );
#7994 = AXIS2_PLACEMENT_3D( '', #9066, #9067, #9068 );
#7995 = COLOUR_RGB( '', 0.568627476692200, 0.568627476692200, 0.568627476692200 );
#7996 = COLOUR_RGB( '', 0.568627476692200, 0.568627476692200, 0.568627476692200 );
#7997 = CARTESIAN_POINT( '', ( 6.09999999999956, 3.45000000000000, 0.499999999999991 ) );
#7998 = CARTESIAN_POINT( '', ( 6.09999999999956, 3.45000000000000, 0.499999999999991 ) );
#7999 = VECTOR( '', #9069, 1000.00000000000 );
#8000 = CARTESIAN_POINT( '', ( 6.09999999999956, 3.45000000000000, 0.499999999999991 ) );
#8001 = VECTOR( '', #9070, 1000.00000000000 );
#8002 = COLOUR_RGB( '', 0.568627476692200, 0.568627476692200, 0.568627476692200 );
#8003 = CARTESIAN_POINT( '', ( -2.00000000000021, 0.350000000000000, -6.02867558779369 ) );
#8004 = CARTESIAN_POINT( '', ( -2.00000000000021, 0.350000000000000, 30.9669218061146 ) );
#8005 = VECTOR( '', #9071, 1000.00000000000 );
#8006 = CARTESIAN_POINT( '', ( -3.00000000000022, 0.350000000000000, -6.02867558779369 ) );
#8007 = CARTESIAN_POINT( '', ( -3.00000000000022, 0.350000000000000, 30.9669218061146 ) );
#8008 = VECTOR( '', #9072, 1000.00000000000 );
#8009 = AXIS2_PLACEMENT_3D( '', #9073, #9074, #9075 );
#8010 = COLOUR_RGB( '', 0.568627476692200, 0.568627476692200, 0.568627476692200 );
#8011 = CARTESIAN_POINT( '', ( 1.99999999999967, 0.350000000000000, -6.02867558779369 ) );
#8012 = CARTESIAN_POINT( '', ( 1.99999999999967, 0.350000000000000, 30.9669218061146 ) );
#8013 = VECTOR( '', #9076, 1000.00000000000 );
#8014 = CARTESIAN_POINT( '', ( 1.99999999999967, 32.7669218061146, -6.02867558779369 ) );
#8015 = VECTOR( '', #9077, 1000.00000000000 );
#8016 = COLOUR_RGB( '', 0.568627476692200, 0.568627476692200, 0.568627476692200 );
#8017 = CARTESIAN_POINT( '', ( -1.26859626265778E-015, -4.25000000000000, 6.25000000000000 ) );
#8018 = VECTOR( '', #9078, 1000.00000000000 );
#8019 = CARTESIAN_POINT( '', ( 14.8549999999994, -4.16651513899118, 6.65000000000000 ) );
#8020 = VECTOR( '', #9079, 1000.00000000000 );
#8021 = AXIS2_PLACEMENT_3D( '', #9080, #9081, #9082 );
#8022 = CARTESIAN_POINT( '', ( 0.144999999999677, -4.16651513899118, 6.65000000000000 ) );
#8023 = AXIS2_PLACEMENT_3D( '', #9083, #9084, #9085 );
#8024 = CARTESIAN_POINT( '', ( -0.145000000000221, -4.16651513899118, 6.65000000000000 ) );
#8025 = VECTOR( '', #9086, 1000.00000000000 );
#8026 = AXIS2_PLACEMENT_3D( '', #9087, #9088, #9089 );
#8027 = CARTESIAN_POINT( '', ( -5.36338214055985, -3.25000000000000, 7.25000000000000 ) );
#8028 = AXIS2_PLACEMENT_3D( '', #9090, #9091, #9092 );
#8029 = CARTESIAN_POINT( '', ( -9.63661785944037, -3.25000000000000, 7.25000000000000 ) );
#8030 = VECTOR( '', #9093, 1000.00000000000 );
#8031 = CARTESIAN_POINT( '', ( -10.1450000000000, -4.16651513899118, 6.65000000000000 ) );
#8032 = CARTESIAN_POINT( '', ( -10.1450000000000, -4.16651513899118, 6.65000000000000 ) );
#8033 = VECTOR( '', #9094, 1000.00000000000 );
#8034 = AXIS2_PLACEMENT_3D( '', #9095, #9096, #9097 );
#8035 = CARTESIAN_POINT( '', ( -14.8550000000000, -4.16651513899118, 6.65000000000000 ) );
#8036 = AXIS2_PLACEMENT_3D( '', #9098, #9099, #9100 );
#8037 = CARTESIAN_POINT( '', ( -15.0000000000000, -4.16651513899118, 6.65000000000000 ) );
#8038 = VECTOR( '', #9101, 1000.00000000000 );
#8039 = COLOUR_RGB( '', 0.568627476692200, 0.568627476692200, 0.568627476692200 );
#8040 = CARTESIAN_POINT( '', ( 11.0999999999994, -2.75000000000000, -2.10000000000000 ) );
#8041 = CARTESIAN_POINT( '', ( 11.0999999999994, -2.75000000000000, -2.10000000000000 ) );
#8042 = VECTOR( '', #9102, 1000.00000000000 );
#8043 = CARTESIAN_POINT( '', ( 11.0999999999994, 3.45000000000000, -2.10000000000000 ) );
#8044 = VECTOR( '', #9103, 1000.00000000000 );
#8045 = COLOUR_RGB( '', 0.568627476692200, 0.568627476692200, 0.568627476692200 );
#8046 = CARTESIAN_POINT( '', ( -0.500143951279539, -4.25000000000000, -2.99985604872068 ) );
#8047 = CARTESIAN_POINT( '', ( 9.99999999999978, -4.25000000000000, -2.99985604872068 ) );
#8048 = VECTOR( '', #9104, 1000.00000000000 );
#8049 = CARTESIAN_POINT( '', ( -1.00000000000022, -2.75000000000000, -2.50000000000000 ) );
#8050 = CARTESIAN_POINT( '', ( -0.000471094773319553, -5.74945026508654, -3.49952890522690 ) );
#8051 = VECTOR( '', #9105, 1000.00000000000 );
#8052 = CARTESIAN_POINT( '', ( 9.99999999999978, -2.75000000000000, -2.50000000000000 ) );
#8053 = VECTOR( '', #9106, 1000.00000000000 );
#8054 = COLOUR_RGB( '', 0.568627476692200, 0.568627476692200, 0.568627476692200 );
#8055 = CARTESIAN_POINT( '', ( -8.90000000000011, -2.75000000000000, -2.10000000000000 ) );
#8056 = CARTESIAN_POINT( '', ( -8.90000000000011, -2.75000000000000, -2.10000000000000 ) );
#8057 = VECTOR( '', #9107, 1000.00000000000 );
#8058 = CARTESIAN_POINT( '', ( -8.90000000000011, 3.45000000000000, -2.10000000000000 ) );
#8059 = VECTOR( '', #9108, 1000.00000000000 );
#8060 = COLOUR_RGB( '', 0.568627476692200, 0.568627476692200, 0.568627476692200 );
#8061 = CARTESIAN_POINT( '', ( 2.78999999999968, 0.350000000000000, -10.7000000000000 ) );
#8062 = CARTESIAN_POINT( '', ( 2.99999999999968, 0.350000000000000, -10.7000000000000 ) );
#8063 = VECTOR( '', #9109, 1000.00000000000 );
#8064 = CARTESIAN_POINT( '', ( 2.78999999999968, 0.000000000000000, -10.7000000000000 ) );
#8065 = VECTOR( '', #9110, 1000.00000000000 );
#8066 = COLOUR_RGB( '', 0.568627476692200, 0.568627476692200, 0.568627476692200 );
#8067 = CARTESIAN_POINT( '', ( -4.76090909417621, -4.25000000000000, -5.73913043478261 ) );
#8068 = AXIS2_PLACEMENT_3D( '', #9111, #9112, #9113 );
#8069 = CARTESIAN_POINT( '', ( -4.76090909417621, 4.25000000000000, -5.73913043478261 ) );
#8070 = CARTESIAN_POINT( '', ( -4.76090909417621, 30.5487887721775, -5.73913043478261 ) );
#8071 = VECTOR( '', #9114, 1000.00000000000 );
#8072 = AXIS2_PLACEMENT_3D( '', #9115, #9116, #9117 );
#8073 = COLOUR_RGB( '', 0.568627476692200, 0.568627476692200, 0.568627476692200 );
#8074 = CARTESIAN_POINT( '', ( -10.1450000000000, 4.16651513899118, 6.65000000000000 ) );
#8075 = CARTESIAN_POINT( '', ( -10.0000000000000, 4.16651513899118, 6.65000000000000 ) );
#8076 = VECTOR( '', #9118, 1000.00000000000 );
#8077 = CARTESIAN_POINT( '', ( -10.1450000000000, 4.25000000000000, 6.65000000000000 ) );
#8078 = VECTOR( '', #9119, 1000.00000000000 );
#8079 = COLOUR_RGB( '', 0.568627476692200, 0.568627476692200, 0.568627476692200 );
#8080 = CARTESIAN_POINT( '', ( -0.500143951279539, -4.25000000000000, -1.00000000000000 ) );
#8081 = VECTOR( '', #9120, 1000.00000000000 );
#8082 = CARTESIAN_POINT( '', ( -1.00000000000022, -2.75000000000000, -1.00000000000000 ) );
#8083 = VECTOR( '', #9121, 1000.00000000000 );
#8084 = COLOUR_RGB( '', 0.568627476692200, 0.568627476692200, 0.568627476692200 );
#8085 = CARTESIAN_POINT( '', ( -10.0000000000000, -4.25000000000000, -3.00000000000000 ) );
#8086 = VECTOR( '', #9122, 1000.00000000000 );
#8087 = CARTESIAN_POINT( '', ( -9.66450421389663, 4.25000000000000, 0.843587087893371 ) );
#8088 = VECTOR( '', #9123, 1000.00000000000 );
#8089 = COLOUR_RGB( '', 0.949019610881805, 0.949019610881805, 0.949019610881805 );
#8090 = AXIS2_PLACEMENT_3D( '', #9124, #9125, #9126 );
#8091 = COLOUR_RGB( '', 0.568627476692200, 0.568627476692200, 0.568627476692200 );
#8092 = CARTESIAN_POINT( '', ( 10.3633821405592, 3.25000000000000, 7.25000000000000 ) );
#8093 = VECTOR( '', #9127, 1000.00000000000 );
#8094 = COLOUR_RGB( '', 0.568627476692200, 0.568627476692200, 0.568627476692200 );
#8095 = CARTESIAN_POINT( '', ( 12.9999999999994, -0.350000000000000, -9.90000000000000 ) );
#8096 = VECTOR( '', #9128, 1000.00000000000 );
#8097 = AXIS2_PLACEMENT_3D( '', #9129, #9130, #9131 );
#8098 = COLOUR_RGB( '', 0.568627476692200, 0.568627476692200, 0.568627476692200 );
#8099 = CARTESIAN_POINT( '', ( -8.00000000000011, 0.350000000000000, -9.90000000000000 ) );
#8100 = VECTOR( '', #9132, 1000.00000000000 );
#8101 = CARTESIAN_POINT( '', ( -8.00000000000011, -0.350000000000000, -9.90000000000000 ) );
#8102 = VECTOR( '', #9133, 1000.00000000000 );
#8103 = COLOUR_RGB( '', 0.568627476692200, 0.568627476692200, 0.568627476692200 );
#8104 = CARTESIAN_POINT( '', ( 0.854999999999672, 4.25000000000000, -6.05000000000000 ) );
#8105 = CARTESIAN_POINT( '', ( 0.854999999999672, -4.25000000000000, -6.05000000000000 ) );
#8106 = CARTESIAN_POINT( '', ( 0.854999999999672, 32.7669218061146, -6.05000000000000 ) );
#8107 = VECTOR( '', #9134, 1000.00000000000 );
#8108 = CARTESIAN_POINT( '', ( 0.699999999999677, -4.25000000000000, -6.20000000000000 ) );
#8109 = VECTOR( '', #9135, 1000.00000000000 );
#8110 = CARTESIAN_POINT( '', ( 3.43686190220298, 4.25000000000000, -3.55142396560978 ) );
#8111 = VECTOR( '', #9136, 1000.00000000000 );
#8112 = COLOUR_RGB( '', 0.568627476692200, 0.568627476692200, 0.568627476692200 );
#8113 = AXIS2_PLACEMENT_3D( '', #9137, #9138, #9139 );
#8114 = COLOUR_RGB( '', 0.568627476692200, 0.568627476692200, 0.568627476692200 );
#8115 = CARTESIAN_POINT( '', ( 14.4998560487201, -4.25000000000000, 0.999856048720667 ) );
#8116 = CARTESIAN_POINT( '', ( 14.4998560487201, -4.25000000000000, -2.99985604872068 ) );
#8117 = CARTESIAN_POINT( '', ( 14.4998560487201, -4.25000000000000, -1.00000000000000 ) );
#8118 = VECTOR( '', #9140, 1000.00000000000 );
#8119 = CARTESIAN_POINT( '', ( 13.9999999999995, -2.75000000000000, 0.499999999999990 ) );
#8120 = CARTESIAN_POINT( '', ( 13.8637006038321, -2.34098405476093, 0.363700603832687 ) );
#8121 = VECTOR( '', #9141, 1000.00000000000 );
#8122 = CARTESIAN_POINT( '', ( 13.9999999999995, -2.75000000000000, -2.50000000000000 ) );
#8123 = CARTESIAN_POINT( '', ( 13.9999999999995, -2.75000000000000, -1.00000000000000 ) );
#8124 = VECTOR( '', #9142, 1000.00000000000 );
#8125 = CARTESIAN_POINT( '', ( 14.9995289052263, -5.74945026508654, -3.49952890522690 ) );
#8126 = VECTOR( '', #9143, 1000.00000000000 );
#8127 = COLOUR_RGB( '', 0.568627476692200, 0.568627476692200, 0.568627476692200 );
#8128 = AXIS2_PLACEMENT_3D( '', #9144, #9145, #9146 );
#8129 = CARTESIAN_POINT( '', ( 0.259881419373683, 4.25000000000000, -0.0226843100189046 ) );
#8130 = VECTOR( '', #9147, 1000.00000000000 );
#8131 = CARTESIAN_POINT( '', ( -5.22207423600884, 4.25000000000000, -0.455820008975043 ) );
#8132 = VECTOR( '', #9148, 1000.00000000000 );
#8133 = CARTESIAN_POINT( '', ( 5.00000000000000, 4.25000000000000, -3.00000000000000 ) );
#8134 = CARTESIAN_POINT( '', ( 4.70231139726148, 4.25000000000000, 0.410451388937234 ) );
#8135 = VECTOR( '', #9149, 1000.00000000000 );
#8136 = CARTESIAN_POINT( '', ( 5.22207423600884, 4.25000000000000, -0.455820008975043 ) );
#8137 = VECTOR( '', #9150, 1000.00000000000 );
#8138 = CARTESIAN_POINT( '', ( 10.8549999999994, 4.25000000000000, -6.05000000000000 ) );
#8139 = AXIS2_PLACEMENT_3D( '', #9151, #9152, #9153 );
#8140 = CARTESIAN_POINT( '', ( 8.27297152068750, 4.25000000000000, -8.54873723804384 ) );
#8141 = VECTOR( '', #9154, 1000.00000000000 );
#8142 = CARTESIAN_POINT( '', ( 5.85491671144523, 4.25000000000000, -6.05008060182681 ) );
#8143 = VECTOR( '', #9155, 1000.00000000000 );
#8144 = AXIS2_PLACEMENT_3D( '', #9156, #9157, #9158 );
#8145 = AXIS2_PLACEMENT_3D( '', #9159, #9160, #9161 );
#8146 = CARTESIAN_POINT( '', ( -1.39924771628155, 4.25000000000000, 1.44588930682428 ) );
#8147 = VECTOR( '', #9162, 1000.00000000000 );
#8148 = CARTESIAN_POINT( '', ( -8.27297152068776, 4.25000000000000, -8.54873723804412 ) );
#8149 = VECTOR( '', #9163, 1000.00000000000 );
#8150 = CARTESIAN_POINT( '', ( 15.0000000000000, 4.25000000000000, -6.20000000000000 ) );
#8151 = VECTOR( '', #9164, 1000.00000000000 );
#8152 = CARTESIAN_POINT( '', ( -15.1464598692792, 4.25000000000000, -1.32209140688732 ) );
#8153 = VECTOR( '', #9165, 1000.00000000000 );
#8154 = CARTESIAN_POINT( '', ( -10.3633821405597, 4.25000000000000, 6.25000000000000 ) );
#8155 = VECTOR( '', #9166, 1000.00000000000 );
#8156 = CARTESIAN_POINT( '', ( 15.0000000000000, 4.25000000000000, -6.00000000000000 ) );
#8157 = AXIS2_PLACEMENT_3D( '', #9167, #9168, #9169 );
#8158 = CARTESIAN_POINT( '', ( 15.0000000000000, 4.25000000000000, 6.20000000000000 ) );
#8159 = VECTOR( '', #9170, 1000.00000000000 );
#8160 = COLOUR_RGB( '', 0.568627476692200, 0.568627476692200, 0.568627476692200 );
#8161 = CARTESIAN_POINT( '', ( -14.4998560487207, -4.25000000000000, -2.99985604872068 ) );
#8162 = CARTESIAN_POINT( '', ( -14.4998560487207, -4.25000000000000, -1.00000000000000 ) );
#8163 = VECTOR( '', #9171, 1000.00000000000 );
#8164 = CARTESIAN_POINT( '', ( -14.0000000000000, -2.75000000000000, -2.50000000000000 ) );
#8165 = CARTESIAN_POINT( '', ( -13.8637006038327, -2.34098405476093, -2.36370060383270 ) );
#8166 = VECTOR( '', #9172, 1000.00000000000 );
#8167 = CARTESIAN_POINT( '', ( -14.0000000000000, -2.75000000000000, -1.00000000000000 ) );
#8168 = VECTOR( '', #9173, 1000.00000000000 );
#8169 = COLOUR_RGB( '', 0.568627476692200, 0.568627476692200, 0.568627476692200 );
#8170 = AXIS2_PLACEMENT_3D( '', #9174, #9175, #9176 );
#8171 = COLOUR_RGB( '', 0.568627476692200, 0.568627476692200, 0.568627476692200 );
#8172 = CARTESIAN_POINT( '', ( -9.49985604872079, -4.25000000000000, -1.00000000000000 ) );
#8173 = VECTOR( '', #9177, 1000.00000000000 );
#8174 = CARTESIAN_POINT( '', ( -9.00000000000011, -2.75000000000000, -1.00000000000000 ) );
#8175 = VECTOR( '', #9178, 1000.00000000000 );
#8176 = COLOUR_RGB( '', 0.568627476692200, 0.568627476692200, 0.568627476692200 );
#8177 = COLOUR_RGB( '', 0.568627476692200, 0.568627476692200, 0.568627476692200 );
#8178 = CARTESIAN_POINT( '', ( -8.90000000000011, -2.75000000000000, 0.499999999999991 ) );
#8179 = VECTOR( '', #9179, 1000.00000000000 );
#8180 = COLOUR_RGB( '', 0.568627476692200, 0.568627476692200, 0.568627476692200 );
#8181 = CARTESIAN_POINT( '', ( 8.89999999999956, 3.45000000000000, 0.500000000000000 ) );
#8182 = VECTOR( '', #9180, 1000.00000000000 );
#8183 = COLOUR_RGB( '', 0.568627476692200, 0.568627476692200, 0.568627476692200 );
#8184 = CARTESIAN_POINT( '', ( -2.00000000000021, -0.350000000000000, -6.02867558779369 ) );
#8185 = CARTESIAN_POINT( '', ( -2.00000000000021, -0.350000000000000, 30.9669218061146 ) );
#8186 = VECTOR( '', #9181, 1000.00000000000 );
#8187 = CARTESIAN_POINT( '', ( -3.00000000000022, -0.349999999999996, -6.02867558779369 ) );
#8188 = AXIS2_PLACEMENT_3D( '', #9182, #9183, #9184 );
#8189 = CARTESIAN_POINT( '', ( -3.00000000000022, -0.350000000000000, 30.9669218061146 ) );
#8190 = VECTOR( '', #9185, 1000.00000000000 );
#8191 = COLOUR_RGB( '', 0.568627476692200, 0.568627476692200, 0.568627476692200 );
#8192 = CARTESIAN_POINT( '', ( -3.00000000000022, 32.7669218061146, -6.02867558779369 ) );
#8193 = VECTOR( '', #9186, 1000.00000000000 );
#8194 = COLOUR_RGB( '', 0.568627476692200, 0.568627476692200, 0.568627476692200 );
#8195 = CARTESIAN_POINT( '', ( 1.00288700954909E-015, -4.25000000000000, -2.99985604872068 ) );
#8196 = VECTOR( '', #9187, 1000.00000000000 );
#8197 = CARTESIAN_POINT( '', ( 1.00288700954909E-015, -2.75000000000000, -2.50000000000000 ) );
#8198 = VECTOR( '', #9188, 1000.00000000000 );
#8199 = COLOUR_RGB( '', 0.568627476692200, 0.568627476692200, 0.568627476692200 );
#8200 = CARTESIAN_POINT( '', ( -13.0000000000000, 0.350000000000000, 28.7487887721775 ) );
#8201 = VECTOR( '', #9189, 1000.00000000000 );
#8202 = COLOUR_RGB( '', 0.568627476692200, 0.568627476692200, 0.568627476692200 );
#8203 = CARTESIAN_POINT( '', ( -15.0000000000000, -4.25000000000000, -3.00000000000000 ) );
#8204 = VECTOR( '', #9190, 1000.00000000000 );
#8205 = COLOUR_RGB( '', 0.568627476692200, 0.568627476692200, 0.568627476692200 );
#8206 = AXIS2_PLACEMENT_3D( '', #9191, #9192, #9193 );
#8207 = COLOUR_RGB( '', 0.568627476692200, 0.568627476692200, 0.568627476692200 );
#8208 = AXIS2_PLACEMENT_3D( '', #9194, #9195, #9196 );
#8209 = AXIS2_PLACEMENT_3D( '', #9197, #9198, #9199 );
#8210 = COLOUR_RGB( '', 0.568627476692200, 0.568627476692200, 0.568627476692200 );
#8211 = CARTESIAN_POINT( '', ( 0.601966261413395, 0.000000000000000, 9.25000000000000 ) );
#8212 = AXIS2_PLACEMENT_3D( '', #9200, #9201, #9202 );
#8213 = COLOUR_RGB( '', 0.568627476692200, 0.568627476692200, 0.568627476692200 );
#8214 = CARTESIAN_POINT( '', ( -3.90000000000021, -2.75000000000000, 0.499999999999991 ) );
#8215 = VECTOR( '', #9203, 1000.00000000000 );
#8216 = CARTESIAN_POINT( '', ( -3.90000000000021, 3.45000000000000, 0.499999999999991 ) );
#8217 = VECTOR( '', #9204, 1000.00000000000 );
#8218 = COLOUR_RGB( '', 0.568627476692200, 0.568627476692200, 0.568627476692200 );
#8219 = CARTESIAN_POINT( '', ( -13.0000000000000, -0.350000000000000, 28.7487887721775 ) );
#8220 = VECTOR( '', #9205, 1000.00000000000 );
#8221 = COLOUR_RGB( '', 0.568627476692200, 0.568627476692200, 0.568627476692200 );
#8222 = COLOUR_RGB( '', 0.568627476692200, 0.568627476692200, 0.568627476692200 );
#8223 = COLOUR_RGB( '', 0.949019610881805, 0.949019610881805, 0.949019610881805 );
#8224 = CARTESIAN_POINT( '', ( -1.10000000000022, -2.75000000000000, -2.10000000000000 ) );
#8225 = VECTOR( '', #9206, 1000.00000000000 );
#8226 = COLOUR_RGB( '', 0.568627476692200, 0.568627476692200, 0.568627476692200 );
#8227 = CARTESIAN_POINT( '', ( -9.30000000000010, -4.25000000000000, -6.20000000000000 ) );
#8228 = VECTOR( '', #9207, 1000.00000000000 );
#8229 = COLOUR_RGB( '', 0.949019610881805, 0.949019610881805, 0.949019610881805 );
#8230 = COLOUR_RGB( '', 0.568627476692200, 0.568627476692200, 0.568627476692200 );
#8231 = CARTESIAN_POINT( '', ( 0.000000000000000, -4.25000000000000, -3.00000000000000 ) );
#8232 = VECTOR( '', #9208, 1000.00000000000 );
#8233 = COLOUR_RGB( '', 0.568627476692200, 0.568627476692200, 0.568627476692200 );
#8234 = CARTESIAN_POINT( '', ( 10.8549999999994, -4.25000000000000, -6.05000000000000 ) );
#8235 = CARTESIAN_POINT( '', ( 10.8549999999994, 32.7669218061146, -6.05000000000000 ) );
#8236 = VECTOR( '', #9209, 1000.00000000000 );
#8237 = CARTESIAN_POINT( '', ( 10.6999999999995, -4.25000000000000, -6.20000000000000 ) );
#8238 = VECTOR( '', #9210, 1000.00000000000 );
#8239 = COLOUR_RGB( '', 0.568627476692200, 0.568627476692200, 0.568627476692200 );
#8240 = CARTESIAN_POINT( '', ( 24.9999999999994, -4.25000000000000, 0.999856048720667 ) );
#8241 = VECTOR( '', #9211, 1000.00000000000 );
#8242 = CARTESIAN_POINT( '', ( 24.9999999999994, -2.75000000000000, 0.499999999999990 ) );
#8243 = VECTOR( '', #9212, 1000.00000000000 );
#8244 = CARTESIAN_POINT( '', ( 24.9999999999994, -2.75000000000000, 0.499999999999990 ) );
#8245 = VECTOR( '', #9213, 1000.00000000000 );
#8246 = COLOUR_RGB( '', 0.949019610881805, 0.949019610881805, 0.949019610881805 );
#8247 = AXIS2_PLACEMENT_3D( '', #9214, #9215, #9216 );
#8248 = COLOUR_RGB( '', 0.568627476692200, 0.568627476692200, 0.568627476692200 );
#8249 = CARTESIAN_POINT( '', ( -1.10000000000022, 3.45000000000000, 0.499999999999991 ) );
#8250 = VECTOR( '', #9217, 1000.00000000000 );
#8251 = COLOUR_RGB( '', 0.568627476692200, 0.568627476692200, 0.568627476692200 );
#8252 = CARTESIAN_POINT( '', ( -10.8550000000000, -4.25000000000000, -6.05000000000000 ) );
#8253 = VECTOR( '', #9218, 1000.00000000000 );
#8254 = COLOUR_RGB( '', 0.568627476692200, 0.568627476692200, 0.568627476692200 );
#8255 = CARTESIAN_POINT( '', ( 5.69999999999957, -4.25000000000000, -6.20000000000000 ) );
#8256 = VECTOR( '', #9219, 1000.00000000000 );
#8257 = COLOUR_RGB( '', 0.949019610881805, 0.949019610881805, 0.949019610881805 );
#8258 = CARTESIAN_POINT( '', ( 12.8999999999995, 1.80623918681885, 6.79000000000000 ) );
#8259 = CARTESIAN_POINT( '', ( 12.8999999999995, 1.80623918681885, 6.79000000000000 ) );
#8260 = VECTOR( '', #9220, 1000.00000000000 );
#8261 = CARTESIAN_POINT( '', ( 12.8999999999995, 1.80623918681885, 6.79000000000000 ) );
#8262 = VECTOR( '', #9221, 1000.00000000000 );
#8263 = COLOUR_RGB( '', 0.568627476692200, 0.568627476692200, 0.568627476692200 );
#8264 = CARTESIAN_POINT( '', ( 0.144999999999677, 4.16651513899118, 6.65000000000000 ) );
#8265 = CARTESIAN_POINT( '', ( 0.144999999999677, 4.25000000000000, 6.65000000000000 ) );
#8266 = VECTOR( '', #9222, 1000.00000000000 );
#8267 = CARTESIAN_POINT( '', ( -2.22044604925032E-013, 4.16651513899118, 6.65000000000000 ) );
#8268 = VECTOR( '', #9223, 1000.00000000000 );
#8269 = COLOUR_RGB( '', 0.568627476692200, 0.568627476692200, 0.568627476692200 );
#8270 = CARTESIAN_POINT( '', ( 5.00000000000000, -4.25000000000000, -3.00000000000000 ) );
#8271 = CARTESIAN_POINT( '', ( 5.00000000000000, -4.25000000000000, -3.00000000000000 ) );
#8272 = VECTOR( '', #9224, 1000.00000000000 );
#8273 = CARTESIAN_POINT( '', ( 5.00000000000000, 30.5487887721775, -3.00000000000000 ) );
#8274 = VECTOR( '', #9225, 1000.00000000000 );
#8275 = COLOUR_RGB( '', 0.568627476692200, 0.568627476692200, 0.568627476692200 );
#8276 = COLOUR_RGB( '', 0.568627476692200, 0.568627476692200, 0.568627476692200 );
#8277 = CARTESIAN_POINT( '', ( -2.00000000000021, 32.7669218061146, -6.02867558779369 ) );
#8278 = VECTOR( '', #9226, 1000.00000000000 );
#8279 = COLOUR_RGB( '', 0.568627476692200, 0.568627476692200, 0.568627476692200 );
#8280 = CARTESIAN_POINT( '', ( 0.500143951278994, -4.25000000000000, 0.999856048720667 ) );
#8281 = CARTESIAN_POINT( '', ( 0.500143951278994, -4.25000000000000, -1.00000000000000 ) );
#8282 = VECTOR( '', #9227, 1000.00000000000 );
#8283 = CARTESIAN_POINT( '', ( 2.27212769756118, 1.06748215556468, -0.772127697561514 ) );
#8284 = VECTOR( '', #9228, 1000.00000000000 );
#8285 = COLOUR_RGB( '', 0.568627476692200, 0.568627476692200, 0.568627476692200 );
#8286 = CARTESIAN_POINT( '', ( -7.00000000000011, -0.350000000000000, -9.90000000000000 ) );
#8287 = CARTESIAN_POINT( '', ( -7.00000000000011, -0.350000000000000, 30.9669218061146 ) );
#8288 = VECTOR( '', #9229, 1000.00000000000 );
#8289 = CARTESIAN_POINT( '', ( -7.00000000000011, 0.350000000000000, -9.90000000000000 ) );
#8290 = CARTESIAN_POINT( '', ( -7.00000000000011, -0.350000000000000, -9.90000000000000 ) );
#8291 = VECTOR( '', #9230, 1000.00000000000 );
#8292 = CARTESIAN_POINT( '', ( -7.00000000000011, 0.350000000000000, 30.9669218061146 ) );
#8293 = VECTOR( '', #9231, 1000.00000000000 );
#8294 = COLOUR_RGB( '', 0.568627476692200, 0.568627476692200, 0.568627476692200 );
#8295 = CARTESIAN_POINT( '', ( -5.00000000000000, -4.25000000000000, -3.00000000000000 ) );
#8296 = VECTOR( '', #9232, 1000.00000000000 );
#8297 = COLOUR_RGB( '', 0.568627476692200, 0.568627476692200, 0.568627476692200 );
#8298 = CARTESIAN_POINT( '', ( 0.363382140559410, 3.25000000000000, 7.25000000000000 ) );
#8299 = CARTESIAN_POINT( '', ( 0.363382140559410, 4.25000000000000, 7.25000000000000 ) );
#8300 = VECTOR( '', #9233, 1000.00000000000 );
#8301 = CARTESIAN_POINT( '', ( 4.63661785943994, 3.25000000000000, 7.25000000000000 ) );
#8302 = CARTESIAN_POINT( '', ( 4.63661785943994, 4.25000000000000, 7.25000000000000 ) );
#8303 = VECTOR( '', #9234, 1000.00000000000 );
#8304 = CARTESIAN_POINT( '', ( 0.363382140559410, 3.25000000000000, 7.25000000000000 ) );
#8305 = VECTOR( '', #9235, 1000.00000000000 );
#8306 = COLOUR_RGB( '', 0.568627476692200, 0.568627476692200, 0.568627476692200 );
#8307 = CARTESIAN_POINT( '', ( -7.00000000000011, 0.350000000000000, -9.90000000000000 ) );
#8308 = VECTOR( '', #9236, 1000.00000000000 );
#8309 = COLOUR_RGB( '', 0.568627476692200, 0.568627476692200, 0.568627476692200 );
#8310 = AXIS2_PLACEMENT_3D( '', #9237, #9238, #9239 );
#8311 = COLOUR_RGB( '', 0.568627476692200, 0.568627476692200, 0.568627476692200 );
#8312 = CARTESIAN_POINT( '', ( 15.0000000000000, -4.25000000000000, -6.20000000000000 ) );
#8313 = VECTOR( '', #9240, 1000.00000000000 );
#8314 = COLOUR_RGB( '', 0.568627476692200, 0.568627476692200, 0.568627476692200 );
#8315 = COLOUR_RGB( '', 0.568627476692200, 0.568627476692200, 0.568627476692200 );
#8316 = COLOUR_RGB( '', 0.568627476692200, 0.568627476692200, 0.568627476692200 );
#8317 = COLOUR_RGB( '', 0.568627476692200, 0.568627476692200, 0.568627476692200 );
#8318 = COLOUR_RGB( '', 0.949019610881805, 0.949019610881805, 0.949019610881805 );
#8319 = AXIS2_PLACEMENT_3D( '', #9241, #9242, #9243 );
#8320 = COLOUR_RGB( '', 0.949019610881805, 0.949019610881805, 0.949019610881805 );
#8321 = COLOUR_RGB( '', 0.568627476692200, 0.568627476692200, 0.568627476692200 );
#8322 = AXIS2_PLACEMENT_3D( '', #9244, #9245, #9246 );
#8323 = COLOUR_RGB( '', 0.568627476692200, 0.568627476692200, 0.568627476692200 );
#8324 = COLOUR_RGB( '', 0.568627476692200, 0.568627476692200, 0.568627476692200 );
#8325 = CARTESIAN_POINT( '', ( -14.8550000000000, 4.16651513899118, 6.65000000000000 ) );
#8326 = AXIS2_PLACEMENT_3D( '', #9247, #9248, #9249 );
#8327 = CARTESIAN_POINT( '', ( -14.8550000000000, 4.25000000000000, 6.65000000000000 ) );
#8328 = VECTOR( '', #9250, 1000.00000000000 );
#8329 = COLOUR_RGB( '', 0.568627476692200, 0.568627476692200, 0.568627476692200 );
#8330 = AXIS2_PLACEMENT_3D( '', #9251, #9252, #9253 );
#8331 = AXIS2_PLACEMENT_3D( '', #9254, #9255, #9256 );
#8332 = AXIS2_PLACEMENT_3D( '', #9257, #9258, #9259 );
#8333 = CARTESIAN_POINT( '', ( 14.9999999999994, 4.16651513899118, 6.65000000000000 ) );
#8334 = VECTOR( '', #9260, 1000.00000000000 );
#8335 = CARTESIAN_POINT( '', ( -14.8550000000000, 4.16651513899118, 6.65000000000000 ) );
#8336 = VECTOR( '', #9261, 1000.00000000000 );
#8337 = COLOUR_RGB( '', 0.568627476692200, 0.568627476692200, 0.568627476692200 );
#8338 = CARTESIAN_POINT( '', ( 2.99999999999968, 0.350000000000000, -9.90000000000000 ) );
#8339 = VECTOR( '', #9262, 1000.00000000000 );
#8340 = COLOUR_RGB( '', 0.949019610881805, 0.949019610881805, 0.949019610881805 );
#8341 = CARTESIAN_POINT( '', ( -2.90000000000021, -1.80623918681885, 6.79000000000000 ) );
#8342 = VECTOR( '', #9263, 1000.00000000000 );
#8343 = COLOUR_RGB( '', 0.568627476692200, 0.568627476692200, 0.568627476692200 );
#8344 = COLOUR_RGB( '', 0.568627476692200, 0.568627476692200, 0.568627476692200 );
#8345 = CARTESIAN_POINT( '', ( 24.9999999999994, -4.25000000000000, -2.99985604872068 ) );
#8346 = VECTOR( '', #9264, 1000.00000000000 );
#8347 = CARTESIAN_POINT( '', ( 24.9999999999994, -2.75000000000000, -2.50000000000000 ) );
#8348 = VECTOR( '', #9265, 1000.00000000000 );
#8349 = COLOUR_RGB( '', 0.568627476692200, 0.568627476692200, 0.568627476692200 );
#8350 = CARTESIAN_POINT( '', ( -5.36338214055985, 4.25000000000000, 7.25000000000000 ) );
#8351 = VECTOR( '', #9266, 1000.00000000000 );
#8352 = COLOUR_RGB( '', 0.568627476692200, 0.568627476692200, 0.568627476692200 );
#8353 = COLOUR_RGB( '', 0.568627476692200, 0.568627476692200, 0.568627476692200 );
#8354 = CARTESIAN_POINT( '', ( -7.00000000000011, -0.350000000000000, -9.90000000000000 ) );
#8355 = VECTOR( '', #9267, 1000.00000000000 );
#8356 = COLOUR_RGB( '', 0.949019610881805, 0.949019610881805, 0.949019610881805 );
#8357 = CARTESIAN_POINT( '', ( 11.0999999999994, -2.75000000000000, 0.499999999999991 ) );
#8358 = VECTOR( '', #9268, 1000.00000000000 );
#8359 = COLOUR_RGB( '', 0.568627476692200, 0.568627476692200, 0.568627476692200 );
#8360 = CARTESIAN_POINT( '', ( -2.10000000000020, -1.80623918681884, 6.79000000000000 ) );
#8361 = VECTOR( '', #9269, 1000.00000000000 );
#8362 = COLOUR_RGB( '', 0.568627476692200, 0.568627476692200, 0.568627476692200 );
#8363 = COLOUR_RGB( '', 0.568627476692200, 0.568627476692200, 0.568627476692200 );
#8364 = AXIS2_PLACEMENT_3D( '', #9270, #9271, #9272 );
#8365 = COLOUR_RGB( '', 0.568627476692200, 0.568627476692200, 0.568627476692200 );
#8366 = AXIS2_PLACEMENT_3D( '', #9273, #9274, #9275 );
#8367 = CARTESIAN_POINT( '', ( 15.0000000000000, -4.25000000000000, -6.00000000000000 ) );
#8368 = CARTESIAN_POINT( '', ( 15.0000000000000, -4.25000000000000, 6.20000000000000 ) );
#8369 = VECTOR( '', #9276, 1000.00000000000 );
#8370 = AXIS2_PLACEMENT_3D( '', #9277, #9278, #9279 );
#8371 = AXIS2_PLACEMENT_3D( '', #9280, #9281, #9282 );
#8372 = AXIS2_PLACEMENT_3D( '', #9283, #9284, #9285 );
#8373 = AXIS2_PLACEMENT_3D( '', #9286, #9287, #9288 );
#8374 = CARTESIAN_POINT( '', ( 5.00000000000000, -4.25000000000000, -3.00000000000000 ) );
#8375 = VECTOR( '', #9289, 1000.00000000000 );
#8376 = CARTESIAN_POINT( '', ( 14.9999999999997, -4.25000000000000, 0.999856048720667 ) );
#8377 = VECTOR( '', #9290, 1000.00000000000 );
#8378 = COLOUR_RGB( '', 0.568627476692200, 0.568627476692200, 0.568627476692200 );
#8379 = COLOUR_RGB( '', 0.949019610881805, 0.949019610881805, 0.949019610881805 );
#8380 = COLOUR_RGB( '', 0.568627476692200, 0.568627476692200, 0.568627476692200 );
#8381 = COLOUR_RGB( '', 0.568627476692200, 0.568627476692200, 0.568627476692200 );
#8382 = COLOUR_RGB( '', 0.568627476692200, 0.568627476692200, 0.568627476692200 );
#8383 = AXIS2_PLACEMENT_3D( '', #9291, #9292, #9293 );
#8384 = COLOUR_RGB( '', 0.568627476692200, 0.568627476692200, 0.568627476692200 );
#8385 = COLOUR_RGB( '', 0.568627476692200, 0.568627476692200, 0.568627476692200 );
#8386 = COLOUR_RGB( '', 0.568627476692200, 0.568627476692200, 0.568627476692200 );
#8387 = COLOUR_RGB( '', 0.949019610881805, 0.949019610881805, 0.949019610881805 );
#8388 = COLOUR_RGB( '', 0.568627476692200, 0.568627476692200, 0.568627476692200 );
#8389 = COLOUR_RGB( '', 0.568627476692200, 0.568627476692200, 0.568627476692200 );
#8390 = COLOUR_RGB( '', 0.568627476692200, 0.568627476692200, 0.568627476692200 );
#8391 = COLOUR_RGB( '', 0.568627476692200, 0.568627476692200, 0.568627476692200 );
#8392 = COLOUR_RGB( '', 0.568627476692200, 0.568627476692200, 0.568627476692200 );
#8393 = CARTESIAN_POINT( '', ( 15.0000000000000, 30.7558823629686, -6.00000000000000 ) );
#8394 = VECTOR( '', #9294, 1000.00000000000 );
#8395 = COLOUR_RGB( '', 0.568627476692200, 0.568627476692200, 0.568627476692200 );
#8396 = COLOUR_RGB( '', 0.568627476692200, 0.568627476692200, 0.568627476692200 );
#8397 = COLOUR_RGB( '', 0.949019610881805, 0.949019610881805, 0.949019610881805 );
#8398 = COLOUR_RGB( '', 0.949019610881805, 0.949019610881805, 0.949019610881805 );
#8399 = COLOUR_RGB( '', 0.568627476692200, 0.568627476692200, 0.568627476692200 );
#8400 = COLOUR_RGB( '', 0.568627476692200, 0.568627476692200, 0.568627476692200 );
#8401 = COLOUR_RGB( '', 0.568627476692200, 0.568627476692200, 0.568627476692200 );
#8402 = COLOUR_RGB( '', 0.568627476692200, 0.568627476692200, 0.568627476692200 );
#8403 = COLOUR_RGB( '', 0.568627476692200, 0.568627476692200, 0.568627476692200 );
#8404 = CARTESIAN_POINT( '', ( 12.4999999999995, 0.000000000000000, 13.1203093228157 ) );
#8405 = DIRECTION( '', ( 0.939692620785909, 0.000000000000000, -0.342020143325667 ) );
#8406 = DIRECTION( '', ( 0.342020143325667, 0.000000000000000, 0.939692620785909 ) );
#8407 = CARTESIAN_POINT( '', ( 12.4999999999994, 0.000000000000000, 7.25000000000000 ) );
#8408 = DIRECTION( '', ( -2.02975402025242E-016, 0.000000000000000, -1.00000000000000 ) );
#8409 = DIRECTION( '', ( 1.00000000000000, 0.000000000000000, -2.02975402025242E-016 ) );
#8410 = CARTESIAN_POINT( '', ( 12.4999999999995, 0.000000000000000, 13.1203093228155 ) );
#8411 = DIRECTION( '', ( -0.939692620785907, 0.000000000000000, -0.342020143325672 ) );
#8412 = DIRECTION( '', ( -0.342020143325672, 0.000000000000000, 0.939692620785907 ) );
#8413 = CARTESIAN_POINT( '', ( 12.4999999999994, 0.000000000000000, 7.25000000000000 ) );
#8414 = DIRECTION( '', ( -2.02975402025242E-016, 0.000000000000000, -1.00000000000000 ) );
#8415 = DIRECTION( '', ( 1.00000000000000, 0.000000000000000, -2.02975402025242E-016 ) );
#8416 = CARTESIAN_POINT( '', ( 12.4999999999994, 0.000000000000000, 9.25000000000000 ) );
#8417 = DIRECTION( '', ( -2.02975402025242E-016, 0.000000000000000, -1.00000000000000 ) );
#8418 = DIRECTION( '', ( 1.00000000000000, 0.000000000000000, -2.02975402025242E-016 ) );
#8419 = CARTESIAN_POINT( '', ( -2.50000000000022, 0.000000000000000, 6.79000000000000 ) );
#8420 = DIRECTION( '', ( -4.68844182696444E-016, 0.000000000000000, -1.00000000000000 ) );
#8421 = DIRECTION( '', ( 1.00000000000000, 0.000000000000000, -4.68844182696444E-016 ) );
#8422 = DIRECTION( '', ( 0.000000000000000, 1.00000000000000, 0.000000000000000 ) );
#8423 = CARTESIAN_POINT( '', ( -2.50000000000022, 0.000000000000000, 6.79000000000000 ) );
#8424 = DIRECTION( '', ( -4.68844182696444E-016, 0.000000000000000, -1.00000000000000 ) );
#8425 = DIRECTION( '', ( 1.00000000000000, 0.000000000000000, -4.68844182696444E-016 ) );
#8426 = DIRECTION( '', ( 0.000000000000000, -1.00000000000000, 0.000000000000000 ) );
#8427 = DIRECTION( '', ( -1.00000000000000, 0.000000000000000, -1.15648231731787E-016 ) );
#8428 = DIRECTION( '', ( 0.000000000000000, -1.00000000000000, 0.000000000000000 ) );
#8429 = DIRECTION( '', ( -1.00000000000000, 0.000000000000000, -1.15648231731787E-016 ) );
#8430 = DIRECTION( '', ( 0.000000000000000, 1.00000000000000, 0.000000000000000 ) );
#8431 = DIRECTION( '', ( -1.00000000000000, 0.000000000000000, 0.000000000000000 ) );
#8432 = DIRECTION( '', ( 0.301440316002249, -0.904581379300352, -0.301440316002249 ) );
#8433 = DIRECTION( '', ( -1.00000000000000, 0.000000000000000, 0.000000000000000 ) );
#8434 = DIRECTION( '', ( -0.301440316002249, -0.904581379300352, -0.301440316002249 ) );
#8435 = DIRECTION( '', ( 1.00000000000000, 0.000000000000000, 0.000000000000000 ) );
#8436 = DIRECTION( '', ( -0.253898128412102, 0.000000000000000, -0.967230965379434 ) );
#8437 = DIRECTION( '', ( 0.000000000000000, 0.000000000000000, -1.00000000000000 ) );
#8438 = CARTESIAN_POINT( '', ( 7.49999999999956, -0.349999999999996, -63.6265054080222 ) );
#8439 = DIRECTION( '', ( 0.000000000000000, 1.00000000000000, 0.000000000000000 ) );
#8440 = DIRECTION( '', ( 0.000000000000000, 0.000000000000000, 1.00000000000000 ) );
#8441 = DIRECTION( '', ( 0.000000000000000, 0.000000000000000, -1.00000000000000 ) );
#8442 = DIRECTION( '', ( -0.253898128412102, 0.000000000000000, 0.967230965379434 ) );
#8443 = DIRECTION( '', ( 0.000000000000000, -1.00000000000000, 0.000000000000000 ) );
#8444 = DIRECTION( '', ( 0.0869565217391324, 0.000000000000000, -0.996212107599096 ) );
#8445 = DIRECTION( '', ( 0.000000000000000, -1.00000000000000, 0.000000000000000 ) );
#8446 = DIRECTION( '', ( -0.0869565217391324, 0.000000000000000, 0.996212107599096 ) );
#8447 = CARTESIAN_POINT( '', ( -2.50000000000022, 0.000000000000000, 7.70000000000000 ) );
#8448 = DIRECTION( '', ( -3.77113799125398E-016, 0.000000000000000, -1.00000000000000 ) );
#8449 = DIRECTION( '', ( 1.00000000000000, 0.000000000000000, -3.77113799125398E-016 ) );
#8450 = CARTESIAN_POINT( '', ( -2.50000000000022, 0.000000000000000, 7.70000000000000 ) );
#8451 = DIRECTION( '', ( -3.77113799125398E-016, 0.000000000000000, -1.00000000000000 ) );
#8452 = DIRECTION( '', ( 1.00000000000000, 0.000000000000000, -3.77113799125398E-016 ) );
#8453 = CARTESIAN_POINT( '', ( -2.50000000000022, 0.000000000000000, 7.70000000000000 ) );
#8454 = DIRECTION( '', ( -4.68844182696444E-016, 0.000000000000000, -1.00000000000000 ) );
#8455 = DIRECTION( '', ( 1.00000000000000, 0.000000000000000, -4.68844182696444E-016 ) );
#8456 = CARTESIAN_POINT( '', ( -2.50000000000022, 0.000000000000000, 7.70000000000000 ) );
#8457 = DIRECTION( '', ( -3.77113799125398E-016, 0.000000000000000, -1.00000000000000 ) );
#8458 = DIRECTION( '', ( 1.00000000000000, 0.000000000000000, -3.77113799125398E-016 ) );
#8459 = CARTESIAN_POINT( '', ( -2.50000000000022, 0.000000000000000, 9.25000000000000 ) );
#8460 = DIRECTION( '', ( -2.02975402025241E-016, 0.000000000000000, -1.00000000000000 ) );
#8461 = DIRECTION( '', ( -1.00000000000000, 0.000000000000000, 2.02975402025241E-016 ) );
#8462 = DIRECTION( '', ( 0.000000000000000, 0.000000000000000, -1.00000000000000 ) );
#8463 = DIRECTION( '', ( 0.000000000000000, -1.00000000000000, 0.000000000000000 ) );
#8464 = DIRECTION( '', ( 0.000000000000000, 0.000000000000000, -1.00000000000000 ) );
#8465 = DIRECTION( '', ( 0.000000000000000, -1.00000000000000, 0.000000000000000 ) );
#8466 = DIRECTION( '', ( 0.253898128412102, 0.000000000000000, -0.967230965379434 ) );
#8467 = DIRECTION( '', ( 0.000000000000000, 1.00000000000000, 0.000000000000000 ) );
#8468 = DIRECTION( '', ( -0.253898128412102, 0.000000000000000, 0.967230965379434 ) );
#8469 = DIRECTION( '', ( 0.000000000000000, -1.00000000000000, 0.000000000000000 ) );
#8470 = DIRECTION( '', ( 0.000000000000000, 1.00000000000000, 0.000000000000000 ) );
#8471 = DIRECTION( '', ( 0.718602141766595, 0.000000000000000, -0.695421427516052 ) );
#8472 = DIRECTION( '', ( 0.000000000000000, -1.00000000000000, 0.000000000000000 ) );
#8473 = DIRECTION( '', ( -0.718602141766595, 0.000000000000000, 0.695421427516052 ) );
#8474 = DIRECTION( '', ( -1.00000000000000, 0.000000000000000, -1.15648231731787E-016 ) );
#8475 = DIRECTION( '', ( 0.000000000000000, -1.00000000000000, 0.000000000000000 ) );
#8476 = DIRECTION( '', ( -1.00000000000000, 0.000000000000000, -1.15648231731787E-016 ) );
#8477 = DIRECTION( '', ( 0.253898128412102, 0.000000000000000, -0.967230965379434 ) );
#8478 = DIRECTION( '', ( 0.000000000000000, 1.00000000000000, 0.000000000000000 ) );
#8479 = DIRECTION( '', ( -0.253898128412102, 0.000000000000000, 0.967230965379434 ) );
#8480 = DIRECTION( '', ( 0.000000000000000, -1.00000000000000, 0.000000000000000 ) );
#8481 = DIRECTION( '', ( 0.000000000000000, 0.000000000000000, -1.00000000000000 ) );
#8482 = DIRECTION( '', ( 0.000000000000000, 1.00000000000000, 0.000000000000000 ) );
#8483 = DIRECTION( '', ( 0.000000000000000, 0.000000000000000, -1.00000000000000 ) );
#8484 = DIRECTION( '', ( 0.000000000000000, -1.00000000000000, 0.000000000000000 ) );
#8485 = DIRECTION( '', ( 0.000000000000000, 0.000000000000000, 1.00000000000000 ) );
#8486 = DIRECTION( '', ( 0.000000000000000, -1.00000000000000, 0.000000000000000 ) );
#8487 = DIRECTION( '', ( 0.000000000000000, 0.000000000000000, 1.00000000000000 ) );
#8488 = DIRECTION( '', ( 0.000000000000000, -1.00000000000000, 0.000000000000000 ) );
#8489 = DIRECTION( '', ( -1.00000000000000, 0.000000000000000, 0.000000000000000 ) );
#8490 = DIRECTION( '', ( 0.000000000000000, -1.00000000000000, 0.000000000000000 ) );
#8491 = DIRECTION( '', ( 1.00000000000000, 0.000000000000000, 0.000000000000000 ) );
#8492 = DIRECTION( '', ( 0.000000000000000, 1.00000000000000, 0.000000000000000 ) );
#8493 = DIRECTION( '', ( 0.000000000000000, 0.000000000000000, -1.00000000000000 ) );
#8494 = DIRECTION( '', ( 0.253898128412102, 0.000000000000000, 0.967230965379434 ) );
#8495 = DIRECTION( '', ( -1.00000000000000, 0.000000000000000, 0.000000000000000 ) );
#8496 = DIRECTION( '', ( 0.253898128412102, 0.000000000000000, -0.967230965379434 ) );
#8497 = DIRECTION( '', ( 0.000000000000000, 0.000000000000000, -1.00000000000000 ) );
#8498 = CARTESIAN_POINT( '', ( 7.49999999999956, 0.350000000000000, -63.6265054080222 ) );
#8499 = DIRECTION( '', ( 0.000000000000000, -1.00000000000000, 0.000000000000000 ) );
#8500 = DIRECTION( '', ( 0.000000000000000, 0.000000000000000, -1.00000000000000 ) );
#8501 = CARTESIAN_POINT( '', ( -12.5000000000000, 0.000000000000000, 7.70000000000000 ) );
#8502 = DIRECTION( '', ( -3.77113799125398E-016, 0.000000000000000, -1.00000000000000 ) );
#8503 = DIRECTION( '', ( 1.00000000000000, 0.000000000000000, -3.77113799125398E-016 ) );
#8504 = CARTESIAN_POINT( '', ( -12.5000000000000, 0.000000000000000, 7.70000000000000 ) );
#8505 = DIRECTION( '', ( -3.77113799125398E-016, 0.000000000000000, -1.00000000000000 ) );
#8506 = DIRECTION( '', ( 1.00000000000000, 0.000000000000000, -3.77113799125398E-016 ) );
#8507 = CARTESIAN_POINT( '', ( -12.5000000000000, 0.000000000000000, 7.70000000000000 ) );
#8508 = DIRECTION( '', ( -4.68844182696444E-016, 0.000000000000000, -1.00000000000000 ) );
#8509 = DIRECTION( '', ( 1.00000000000000, 0.000000000000000, -4.68844182696444E-016 ) );
#8510 = CARTESIAN_POINT( '', ( -12.5000000000000, 0.000000000000000, 7.70000000000000 ) );
#8511 = DIRECTION( '', ( -3.77113799125398E-016, 0.000000000000000, -1.00000000000000 ) );
#8512 = DIRECTION( '', ( 1.00000000000000, 0.000000000000000, -3.77113799125398E-016 ) );
#8513 = CARTESIAN_POINT( '', ( -12.5000000000000, 0.000000000000000, 9.25000000000000 ) );
#8514 = DIRECTION( '', ( -2.02975402025241E-016, 0.000000000000000, -1.00000000000000 ) );
#8515 = DIRECTION( '', ( -1.00000000000000, 0.000000000000000, 2.02975402025241E-016 ) );
#8516 = DIRECTION( '', ( 0.000000000000000, 0.000000000000000, 1.00000000000000 ) );
#8517 = DIRECTION( '', ( 0.000000000000000, -1.00000000000000, 0.000000000000000 ) );
#8518 = DIRECTION( '', ( 0.000000000000000, 0.000000000000000, 1.00000000000000 ) );
#8519 = DIRECTION( '', ( 0.000000000000000, -1.00000000000000, 0.000000000000000 ) );
#8520 = DIRECTION( '', ( -1.00000000000000, 0.000000000000000, 0.000000000000000 ) );
#8521 = DIRECTION( '', ( 0.301440316002249, -0.904581379300352, -0.301440316002249 ) );
#8522 = DIRECTION( '', ( -1.00000000000000, 0.000000000000000, 0.000000000000000 ) );
#8523 = DIRECTION( '', ( -0.301440316002249, -0.904581379300352, -0.301440316002249 ) );
#8524 = CARTESIAN_POINT( '', ( -2.50000000000021, 0.000000000000000, 13.1203093228155 ) );
#8525 = DIRECTION( '', ( -0.939692620785907, 0.000000000000000, -0.342020143325672 ) );
#8526 = DIRECTION( '', ( -0.342020143325672, 0.000000000000000, 0.939692620785907 ) );
#8527 = DIRECTION( '', ( 0.000000000000000, -1.00000000000000, 0.000000000000000 ) );
#8528 = CARTESIAN_POINT( '', ( 0.000588093706253845, -3.25000000000000, 6.25000000000000 ) );
#8529 = DIRECTION( '', ( -0.939692620785907, 0.000000000000000, -0.342020143325673 ) );
#8530 = DIRECTION( '', ( 0.342020143325672, 0.000000000000000, -0.939692620785907 ) );
#8531 = DIRECTION( '', ( 0.000000000000000, -1.00000000000000, 0.000000000000000 ) );
#8532 = CARTESIAN_POINT( '', ( 0.000588093706254178, 3.25000000000000, 6.25000000000000 ) );
#8533 = DIRECTION( '', ( -0.939692620785907, 0.000000000000000, -0.342020143325673 ) );
#8534 = DIRECTION( '', ( -0.342020143325672, 0.000000000000000, 0.939692620785907 ) );
#8535 = DIRECTION( '', ( 0.000000000000000, -1.00000000000000, 0.000000000000000 ) );
#8536 = DIRECTION( '', ( 0.000000000000000, -1.00000000000000, 0.000000000000000 ) );
#8537 = CARTESIAN_POINT( '', ( 15.0005880937059, -3.25000000000000, 6.25000000000000 ) );
#8538 = DIRECTION( '', ( -0.939692620785907, 0.000000000000000, -0.342020143325673 ) );
#8539 = DIRECTION( '', ( 0.342020143325672, 0.000000000000000, -0.939692620785907 ) );
#8540 = DIRECTION( '', ( 0.000000000000000, -1.00000000000000, 0.000000000000000 ) );
#8541 = CARTESIAN_POINT( '', ( 15.0005880937059, 3.25000000000000, 6.25000000000000 ) );
#8542 = DIRECTION( '', ( -0.939692620785907, 0.000000000000000, -0.342020143325673 ) );
#8543 = DIRECTION( '', ( -0.342020143325672, 0.000000000000000, 0.939692620785907 ) );
#8544 = DIRECTION( '', ( 0.000000000000000, -1.00000000000000, 0.000000000000000 ) );
#8545 = DIRECTION( '', ( -1.00000000000000, 0.000000000000000, 0.000000000000000 ) );
#8546 = DIRECTION( '', ( 0.000000000000000, -1.00000000000000, 0.000000000000000 ) );
#8547 = DIRECTION( '', ( 1.00000000000000, 0.000000000000000, 0.000000000000000 ) );
#8548 = DIRECTION( '', ( 0.000000000000000, -1.00000000000000, 0.000000000000000 ) );
#8549 = DIRECTION( '', ( 0.0869565217391324, 0.000000000000000, -0.996212107599096 ) );
#8550 = DIRECTION( '', ( 0.000000000000000, -1.00000000000000, 0.000000000000000 ) );
#8551 = DIRECTION( '', ( -0.0869565217391324, 0.000000000000000, 0.996212107599096 ) );
#8552 = CARTESIAN_POINT( '', ( -7.50000000000011, 0.000000000000000, 13.1203093228157 ) );
#8553 = DIRECTION( '', ( 0.939692620785909, 0.000000000000000, -0.342020143325667 ) );
#8554 = DIRECTION( '', ( 0.342020143325667, 0.000000000000000, 0.939692620785909 ) );
#8555 = DIRECTION( '', ( 0.000000000000000, -1.00000000000000, 0.000000000000000 ) );
#8556 = CARTESIAN_POINT( '', ( -10.0005880937066, 3.25000000000000, 6.25000000000000 ) );
#8557 = DIRECTION( '', ( 0.939692620785909, 0.000000000000000, -0.342020143325667 ) );
#8558 = DIRECTION( '', ( -0.342020143325667, 0.000000000000000, -0.939692620785909 ) );
#8559 = DIRECTION( '', ( 0.000000000000000, -1.00000000000000, 0.000000000000000 ) );
#8560 = CARTESIAN_POINT( '', ( -10.0005880937066, -3.25000000000000, 6.25000000000000 ) );
#8561 = DIRECTION( '', ( 0.939692620785909, 0.000000000000000, -0.342020143325667 ) );
#8562 = DIRECTION( '', ( 0.342020143325667, 0.000000000000000, 0.939692620785909 ) );
#8563 = DIRECTION( '', ( 0.000000000000000, -1.00000000000000, 0.000000000000000 ) );
#8564 = DIRECTION( '', ( 0.000000000000000, -1.00000000000000, 0.000000000000000 ) );
#8565 = DIRECTION( '', ( 3.77113799125398E-016, 0.000000000000000, 1.00000000000000 ) );
#8566 = DIRECTION( '', ( 0.000000000000000, -1.00000000000000, 0.000000000000000 ) );
#8567 = DIRECTION( '', ( 3.77113799125398E-016, 0.000000000000000, 1.00000000000000 ) );
#8568 = DIRECTION( '', ( 1.00000000000000, 0.000000000000000, 0.000000000000000 ) );
#8569 = DIRECTION( '', ( 1.00000000000000, 0.000000000000000, 0.000000000000000 ) );
#8570 = DIRECTION( '', ( 0.000000000000000, -1.00000000000000, 0.000000000000000 ) );
#8571 = DIRECTION( '', ( 0.000000000000000, 0.000000000000000, -1.00000000000000 ) );
#8572 = DIRECTION( '', ( 0.000000000000000, -1.00000000000000, 0.000000000000000 ) );
#8573 = DIRECTION( '', ( 0.000000000000000, 0.000000000000000, -1.00000000000000 ) );
#8574 = DIRECTION( '', ( 0.000000000000000, -1.00000000000000, 0.000000000000000 ) );
#8575 = DIRECTION( '', ( 0.000000000000000, 0.000000000000000, 1.00000000000000 ) );
#8576 = DIRECTION( '', ( 0.000000000000000, -1.00000000000000, 0.000000000000000 ) );
#8577 = DIRECTION( '', ( 0.000000000000000, 0.000000000000000, 1.00000000000000 ) );
#8578 = DIRECTION( '', ( 0.000000000000000, -1.00000000000000, 0.000000000000000 ) );
#8579 = CARTESIAN_POINT( '', ( 7.49999999999956, 0.000000000000000, 6.79000000000000 ) );
#8580 = DIRECTION( '', ( -4.68844182696444E-016, 0.000000000000000, -1.00000000000000 ) );
#8581 = DIRECTION( '', ( 1.00000000000000, 0.000000000000000, -4.68844182696444E-016 ) );
#8582 = DIRECTION( '', ( 0.000000000000000, 1.00000000000000, 0.000000000000000 ) );
#8583 = CARTESIAN_POINT( '', ( 7.49999999999956, 0.000000000000000, 6.79000000000000 ) );
#8584 = DIRECTION( '', ( -4.68844182696444E-016, 0.000000000000000, -1.00000000000000 ) );
#8585 = DIRECTION( '', ( 1.00000000000000, 0.000000000000000, -4.68844182696444E-016 ) );
#8586 = DIRECTION( '', ( 0.000000000000000, -1.00000000000000, 0.000000000000000 ) );
#8587 = DIRECTION( '', ( 0.000000000000000, -1.00000000000000, 0.000000000000000 ) );
#8588 = DIRECTION( '', ( 0.718602141766595, 0.000000000000000, 0.695421427516052 ) );
#8589 = DIRECTION( '', ( 0.000000000000000, -1.00000000000000, 0.000000000000000 ) );
#8590 = DIRECTION( '', ( -0.718602141766595, 0.000000000000000, -0.695421427516052 ) );
#8591 = CARTESIAN_POINT( '', ( 12.4999999999994, 0.000000000000000, 7.70000000000000 ) );
#8592 = DIRECTION( '', ( -3.77113799125398E-016, 0.000000000000000, -1.00000000000000 ) );
#8593 = DIRECTION( '', ( 1.00000000000000, 0.000000000000000, -3.77113799125398E-016 ) );
#8594 = DIRECTION( '', ( 3.77113799125398E-016, 0.000000000000000, 1.00000000000000 ) );
#8595 = CARTESIAN_POINT( '', ( 12.4999999999994, 0.000000000000000, 6.79000000000000 ) );
#8596 = DIRECTION( '', ( -4.68844182696444E-016, 0.000000000000000, -1.00000000000000 ) );
#8597 = DIRECTION( '', ( 1.00000000000000, 0.000000000000000, -4.68844182696444E-016 ) );
#8598 = DIRECTION( '', ( 3.77113799125398E-016, 0.000000000000000, 1.00000000000000 ) );
#8599 = CARTESIAN_POINT( '', ( 7.49999999999956, 0.000000000000000, 13.1203093228155 ) );
#8600 = DIRECTION( '', ( -0.939692620785907, 0.000000000000000, -0.342020143325672 ) );
#8601 = DIRECTION( '', ( -0.342020143325672, 0.000000000000000, 0.939692620785907 ) );
#8602 = DIRECTION( '', ( 0.000000000000000, -1.00000000000000, 0.000000000000000 ) );
#8603 = CARTESIAN_POINT( '', ( 10.0005880937060, -3.25000000000000, 6.25000000000000 ) );
#8604 = DIRECTION( '', ( -0.939692620785907, 0.000000000000000, -0.342020143325673 ) );
#8605 = DIRECTION( '', ( 0.342020143325672, 0.000000000000000, -0.939692620785907 ) );
#8606 = DIRECTION( '', ( 0.000000000000000, -1.00000000000000, 0.000000000000000 ) );
#8607 = CARTESIAN_POINT( '', ( 10.0005880937060, 3.25000000000000, 6.25000000000000 ) );
#8608 = DIRECTION( '', ( -0.939692620785907, 0.000000000000000, -0.342020143325673 ) );
#8609 = DIRECTION( '', ( -0.342020143325672, 0.000000000000000, 0.939692620785907 ) );
#8610 = DIRECTION( '', ( 0.000000000000000, -1.00000000000000, 0.000000000000000 ) );
#8611 = DIRECTION( '', ( -1.00000000000000, 0.000000000000000, 0.000000000000000 ) );
#8612 = DIRECTION( '', ( 0.000000000000000, 0.000000000000000, -1.00000000000000 ) );
#8613 = DIRECTION( '', ( 1.00000000000000, 0.000000000000000, 0.000000000000000 ) );
#8614 = DIRECTION( '', ( 0.000000000000000, 0.000000000000000, 1.00000000000000 ) );
#8615 = CARTESIAN_POINT( '', ( -7.50000000000011, 0.000000000000000, 6.79000000000000 ) );
#8616 = DIRECTION( '', ( -4.68844182696444E-016, 0.000000000000000, -1.00000000000000 ) );
#8617 = DIRECTION( '', ( 1.00000000000000, 0.000000000000000, -4.68844182696444E-016 ) );
#8618 = DIRECTION( '', ( 0.000000000000000, 1.00000000000000, 0.000000000000000 ) );
#8619 = CARTESIAN_POINT( '', ( -7.50000000000011, 0.000000000000000, 6.79000000000000 ) );
#8620 = DIRECTION( '', ( -4.68844182696444E-016, 0.000000000000000, -1.00000000000000 ) );
#8621 = DIRECTION( '', ( 1.00000000000000, 0.000000000000000, -4.68844182696444E-016 ) );
#8622 = DIRECTION( '', ( 0.000000000000000, -1.00000000000000, 0.000000000000000 ) );
#8623 = DIRECTION( '', ( 0.000000000000000, 1.00000000000000, 0.000000000000000 ) );
#8624 = DIRECTION( '', ( 0.000000000000000, -1.00000000000000, 0.000000000000000 ) );
#8625 = CARTESIAN_POINT( '', ( -15.0000000000000, -4.25000000000000, -5.76000000000000 ) );
#8626 = DIRECTION( '', ( -0.000000000000000, 1.00000000000000, 0.000000000000000 ) );
#8627 = DIRECTION( '', ( 1.00000000000000, 0.000000000000000, 0.000000000000000 ) );
#8628 = DIRECTION( '', ( 0.000000000000000, -1.00000000000000, 0.000000000000000 ) );
#8629 = CARTESIAN_POINT( '', ( -15.0000000000000, 4.25000000000000, -5.76000000000000 ) );
#8630 = DIRECTION( '', ( 0.000000000000000, 1.00000000000000, 0.000000000000000 ) );
#8631 = DIRECTION( '', ( 0.000000000000000, 0.000000000000000, 1.00000000000000 ) );
#8632 = DIRECTION( '', ( 0.000000000000000, -1.00000000000000, 0.000000000000000 ) );
#8633 = DIRECTION( '', ( -0.253898128412102, 0.000000000000000, -0.967230965379434 ) );
#8634 = DIRECTION( '', ( 0.000000000000000, -1.00000000000000, 0.000000000000000 ) );
#8635 = DIRECTION( '', ( 0.253898128412102, 0.000000000000000, 0.967230965379434 ) );
#8636 = DIRECTION( '', ( 0.000000000000000, 1.00000000000000, 0.000000000000000 ) );
#8637 = DIRECTION( '', ( -1.00000000000000, 0.000000000000000, 0.000000000000000 ) );
#8638 = DIRECTION( '', ( 1.00000000000000, 0.000000000000000, 0.000000000000000 ) );
#8639 = DIRECTION( '', ( 0.000000000000000, -1.00000000000000, 0.000000000000000 ) );
#8640 = CARTESIAN_POINT( '', ( 7.49999999999956, -4.25000000000000, -63.6265054080222 ) );
#8641 = DIRECTION( '', ( -0.000000000000000, 1.00000000000000, 0.000000000000000 ) );
#8642 = DIRECTION( '', ( 1.00000000000000, 0.000000000000000, 0.000000000000000 ) );
#8643 = DIRECTION( '', ( 0.000000000000000, -1.00000000000000, 0.000000000000000 ) );
#8644 = CARTESIAN_POINT( '', ( 7.49999999999956, 4.25000000000000, -63.6265054080222 ) );
#8645 = DIRECTION( '', ( 0.000000000000000, 1.00000000000000, 0.000000000000000 ) );
#8646 = DIRECTION( '', ( 0.000000000000000, 0.000000000000000, 1.00000000000000 ) );
#8647 = DIRECTION( '', ( 0.000000000000000, -1.00000000000000, 0.000000000000000 ) );
#8648 = DIRECTION( '', ( 0.000000000000000, -1.00000000000000, 0.000000000000000 ) );
#8649 = DIRECTION( '', ( 3.77113799125398E-016, 0.000000000000000, 1.00000000000000 ) );
#8650 = DIRECTION( '', ( 0.000000000000000, 1.00000000000000, 0.000000000000000 ) );
#8651 = DIRECTION( '', ( 0.000000000000000, 1.00000000000000, 0.000000000000000 ) );
#8652 = CARTESIAN_POINT( '', ( -2.50000000000021, 0.000000000000000, 13.1203093228157 ) );
#8653 = DIRECTION( '', ( 0.939692620785909, 0.000000000000000, -0.342020143325667 ) );
#8654 = DIRECTION( '', ( 0.342020143325667, 0.000000000000000, 0.939692620785909 ) );
#8655 = CARTESIAN_POINT( '', ( -2.50000000000022, 0.000000000000000, 7.25000000000000 ) );
#8656 = DIRECTION( '', ( -2.02975402025242E-016, 0.000000000000000, -1.00000000000000 ) );
#8657 = DIRECTION( '', ( 1.00000000000000, 0.000000000000000, -2.02975402025242E-016 ) );
#8658 = CARTESIAN_POINT( '', ( -2.50000000000022, 0.000000000000000, 7.25000000000000 ) );
#8659 = DIRECTION( '', ( -2.02975402025242E-016, 0.000000000000000, -1.00000000000000 ) );
#8660 = DIRECTION( '', ( 1.00000000000000, 0.000000000000000, -2.02975402025242E-016 ) );
#8661 = CARTESIAN_POINT( '', ( -2.50000000000021, 0.000000000000000, 9.25000000000000 ) );
#8662 = DIRECTION( '', ( -2.02975402025242E-016, 0.000000000000000, -1.00000000000000 ) );
#8663 = DIRECTION( '', ( 1.00000000000000, 0.000000000000000, -2.02975402025242E-016 ) );
#8664 = DIRECTION( '', ( 0.000000000000000, -1.00000000000000, 0.000000000000000 ) );
#8665 = CARTESIAN_POINT( '', ( 0.000000000000000, -4.25000000000000, -5.76000000000000 ) );
#8666 = DIRECTION( '', ( -0.000000000000000, 1.00000000000000, 0.000000000000000 ) );
#8667 = DIRECTION( '', ( 1.00000000000000, 0.000000000000000, 0.000000000000000 ) );
#8668 = CARTESIAN_POINT( '', ( 0.000000000000000, 4.25000000000000, -5.76000000000000 ) );
#8669 = DIRECTION( '', ( 0.000000000000000, 1.00000000000000, 0.000000000000000 ) );
#8670 = DIRECTION( '', ( 0.000000000000000, 0.000000000000000, 1.00000000000000 ) );
#8671 = DIRECTION( '', ( 0.000000000000000, -1.00000000000000, 0.000000000000000 ) );
#8672 = DIRECTION( '', ( 0.000000000000000, -1.00000000000000, 0.000000000000000 ) );
#8673 = DIRECTION( '', ( 0.000000000000000, 1.00000000000000, 0.000000000000000 ) );
#8674 = DIRECTION( '', ( 0.000000000000000, 0.000000000000000, -1.00000000000000 ) );
#8675 = DIRECTION( '', ( 0.253898128412102, 0.000000000000000, 0.967230965379434 ) );
#8676 = DIRECTION( '', ( 0.253898128412102, 0.000000000000000, -0.967230965379434 ) );
#8677 = DIRECTION( '', ( 0.000000000000000, 0.000000000000000, -1.00000000000000 ) );
#8678 = CARTESIAN_POINT( '', ( 12.4999999999994, 0.350000000000000, -63.6265054080222 ) );
#8679 = DIRECTION( '', ( 0.000000000000000, -1.00000000000000, 0.000000000000000 ) );
#8680 = DIRECTION( '', ( 0.000000000000000, 0.000000000000000, -1.00000000000000 ) );
#8681 = DIRECTION( '', ( 0.000000000000000, 1.00000000000000, 0.000000000000000 ) );
#8682 = DIRECTION( '', ( 0.718602141766595, 0.000000000000000, -0.695421427516052 ) );
#8683 = DIRECTION( '', ( 0.000000000000000, -1.00000000000000, 0.000000000000000 ) );
#8684 = DIRECTION( '', ( -0.718602141766595, 0.000000000000000, 0.695421427516052 ) );
#8685 = DIRECTION( '', ( 1.00000000000000, 0.000000000000000, 0.000000000000000 ) );
#8686 = DIRECTION( '', ( 1.00000000000000, 0.000000000000000, -3.61400724161834E-017 ) );
#8687 = DIRECTION( '', ( 0.000000000000000, 0.000000000000000, 1.00000000000000 ) );
#8688 = DIRECTION( '', ( 0.000000000000000, 0.000000000000000, -1.00000000000000 ) );
#8689 = DIRECTION( '', ( 1.00000000000000, 0.000000000000000, -3.61400724161834E-017 ) );
#8690 = DIRECTION( '', ( -1.00000000000000, 0.000000000000000, 0.000000000000000 ) );
#8691 = DIRECTION( '', ( 1.00000000000000, 0.000000000000000, 0.000000000000000 ) );
#8692 = DIRECTION( '', ( 0.000000000000000, -1.00000000000000, 0.000000000000000 ) );
#8693 = DIRECTION( '', ( -1.00000000000000, 0.000000000000000, -2.02975402025243E-016 ) );
#8694 = DIRECTION( '', ( 1.00000000000000, 0.000000000000000, 2.02975402025243E-016 ) );
#8695 = DIRECTION( '', ( 0.000000000000000, 1.00000000000000, 0.000000000000000 ) );
#8696 = DIRECTION( '', ( 0.718602141766595, 0.000000000000000, -0.695421427516052 ) );
#8697 = DIRECTION( '', ( -0.718602141766595, 0.000000000000000, 0.695421427516052 ) );
#8698 = DIRECTION( '', ( 1.00000000000000, 0.000000000000000, -3.61400724161834E-017 ) );
#8699 = DIRECTION( '', ( -0.301440316002249, -0.904581379300352, 0.301440316002249 ) );
#8700 = DIRECTION( '', ( 1.00000000000000, 0.000000000000000, -3.61400724161834E-017 ) );
#8701 = DIRECTION( '', ( -1.00000000000000, 0.000000000000000, 0.000000000000000 ) );
#8702 = DIRECTION( '', ( 1.00000000000000, 0.000000000000000, -3.61400724161834E-017 ) );
#8703 = DIRECTION( '', ( 0.301440316002249, -0.904581379300352, 0.301440316002249 ) );
#8704 = CARTESIAN_POINT( '', ( -7.50000000000011, 0.000000000000000, 7.25000000000000 ) );
#8705 = DIRECTION( '', ( -2.02975402025242E-016, 0.000000000000000, -1.00000000000000 ) );
#8706 = DIRECTION( '', ( 1.00000000000000, 0.000000000000000, -2.02975402025242E-016 ) );
#8707 = CARTESIAN_POINT( '', ( -7.50000000000011, 0.000000000000000, 13.1203093228155 ) );
#8708 = DIRECTION( '', ( -0.939692620785907, 0.000000000000000, -0.342020143325672 ) );
#8709 = DIRECTION( '', ( -0.342020143325672, 0.000000000000000, 0.939692620785907 ) );
#8710 = CARTESIAN_POINT( '', ( -7.50000000000011, 0.000000000000000, 7.25000000000000 ) );
#8711 = DIRECTION( '', ( -2.02975402025242E-016, 0.000000000000000, -1.00000000000000 ) );
#8712 = DIRECTION( '', ( 1.00000000000000, 0.000000000000000, -2.02975402025242E-016 ) );
#8713 = CARTESIAN_POINT( '', ( -7.50000000000011, 0.000000000000000, 9.25000000000000 ) );
#8714 = DIRECTION( '', ( -2.02975402025242E-016, 0.000000000000000, -1.00000000000000 ) );
#8715 = DIRECTION( '', ( 1.00000000000000, 0.000000000000000, -2.02975402025242E-016 ) );
#8716 = DIRECTION( '', ( 0.000000000000000, -1.00000000000000, 0.000000000000000 ) );
#8717 = DIRECTION( '', ( 1.00000000000000, 0.000000000000000, 2.02975402025243E-016 ) );
#8718 = DIRECTION( '', ( 0.000000000000000, 0.000000000000000, 1.00000000000000 ) );
#8719 = DIRECTION( '', ( -0.301440316002249, -0.904581379300352, -0.301440316002249 ) );
#8720 = DIRECTION( '', ( 0.000000000000000, 0.000000000000000, 1.00000000000000 ) );
#8721 = DIRECTION( '', ( -0.301440316002249, -0.904581379300352, 0.301440316002249 ) );
#8722 = DIRECTION( '', ( 0.000000000000000, 0.000000000000000, -1.00000000000000 ) );
#8723 = CARTESIAN_POINT( '', ( 15.0000000000000, 3.25000000000000, 6.25000000000000 ) );
#8724 = DIRECTION( '', ( 1.00000000000000, 0.000000000000000, 0.000000000000000 ) );
#8725 = DIRECTION( '', ( 0.000000000000000, 0.000000000000000, -1.00000000000000 ) );
#8726 = DIRECTION( '', ( 0.000000000000000, -1.00000000000000, 0.000000000000000 ) );
#8727 = CARTESIAN_POINT( '', ( 15.0000000000000, -3.25000000000000, 6.25000000000000 ) );
#8728 = DIRECTION( '', ( 1.00000000000000, 0.000000000000000, 0.000000000000000 ) );
#8729 = DIRECTION( '', ( 0.000000000000000, 0.000000000000000, -1.00000000000000 ) );
#8730 = DIRECTION( '', ( 0.000000000000000, 0.000000000000000, -1.00000000000000 ) );
#8731 = DIRECTION( '', ( 0.000000000000000, 1.00000000000000, 0.000000000000000 ) );
#8732 = DIRECTION( '', ( 0.000000000000000, 0.000000000000000, -1.00000000000000 ) );
#8733 = DIRECTION( '', ( 0.301440316002249, -0.904581379300352, 0.301440316002249 ) );
#8734 = DIRECTION( '', ( 0.000000000000000, 0.000000000000000, -1.00000000000000 ) );
#8735 = CARTESIAN_POINT( '', ( -7.50000000000011, -4.25000000000000, -63.6265054080222 ) );
#8736 = DIRECTION( '', ( -0.000000000000000, 1.00000000000000, 0.000000000000000 ) );
#8737 = DIRECTION( '', ( 1.00000000000000, 0.000000000000000, 0.000000000000000 ) );
#8738 = DIRECTION( '', ( 0.000000000000000, -1.00000000000000, 0.000000000000000 ) );
#8739 = CARTESIAN_POINT( '', ( -7.50000000000011, 4.25000000000000, -63.6265054080222 ) );
#8740 = DIRECTION( '', ( 0.000000000000000, 1.00000000000000, 0.000000000000000 ) );
#8741 = DIRECTION( '', ( 0.000000000000000, 0.000000000000000, 1.00000000000000 ) );
#8742 = CARTESIAN_POINT( '', ( -7.50000000000011, 0.350000000000000, -63.6265054080222 ) );
#8743 = DIRECTION( '', ( 0.000000000000000, -1.00000000000000, 0.000000000000000 ) );
#8744 = DIRECTION( '', ( 0.000000000000000, 0.000000000000000, -1.00000000000000 ) );
#8745 = DIRECTION( '', ( 0.000000000000000, -1.00000000000000, 0.000000000000000 ) );
#8746 = CARTESIAN_POINT( '', ( -7.50000000000011, -0.349999999999996, -63.6265054080222 ) );
#8747 = DIRECTION( '', ( 0.000000000000000, 1.00000000000000, 0.000000000000000 ) );
#8748 = DIRECTION( '', ( 0.000000000000000, 0.000000000000000, 1.00000000000000 ) );
#8749 = DIRECTION( '', ( 0.000000000000000, -1.00000000000000, 0.000000000000000 ) );
#8750 = CARTESIAN_POINT( '', ( 12.4999999999994, 0.000000000000000, 7.70000000000000 ) );
#8751 = DIRECTION( '', ( -3.77113799125398E-016, 0.000000000000000, -1.00000000000000 ) );
#8752 = DIRECTION( '', ( 1.00000000000000, 0.000000000000000, -3.77113799125398E-016 ) );
#8753 = CARTESIAN_POINT( '', ( 12.4999999999994, 0.000000000000000, 7.70000000000000 ) );
#8754 = DIRECTION( '', ( -4.68844182696444E-016, 0.000000000000000, -1.00000000000000 ) );
#8755 = DIRECTION( '', ( 1.00000000000000, 0.000000000000000, -4.68844182696444E-016 ) );
#8756 = CARTESIAN_POINT( '', ( 12.4999999999994, 0.000000000000000, 7.70000000000000 ) );
#8757 = DIRECTION( '', ( -3.77113799125398E-016, 0.000000000000000, -1.00000000000000 ) );
#8758 = DIRECTION( '', ( 1.00000000000000, 0.000000000000000, -3.77113799125398E-016 ) );
#8759 = CARTESIAN_POINT( '', ( 12.4999999999994, 0.000000000000000, 9.25000000000000 ) );
#8760 = DIRECTION( '', ( -2.02975402025241E-016, 0.000000000000000, -1.00000000000000 ) );
#8761 = DIRECTION( '', ( -1.00000000000000, 0.000000000000000, 2.02975402025241E-016 ) );
#8762 = DIRECTION( '', ( 0.000000000000000, 0.000000000000000, 1.00000000000000 ) );
#8763 = DIRECTION( '', ( 0.000000000000000, 0.000000000000000, 1.00000000000000 ) );
#8764 = DIRECTION( '', ( 0.000000000000000, 1.00000000000000, 0.000000000000000 ) );
#8765 = DIRECTION( '', ( -1.00000000000000, 0.000000000000000, 0.000000000000000 ) );
#8766 = DIRECTION( '', ( 0.000000000000000, 0.000000000000000, -1.00000000000000 ) );
#8767 = DIRECTION( '', ( 1.00000000000000, 0.000000000000000, 0.000000000000000 ) );
#8768 = DIRECTION( '', ( 0.000000000000000, 0.000000000000000, 1.00000000000000 ) );
#8769 = DIRECTION( '', ( 0.000000000000000, -1.00000000000000, 0.000000000000000 ) );
#8770 = DIRECTION( '', ( 1.00000000000000, 0.000000000000000, 2.02975402025243E-016 ) );
#8771 = DIRECTION( '', ( -1.00000000000000, 0.000000000000000, -1.15648231731787E-016 ) );
#8772 = DIRECTION( '', ( 0.000000000000000, 1.00000000000000, 0.000000000000000 ) );
#8773 = DIRECTION( '', ( -1.00000000000000, 0.000000000000000, -1.15648231731787E-016 ) );
#8774 = DIRECTION( '', ( 0.000000000000000, 1.00000000000000, 0.000000000000000 ) );
#8775 = DIRECTION( '', ( -1.00000000000000, 0.000000000000000, 0.000000000000000 ) );
#8776 = DIRECTION( '', ( 1.00000000000000, 0.000000000000000, 0.000000000000000 ) );
#8777 = DIRECTION( '', ( 0.000000000000000, -1.00000000000000, 0.000000000000000 ) );
#8778 = DIRECTION( '', ( 0.000000000000000, -1.00000000000000, 0.000000000000000 ) );
#8779 = CARTESIAN_POINT( '', ( 7.49999999999956, 0.000000000000000, 9.25000000000000 ) );
#8780 = DIRECTION( '', ( -2.02975402025242E-016, 0.000000000000000, -1.00000000000000 ) );
#8781 = DIRECTION( '', ( 1.00000000000000, 0.000000000000000, -2.02975402025242E-016 ) );
#8782 = CARTESIAN_POINT( '', ( 7.49999999999956, 0.000000000000000, 9.25000000000000 ) );
#8783 = DIRECTION( '', ( -2.02975402025241E-016, 0.000000000000000, -1.00000000000000 ) );
#8784 = DIRECTION( '', ( -1.00000000000000, 0.000000000000000, 2.02975402025241E-016 ) );
#8785 = CARTESIAN_POINT( '', ( -7.50000000000011, 0.000000000000000, 7.70000000000000 ) );
#8786 = DIRECTION( '', ( -3.77113799125398E-016, 0.000000000000000, -1.00000000000000 ) );
#8787 = DIRECTION( '', ( 1.00000000000000, 0.000000000000000, -3.77113799125398E-016 ) );
#8788 = DIRECTION( '', ( 3.77113799125398E-016, 0.000000000000000, 1.00000000000000 ) );
#8789 = DIRECTION( '', ( 3.77113799125398E-016, 0.000000000000000, 1.00000000000000 ) );
#8790 = DIRECTION( '', ( 0.000000000000000, -1.00000000000000, 0.000000000000000 ) );
#8791 = CARTESIAN_POINT( '', ( -12.5000000000000, -4.25000000000000, -63.6265054080222 ) );
#8792 = DIRECTION( '', ( -0.000000000000000, 1.00000000000000, 0.000000000000000 ) );
#8793 = DIRECTION( '', ( 1.00000000000000, 0.000000000000000, 0.000000000000000 ) );
#8794 = DIRECTION( '', ( 0.000000000000000, -1.00000000000000, 0.000000000000000 ) );
#8795 = CARTESIAN_POINT( '', ( -12.5000000000000, 4.25000000000000, -63.6265054080222 ) );
#8796 = DIRECTION( '', ( 0.000000000000000, 1.00000000000000, 0.000000000000000 ) );
#8797 = DIRECTION( '', ( 0.000000000000000, 0.000000000000000, 1.00000000000000 ) );
#8798 = CARTESIAN_POINT( '', ( -12.5000000000000, 0.350000000000000, -63.6265054080222 ) );
#8799 = DIRECTION( '', ( 0.000000000000000, -1.00000000000000, 0.000000000000000 ) );
#8800 = DIRECTION( '', ( 0.000000000000000, 0.000000000000000, -1.00000000000000 ) );
#8801 = DIRECTION( '', ( 0.000000000000000, -1.00000000000000, 0.000000000000000 ) );
#8802 = CARTESIAN_POINT( '', ( -12.5000000000000, -0.349999999999996, -63.6265054080222 ) );
#8803 = DIRECTION( '', ( 0.000000000000000, 1.00000000000000, 0.000000000000000 ) );
#8804 = DIRECTION( '', ( 0.000000000000000, 0.000000000000000, 1.00000000000000 ) );
#8805 = DIRECTION( '', ( 0.000000000000000, -1.00000000000000, 0.000000000000000 ) );
#8806 = DIRECTION( '', ( 1.00000000000000, 0.000000000000000, 2.02975402025243E-016 ) );
#8807 = DIRECTION( '', ( 0.000000000000000, 0.000000000000000, -1.00000000000000 ) );
#8808 = DIRECTION( '', ( 0.000000000000000, 1.00000000000000, 0.000000000000000 ) );
#8809 = DIRECTION( '', ( 0.000000000000000, 0.000000000000000, -1.00000000000000 ) );
#8810 = DIRECTION( '', ( 0.000000000000000, -1.00000000000000, 0.000000000000000 ) );
#8811 = DIRECTION( '', ( -0.253898128412102, 0.000000000000000, -0.967230965379434 ) );
#8812 = DIRECTION( '', ( 0.253898128412102, 0.000000000000000, 0.967230965379434 ) );
#8813 = DIRECTION( '', ( 0.000000000000000, 1.00000000000000, 0.000000000000000 ) );
#8814 = DIRECTION( '', ( 1.00000000000000, 0.000000000000000, -3.61400724161834E-017 ) );
#8815 = DIRECTION( '', ( -0.301440316002249, -0.904581379300352, 0.301440316002249 ) );
#8816 = DIRECTION( '', ( 1.00000000000000, 0.000000000000000, -3.61400724161834E-017 ) );
#8817 = DIRECTION( '', ( -1.00000000000000, 0.000000000000000, 0.000000000000000 ) );
#8818 = DIRECTION( '', ( 1.00000000000000, 0.000000000000000, -3.61400724161834E-017 ) );
#8819 = DIRECTION( '', ( 0.301440316002249, -0.904581379300352, 0.301440316002249 ) );
#8820 = DIRECTION( '', ( 0.000000000000000, -1.00000000000000, 0.000000000000000 ) );
#8821 = CARTESIAN_POINT( '', ( 7.49999999999956, 0.000000000000000, 7.70000000000000 ) );
#8822 = DIRECTION( '', ( -3.77113799125398E-016, 0.000000000000000, -1.00000000000000 ) );
#8823 = DIRECTION( '', ( 1.00000000000000, 0.000000000000000, -3.77113799125398E-016 ) );
#8824 = DIRECTION( '', ( 0.000000000000000, -1.00000000000000, 0.000000000000000 ) );
#8825 = DIRECTION( '', ( 0.0869565217391324, 0.000000000000000, 0.996212107599096 ) );
#8826 = DIRECTION( '', ( 0.000000000000000, -1.00000000000000, 0.000000000000000 ) );
#8827 = DIRECTION( '', ( -0.0869565217391324, 0.000000000000000, -0.996212107599096 ) );
#8828 = DIRECTION( '', ( 0.000000000000000, 0.000000000000000, 1.00000000000000 ) );
#8829 = DIRECTION( '', ( -0.301440316002249, -0.904581379300352, -0.301440316002249 ) );
#8830 = DIRECTION( '', ( 0.000000000000000, 0.000000000000000, 1.00000000000000 ) );
#8831 = DIRECTION( '', ( -0.301440316002249, -0.904581379300352, 0.301440316002249 ) );
#8832 = DIRECTION( '', ( 0.000000000000000, -1.00000000000000, 0.000000000000000 ) );
#8833 = CARTESIAN_POINT( '', ( 7.49999999999956, 0.000000000000000, 7.25000000000000 ) );
#8834 = DIRECTION( '', ( -2.02975402025242E-016, 0.000000000000000, -1.00000000000000 ) );
#8835 = DIRECTION( '', ( 1.00000000000000, 0.000000000000000, -2.02975402025242E-016 ) );
#8836 = DIRECTION( '', ( 1.00000000000000, 0.000000000000000, 2.02975402025243E-016 ) );
#8837 = DIRECTION( '', ( -1.00000000000000, 0.000000000000000, 0.000000000000000 ) );
#8838 = DIRECTION( '', ( 0.000000000000000, -1.00000000000000, 0.000000000000000 ) );
#8839 = DIRECTION( '', ( 1.00000000000000, 0.000000000000000, 0.000000000000000 ) );
#8840 = DIRECTION( '', ( 0.000000000000000, 1.00000000000000, 0.000000000000000 ) );
#8841 = DIRECTION( '', ( -1.00000000000000, 0.000000000000000, 0.000000000000000 ) );
#8842 = DIRECTION( '', ( 0.000000000000000, -1.00000000000000, 0.000000000000000 ) );
#8843 = DIRECTION( '', ( 0.000000000000000, -1.00000000000000, 0.000000000000000 ) );
#8844 = DIRECTION( '', ( 1.00000000000000, 0.000000000000000, 0.000000000000000 ) );
#8845 = DIRECTION( '', ( 1.00000000000000, 0.000000000000000, 0.000000000000000 ) );
#8846 = DIRECTION( '', ( 0.718602141766595, 0.000000000000000, 0.695421427516052 ) );
#8847 = DIRECTION( '', ( 0.000000000000000, -1.00000000000000, 0.000000000000000 ) );
#8848 = DIRECTION( '', ( -0.718602141766595, 0.000000000000000, -0.695421427516052 ) );
#8849 = DIRECTION( '', ( -1.00000000000000, 0.000000000000000, 0.000000000000000 ) );
#8850 = DIRECTION( '', ( 0.000000000000000, 0.000000000000000, -1.00000000000000 ) );
#8851 = DIRECTION( '', ( 1.00000000000000, 0.000000000000000, -3.61400724161834E-017 ) );
#8852 = DIRECTION( '', ( 0.000000000000000, 0.000000000000000, 1.00000000000000 ) );
#8853 = DIRECTION( '', ( 1.00000000000000, 0.000000000000000, -3.61400724161834E-017 ) );
#8854 = DIRECTION( '', ( 3.77113799125398E-016, 0.000000000000000, 1.00000000000000 ) );
#8855 = DIRECTION( '', ( 3.77113799125398E-016, 0.000000000000000, 1.00000000000000 ) );
#8856 = DIRECTION( '', ( 0.000000000000000, -1.00000000000000, 0.000000000000000 ) );
#8857 = DIRECTION( '', ( 0.0869565217391324, 0.000000000000000, 0.996212107599096 ) );
#8858 = DIRECTION( '', ( 0.000000000000000, -1.00000000000000, 0.000000000000000 ) );
#8859 = DIRECTION( '', ( -0.0869565217391324, 0.000000000000000, -0.996212107599096 ) );
#8860 = DIRECTION( '', ( 0.000000000000000, 0.000000000000000, -1.00000000000000 ) );
#8861 = DIRECTION( '', ( 0.000000000000000, 0.000000000000000, -1.00000000000000 ) );
#8862 = DIRECTION( '', ( 0.301440316002249, -0.904581379300352, -0.301440316002249 ) );
#8863 = DIRECTION( '', ( 0.000000000000000, 0.000000000000000, 1.00000000000000 ) );
#8864 = DIRECTION( '', ( 0.000000000000000, -1.00000000000000, 0.000000000000000 ) );
#8865 = DIRECTION( '', ( 0.000000000000000, 0.000000000000000, 1.00000000000000 ) );
#8866 = CARTESIAN_POINT( '', ( -15.0000000000000, -3.25000000000000, 6.25000000000000 ) );
#8867 = DIRECTION( '', ( -1.00000000000000, 0.000000000000000, 0.000000000000000 ) );
#8868 = DIRECTION( '', ( 0.000000000000000, 0.000000000000000, 1.00000000000000 ) );
#8869 = DIRECTION( '', ( 0.000000000000000, -1.00000000000000, 0.000000000000000 ) );
#8870 = CARTESIAN_POINT( '', ( -15.0000000000000, 3.25000000000000, 6.25000000000000 ) );
#8871 = DIRECTION( '', ( -1.00000000000000, 0.000000000000000, 0.000000000000000 ) );
#8872 = DIRECTION( '', ( 0.000000000000000, 0.000000000000000, 1.00000000000000 ) );
#8873 = DIRECTION( '', ( 0.000000000000000, -1.00000000000000, 0.000000000000000 ) );
#8874 = DIRECTION( '', ( 0.000000000000000, 0.000000000000000, -1.00000000000000 ) );
#8875 = DIRECTION( '', ( 0.000000000000000, -1.00000000000000, 0.000000000000000 ) );
#8876 = DIRECTION( '', ( -1.00000000000000, 0.000000000000000, -1.15648231731787E-016 ) );
#8877 = DIRECTION( '', ( 0.000000000000000, -1.00000000000000, 0.000000000000000 ) );
#8878 = DIRECTION( '', ( -1.00000000000000, 0.000000000000000, -1.15648231731787E-016 ) );
#8879 = DIRECTION( '', ( 0.000000000000000, -1.00000000000000, 0.000000000000000 ) );
#8880 = CARTESIAN_POINT( '', ( 9.99941190629299, 3.25000000000000, 6.25000000000000 ) );
#8881 = DIRECTION( '', ( 0.939692620785909, 0.000000000000000, -0.342020143325667 ) );
#8882 = DIRECTION( '', ( -0.342020143325667, 0.000000000000000, -0.939692620785909 ) );
#8883 = CARTESIAN_POINT( '', ( 9.99941190629299, -3.25000000000000, 6.25000000000000 ) );
#8884 = DIRECTION( '', ( 0.939692620785909, 0.000000000000000, -0.342020143325667 ) );
#8885 = DIRECTION( '', ( 0.342020143325667, 0.000000000000000, 0.939692620785909 ) );
#8886 = DIRECTION( '', ( 0.000000000000000, 0.000000000000000, 1.00000000000000 ) );
#8887 = DIRECTION( '', ( -0.301440316002249, -0.904581379300352, 0.301440316002249 ) );
#8888 = DIRECTION( '', ( 0.000000000000000, 1.00000000000000, 0.000000000000000 ) );
#8889 = DIRECTION( '', ( 0.000000000000000, -1.00000000000000, 0.000000000000000 ) );
#8890 = DIRECTION( '', ( 1.00000000000000, 0.000000000000000, 2.02975402025243E-016 ) );
#8891 = DIRECTION( '', ( 0.000000000000000, 0.000000000000000, 1.00000000000000 ) );
#8892 = DIRECTION( '', ( 0.000000000000000, -1.00000000000000, 0.000000000000000 ) );
#8893 = DIRECTION( '', ( 0.000000000000000, 0.000000000000000, 1.00000000000000 ) );
#8894 = DIRECTION( '', ( 0.000000000000000, -1.00000000000000, 0.000000000000000 ) );
#8895 = DIRECTION( '', ( -1.00000000000000, 0.000000000000000, -1.15648231731787E-016 ) );
#8896 = DIRECTION( '', ( 0.000000000000000, -1.00000000000000, 0.000000000000000 ) );
#8897 = DIRECTION( '', ( -1.00000000000000, 0.000000000000000, -1.15648231731787E-016 ) );
#8898 = DIRECTION( '', ( 0.000000000000000, 1.00000000000000, 0.000000000000000 ) );
#8899 = DIRECTION( '', ( 0.000000000000000, -1.00000000000000, 0.000000000000000 ) );
#8900 = CARTESIAN_POINT( '', ( -7.50000000000011, 0.000000000000000, 7.70000000000000 ) );
#8901 = DIRECTION( '', ( -3.77113799125398E-016, 0.000000000000000, -1.00000000000000 ) );
#8902 = DIRECTION( '', ( 1.00000000000000, 0.000000000000000, -3.77113799125398E-016 ) );
#8903 = CARTESIAN_POINT( '', ( -7.50000000000011, 0.000000000000000, 7.70000000000000 ) );
#8904 = DIRECTION( '', ( -3.77113799125398E-016, 0.000000000000000, -1.00000000000000 ) );
#8905 = DIRECTION( '', ( 1.00000000000000, 0.000000000000000, -3.77113799125398E-016 ) );
#8906 = CARTESIAN_POINT( '', ( -7.50000000000011, 0.000000000000000, 7.70000000000000 ) );
#8907 = DIRECTION( '', ( -4.68844182696444E-016, 0.000000000000000, -1.00000000000000 ) );
#8908 = DIRECTION( '', ( 1.00000000000000, 0.000000000000000, -4.68844182696444E-016 ) );
#8909 = CARTESIAN_POINT( '', ( -7.50000000000011, 0.000000000000000, 9.25000000000000 ) );
#8910 = DIRECTION( '', ( -2.02975402025241E-016, 0.000000000000000, -1.00000000000000 ) );
#8911 = DIRECTION( '', ( -1.00000000000000, 0.000000000000000, 2.02975402025241E-016 ) );
#8912 = DIRECTION( '', ( 0.718602141766595, 0.000000000000000, -0.695421427516052 ) );
#8913 = DIRECTION( '', ( 0.000000000000000, -1.00000000000000, 0.000000000000000 ) );
#8914 = DIRECTION( '', ( -0.718602141766595, 0.000000000000000, 0.695421427516052 ) );
#8915 = DIRECTION( '', ( 0.000000000000000, -1.00000000000000, 0.000000000000000 ) );
#8916 = CARTESIAN_POINT( '', ( 5.00000000000000, -4.25000000000000, -5.76000000000000 ) );
#8917 = DIRECTION( '', ( -0.000000000000000, 1.00000000000000, 0.000000000000000 ) );
#8918 = DIRECTION( '', ( 1.00000000000000, 0.000000000000000, 0.000000000000000 ) );
#8919 = DIRECTION( '', ( 0.000000000000000, -1.00000000000000, 0.000000000000000 ) );
#8920 = CARTESIAN_POINT( '', ( 5.00000000000000, 4.25000000000000, -5.76000000000000 ) );
#8921 = DIRECTION( '', ( 0.000000000000000, 1.00000000000000, 0.000000000000000 ) );
#8922 = DIRECTION( '', ( 0.000000000000000, 0.000000000000000, 1.00000000000000 ) );
#8923 = DIRECTION( '', ( 0.000000000000000, -1.00000000000000, 0.000000000000000 ) );
#8924 = DIRECTION( '', ( 3.77113799125398E-016, 0.000000000000000, 1.00000000000000 ) );
#8925 = DIRECTION( '', ( 0.000000000000000, -1.00000000000000, 0.000000000000000 ) );
#8926 = DIRECTION( '', ( 3.77113799125398E-016, 0.000000000000000, 1.00000000000000 ) );
#8927 = DIRECTION( '', ( -1.00000000000000, 0.000000000000000, 0.000000000000000 ) );
#8928 = DIRECTION( '', ( -1.00000000000000, 0.000000000000000, 0.000000000000000 ) );
#8929 = DIRECTION( '', ( -0.301440316002249, -0.904581379300352, -0.301440316002249 ) );
#8930 = DIRECTION( '', ( 0.000000000000000, 0.000000000000000, -1.00000000000000 ) );
#8931 = DIRECTION( '', ( 0.000000000000000, -1.00000000000000, 0.000000000000000 ) );
#8932 = DIRECTION( '', ( 0.000000000000000, 0.000000000000000, -1.00000000000000 ) );
#8933 = DIRECTION( '', ( 0.000000000000000, -1.00000000000000, 0.000000000000000 ) );
#8934 = DIRECTION( '', ( -1.00000000000000, 0.000000000000000, -2.02975402025243E-016 ) );
#8935 = DIRECTION( '', ( 0.000000000000000, -1.00000000000000, 0.000000000000000 ) );
#8936 = DIRECTION( '', ( 1.00000000000000, 0.000000000000000, 2.02975402025243E-016 ) );
#8937 = DIRECTION( '', ( 0.000000000000000, -1.00000000000000, 0.000000000000000 ) );
#8938 = DIRECTION( '', ( -1.00000000000000, 0.000000000000000, -2.02975402025243E-016 ) );
#8939 = DIRECTION( '', ( 0.000000000000000, -1.00000000000000, 0.000000000000000 ) );
#8940 = DIRECTION( '', ( 1.00000000000000, 0.000000000000000, 2.02975402025243E-016 ) );
#8941 = DIRECTION( '', ( 0.000000000000000, -1.00000000000000, 0.000000000000000 ) );
#8942 = CARTESIAN_POINT( '', ( 2.49999999999968, 0.000000000000000, 7.25000000000000 ) );
#8943 = DIRECTION( '', ( -2.02975402025242E-016, 0.000000000000000, -1.00000000000000 ) );
#8944 = DIRECTION( '', ( 1.00000000000000, 0.000000000000000, -2.02975402025242E-016 ) );
#8945 = DIRECTION( '', ( 0.000000000000000, -1.00000000000000, 0.000000000000000 ) );
#8946 = DIRECTION( '', ( 1.00000000000000, 0.000000000000000, 2.02975402025243E-016 ) );
#8947 = DIRECTION( '', ( 0.718602141766595, 0.000000000000000, -0.695421427516052 ) );
#8948 = DIRECTION( '', ( 0.000000000000000, -1.00000000000000, 0.000000000000000 ) );
#8949 = DIRECTION( '', ( -0.718602141766595, 0.000000000000000, 0.695421427516052 ) );
#8950 = DIRECTION( '', ( 0.000000000000000, -1.00000000000000, 0.000000000000000 ) );
#8951 = DIRECTION( '', ( 0.000000000000000, -1.00000000000000, 0.000000000000000 ) );
#8952 = CARTESIAN_POINT( '', ( -12.5000000000000, 0.000000000000000, 7.25000000000000 ) );
#8953 = DIRECTION( '', ( -2.02975402025242E-016, 0.000000000000000, -1.00000000000000 ) );
#8954 = DIRECTION( '', ( 1.00000000000000, 0.000000000000000, -2.02975402025242E-016 ) );
#8955 = DIRECTION( '', ( 0.000000000000000, -1.00000000000000, 0.000000000000000 ) );
#8956 = DIRECTION( '', ( 1.00000000000000, 0.000000000000000, 2.02975402025243E-016 ) );
#8957 = DIRECTION( '', ( 0.000000000000000, 0.000000000000000, 1.00000000000000 ) );
#8958 = DIRECTION( '', ( 0.000000000000000, -1.00000000000000, 0.000000000000000 ) );
#8959 = DIRECTION( '', ( 0.0869565217391324, 0.000000000000000, 0.996212107599096 ) );
#8960 = DIRECTION( '', ( 0.000000000000000, -1.00000000000000, 0.000000000000000 ) );
#8961 = DIRECTION( '', ( -0.0869565217391324, 0.000000000000000, -0.996212107599096 ) );
#8962 = CARTESIAN_POINT( '', ( 7.49999999999956, 0.000000000000000, 7.70000000000000 ) );
#8963 = DIRECTION( '', ( -3.77113799125398E-016, 0.000000000000000, -1.00000000000000 ) );
#8964 = DIRECTION( '', ( 1.00000000000000, 0.000000000000000, -3.77113799125398E-016 ) );
#8965 = CARTESIAN_POINT( '', ( 7.49999999999956, 0.000000000000000, 7.70000000000000 ) );
#8966 = DIRECTION( '', ( -3.77113799125398E-016, 0.000000000000000, -1.00000000000000 ) );
#8967 = DIRECTION( '', ( 1.00000000000000, 0.000000000000000, -3.77113799125398E-016 ) );
#8968 = CARTESIAN_POINT( '', ( 7.49999999999956, 0.000000000000000, 7.70000000000000 ) );
#8969 = DIRECTION( '', ( -4.68844182696444E-016, 0.000000000000000, -1.00000000000000 ) );
#8970 = DIRECTION( '', ( 1.00000000000000, 0.000000000000000, -4.68844182696444E-016 ) );
#8971 = DIRECTION( '', ( 3.77113799125398E-016, 0.000000000000000, 1.00000000000000 ) );
#8972 = DIRECTION( '', ( 3.77113799125398E-016, 0.000000000000000, 1.00000000000000 ) );
#8973 = DIRECTION( '', ( 0.000000000000000, 1.00000000000000, 0.000000000000000 ) );
#8974 = CARTESIAN_POINT( '', ( 7.49999999999956, 0.000000000000000, 7.25000000000000 ) );
#8975 = DIRECTION( '', ( -2.02975402025242E-016, 0.000000000000000, -1.00000000000000 ) );
#8976 = DIRECTION( '', ( 1.00000000000000, 0.000000000000000, -2.02975402025242E-016 ) );
#8977 = DIRECTION( '', ( 0.000000000000000, -1.00000000000000, 0.000000000000000 ) );
#8978 = DIRECTION( '', ( 1.00000000000000, 0.000000000000000, 2.02975402025243E-016 ) );
#8979 = DIRECTION( '', ( 0.000000000000000, -1.00000000000000, 0.000000000000000 ) );
#8980 = DIRECTION( '', ( -1.00000000000000, 0.000000000000000, 0.000000000000000 ) );
#8981 = DIRECTION( '', ( 1.00000000000000, 0.000000000000000, 0.000000000000000 ) );
#8982 = DIRECTION( '', ( -0.253898128412102, 0.000000000000000, -0.967230965379434 ) );
#8983 = CARTESIAN_POINT( '', ( 2.49999999999968, -0.349999999999996, -63.6265054080222 ) );
#8984 = DIRECTION( '', ( 0.000000000000000, 1.00000000000000, 0.000000000000000 ) );
#8985 = DIRECTION( '', ( 0.000000000000000, 0.000000000000000, 1.00000000000000 ) );
#8986 = DIRECTION( '', ( 0.000000000000000, 0.000000000000000, -1.00000000000000 ) );
#8987 = DIRECTION( '', ( -0.253898128412102, 0.000000000000000, 0.967230965379434 ) );
#8988 = DIRECTION( '', ( 1.00000000000000, 0.000000000000000, -3.61400724161834E-017 ) );
#8989 = DIRECTION( '', ( 1.00000000000000, 0.000000000000000, -3.61400724161834E-017 ) );
#8990 = DIRECTION( '', ( -1.00000000000000, 0.000000000000000, 0.000000000000000 ) );
#8991 = DIRECTION( '', ( 1.00000000000000, 0.000000000000000, -3.61400724161834E-017 ) );
#8992 = DIRECTION( '', ( 0.301440316002249, -0.904581379300352, 0.301440316002249 ) );
#8993 = DIRECTION( '', ( 0.000000000000000, 0.000000000000000, -1.00000000000000 ) );
#8994 = DIRECTION( '', ( 0.301440316002249, -0.904581379300352, 0.301440316002249 ) );
#8995 = DIRECTION( '', ( 3.77113799125398E-016, 0.000000000000000, 1.00000000000000 ) );
#8996 = DIRECTION( '', ( 3.77113799125398E-016, 0.000000000000000, 1.00000000000000 ) );
#8997 = DIRECTION( '', ( 0.000000000000000, -1.00000000000000, 0.000000000000000 ) );
#8998 = DIRECTION( '', ( 0.0869565217391324, 0.000000000000000, -0.996212107599096 ) );
#8999 = DIRECTION( '', ( -0.0869565217391324, 0.000000000000000, 0.996212107599096 ) );
#9000 = DIRECTION( '', ( 0.000000000000000, 1.00000000000000, 0.000000000000000 ) );
#9001 = CARTESIAN_POINT( '', ( 7.49999999999956, 0.000000000000000, 13.1203093228157 ) );
#9002 = DIRECTION( '', ( 0.939692620785909, 0.000000000000000, -0.342020143325667 ) );
#9003 = DIRECTION( '', ( 0.342020143325667, 0.000000000000000, 0.939692620785909 ) );
#9004 = CARTESIAN_POINT( '', ( 4.99941190629310, 3.25000000000000, 6.25000000000000 ) );
#9005 = DIRECTION( '', ( 0.939692620785909, 0.000000000000000, -0.342020143325667 ) );
#9006 = DIRECTION( '', ( -0.342020143325667, 0.000000000000000, -0.939692620785909 ) );
#9007 = CARTESIAN_POINT( '', ( 4.99941190629310, -3.25000000000000, 6.25000000000000 ) );
#9008 = DIRECTION( '', ( 0.939692620785909, 0.000000000000000, -0.342020143325667 ) );
#9009 = DIRECTION( '', ( 0.342020143325667, 0.000000000000000, 0.939692620785909 ) );
#9010 = DIRECTION( '', ( -1.00000000000000, 0.000000000000000, -1.15648231731787E-016 ) );
#9011 = DIRECTION( '', ( -1.00000000000000, 0.000000000000000, -1.15648231731787E-016 ) );
#9012 = DIRECTION( '', ( -0.253898128412102, 0.000000000000000, 0.967230965379434 ) );
#9013 = DIRECTION( '', ( 3.77113799125398E-016, 0.000000000000000, 1.00000000000000 ) );
#9014 = DIRECTION( '', ( 0.000000000000000, 1.00000000000000, 0.000000000000000 ) );
#9015 = DIRECTION( '', ( 3.77113799125398E-016, 0.000000000000000, 1.00000000000000 ) );
#9016 = DIRECTION( '', ( 0.000000000000000, 1.00000000000000, 0.000000000000000 ) );
#9017 = DIRECTION( '', ( 3.77113799125398E-016, 0.000000000000000, 1.00000000000000 ) );
#9018 = DIRECTION( '', ( 1.00000000000000, 0.000000000000000, -3.61400724161834E-017 ) );
#9019 = DIRECTION( '', ( -1.00000000000000, 0.000000000000000, 0.000000000000000 ) );
#9020 = CARTESIAN_POINT( '', ( -12.5000000000000, 0.000000000000000, 13.1203093228157 ) );
#9021 = DIRECTION( '', ( 0.939692620785909, 0.000000000000000, -0.342020143325667 ) );
#9022 = DIRECTION( '', ( 0.342020143325667, 0.000000000000000, 0.939692620785909 ) );
#9023 = CARTESIAN_POINT( '', ( -12.5000000000000, 0.000000000000000, 13.1203093228155 ) );
#9024 = DIRECTION( '', ( -0.939692620785907, 0.000000000000000, -0.342020143325672 ) );
#9025 = DIRECTION( '', ( -0.342020143325672, 0.000000000000000, 0.939692620785907 ) );
#9026 = CARTESIAN_POINT( '', ( -12.5000000000000, 0.000000000000000, 7.25000000000000 ) );
#9027 = DIRECTION( '', ( -2.02975402025242E-016, 0.000000000000000, -1.00000000000000 ) );
#9028 = DIRECTION( '', ( 1.00000000000000, 0.000000000000000, -2.02975402025242E-016 ) );
#9029 = CARTESIAN_POINT( '', ( -12.5000000000000, 0.000000000000000, 9.25000000000000 ) );
#9030 = DIRECTION( '', ( -2.02975402025242E-016, 0.000000000000000, -1.00000000000000 ) );
#9031 = DIRECTION( '', ( 1.00000000000000, 0.000000000000000, -2.02975402025242E-016 ) );
#9032 = DIRECTION( '', ( 0.000000000000000, 0.000000000000000, -1.00000000000000 ) );
#9033 = DIRECTION( '', ( 0.000000000000000, 0.000000000000000, -1.00000000000000 ) );
#9034 = DIRECTION( '', ( 0.301440316002249, -0.904581379300352, -0.301440316002249 ) );
#9035 = DIRECTION( '', ( 3.77113799125398E-016, 0.000000000000000, 1.00000000000000 ) );
#9036 = DIRECTION( '', ( 0.253898128412102, 0.000000000000000, -0.967230965379434 ) );
#9037 = DIRECTION( '', ( 0.000000000000000, 1.00000000000000, 0.000000000000000 ) );
#9038 = DIRECTION( '', ( 0.000000000000000, -1.00000000000000, 0.000000000000000 ) );
#9039 = DIRECTION( '', ( 3.77113799125398E-016, 0.000000000000000, 1.00000000000000 ) );
#9040 = DIRECTION( '', ( 0.000000000000000, 1.00000000000000, 0.000000000000000 ) );
#9041 = DIRECTION( '', ( 3.77113799125398E-016, 0.000000000000000, 1.00000000000000 ) );
#9042 = DIRECTION( '', ( 0.000000000000000, -1.00000000000000, 0.000000000000000 ) );
#9043 = DIRECTION( '', ( 0.000000000000000, -1.00000000000000, 0.000000000000000 ) );
#9044 = DIRECTION( '', ( 1.00000000000000, 0.000000000000000, 2.02975402025243E-016 ) );
#9045 = DIRECTION( '', ( 0.000000000000000, 0.000000000000000, -1.00000000000000 ) );
#9046 = DIRECTION( '', ( 0.000000000000000, 1.00000000000000, 0.000000000000000 ) );
#9047 = DIRECTION( '', ( 0.000000000000000, -1.00000000000000, 0.000000000000000 ) );
#9048 = CARTESIAN_POINT( '', ( 2.49999999999968, 0.000000000000000, 13.1203093228157 ) );
#9049 = DIRECTION( '', ( 0.939692620785909, 0.000000000000000, -0.342020143325667 ) );
#9050 = DIRECTION( '', ( 0.342020143325667, 0.000000000000000, 0.939692620785909 ) );
#9051 = CARTESIAN_POINT( '', ( 2.49999999999968, 0.000000000000000, 13.1203093228155 ) );
#9052 = DIRECTION( '', ( -0.939692620785907, 0.000000000000000, -0.342020143325672 ) );
#9053 = DIRECTION( '', ( -0.342020143325672, 0.000000000000000, 0.939692620785907 ) );
#9054 = CARTESIAN_POINT( '', ( 2.49999999999968, 0.000000000000000, 7.25000000000000 ) );
#9055 = DIRECTION( '', ( -2.02975402025242E-016, 0.000000000000000, -1.00000000000000 ) );
#9056 = DIRECTION( '', ( 1.00000000000000, 0.000000000000000, -2.02975402025242E-016 ) );
#9057 = CARTESIAN_POINT( '', ( 2.49999999999968, 0.000000000000000, 9.25000000000000 ) );
#9058 = DIRECTION( '', ( -2.02975402025242E-016, 0.000000000000000, -1.00000000000000 ) );
#9059 = DIRECTION( '', ( 1.00000000000000, 0.000000000000000, -2.02975402025242E-016 ) );
#9060 = DIRECTION( '', ( 0.000000000000000, 0.000000000000000, -1.00000000000000 ) );
#9061 = DIRECTION( '', ( 1.00000000000000, 0.000000000000000, 0.000000000000000 ) );
#9062 = DIRECTION( '', ( 0.000000000000000, -1.00000000000000, 0.000000000000000 ) );
#9063 = CARTESIAN_POINT( '', ( -10.0000000000000, -4.25000000000000, -5.76000000000000 ) );
#9064 = DIRECTION( '', ( -0.000000000000000, 1.00000000000000, 0.000000000000000 ) );
#9065 = DIRECTION( '', ( 1.00000000000000, 0.000000000000000, 0.000000000000000 ) );
#9066 = CARTESIAN_POINT( '', ( -10.0000000000000, 4.25000000000000, -5.76000000000000 ) );
#9067 = DIRECTION( '', ( 0.000000000000000, 1.00000000000000, 0.000000000000000 ) );
#9068 = DIRECTION( '', ( 0.000000000000000, 0.000000000000000, 1.00000000000000 ) );
#9069 = DIRECTION( '', ( 0.000000000000000, 0.000000000000000, -1.00000000000000 ) );
#9070 = DIRECTION( '', ( 0.000000000000000, -1.00000000000000, 0.000000000000000 ) );
#9071 = DIRECTION( '', ( 0.000000000000000, 0.000000000000000, -1.00000000000000 ) );
#9072 = DIRECTION( '', ( 0.000000000000000, 0.000000000000000, -1.00000000000000 ) );
#9073 = CARTESIAN_POINT( '', ( -2.50000000000022, 0.350000000000000, -63.6265054080222 ) );
#9074 = DIRECTION( '', ( 0.000000000000000, -1.00000000000000, 0.000000000000000 ) );
#9075 = DIRECTION( '', ( 0.000000000000000, 0.000000000000000, -1.00000000000000 ) );
#9076 = DIRECTION( '', ( 0.000000000000000, 0.000000000000000, -1.00000000000000 ) );
#9077 = DIRECTION( '', ( 0.000000000000000, -1.00000000000000, 0.000000000000000 ) );
#9078 = DIRECTION( '', ( 1.00000000000000, 0.000000000000000, 2.02975402025243E-016 ) );
#9079 = DIRECTION( '', ( 1.00000000000000, 0.000000000000000, 2.02975402025243E-016 ) );
#9080 = CARTESIAN_POINT( '', ( 5.00058809370614, -3.25000000000000, 6.25000000000000 ) );
#9081 = DIRECTION( '', ( -0.939692620785907, 0.000000000000000, -0.342020143325673 ) );
#9082 = DIRECTION( '', ( 0.342020143325672, 0.000000000000000, -0.939692620785907 ) );
#9083 = CARTESIAN_POINT( '', ( -0.000588093706792965, -3.25000000000000, 6.25000000000000 ) );
#9084 = DIRECTION( '', ( 0.939692620785909, 0.000000000000000, -0.342020143325667 ) );
#9085 = DIRECTION( '', ( 0.342020143325667, 0.000000000000000, 0.939692620785909 ) );
#9086 = DIRECTION( '', ( 1.00000000000000, 0.000000000000000, 2.02975402025243E-016 ) );
#9087 = CARTESIAN_POINT( '', ( -5.00058809370668, -3.25000000000000, 6.25000000000000 ) );
#9088 = DIRECTION( '', ( 0.939692620785909, 0.000000000000000, -0.342020143325667 ) );
#9089 = DIRECTION( '', ( 0.342020143325667, 0.000000000000000, 0.939692620785909 ) );
#9090 = CARTESIAN_POINT( '', ( -4.99941190629364, -3.25000000000000, 6.25000000000000 ) );
#9091 = DIRECTION( '', ( -0.939692620785907, 0.000000000000000, -0.342020143325673 ) );
#9092 = DIRECTION( '', ( 0.342020143325672, 0.000000000000000, -0.939692620785907 ) );
#9093 = DIRECTION( '', ( 1.00000000000000, 0.000000000000000, 2.02975402025243E-016 ) );
#9094 = DIRECTION( '', ( 1.00000000000000, 0.000000000000000, 2.02975402025243E-016 ) );
#9095 = CARTESIAN_POINT( '', ( -9.99941190629353, -3.25000000000000, 6.25000000000000 ) );
#9096 = DIRECTION( '', ( -0.939692620785907, 0.000000000000000, -0.342020143325673 ) );
#9097 = DIRECTION( '', ( 0.342020143325672, 0.000000000000000, -0.939692620785907 ) );
#9098 = CARTESIAN_POINT( '', ( -15.0005880937064, -3.25000000000000, 6.25000000000000 ) );
#9099 = DIRECTION( '', ( 0.939692620785909, 0.000000000000000, -0.342020143325667 ) );
#9100 = DIRECTION( '', ( 0.342020143325667, 0.000000000000000, 0.939692620785909 ) );
#9101 = DIRECTION( '', ( 1.00000000000000, 0.000000000000000, 2.02975402025243E-016 ) );
#9102 = DIRECTION( '', ( 1.00000000000000, 0.000000000000000, 0.000000000000000 ) );
#9103 = DIRECTION( '', ( 0.000000000000000, -1.00000000000000, 0.000000000000000 ) );
#9104 = DIRECTION( '', ( -1.00000000000000, 0.000000000000000, 0.000000000000000 ) );
#9105 = DIRECTION( '', ( 0.301440316002249, -0.904581379300352, -0.301440316002249 ) );
#9106 = DIRECTION( '', ( -1.00000000000000, 0.000000000000000, 0.000000000000000 ) );
#9107 = DIRECTION( '', ( 1.00000000000000, 0.000000000000000, 0.000000000000000 ) );
#9108 = DIRECTION( '', ( 0.000000000000000, -1.00000000000000, 0.000000000000000 ) );
#9109 = DIRECTION( '', ( -1.00000000000000, 0.000000000000000, 0.000000000000000 ) );
#9110 = DIRECTION( '', ( 0.000000000000000, -1.00000000000000, 0.000000000000000 ) );
#9111 = CARTESIAN_POINT( '', ( -5.00000000000000, -4.25000000000000, -5.76000000000000 ) );
#9112 = DIRECTION( '', ( -0.000000000000000, 1.00000000000000, 0.000000000000000 ) );
#9113 = DIRECTION( '', ( 1.00000000000000, 0.000000000000000, 0.000000000000000 ) );
#9114 = DIRECTION( '', ( 0.000000000000000, -1.00000000000000, 0.000000000000000 ) );
#9115 = CARTESIAN_POINT( '', ( -5.00000000000000, 4.25000000000000, -5.76000000000000 ) );
#9116 = DIRECTION( '', ( 0.000000000000000, 1.00000000000000, 0.000000000000000 ) );
#9117 = DIRECTION( '', ( 0.000000000000000, 0.000000000000000, 1.00000000000000 ) );
#9118 = DIRECTION( '', ( -1.00000000000000, 0.000000000000000, -2.02975402025243E-016 ) );
#9119 = DIRECTION( '', ( 0.000000000000000, -1.00000000000000, 0.000000000000000 ) );
#9120 = DIRECTION( '', ( 0.000000000000000, 0.000000000000000, -1.00000000000000 ) );
#9121 = DIRECTION( '', ( 0.000000000000000, 0.000000000000000, -1.00000000000000 ) );
#9122 = DIRECTION( '', ( 0.0869565217391324, 0.000000000000000, 0.996212107599096 ) );
#9123 = DIRECTION( '', ( -0.0869565217391324, 0.000000000000000, -0.996212107599096 ) );
#9124 = CARTESIAN_POINT( '', ( 2.49999999999967, 0.000000000000000, 7.70000000000000 ) );
#9125 = DIRECTION( '', ( -3.77113799125398E-016, 0.000000000000000, -1.00000000000000 ) );
#9126 = DIRECTION( '', ( 1.00000000000000, 0.000000000000000, -3.77113799125398E-016 ) );
#9127 = DIRECTION( '', ( 1.00000000000000, 0.000000000000000, 2.02975402025243E-016 ) );
#9128 = DIRECTION( '', ( -0.253898128412102, 0.000000000000000, -0.967230965379434 ) );
#9129 = CARTESIAN_POINT( '', ( 12.4999999999994, -0.349999999999996, -63.6265054080222 ) );
#9130 = DIRECTION( '', ( 0.000000000000000, 1.00000000000000, 0.000000000000000 ) );
#9131 = DIRECTION( '', ( 0.000000000000000, 0.000000000000000, 1.00000000000000 ) );
#9132 = DIRECTION( '', ( 0.253898128412102, 0.000000000000000, -0.967230965379434 ) );
#9133 = DIRECTION( '', ( -0.253898128412102, 0.000000000000000, 0.967230965379434 ) );
#9134 = DIRECTION( '', ( 0.000000000000000, -1.00000000000000, 0.000000000000000 ) );
#9135 = DIRECTION( '', ( 0.718602141766595, 0.000000000000000, 0.695421427516052 ) );
#9136 = DIRECTION( '', ( -0.718602141766595, 0.000000000000000, -0.695421427516052 ) );
#9137 = CARTESIAN_POINT( '', ( -12.5000000000000, 0.000000000000000, 6.79000000000000 ) );
#9138 = DIRECTION( '', ( -4.68844182696444E-016, 0.000000000000000, -1.00000000000000 ) );
#9139 = DIRECTION( '', ( 1.00000000000000, 0.000000000000000, -4.68844182696444E-016 ) );
#9140 = DIRECTION( '', ( 0.000000000000000, 0.000000000000000, -1.00000000000000 ) );
#9141 = DIRECTION( '', ( 0.301440316002249, -0.904581379300352, 0.301440316002249 ) );
#9142 = DIRECTION( '', ( 0.000000000000000, 0.000000000000000, -1.00000000000000 ) );
#9143 = DIRECTION( '', ( 0.301440316002249, -0.904581379300352, -0.301440316002249 ) );
#9144 = CARTESIAN_POINT( '', ( 10.0000000000000, 4.25000000000000, -5.76000000000000 ) );
#9145 = DIRECTION( '', ( 0.000000000000000, 1.00000000000000, 0.000000000000000 ) );
#9146 = DIRECTION( '', ( 0.000000000000000, 0.000000000000000, 1.00000000000000 ) );
#9147 = DIRECTION( '', ( -0.0869565217391324, 0.000000000000000, -0.996212107599096 ) );
#9148 = DIRECTION( '', ( -0.0869565217391324, 0.000000000000000, 0.996212107599096 ) );
#9149 = DIRECTION( '', ( -0.0869565217391324, 0.000000000000000, 0.996212107599096 ) );
#9150 = DIRECTION( '', ( -0.0869565217391324, 0.000000000000000, -0.996212107599096 ) );
#9151 = CARTESIAN_POINT( '', ( 12.4999999999994, 4.25000000000000, -63.6265054080222 ) );
#9152 = DIRECTION( '', ( 0.000000000000000, 1.00000000000000, 0.000000000000000 ) );
#9153 = DIRECTION( '', ( 0.000000000000000, 0.000000000000000, 1.00000000000000 ) );
#9154 = DIRECTION( '', ( -0.718602141766595, 0.000000000000000, -0.695421427516052 ) );
#9155 = DIRECTION( '', ( -0.718602141766595, 0.000000000000000, -0.695421427516052 ) );
#9156 = CARTESIAN_POINT( '', ( 2.49999999999968, 4.25000000000000, -63.6265054080222 ) );
#9157 = DIRECTION( '', ( 0.000000000000000, 1.00000000000000, 0.000000000000000 ) );
#9158 = DIRECTION( '', ( 0.000000000000000, 0.000000000000000, 1.00000000000000 ) );
#9159 = CARTESIAN_POINT( '', ( -2.50000000000022, 4.25000000000000, -63.6265054080222 ) );
#9160 = DIRECTION( '', ( 0.000000000000000, 1.00000000000000, 0.000000000000000 ) );
#9161 = DIRECTION( '', ( 0.000000000000000, 0.000000000000000, 1.00000000000000 ) );
#9162 = DIRECTION( '', ( -0.718602141766595, 0.000000000000000, -0.695421427516052 ) );
#9163 = DIRECTION( '', ( -0.718602141766595, 0.000000000000000, 0.695421427516052 ) );
#9164 = DIRECTION( '', ( -1.00000000000000, 0.000000000000000, -1.15648231731787E-016 ) );
#9165 = DIRECTION( '', ( -0.0869565217391324, 0.000000000000000, 0.996212107599096 ) );
#9166 = DIRECTION( '', ( 1.00000000000000, 0.000000000000000, 2.02975402025243E-016 ) );
#9167 = CARTESIAN_POINT( '', ( 15.0000000000000, 4.25000000000000, -5.76000000000000 ) );
#9168 = DIRECTION( '', ( 0.000000000000000, 1.00000000000000, 0.000000000000000 ) );
#9169 = DIRECTION( '', ( 0.000000000000000, 0.000000000000000, 1.00000000000000 ) );
#9170 = DIRECTION( '', ( 0.000000000000000, 0.000000000000000, -1.00000000000000 ) );
#9171 = DIRECTION( '', ( 0.000000000000000, 0.000000000000000, 1.00000000000000 ) );
#9172 = DIRECTION( '', ( -0.301440316002249, -0.904581379300352, -0.301440316002249 ) );
#9173 = DIRECTION( '', ( 0.000000000000000, 0.000000000000000, 1.00000000000000 ) );
#9174 = CARTESIAN_POINT( '', ( -12.5000000000000, 0.000000000000000, 6.79000000000000 ) );
#9175 = DIRECTION( '', ( -4.68844182696444E-016, 0.000000000000000, -1.00000000000000 ) );
#9176 = DIRECTION( '', ( 1.00000000000000, 0.000000000000000, -4.68844182696444E-016 ) );
#9177 = DIRECTION( '', ( 0.000000000000000, 0.000000000000000, 1.00000000000000 ) );
#9178 = DIRECTION( '', ( 0.000000000000000, 0.000000000000000, 1.00000000000000 ) );
#9179 = DIRECTION( '', ( 0.000000000000000, 0.000000000000000, -1.00000000000000 ) );
#9180 = DIRECTION( '', ( -1.00000000000000, 0.000000000000000, 0.000000000000000 ) );
#9181 = DIRECTION( '', ( 0.000000000000000, 0.000000000000000, -1.00000000000000 ) );
#9182 = CARTESIAN_POINT( '', ( -2.50000000000022, -0.349999999999996, -63.6265054080222 ) );
#9183 = DIRECTION( '', ( 0.000000000000000, 1.00000000000000, 0.000000000000000 ) );
#9184 = DIRECTION( '', ( 0.000000000000000, 0.000000000000000, 1.00000000000000 ) );
#9185 = DIRECTION( '', ( 0.000000000000000, 0.000000000000000, -1.00000000000000 ) );
#9186 = DIRECTION( '', ( 0.000000000000000, -1.00000000000000, 0.000000000000000 ) );
#9187 = DIRECTION( '', ( -1.00000000000000, 0.000000000000000, 0.000000000000000 ) );
#9188 = DIRECTION( '', ( -1.00000000000000, 0.000000000000000, 0.000000000000000 ) );
#9189 = DIRECTION( '', ( 0.000000000000000, 0.000000000000000, -1.00000000000000 ) );
#9190 = DIRECTION( '', ( 0.0869565217391324, 0.000000000000000, -0.996212107599096 ) );
#9191 = CARTESIAN_POINT( '', ( -9.99941190629352, 3.25000000000000, 6.25000000000000 ) );
#9192 = DIRECTION( '', ( -0.939692620785907, 0.000000000000000, -0.342020143325673 ) );
#9193 = DIRECTION( '', ( -0.342020143325672, 0.000000000000000, 0.939692620785907 ) );
#9194 = CARTESIAN_POINT( '', ( 2.49999999999967, 0.000000000000000, 7.70000000000000 ) );
#9195 = DIRECTION( '', ( -3.77113799125398E-016, 0.000000000000000, -1.00000000000000 ) );
#9196 = DIRECTION( '', ( 1.00000000000000, 0.000000000000000, -3.77113799125398E-016 ) );
#9197 = CARTESIAN_POINT( '', ( 2.49999999999967, 0.000000000000000, 6.79000000000000 ) );
#9198 = DIRECTION( '', ( -4.68844182696444E-016, 0.000000000000000, -1.00000000000000 ) );
#9199 = DIRECTION( '', ( 1.00000000000000, 0.000000000000000, -4.68844182696444E-016 ) );
#9200 = CARTESIAN_POINT( '', ( 2.49999999999967, 0.000000000000000, 9.25000000000000 ) );
#9201 = DIRECTION( '', ( -2.02975402025241E-016, 0.000000000000000, -1.00000000000000 ) );
#9202 = DIRECTION( '', ( -1.00000000000000, 0.000000000000000, 2.02975402025241E-016 ) );
#9203 = DIRECTION( '', ( 0.000000000000000, 0.000000000000000, -1.00000000000000 ) );
#9204 = DIRECTION( '', ( 0.000000000000000, -1.00000000000000, 0.000000000000000 ) );
#9205 = DIRECTION( '', ( 0.000000000000000, 0.000000000000000, -1.00000000000000 ) );
#9206 = DIRECTION( '', ( 0.000000000000000, 0.000000000000000, 1.00000000000000 ) );
#9207 = DIRECTION( '', ( 0.718602141766595, 0.000000000000000, 0.695421427516052 ) );
#9208 = DIRECTION( '', ( 0.0869565217391324, 0.000000000000000, 0.996212107599096 ) );
#9209 = DIRECTION( '', ( 0.000000000000000, -1.00000000000000, 0.000000000000000 ) );
#9210 = DIRECTION( '', ( 0.718602141766595, 0.000000000000000, 0.695421427516052 ) );
#9211 = DIRECTION( '', ( 1.00000000000000, 0.000000000000000, -3.61400724161834E-017 ) );
#9212 = DIRECTION( '', ( 1.00000000000000, 0.000000000000000, -3.61400724161834E-017 ) );
#9213 = DIRECTION( '', ( 1.00000000000000, 0.000000000000000, -3.61400724161834E-017 ) );
#9214 = CARTESIAN_POINT( '', ( 2.49999999999967, 0.000000000000000, 7.70000000000000 ) );
#9215 = DIRECTION( '', ( -3.77113799125398E-016, 0.000000000000000, -1.00000000000000 ) );
#9216 = DIRECTION( '', ( 1.00000000000000, 0.000000000000000, -3.77113799125398E-016 ) );
#9217 = DIRECTION( '', ( 0.000000000000000, -1.00000000000000, 0.000000000000000 ) );
#9218 = DIRECTION( '', ( 0.718602141766595, 0.000000000000000, -0.695421427516052 ) );
#9219 = DIRECTION( '', ( 0.718602141766595, 0.000000000000000, 0.695421427516052 ) );
#9220 = DIRECTION( '', ( 0.000000000000000, -1.00000000000000, 0.000000000000000 ) );
#9221 = DIRECTION( '', ( 3.77113799125398E-016, 0.000000000000000, 1.00000000000000 ) );
#9222 = DIRECTION( '', ( 0.000000000000000, -1.00000000000000, 0.000000000000000 ) );
#9223 = DIRECTION( '', ( -1.00000000000000, 0.000000000000000, -2.02975402025243E-016 ) );
#9224 = DIRECTION( '', ( 0.0869565217391324, 0.000000000000000, -0.996212107599096 ) );
#9225 = DIRECTION( '', ( 0.000000000000000, -1.00000000000000, 0.000000000000000 ) );
#9226 = DIRECTION( '', ( 0.000000000000000, -1.00000000000000, 0.000000000000000 ) );
#9227 = DIRECTION( '', ( 0.000000000000000, 0.000000000000000, 1.00000000000000 ) );
#9228 = DIRECTION( '', ( -0.301440316002249, -0.904581379300352, 0.301440316002249 ) );
#9229 = DIRECTION( '', ( 0.000000000000000, 0.000000000000000, -1.00000000000000 ) );
#9230 = DIRECTION( '', ( 0.000000000000000, 1.00000000000000, 0.000000000000000 ) );
#9231 = DIRECTION( '', ( 0.000000000000000, 0.000000000000000, -1.00000000000000 ) );
#9232 = DIRECTION( '', ( 0.0869565217391324, 0.000000000000000, -0.996212107599096 ) );
#9233 = DIRECTION( '', ( 0.000000000000000, -1.00000000000000, 0.000000000000000 ) );
#9234 = DIRECTION( '', ( 0.000000000000000, -1.00000000000000, 0.000000000000000 ) );
#9235 = DIRECTION( '', ( 1.00000000000000, 0.000000000000000, 2.02975402025243E-016 ) );
#9236 = DIRECTION( '', ( 0.253898128412102, 0.000000000000000, 0.967230965379434 ) );
#9237 = CARTESIAN_POINT( '', ( 5.00058809370614, 3.25000000000000, 6.25000000000000 ) );
#9238 = DIRECTION( '', ( -0.939692620785907, 0.000000000000000, -0.342020143325673 ) );
#9239 = DIRECTION( '', ( -0.342020143325672, 0.000000000000000, 0.939692620785907 ) );
#9240 = DIRECTION( '', ( -1.00000000000000, 0.000000000000000, -1.15648231731787E-016 ) );
#9241 = CARTESIAN_POINT( '', ( 2.49999999999967, 0.000000000000000, 6.79000000000000 ) );
#9242 = DIRECTION( '', ( -4.68844182696444E-016, 0.000000000000000, -1.00000000000000 ) );
#9243 = DIRECTION( '', ( 1.00000000000000, 0.000000000000000, -4.68844182696444E-016 ) );
#9244 = CARTESIAN_POINT( '', ( 12.4999999999994, 0.000000000000000, 6.79000000000000 ) );
#9245 = DIRECTION( '', ( -4.68844182696444E-016, 0.000000000000000, -1.00000000000000 ) );
#9246 = DIRECTION( '', ( 1.00000000000000, 0.000000000000000, -4.68844182696444E-016 ) );
#9247 = CARTESIAN_POINT( '', ( -15.0005880937064, 3.25000000000000, 6.25000000000000 ) );
#9248 = DIRECTION( '', ( 0.939692620785909, 0.000000000000000, -0.342020143325667 ) );
#9249 = DIRECTION( '', ( -0.342020143325667, 0.000000000000000, -0.939692620785909 ) );
#9250 = DIRECTION( '', ( 0.000000000000000, -1.00000000000000, 0.000000000000000 ) );
#9251 = CARTESIAN_POINT( '', ( -4.99941190629364, 3.25000000000000, 6.25000000000000 ) );
#9252 = DIRECTION( '', ( -0.939692620785907, 0.000000000000000, -0.342020143325673 ) );
#9253 = DIRECTION( '', ( -0.342020143325672, 0.000000000000000, 0.939692620785907 ) );
#9254 = CARTESIAN_POINT( '', ( -5.00058809370668, 3.25000000000000, 6.25000000000000 ) );
#9255 = DIRECTION( '', ( 0.939692620785909, 0.000000000000000, -0.342020143325667 ) );
#9256 = DIRECTION( '', ( -0.342020143325667, 0.000000000000000, -0.939692620785909 ) );
#9257 = CARTESIAN_POINT( '', ( -0.000588093706792965, 3.25000000000000, 6.25000000000000 ) );
#9258 = DIRECTION( '', ( 0.939692620785909, 0.000000000000000, -0.342020143325667 ) );
#9259 = DIRECTION( '', ( -0.342020143325667, 0.000000000000000, -0.939692620785909 ) );
#9260 = DIRECTION( '', ( -1.00000000000000, 0.000000000000000, -2.02975402025243E-016 ) );
#9261 = DIRECTION( '', ( -1.00000000000000, 0.000000000000000, -2.02975402025243E-016 ) );
#9262 = DIRECTION( '', ( 0.253898128412102, 0.000000000000000, 0.967230965379434 ) );
#9263 = DIRECTION( '', ( 3.77113799125398E-016, 0.000000000000000, 1.00000000000000 ) );
#9264 = DIRECTION( '', ( -1.00000000000000, 0.000000000000000, 0.000000000000000 ) );
#9265 = DIRECTION( '', ( -1.00000000000000, 0.000000000000000, 0.000000000000000 ) );
#9266 = DIRECTION( '', ( 0.000000000000000, -1.00000000000000, 0.000000000000000 ) );
#9267 = DIRECTION( '', ( -0.253898128412102, 0.000000000000000, -0.967230965379434 ) );
#9268 = DIRECTION( '', ( 0.000000000000000, 0.000000000000000, -1.00000000000000 ) );
#9269 = DIRECTION( '', ( 3.77113799125398E-016, 0.000000000000000, 1.00000000000000 ) );
#9270 = CARTESIAN_POINT( '', ( 2.49999999999968, 0.350000000000000, -63.6265054080222 ) );
#9271 = DIRECTION( '', ( 0.000000000000000, -1.00000000000000, 0.000000000000000 ) );
#9272 = DIRECTION( '', ( 0.000000000000000, 0.000000000000000, -1.00000000000000 ) );
#9273 = CARTESIAN_POINT( '', ( 12.4999999999994, -4.25000000000000, -63.6265054080222 ) );
#9274 = DIRECTION( '', ( -0.000000000000000, 1.00000000000000, 0.000000000000000 ) );
#9275 = DIRECTION( '', ( 1.00000000000000, 0.000000000000000, 0.000000000000000 ) );
#9276 = DIRECTION( '', ( 0.000000000000000, 0.000000000000000, -1.00000000000000 ) );
#9277 = CARTESIAN_POINT( '', ( 15.0000000000000, -4.25000000000000, -5.76000000000000 ) );
#9278 = DIRECTION( '', ( -0.000000000000000, 1.00000000000000, 0.000000000000000 ) );
#9279 = DIRECTION( '', ( 1.00000000000000, 0.000000000000000, 0.000000000000000 ) );
#9280 = CARTESIAN_POINT( '', ( -2.50000000000022, -4.25000000000000, -63.6265054080222 ) );
#9281 = DIRECTION( '', ( -0.000000000000000, 1.00000000000000, 0.000000000000000 ) );
#9282 = DIRECTION( '', ( 1.00000000000000, 0.000000000000000, 0.000000000000000 ) );
#9283 = CARTESIAN_POINT( '', ( 2.49999999999968, -4.25000000000000, -63.6265054080222 ) );
#9284 = DIRECTION( '', ( -0.000000000000000, 1.00000000000000, 0.000000000000000 ) );
#9285 = DIRECTION( '', ( 1.00000000000000, 0.000000000000000, 0.000000000000000 ) );
#9286 = CARTESIAN_POINT( '', ( 10.0000000000000, -4.25000000000000, -5.76000000000000 ) );
#9287 = DIRECTION( '', ( -0.000000000000000, 1.00000000000000, 0.000000000000000 ) );
#9288 = DIRECTION( '', ( 1.00000000000000, 0.000000000000000, 0.000000000000000 ) );
#9289 = DIRECTION( '', ( 0.0869565217391324, 0.000000000000000, 0.996212107599096 ) );
#9290 = DIRECTION( '', ( 1.00000000000000, 0.000000000000000, -3.61400724161834E-017 ) );
#9291 = CARTESIAN_POINT( '', ( 2.49999999999968, 0.000000000000000, 7.70000000000000 ) );
#9292 = DIRECTION( '', ( -4.68844182696444E-016, 0.000000000000000, -1.00000000000000 ) );
#9293 = DIRECTION( '', ( 1.00000000000000, 0.000000000000000, -4.68844182696444E-016 ) );
#9294 = DIRECTION( '', ( 0.000000000000000, -1.00000000000000, 0.000000000000000 ) );
ENDSEC;
END-ISO-10303-21;
