ISO-10303-21;
HEADER;
FILE_DESCRIPTION (( 'STEP AP214' ),
    '1' );
FILE_NAME ('NPTC032LFBN-RC.STEP',
    '2024-10-30T11:32:31',
    ( '' ),
    ( '' ),
    'SwSTEP 2.0',
    'SolidWorks 2021',
    '' );
FILE_SCHEMA (( 'AUTOMOTIVE_DESIGN' ));
ENDSEC;

DATA;
#1 = LINE ( 'NONE', #1441, #1869 ) ;
#2 = EDGE_CURVE ( 'NONE', #271, #2704, #2449, .T. ) ;
#3 = LINE ( 'NONE', #611, #686 ) ;
#4 = AXIS2_PLACEMENT_3D ( 'NONE', #2382, #511, #1053 ) ;
#5 = ORIENTED_EDGE ( 'NONE', *, *, #2060, .T. ) ;
#6 = LINE ( 'NONE', #513, #1626 ) ;
#7 = VECTOR ( 'NONE', #2019, 1000.000000000000000 ) ;
#8 = DIRECTION ( 'NONE',  ( 1.000000000000000000, 0.000000000000000000, 0.000000000000000000 ) ) ;
#9 = ORIENTED_EDGE ( 'NONE', *, *, #1632, .T. ) ;
#10 = ADVANCED_FACE ( 'NONE', ( #21 ), #1103, .F. ) ;
#11 = ADVANCED_FACE ( 'NONE', ( #825 ), #3025, .F. ) ;
#12 = ORIENTED_EDGE ( 'NONE', *, *, #3413, .T. ) ;
#13 = LINE ( 'NONE', #817, #1766 ) ;
#14 = DIRECTION ( 'NONE',  ( 0.000000000000000000, 1.000000000000000000, 3.058038798877906014E-16 ) ) ;
#15 = ORIENTED_EDGE ( 'NONE', *, *, #951, .T. ) ;
#16 = VECTOR ( 'NONE', #2117, 1000.000000000000000 ) ;
#17 = ORIENTED_EDGE ( 'NONE', *, *, #2, .T. ) ;
#18 = CARTESIAN_POINT ( 'NONE',  ( -3.810000000000000053, 8.509000000000000341, -2.540000000000001812 ) ) ;
#19 = EDGE_CURVE ( 'NONE', #3259, #299, #3041, .T. ) ;
#20 = CARTESIAN_POINT ( 'NONE',  ( -1.714499999999998137, 8.509000000000000341, 0.4444999999999970086 ) ) ;
#21 = FACE_OUTER_BOUND ( 'NONE', #2414, .T. ) ;
#22 = FACE_OUTER_BOUND ( 'NONE', #468, .T. ) ;
#23 = CARTESIAN_POINT ( 'NONE',  ( -1.269999999999999796, 6.505213034913026604E-16, -2.540000000000000924 ) ) ;
#24 = ORIENTED_EDGE ( 'NONE', *, *, #150, .F. ) ;
#25 = ORIENTED_EDGE ( 'NONE', *, *, #1165, .F. ) ;
#26 = VECTOR ( 'NONE', #1827, 1000.000000000000000 ) ;
#27 = EDGE_CURVE ( 'NONE', #837, #248, #2772, .T. ) ;
#28 = DIRECTION ( 'NONE',  ( -0.000000000000000000, -0.7071067811865501263, -0.7071067811865449082 ) ) ;
#29 = CARTESIAN_POINT ( 'NONE',  ( -1.269999999999999796, 8.509000000000000341, 2.540000000000001812 ) ) ;
#30 = VERTEX_POINT ( 'NONE', #91 ) ;
#31 = SURFACE_STYLE_FILL_AREA ( #2154 ) ;
#32 = ORIENTED_EDGE ( 'NONE', *, *, #1998, .T. ) ;
#33 = CARTESIAN_POINT ( 'NONE',  ( 1.270000000000000240, 8.509000000000000341, 2.540000000000001812 ) ) ;
#34 = CARTESIAN_POINT ( 'NONE',  ( -2.920999999999999819, 8.064499999999998892, 0.8889999999999999014 ) ) ;
#35 = DIRECTION ( 'NONE',  ( 0.000000000000000000, 1.733406087350420004E-16, -1.000000000000000000 ) ) ;
#36 = ORIENTED_EDGE ( 'NONE', *, *, #3116, .F. ) ;
#37 = ADVANCED_FACE ( 'NONE', ( #3115 ), #1748, .F. ) ;
#38 = DIRECTION ( 'NONE',  ( 0.000000000000000000, -1.000000000000000000, -1.733406087350420004E-16 ) ) ;
#39 = LINE ( 'NONE', #1330, #289 ) ;
#40 = ORIENTED_EDGE ( 'NONE', *, *, #517, .T. ) ;
#41 = ORIENTED_EDGE ( 'NONE', *, *, #732, .T. ) ;
#42 = DIRECTION ( 'NONE',  ( -1.000000000000000000, 0.000000000000000000, -0.000000000000000000 ) ) ;
#43 = VECTOR ( 'NONE', #885, 1000.000000000000000 ) ;
#44 = LINE ( 'NONE', #1110, #563 ) ;
#45 = ORIENTED_EDGE ( 'NONE', *, *, #1169, .T. ) ;
#46 = ADVANCED_FACE ( 'NONE', ( #1462 ), #2501, .T. ) ;
#47 = AXIS2_PLACEMENT_3D ( 'NONE', #3217, #2267, #1981 ) ;
#48 = ORIENTED_EDGE ( 'NONE', *, *, #2279, .F. ) ;
#49 =( NAMED_UNIT ( * ) SI_UNIT ( $, .STERADIAN. ) SOLID_ANGLE_UNIT ( ) );
#50 = LINE ( 'NONE', #1187, #1974 ) ;
#51 = DIRECTION ( 'NONE',  ( -1.000000000000000000, -0.000000000000000000, -0.000000000000000000 ) ) ;
#52 = FACE_OUTER_BOUND ( 'NONE', #3500, .T. ) ;
#53 = AXIS2_PLACEMENT_3D ( 'NONE', #3239, #799, #531 ) ;
#54 = CARTESIAN_POINT ( 'NONE',  ( 0.3810000000000000053, -2.692399999999994797, -1.473200000000000065 ) ) ;
#55 = ADVANCED_FACE ( 'NONE', ( #3322 ), #883, .F. ) ;
#56 = PLANE ( 'NONE',  #3301 ) ;
#57 = VECTOR ( 'NONE', #2763, 1000.000000000000000 ) ;
#58 = VERTEX_POINT ( 'NONE', #904 ) ;
#59 = ORIENTED_EDGE ( 'NONE', *, *, #2893, .F. ) ;
#60 = VECTOR ( 'NONE', #3263, 1000.000000000000000 ) ;
#61 = PLANE ( 'NONE',  #3497 ) ;
#62 = DIRECTION ( 'NONE',  ( -0.000000000000000000, -2.667820306312759283E-16, 1.000000000000000000 ) ) ;
#63 = CARTESIAN_POINT ( 'NONE',  ( 2.159000000000000252, 8.064500000000002444, -0.8890000000000000124 ) ) ;
#64 = VECTOR ( 'NONE', #2576, 1000.000000000000000 ) ;
#65 = ORIENTED_EDGE ( 'NONE', *, *, #1011, .F. ) ;
#66 = STYLED_ITEM ( 'NONE', ( #3375 ), #3168 ) ;
#67 = SURFACE_STYLE_USAGE ( .BOTH. , #2204 ) ;
#68 = VERTEX_POINT ( 'NONE', #928 ) ;
#69 = CARTESIAN_POINT ( 'NONE',  ( -1.269999999999999796, 4.336808689942017736E-16, -2.159000000000001140 ) ) ;
#70 = VECTOR ( 'NONE', #1544, 1000.000000000000000 ) ;
#71 = EDGE_CURVE ( 'NONE', #2473, #1939, #2002, .T. ) ;
#72 = ADVANCED_FACE ( 'NONE', ( #3060 ), #2847, .F. ) ;
#73 = CARTESIAN_POINT ( 'NONE',  ( 0.3809999999999989506, 8.064500000000002444, -0.8890000000000000124 ) ) ;
#74 = DIRECTION ( 'NONE',  ( 1.000000000000000000, 0.000000000000000000, 0.000000000000000000 ) ) ;
#75 = DIRECTION ( 'NONE',  ( -1.000000000000000000, 0.000000000000000000, 0.000000000000000000 ) ) ;
#76 = FACE_OUTER_BOUND ( 'NONE', #1793, .T. ) ;
#77 = ORIENTED_EDGE ( 'NONE', *, *, #630, .F. ) ;
#78 = VECTOR ( 'NONE', #3366, 1000.000000000000000 ) ;
#79 = ORIENTED_EDGE ( 'NONE', *, *, #2298, .F. ) ;
#80 = DIRECTION ( 'NONE',  ( 0.000000000000000000, 1.000000000000000000, 2.923638691849597351E-16 ) ) ;
#81 = LINE ( 'NONE', #874, #1214 ) ;
#82 = CARTESIAN_POINT ( 'NONE',  ( -2.920999999999999819, 7.239000000000000767, -0.8890000000000001235 ) ) ;
#83 = ORIENTED_EDGE ( 'NONE', *, *, #1546, .T. ) ;
#84 = EDGE_CURVE ( 'NONE', #3231, #1128, #1671, .T. ) ;
#85 = CARTESIAN_POINT ( 'NONE',  ( 3.810000000000000497, 4.336808689942017736E-16, -2.159000000000001140 ) ) ;
#86 = PLANE ( 'NONE',  #2078 ) ;
#87 = ORIENTED_EDGE ( 'NONE', *, *, #1668, .F. ) ;
#88 = FILL_AREA_STYLE_COLOUR ( '', #462 ) ;
#89 = CARTESIAN_POINT ( 'NONE',  ( -1.269999999999999796, 6.505213034913026604E-16, -2.540000000000000924 ) ) ;
#90 = CARTESIAN_POINT ( 'NONE',  ( 1.270000000000000240, 8.509000000000000341, -2.540000000000001812 ) ) ;
#91 = CARTESIAN_POINT ( 'NONE',  ( -2.920999999999999819, 8.064499999999998892, 1.651000000000000023 ) ) ;
#92 = EDGE_CURVE ( 'NONE', #1365, #757, #1211, .T. ) ;
#93 = CARTESIAN_POINT ( 'NONE',  ( -2.920999999999999819, 8.064500000000002444, -1.650999999999999801 ) ) ;
#94 = CARTESIAN_POINT ( 'NONE',  ( 1.270000000000000240, -8.578981026812224210E-17, 2.158999999999999364 ) ) ;
#95 = ORIENTED_EDGE ( 'NONE', *, *, #2028, .T. ) ;
#96 = ORIENTED_EDGE ( 'NONE', *, *, #372, .T. ) ;
#97 = FACE_OUTER_BOUND ( 'NONE', #100, .T. ) ;
#98 = LINE ( 'NONE', #1717, #1033 ) ;
#99 = CARTESIAN_POINT ( 'NONE',  ( -4.064000000000000057, 4.336808689942017736E-16, -2.159000000000001140 ) ) ;
#100 = EDGE_LOOP ( 'NONE', ( #834, #792, #1712, #918 ) ) ;
#101 = VECTOR ( 'NONE', #678, 1000.000000000000000 ) ;
#102 = PLANE ( 'NONE',  #3023 ) ;
#103 = DIRECTION ( 'NONE',  ( 0.000000000000000000, 1.000000000000000000, 3.058038798877906014E-16 ) ) ;
#104 = EDGE_CURVE ( 'NONE', #3439, #3259, #612, .T. ) ;
#105 = ORIENTED_EDGE ( 'NONE', *, *, #2732, .T. ) ;
#106 = VECTOR ( 'NONE', #3483, 1000.000000000000000 ) ;
#107 = FACE_OUTER_BOUND ( 'NONE', #1293, .T. ) ;
#108 = DIRECTION ( 'NONE',  ( 1.000000000000000000, 0.000000000000000000, 0.000000000000000000 ) ) ;
#109 = DIRECTION ( 'NONE',  ( -0.000000000000000000, 1.000000000000000000, 1.733406087350420004E-16 ) ) ;
#110 = VECTOR ( 'NONE', #2434, 1000.000000000000000 ) ;
#111 = PLANE ( 'NONE',  #395 ) ;
#112 = EDGE_CURVE ( 'NONE', #2726, #969, #3080, .T. ) ;
#113 = ORIENTED_EDGE ( 'NONE', *, *, #1563, .T. ) ;
#114 = CARTESIAN_POINT ( 'NONE',  ( 1.270000000000000240, -8.578981026812224210E-17, 2.158999999999999364 ) ) ;
#115 = VECTOR ( 'NONE', #3485, 1000.000000000000000 ) ;
#116 = ORIENTED_EDGE ( 'NONE', *, *, #2193, .F. ) ;
#117 = DIRECTION ( 'NONE',  ( 0.000000000000000000, -1.000000000000000000, 0.000000000000000000 ) ) ;
#118 = VECTOR ( 'NONE', #3305, 1000.000000000000000 ) ;
#119 = LINE ( 'NONE', #1699, #199 ) ;
#120 = EDGE_CURVE ( 'NONE', #1128, #3146, #1156, .T. ) ;
#121 = DIRECTION ( 'NONE',  ( 0.000000000000000000, 0.000000000000000000, 1.000000000000000000 ) ) ;
#122 = VERTEX_POINT ( 'NONE', #2244 ) ;
#123 = VECTOR ( 'NONE', #2448, 1000.000000000000000 ) ;
#124 = CARTESIAN_POINT ( 'NONE',  ( -0.3809999999999998388, 8.064499999999998892, 0.8889999999999999014 ) ) ;
#125 = FACE_BOUND ( 'NONE', #1504, .T. ) ;
#126 = VECTOR ( 'NONE', #998, 1000.000000000000000 ) ;
#127 = VECTOR ( 'NONE', #935, 1000.000000000000000 ) ;
#128 = ORIENTED_EDGE ( 'NONE', *, *, #3230, .F. ) ;
#129 = DIRECTION ( 'NONE',  ( 0.000000000000000000, 0.000000000000000000, -1.000000000000000000 ) ) ;
#130 = DIRECTION ( 'NONE',  ( -1.000000000000000000, -0.000000000000000000, -0.000000000000000000 ) ) ;
#131 = DIRECTION ( 'NONE',  ( 0.000000000000000000, 0.000000000000000000, -1.000000000000000000 ) ) ;
#132 = ADVANCED_FACE ( 'NONE', ( #52 ), #352, .F. ) ;
#133 = CARTESIAN_POINT ( 'NONE',  ( -4.064000000000000057, 8.509000000000000341, -2.540000000000001812 ) ) ;
#134 = CARTESIAN_POINT ( 'NONE',  ( 1.270000000000000240, -8.578981026812224210E-17, 2.158999999999999364 ) ) ;
#135 = ORIENTED_EDGE ( 'NONE', *, *, #2366, .F. ) ;
#136 = PRODUCT ( 'Pin - Tin', 'Pin - Tin', '', ( #762 ) ) ;
#137 = CARTESIAN_POINT ( 'NONE',  ( 3.810000000000000497, 8.509000000000000341, -2.540000000000001812 ) ) ;
#138 = DIRECTION ( 'NONE',  ( -1.000000000000000000, 0.000000000000000000, 0.000000000000000000 ) ) ;
#139 = CARTESIAN_POINT ( 'NONE',  ( 1.270000000000000240, 0.5080000000000006732, -2.022881810244994583 ) ) ;
#140 = ORIENTED_EDGE ( 'NONE', *, *, #1456, .T. ) ;
#141 = EDGE_CURVE ( 'NONE', #2082, #1061, #1429, .T. ) ;
#142 = DIRECTION ( 'NONE',  ( -1.000000000000000000, -0.000000000000000000, -0.000000000000000000 ) ) ;
#143 = DIRECTION ( 'NONE',  ( -0.000000000000000000, 1.000000000000000000, 1.733406087350420004E-16 ) ) ;
#144 = ORIENTED_EDGE ( 'NONE', *, *, #593, .F. ) ;
#145 = PRESENTATION_STYLE_ASSIGNMENT (( #942 ) ) ;
#146 = CARTESIAN_POINT ( 'NONE',  ( -2.920999999999999819, 7.239000000000000767, 0.8889999999999997904 ) ) ;
#147 = LINE ( 'NONE', #3410, #64 ) ;
#148 = CARTESIAN_POINT ( 'NONE',  ( 2.540000000000000036, 7.239000000000000767, -2.201425730935033664E-16 ) ) ;
#149 = CARTESIAN_POINT ( 'NONE',  ( -3.810000000000000053, 0.000000000000000000, 2.539999999999999147 ) ) ;
#150 = EDGE_CURVE ( 'NONE', #1350, #969, #652, .T. ) ;
#151 = PLANE ( 'NONE',  #1871 ) ;
#152 = ORIENTED_EDGE ( 'NONE', *, *, #1130, .F. ) ;
#153 = DIRECTION ( 'NONE',  ( 0.000000000000000000, 0.9659258262890701996, 0.2588190451025140226 ) ) ;
#154 = DIRECTION ( 'NONE',  ( -1.000000000000000000, -0.000000000000000000, -0.000000000000000000 ) ) ;
#155 = CARTESIAN_POINT ( 'NONE',  ( -2.159000000000001140, 7.239000000000000767, -0.8890000000000001235 ) ) ;
#156 = VERTEX_POINT ( 'NONE', #1189 ) ;
#157 = FACE_OUTER_BOUND ( 'NONE', #1580, .T. ) ;
#158 = EDGE_CURVE ( 'NONE', #2469, #899, #2826, .T. ) ;
#159 = ORIENTED_EDGE ( 'NONE', *, *, #2475, .T. ) ;
#160 =( NAMED_UNIT ( * ) SI_UNIT ( $, .STERADIAN. ) SOLID_ANGLE_UNIT ( ) );
#161 = DIRECTION ( 'NONE',  ( 0.000000000000000000, -1.000000000000000000, 2.338910953479677683E-16 ) ) ;
#162 = DIRECTION ( 'NONE',  ( 0.000000000000000000, -1.000000000000000000, -2.923638691849597351E-16 ) ) ;
#163 = FACE_OUTER_BOUND ( 'NONE', #512, .T. ) ;
#164 = CARTESIAN_POINT ( 'NONE',  ( 4.064000000000000057, 0.5080000000000000071, 2.022881810244992806 ) ) ;
#165 = AXIS2_PLACEMENT_3D ( 'NONE', #148, #3135, #1783 ) ;
#166 = DIRECTION ( 'NONE',  ( 0.000000000000000000, 0.9659258262890700886, -0.2588190451025140781 ) ) ;
#167 = VERTEX_POINT ( 'NONE', #2616 ) ;
#168 = ADVANCED_FACE ( 'NONE', ( #1263 ), #2360, .T. ) ;
#169 = CARTESIAN_POINT ( 'NONE',  ( -2.920999999999999819, 7.239000000000000767, 1.650999999999999801 ) ) ;
#170 = DIRECTION ( 'NONE',  ( 0.000000000000000000, 1.000000000000000000, -2.251701056906096594E-16 ) ) ;
#171 = FACE_OUTER_BOUND ( 'NONE', #1901, .T. ) ;
#172 = ORIENTED_EDGE ( 'NONE', *, *, #2972, .T. ) ;
#173 = EDGE_LOOP ( 'NONE', ( #45, #1548, #1855, #664 ) ) ;
#174 = VECTOR ( 'NONE', #2110, 1000.000000000000000 ) ;
#175 = EDGE_CURVE ( 'NONE', #2801, #997, #750, .T. ) ;
#176 = AXIS2_PLACEMENT_3D ( 'NONE', #1464, #2287, #2561 ) ;
#177 = DIRECTION ( 'NONE',  ( 1.000000000000000000, 0.000000000000000000, -0.000000000000000000 ) ) ;
#178 = VECTOR ( 'NONE', #3482, 1000.000000000000000 ) ;
#179 = EDGE_LOOP ( 'NONE', ( #573, #1177, #2917, #3182 ) ) ;
#180 = AXIS2_PLACEMENT_3D ( 'NONE', #1428, #1979, #2301 ) ;
#181 = FACE_OUTER_BOUND ( 'NONE', #2830, .T. ) ;
#182 = ORIENTED_EDGE ( 'NONE', *, *, #2106, .T. ) ;
#183 = CARTESIAN_POINT ( 'NONE',  ( 0.1961031209927689978, -3.200400000000000134, 1.473199999999999843 ) ) ;
#184 = DIRECTION ( 'NONE',  ( 0.000000000000000000, 0.000000000000000000, 1.000000000000000000 ) ) ;
#185 = ADVANCED_FACE ( 'NONE', ( #1484 ), #1281, .F. ) ;
#186 = ADVANCED_FACE ( 'NONE', ( #2322 ), #2302, .F. ) ;
#187 = SURFACE_STYLE_USAGE ( .BOTH. , #465 ) ;
#188 = LINE ( 'NONE', #3429, #505 ) ;
#189 = LINE ( 'NONE', #2363, #284 ) ;
#190 = ORIENTED_EDGE ( 'NONE', *, *, #965, .T. ) ;
#191 = CARTESIAN_POINT ( 'NONE',  ( -4.064000000000000057, 0.000000000000000000, 2.539999999999999147 ) ) ;
#192 = FACE_OUTER_BOUND ( 'NONE', #3310, .T. ) ;
#193 = ORIENTED_EDGE ( 'NONE', *, *, #891, .T. ) ;
#194 = ORIENTED_EDGE ( 'NONE', *, *, #2248, .T. ) ;
#195 = LINE ( 'NONE', #228, #1092 ) ;
#196 = ORIENTED_EDGE ( 'NONE', *, *, #3071, .T. ) ;
#197 = ADVANCED_FACE ( 'NONE', ( #2087 ), #428, .F. ) ;
#198 = SHAPE_DEFINITION_REPRESENTATION ( #1482, #1074 ) ;
#199 = VECTOR ( 'NONE', #323, 1000.000000000000114 ) ;
#200 = LINE ( 'NONE', #146, #2897 ) ;
#201 = ORIENTED_EDGE ( 'NONE', *, *, #1165, .T. ) ;
#202 = COLOUR_RGB ( '',0.2509803921568627416, 0.2509803921568627416, 0.2509803921568627416 ) ;
#203 = DIRECTION ( 'NONE',  ( -1.000000000000000000, 0.000000000000000000, 0.000000000000000000 ) ) ;
#204 = DIRECTION ( 'NONE',  ( -0.000000000000000000, 0.000000000000000000, -1.000000000000000000 ) ) ;
#205 = CARTESIAN_POINT ( 'NONE',  ( -0.1269999999999986418, 7.810500000000001997, -1.396999999999998465 ) ) ;
#206 = ADVANCED_FACE ( 'NONE', ( #163 ), #1246, .F. ) ;
#207 = DIRECTION ( 'NONE',  ( -0.000000000000000000, -0.7071067811865501263, -0.7071067811865449082 ) ) ;
#208 = EDGE_LOOP ( 'NONE', ( #1196, #87, #1893, #3302 ) ) ;
#209 = CARTESIAN_POINT ( 'NONE',  ( 1.270000000000000240, 6.505213034913026604E-16, -2.540000000000000924 ) ) ;
#210 = LINE ( 'NONE', #1490, #968 ) ;
#211 = ORIENTED_EDGE ( 'NONE', *, *, #1080, .T. ) ;
#212 = ORIENTED_EDGE ( 'NONE', *, *, #3468, .T. ) ;
#213 = LINE ( 'NONE', #1290, #398 ) ;
#214 = ORIENTED_EDGE ( 'NONE', *, *, #2542, .F. ) ;
#215 = DIRECTION ( 'NONE',  ( 1.000000000000000000, 0.000000000000000000, 0.000000000000000000 ) ) ;
#216 = ADVANCED_FACE ( 'NONE', ( #2345 ), #3428, .F. ) ;
#217 = ORIENTED_EDGE ( 'NONE', *, *, #1683, .T. ) ;
#218 =( NAMED_UNIT ( * ) SI_UNIT ( $, .STERADIAN. ) SOLID_ANGLE_UNIT ( ) );
#219 = SURFACE_STYLE_FILL_AREA ( #1358 ) ;
#220 = PLANE ( 'NONE',  #2843 ) ;
#221 = EDGE_LOOP ( 'NONE', ( #1955, #1371, #895, #1030 ) ) ;
#222 = CARTESIAN_POINT ( 'NONE',  ( 2.159000000000000252, 7.239000000000000767, 1.650999999999999801 ) ) ;
#223 = CARTESIAN_POINT ( 'NONE',  ( 0.1961031209927689978, -3.200400000000000134, 1.066800000000000415 ) ) ;
#224 = CARTESIAN_POINT ( 'NONE',  ( 0.3809999999999999498, -2.692399999999995241, 1.066800000000000637 ) ) ;
#225 = VERTEX_POINT ( 'NONE', #3412 ) ;
#226 = ADVANCED_FACE ( 'NONE', ( #983 ), #693, .T. ) ;
#227 = EDGE_CURVE ( 'NONE', #1719, #3129, #1536, .T. ) ;
#228 = CARTESIAN_POINT ( 'NONE',  ( -2.920999999999999819, 8.064500000000002444, -0.8890000000000001235 ) ) ;
#229 = ORIENTED_EDGE ( 'NONE', *, *, #3403, .T. ) ;
#230 = AXIS2_PLACEMENT_3D ( 'NONE', #1711, #3323, #2811 ) ;
#231 = VECTOR ( 'NONE', #129, 1000.000000000000000 ) ;
#232 = ORIENTED_EDGE ( 'NONE', *, *, #2611, .T. ) ;
#233 = CARTESIAN_POINT ( 'NONE',  ( -1.269999999999999796, 4.336808689942017736E-16, -2.159000000000001140 ) ) ;
#234 = AXIS2_PLACEMENT_3D ( 'NONE', #311, #1385, #1887 ) ;
#235 = VECTOR ( 'NONE', #130, 1000.000000000000000 ) ;
#236 = AXIS2_PLACEMENT_3D ( 'NONE', #3027, #637, #2539 ) ;
#237 = LINE ( 'NONE', #1267, #2617 ) ;
#238 = ORIENTED_EDGE ( 'NONE', *, *, #1021, .T. ) ;
#239 = ADVANCED_FACE ( 'NONE', ( #3165 ), #2055, .F. ) ;
#240 = DIRECTION ( 'NONE',  ( 0.000000000000000000, -1.000000000000000000, -3.058038798877906014E-16 ) ) ;
#241 = LINE ( 'NONE', #1642, #1860 ) ;
#242 = CARTESIAN_POINT ( 'NONE',  ( -1.269999999999999796, 0.5080000000000000071, 2.022881810244992806 ) ) ;
#243 = VERTEX_POINT ( 'NONE', #729 ) ;
#244 = VERTEX_POINT ( 'NONE', #2880 ) ;
#245 = DIRECTION ( 'NONE',  ( -0.000000000000000000, -0.7071067811865501263, -0.7071067811865449082 ) ) ;
#246 = ORIENTED_EDGE ( 'NONE', *, *, #820, .F. ) ;
#247 = EDGE_CURVE ( 'NONE', #3011, #889, #443, .T. ) ;
#248 = VERTEX_POINT ( 'NONE', #1478 ) ;
#249 = DIRECTION ( 'NONE',  ( 0.000000000000000000, 0.000000000000000000, -1.000000000000000000 ) ) ;
#250 = LINE ( 'NONE', #526, #614 ) ;
#251 = DIRECTION ( 'NONE',  ( -0.000000000000000000, 0.000000000000000000, -1.000000000000000000 ) ) ;
#252 = EDGE_LOOP ( 'NONE', ( #380, #36, #524, #3020, #436, #604, #116, #1343 ) ) ;
#253 = LINE ( 'NONE', #287, #3120 ) ;
#254 = ADVANCED_FACE ( 'NONE', ( #2030 ), #1721, .F. ) ;
#255 = CARTESIAN_POINT ( 'NONE',  ( 4.064000000000000057, -8.578981026812224210E-17, 2.158999999999999364 ) ) ;
#256 = ORIENTED_EDGE ( 'NONE', *, *, #1175, .F. ) ;
#257 = ORIENTED_EDGE ( 'NONE', *, *, #2325, .F. ) ;
#258 = PLANE ( 'NONE',  #2202 ) ;
#259 = LINE ( 'NONE', #2964, #1866 ) ;
#260 = VERTEX_POINT ( 'NONE', #1222 ) ;
#261 = EDGE_CURVE ( 'NONE', #68, #167, #1422, .T. ) ;
#262 = ORIENTED_EDGE ( 'NONE', *, *, #2372, .T. ) ;
#263 = DIRECTION ( 'NONE',  ( 0.000000000000000000, -2.667820306312759283E-16, -1.000000000000000000 ) ) ;
#264 = EDGE_CURVE ( 'NONE', #2822, #2796, #1763, .T. ) ;
#265 = EDGE_CURVE ( 'NONE', #2738, #3267, #2530, .T. ) ;
#266 = LINE ( 'NONE', #2969, #174 ) ;
#267 = CARTESIAN_POINT ( 'NONE',  ( -3.810000000000000053, -8.578981026812224210E-17, 2.158999999999999364 ) ) ;
#268 = EDGE_LOOP ( 'NONE', ( #1658, #2960, #135, #312, #2164, #2389, #701, #25 ) ) ;
#269 = CARTESIAN_POINT ( 'NONE',  ( 0.000000000000000000, 7.239000000000000767, -2.201425730935033664E-16 ) ) ;
#270 = DIRECTION ( 'NONE',  ( 0.000000000000000000, 0.000000000000000000, -1.000000000000000000 ) ) ;
#271 = VERTEX_POINT ( 'NONE', #2224 ) ;
#272 = EDGE_LOOP ( 'NONE', ( #2980, #876, #1440, #2930 ) ) ;
#273 = CLOSED_SHELL ( 'NONE', ( #482, #1224, #2920, #1916, #479, #1684, #2229, #2856 ) ) ;
#274 = DIRECTION ( 'NONE',  ( 0.000000000000000000, 0.000000000000000000, -1.000000000000000000 ) ) ;
#275 = CARTESIAN_POINT ( 'NONE',  ( 1.270000000000000240, 8.509000000000000341, 2.540000000000001812 ) ) ;
#276 = EDGE_LOOP ( 'NONE', ( #15, #3490, #1090, #1914 ) ) ;
#277 = ADVANCED_FACE ( 'NONE', ( #898 ), #86, .F. ) ;
#278 = SURFACE_STYLE_USAGE ( .BOTH. , #2714 ) ;
#279 = EDGE_LOOP ( 'NONE', ( #374, #2688, #349, #1722 ) ) ;
#280 =( NAMED_UNIT ( * ) PLANE_ANGLE_UNIT ( ) SI_UNIT ( $, .RADIAN. ) );
#281 = MECHANICAL_DESIGN_GEOMETRIC_PRESENTATION_REPRESENTATION (  '', ( #400 ), #2840 ) ;
#282 = CARTESIAN_POINT ( 'NONE',  ( -4.064000000000000057, 0.5080000000000006732, -2.022881810244994583 ) ) ;
#283 = FACE_OUTER_BOUND ( 'NONE', #2396, .T. ) ;
#284 = VECTOR ( 'NONE', #1003, 1000.000000000000000 ) ;
#285 = ORIENTED_EDGE ( 'NONE', *, *, #2347, .F. ) ;
#286 = EDGE_CURVE ( 'NONE', #1754, #837, #2572, .T. ) ;
#287 = CARTESIAN_POINT ( 'NONE',  ( -2.413000000000001144, 7.810499999999998444, 1.397000000000000464 ) ) ;
#288 = VECTOR ( 'NONE', #2735, 1000.000000000000000 ) ;
#289 = VECTOR ( 'NONE', #3272, 1000.000000000000000 ) ;
#290 = LINE ( 'NONE', #2404, #1470 ) ;
#291 = ORIENTED_EDGE ( 'NONE', *, *, #1885, .F. ) ;
#292 = ORIENTED_EDGE ( 'NONE', *, *, #1042, .T. ) ;
#293 = LINE ( 'NONE', #3503, #449 ) ;
#294 = LINE ( 'NONE', #29, #60 ) ;
#295 = ORIENTED_EDGE ( 'NONE', *, *, #1926, .T. ) ;
#296 =( GEOMETRIC_REPRESENTATION_CONTEXT ( 3 ) GLOBAL_UNCERTAINTY_ASSIGNED_CONTEXT ( ( #615 ) ) GLOBAL_UNIT_ASSIGNED_CONTEXT ( ( #3280, #835, #1995 ) ) REPRESENTATION_CONTEXT ( 'NONE', 'WORKASPACE' ) );
#297 = FACE_OUTER_BOUND ( 'NONE', #337, .T. ) ;
#298 = ADVANCED_FACE ( 'NONE', ( #1167 ), #606, .F. ) ;
#299 = VERTEX_POINT ( 'NONE', #3333 ) ;
#300 = CARTESIAN_POINT ( 'NONE',  ( -4.064000000000000057, 0.5080000000000000071, 2.022881810244992806 ) ) ;
#301 = CARTESIAN_POINT ( 'NONE',  ( 0.3809999999999989506, 8.064499999999998892, 1.650999999999999801 ) ) ;
#302 = LINE ( 'NONE', #1908, #406 ) ;
#303 = ORIENTED_EDGE ( 'NONE', *, *, #2080, .T. ) ;
#304 = DIRECTION ( 'NONE',  ( 0.000000000000000000, 0.000000000000000000, 1.000000000000000000 ) ) ;
#305 = LINE ( 'NONE', #673, #2186 ) ;
#306 = DIRECTION ( 'NONE',  ( 1.000000000000000000, 0.000000000000000000, 0.000000000000000000 ) ) ;
#307 = ADVANCED_FACE ( 'NONE', ( #347 ), #1150, .F. ) ;
#308 = ORIENTED_EDGE ( 'NONE', *, *, #2158, .T. ) ;
#309 = EDGE_LOOP ( 'NONE', ( #1852, #2605, #2476, #856 ) ) ;
#310 = DIRECTION ( 'NONE',  ( -1.000000000000000000, 0.000000000000000000, 0.000000000000000000 ) ) ;
#311 = CARTESIAN_POINT ( 'NONE',  ( -2.920999999999999819, 7.239000000000000767, -1.651000000000000023 ) ) ;
#312 = ORIENTED_EDGE ( 'NONE', *, *, #3374, .F. ) ;
#313 = CARTESIAN_POINT ( 'NONE',  ( -1.269999999999999796, 8.509000000000000341, 2.540000000000001812 ) ) ;
#314 = ORIENTED_EDGE ( 'NONE', *, *, #1641, .T. ) ;
#315 = LINE ( 'NONE', #69, #3411 ) ;
#316 = EDGE_CURVE ( 'NONE', #1516, #2225, #3352, .T. ) ;
#317 = FACE_OUTER_BOUND ( 'NONE', #221, .T. ) ;
#318 = CARTESIAN_POINT ( 'NONE',  ( -3.810000000000000053, 6.505213034913026604E-16, -2.540000000000000924 ) ) ;
#319 = VERTEX_POINT ( 'NONE', #1495 ) ;
#320 = CARTESIAN_POINT ( 'NONE',  ( -1.269999999999999796, 0.5080000000000006732, -2.022881810244994583 ) ) ;
#321 = ORIENTED_EDGE ( 'NONE', *, *, #2474, .F. ) ;
#322 = EDGE_LOOP ( 'NONE', ( #292, #3354, #1608, #1400 ) ) ;
#323 = DIRECTION ( 'NONE',  ( 0.3420201433256661594, 0.9396926207859093161, 2.747321704575235311E-16 ) ) ;
#324 = CARTESIAN_POINT ( 'NONE',  ( 2.159000000000000252, 7.239000000000000767, 0.8889999999999997904 ) ) ;
#325 = EDGE_LOOP ( 'NONE', ( #1141, #2818, #308, #721, #232, #2644, #2599, #1598 ) ) ;
#326 = AXIS2_PLACEMENT_3D ( 'NONE', #2126, #1930, #2173 ) ;
#327 = EDGE_CURVE ( 'NONE', #1872, #156, #1183, .T. ) ;
#328 = LINE ( 'NONE', #1874, #2124 ) ;
#329 = ORIENTED_EDGE ( 'NONE', *, *, #2050, .F. ) ;
#330 = DIRECTION ( 'NONE',  ( -0.000000000000000000, -0.000000000000000000, 1.000000000000000000 ) ) ;
#331 = VECTOR ( 'NONE', #2622, 1000.000000000000000 ) ;
#332 = DIRECTION ( 'NONE',  ( 0.000000000000000000, -1.000000000000000000, -3.058038798877906014E-16 ) ) ;
#333 = LINE ( 'NONE', #1639, #2789 ) ;
#334 = CARTESIAN_POINT ( 'NONE',  ( -0.1961031209927689423, -3.200400000000000134, -1.066800000000000415 ) ) ;
#335 = LINE ( 'NONE', #2271, #1917 ) ;
#336 = AXIS2_PLACEMENT_3D ( 'NONE', #1498, #2593, #161 ) ;
#337 = EDGE_LOOP ( 'NONE', ( #438, #472, #1378, #2852 ) ) ;
#338 = ADVANCED_FACE ( 'NONE', ( #125, #3093, #3074 ), #878, .F. ) ;
#339 = ORIENTED_EDGE ( 'NONE', *, *, #3477, .F. ) ;
#340 = VECTOR ( 'NONE', #2620, 1000.000000000000000 ) ;
#341 = CARTESIAN_POINT ( 'NONE',  ( 0.3810000000000000053, 0.5079999999999997851, 1.473200000000000953 ) ) ;
#342 = CARTESIAN_POINT ( 'NONE',  ( 1.270000000000000240, 0.000000000000000000, 2.539999999999999147 ) ) ;
#343 = FACE_BOUND ( 'NONE', #655, .T. ) ;
#344 = ORIENTED_EDGE ( 'NONE', *, *, #765, .F. ) ;
#345 = ORIENTED_EDGE ( 'NONE', *, *, #1957, .F. ) ;
#346 = LINE ( 'NONE', #85, #535 ) ;
#347 = FACE_OUTER_BOUND ( 'NONE', #3175, .T. ) ;
#348 = ADVANCED_FACE ( 'NONE', ( #647 ), #628, .F. ) ;
#349 = ORIENTED_EDGE ( 'NONE', *, *, #1537, .F. ) ;
#350 = DIRECTION ( 'NONE',  ( 0.000000000000000000, -1.000000000000000000, -1.733406087350420004E-16 ) ) ;
#351 = FACE_OUTER_BOUND ( 'NONE', #2149, .T. ) ;
#352 = PLANE ( 'NONE',  #896 ) ;
#353 = CARTESIAN_POINT ( 'NONE',  ( -1.269999999999999796, 0.000000000000000000, 2.539999999999999147 ) ) ;
#354 = LINE ( 'NONE', #320, #2549 ) ;
#355 = ORIENTED_EDGE ( 'NONE', *, *, #1351, .F. ) ;
#356 = ORIENTED_EDGE ( 'NONE', *, *, #2839, .F. ) ;
#357 = EDGE_CURVE ( 'NONE', #260, #2368, #2259, .T. ) ;
#358 = DIRECTION ( 'NONE',  ( 0.000000000000000000, 0.000000000000000000, -1.000000000000000000 ) ) ;
#359 = CARTESIAN_POINT ( 'NONE',  ( -0.3810000000000000053, 0.5079999999999997851, 1.473200000000000953 ) ) ;
#360 = PLANE ( 'NONE',  #2040 ) ;
#361 = MECHANICAL_DESIGN_GEOMETRIC_PRESENTATION_REPRESENTATION (  '', ( #586 ), #2749 ) ;
#362 = VERTEX_POINT ( 'NONE', #2281 ) ;
#363 = PLANE ( 'NONE',  #2336 ) ;
#364 = DIRECTION ( 'NONE',  ( 0.000000000000000000, -1.000000000000000000, 1.019346266292635338E-16 ) ) ;
#365 = ORIENTED_EDGE ( 'NONE', *, *, #1277, .F. ) ;
#366 = EDGE_CURVE ( 'NONE', #1062, #1479, #3371, .T. ) ;
#367 = DIRECTION ( 'NONE',  ( 0.000000000000000000, -0.7071067811865499042, 0.7071067811865451302 ) ) ;
#368 = CARTESIAN_POINT ( 'NONE',  ( -4.064000000000000057, 6.505213034913026604E-16, -2.540000000000000924 ) ) ;
#369 = CARTESIAN_POINT ( 'NONE',  ( 0.3810000000000000053, -2.692399999999994797, 0.000000000000000000 ) ) ;
#370 = MECHANICAL_DESIGN_GEOMETRIC_PRESENTATION_REPRESENTATION (  '', ( #1002 ), #1226 ) ;
#371 = EDGE_CURVE ( 'NONE', #156, #2082, #1740, .T. ) ;
#372 = EDGE_CURVE ( 'NONE', #1611, #1365, #305, .T. ) ;
#373 = LINE ( 'NONE', #3361, #2836 ) ;
#374 = ORIENTED_EDGE ( 'NONE', *, *, #2484, .T. ) ;
#375 = CARTESIAN_POINT ( 'NONE',  ( 0.8255000000000002336, 8.509000000000000341, -0.4444999999999983409 ) ) ;
#376 = ORIENTED_EDGE ( 'NONE', *, *, #1724, .T. ) ;
#377 = DIRECTION ( 'NONE',  ( 0.000000000000000000, -1.000000000000000000, -1.733406087350420004E-16 ) ) ;
#378 = DIRECTION ( 'NONE',  ( -0.7071067811865454633, -0.7071067811865495711, 0.000000000000000000 ) ) ;
#379 = FACE_OUTER_BOUND ( 'NONE', #2755, .T. ) ;
#380 = ORIENTED_EDGE ( 'NONE', *, *, #1426, .F. ) ;
#381 = CARTESIAN_POINT ( 'NONE',  ( -1.269999999999999796, 8.509000000000000341, 2.540000000000001812 ) ) ;
#382 = DIRECTION ( 'NONE',  ( 1.000000000000000000, 0.000000000000000000, 0.000000000000000000 ) ) ;
#383 = VERTEX_POINT ( 'NONE', #1734 ) ;
#384 = EDGE_CURVE ( 'NONE', #2190, #1259, #3365, .T. ) ;
#385 = FILL_AREA_STYLE ('',( #1723 ) ) ;
#386 = AXIS2_PLACEMENT_3D ( 'NONE', #3394, #963, #2903 ) ;
#387 = DIRECTION ( 'NONE',  ( -1.000000000000000000, -0.000000000000000000, 0.000000000000000000 ) ) ;
#388 = LINE ( 'NONE', #368, #1310 ) ;
#389 = DIRECTION ( 'NONE',  ( -1.000000000000000000, -0.000000000000000000, -0.000000000000000000 ) ) ;
#390 = AXIS2_PLACEMENT_3D ( 'NONE', #643, #622, #1434 ) ;
#391 = VECTOR ( 'NONE', #547, 999.9999999999998863 ) ;
#392 = CARTESIAN_POINT ( 'NONE',  ( -1.269999999999999796, -8.578981026812224210E-17, 2.158999999999999364 ) ) ;
#393 = EDGE_CURVE ( 'NONE', #1453, #1835, #2024, .T. ) ;
#394 = LINE ( 'NONE', #134, #3295 ) ;
#395 = AXIS2_PLACEMENT_3D ( 'NONE', #3101, #653, #1730 ) ;
#396 = VERTEX_POINT ( 'NONE', #1161 ) ;
#397 = VECTOR ( 'NONE', #3030, 1000.000000000000000 ) ;
#398 = VECTOR ( 'NONE', #2373, 1000.000000000000000 ) ;
#399 = DIRECTION ( 'NONE',  ( 0.000000000000000000, 0.2588190451025140226, 0.9659258262890700886 ) ) ;
#400 = STYLED_ITEM ( 'NONE', ( #2580 ), #2011 ) ;
#401 = DIRECTION ( 'NONE',  ( 0.000000000000000000, 0.000000000000000000, 1.000000000000000000 ) ) ;
#402 = DIRECTION ( 'NONE',  ( 0.000000000000000000, 0.9659258262890701996, 0.2588190451025140226 ) ) ;
#403 = ORIENTED_EDGE ( 'NONE', *, *, #371, .T. ) ;
#404 = AXIS2_PLACEMENT_3D ( 'NONE', #2290, #2851, #2581 ) ;
#405 = DIRECTION ( 'NONE',  ( 0.000000000000000000, 0.000000000000000000, 1.000000000000000000 ) ) ;
#406 = VECTOR ( 'NONE', #51, 1000.000000000000000 ) ;
#407 = VECTOR ( 'NONE', #1864, 1000.000000000000000 ) ;
#408 = ORIENTED_EDGE ( 'NONE', *, *, #3072, .F. ) ;
#409 = ADVANCED_FACE ( 'NONE', ( #1397 ), #1716, .F. ) ;
#410 = CARTESIAN_POINT ( 'NONE',  ( 1.270000000000000240, 8.509000000000000341, -0.4444999999999982854 ) ) ;
#411 = SURFACE_STYLE_USAGE ( .BOTH. , #692 ) ;
#412 = DIRECTION ( 'NONE',  ( 0.000000000000000000, 0.000000000000000000, -1.000000000000000000 ) ) ;
#413 = UNCERTAINTY_MEASURE_WITH_UNIT (LENGTH_MEASURE( 1.000000000000000082E-05 ), #2610, 'distance_accuracy_value', 'NONE');
#414 =( LENGTH_UNIT ( ) NAMED_UNIT ( * ) SI_UNIT ( .MILLI., .METRE. ) );
#415 = DIRECTION ( 'NONE',  ( -0.000000000000000000, 1.000000000000000000, 2.338910953479677683E-16 ) ) ;
#416 = ORIENTED_EDGE ( 'NONE', *, *, #2900, .T. ) ;
#417 = CARTESIAN_POINT ( 'NONE',  ( -3.810000000000000053, 0.5080000000000000071, 2.022881810244992806 ) ) ;
#418 = EDGE_CURVE ( 'NONE', #1354, #3381, #1178, .T. ) ;
#419 = DIRECTION ( 'NONE',  ( -0.5773502691896261751, 0.5773502691896250649, -0.5773502691896260641 ) ) ;
#420 = CARTESIAN_POINT ( 'NONE',  ( 3.810000000000000497, -8.578981026812224210E-17, 2.158999999999999364 ) ) ;
#421 = VERTEX_POINT ( 'NONE', #2218 ) ;
#422 = CARTESIAN_POINT ( 'NONE',  ( 0.3810000000000000053, -2.692399999999994797, 1.066800000000000415 ) ) ;
#423 = CARTESIAN_POINT ( 'NONE',  ( 0.1961031209927689423, -3.200400000000000134, -1.473199999999999843 ) ) ;
#424 = EDGE_LOOP ( 'NONE', ( #1587, #1054, #1034, #217 ) ) ;
#425 = DIRECTION ( 'NONE',  ( 1.000000000000000000, 0.000000000000000000, 0.000000000000000000 ) ) ;
#426 = PLANE ( 'NONE',  #336 ) ;
#427 = PLANE ( 'NONE',  #3134 ) ;
#428 = PLANE ( 'NONE',  #1242 ) ;
#429 = ADVANCED_FACE ( 'NONE', ( #934 ), #2853, .F. ) ;
#430 = DIRECTION ( 'NONE',  ( 0.5773502691896267303, -0.5773502691896233996, -0.5773502691896272854 ) ) ;
#431 = CARTESIAN_POINT ( 'NONE',  ( -2.920999999999999819, 7.239000000000000767, 0.8889999999999997904 ) ) ;
#432 = ORIENTED_EDGE ( 'NONE', *, *, #1256, .T. ) ;
#433 = LINE ( 'NONE', #2908, #2376 ) ;
#434 = CARTESIAN_POINT ( 'NONE',  ( 3.810000000000000053, 8.509000000000000341, -2.540000000000001812 ) ) ;
#435 = DIRECTION ( 'NONE',  ( 0.000000000000000000, -1.000000000000000000, -1.733406087350420004E-16 ) ) ;
#436 = ORIENTED_EDGE ( 'NONE', *, *, #2452, .F. ) ;
#437 = DIRECTION ( 'NONE',  ( 1.000000000000000000, 0.000000000000000000, 0.000000000000000000 ) ) ;
#438 = ORIENTED_EDGE ( 'NONE', *, *, #2933, .T. ) ;
#439 = EDGE_CURVE ( 'NONE', #3462, #2051, #2252, .T. ) ;
#440 = CARTESIAN_POINT ( 'NONE',  ( 4.064000000000000057, 0.5080000000000000071, 2.022881810244992806 ) ) ;
#441 = ORIENTED_EDGE ( 'NONE', *, *, #1393, .F. ) ;
#442 = DIRECTION ( 'NONE',  ( -0.000000000000000000, 1.000000000000000000, 1.607907343367028359E-16 ) ) ;
#443 = LINE ( 'NONE', #1518, #724 ) ;
#444 = VECTOR ( 'NONE', #2762, 1000.000000000000000 ) ;
#445 = LINE ( 'NONE', #164, #1756 ) ;
#446 = FACE_OUTER_BOUND ( 'NONE', #888, .T. ) ;
#447 = ORIENTED_EDGE ( 'NONE', *, *, #3138, .F. ) ;
#448 = PLANE ( 'NONE',  #1794 ) ;
#449 = VECTOR ( 'NONE', #1369, 1000.000000000000000 ) ;
#450 = EDGE_CURVE ( 'NONE', #969, #3249, #2797, .T. ) ;
#451 = CARTESIAN_POINT ( 'NONE',  ( 3.810000000000000053, 8.509000000000000341, 2.540000000000001812 ) ) ;
#452 = EDGE_LOOP ( 'NONE', ( #2406, #3273, #3037, #214 ) ) ;
#453 = ORIENTED_EDGE ( 'NONE', *, *, #3036, .F. ) ;
#454 = DIRECTION ( 'NONE',  ( 1.000000000000000000, 0.000000000000000000, 0.000000000000000000 ) ) ;
#455 = AXIS2_PLACEMENT_3D ( 'NONE', #1475, #1951, #1759 ) ;
#456 = EDGE_LOOP ( 'NONE', ( #1303, #2637, #2814, #471 ) ) ;
#457 = VECTOR ( 'NONE', #2751, 1000.000000000000000 ) ;
#458 = EDGE_CURVE ( 'NONE', #2460, #3157, #1698, .T. ) ;
#459 = PLANE ( 'NONE',  #2552 ) ;
#460 = VERTEX_POINT ( 'NONE', #3087 ) ;
#461 = LINE ( 'NONE', #1535, #2330 ) ;
#462 = COLOUR_RGB ( '',0.2509803921568627416, 0.2509803921568627416, 0.2509803921568627416 ) ;
#463 = CARTESIAN_POINT ( 'NONE',  ( -1.269999999999999796, 0.000000000000000000, 0.000000000000000000 ) ) ;
#464 = VECTOR ( 'NONE', #142, 1000.000000000000000 ) ;
#465 = SURFACE_SIDE_STYLE ('',( #2849 ) ) ;
#466 = DIRECTION ( 'NONE',  ( -0.000000000000000000, 0.000000000000000000, 1.000000000000000000 ) ) ;
#467 = CARTESIAN_POINT ( 'NONE',  ( 0.3810000000000000053, -2.692399999999994797, 0.000000000000000000 ) ) ;
#468 = EDGE_LOOP ( 'NONE', ( #1936, #1522, #2097, #2364 ) ) ;
#469 = LINE ( 'NONE', #1541, #331 ) ;
#470 = DIRECTION ( 'NONE',  ( -0.000000000000000000, 1.000000000000000000, 1.733406087350420004E-16 ) ) ;
#471 = ORIENTED_EDGE ( 'NONE', *, *, #1200, .T. ) ;
#472 = ORIENTED_EDGE ( 'NONE', *, *, #1212, .F. ) ;
#473 = EDGE_CURVE ( 'NONE', #2744, #2955, #1433, .T. ) ;
#474 = CARTESIAN_POINT ( 'NONE',  ( 3.810000000000000497, 0.000000000000000000, 0.000000000000000000 ) ) ;
#475 = ORIENTED_EDGE ( 'NONE', *, *, #3072, .T. ) ;
#476 = DIRECTION ( 'NONE',  ( 1.000000000000000000, 0.000000000000000000, 0.000000000000000000 ) ) ;
#477 = EDGE_LOOP ( 'NONE', ( #1304, #1098, #140, #1561 ) ) ;
#478 = DIRECTION ( 'NONE',  ( 0.000000000000000000, -1.607907343367028359E-16, 1.000000000000000000 ) ) ;
#479 = ADVANCED_FACE ( 'NONE', ( #3106 ), #61, .T. ) ;
#480 = DIRECTION ( 'NONE',  ( 0.000000000000000000, -0.000000000000000000, 1.000000000000000000 ) ) ;
#481 = ORIENTED_EDGE ( 'NONE', *, *, #1144, .T. ) ;
#482 = ADVANCED_FACE ( 'NONE', ( #873 ), #2777, .F. ) ;
#483 = EDGE_CURVE ( 'NONE', #1862, #1319, #3047, .T. ) ;
#484 = PLANE ( 'NONE',  #1568 ) ;
#485 = LINE ( 'NONE', #1007, #1198 ) ;
#486 = VERTEX_POINT ( 'NONE', #656 ) ;
#487 = LINE ( 'NONE', #3457, #16 ) ;
#488 = ORIENTED_EDGE ( 'NONE', *, *, #2038, .F. ) ;
#489 = ADVANCED_FACE ( 'NONE', ( #2233, #3312, #97 ), #1757, .F. ) ;
#490 = VERTEX_POINT ( 'NONE', #1967 ) ;
#491 = DIRECTION ( 'NONE',  ( 0.000000000000000000, -1.607907343367028359E-16, 1.000000000000000000 ) ) ;
#492 = DIRECTION ( 'NONE',  ( 0.000000000000000000, -2.667820306312759283E-16, -1.000000000000000000 ) ) ;
#493 = CARTESIAN_POINT ( 'NONE',  ( 4.064000000000000057, 0.000000000000000000, 2.539999999999999147 ) ) ;
#494 = ORIENTED_EDGE ( 'NONE', *, *, #19, .T. ) ;
#495 = FACE_OUTER_BOUND ( 'NONE', #591, .T. ) ;
#496 = CARTESIAN_POINT ( 'NONE',  ( -0.1961031209927689423, -3.200400000000000134, 1.066800000000000415 ) ) ;
#497 = VECTOR ( 'NONE', #3099, 1000.000000000000114 ) ;
#498 = EDGE_CURVE ( 'NONE', #2996, #2992, #641, .T. ) ;
#499 = ORIENTED_EDGE ( 'NONE', *, *, #2827, .T. ) ;
#500 = ORIENTED_EDGE ( 'NONE', *, *, #2962, .F. ) ;
#501 = AXIS2_PLACEMENT_3D ( 'NONE', #529, #1863, #2705 ) ;
#502 = LINE ( 'NONE', #1819, #1157 ) ;
#503 = ORIENTED_EDGE ( 'NONE', *, *, #2981, .F. ) ;
#504 = VECTOR ( 'NONE', #1070, 1000.000000000000000 ) ;
#505 = VECTOR ( 'NONE', #430, 999.9999999999998863 ) ;
#506 = ORIENTED_EDGE ( 'NONE', *, *, #1889, .T. ) ;
#507 = AXIS2_PLACEMENT_3D ( 'NONE', #2046, #3143, #700 ) ;
#508 = EDGE_CURVE ( 'NONE', #3398, #1184, #2275, .T. ) ;
#509 = CARTESIAN_POINT ( 'NONE',  ( 0.3810000000000000053, 0.5079999999999997851, 1.473200000000000953 ) ) ;
#510 = VECTOR ( 'NONE', #249, 1000.000000000000000 ) ;
#511 = DIRECTION ( 'NONE',  ( 0.000000000000000000, -2.338910953479677683E-16, 1.000000000000000000 ) ) ;
#512 = EDGE_LOOP ( 'NONE', ( #1772, #1975, #2503, #1964 ) ) ;
#513 = CARTESIAN_POINT ( 'NONE',  ( 3.810000000000000497, 0.5080000000000006732, -2.022881810244994583 ) ) ;
#514 = DIRECTION ( 'NONE',  ( -0.3420201433256661594, 0.9396926207859093161, 2.197857363660188051E-16 ) ) ;
#515 = ORIENTED_EDGE ( 'NONE', *, *, #1616, .F. ) ;
#516 = VERTEX_POINT ( 'NONE', #769 ) ;
#517 = EDGE_CURVE ( 'NONE', #122, #619, #3432, .T. ) ;
#518 = CARTESIAN_POINT ( 'NONE',  ( 2.159000000000000252, 8.064500000000002444, -1.650999999999999801 ) ) ;
#519 = DIRECTION ( 'NONE',  ( 0.000000000000000000, 1.607907343367028359E-16, -1.000000000000000000 ) ) ;
#520 = VERTEX_POINT ( 'NONE', #1233 ) ;
#521 = EDGE_CURVE ( 'NONE', #3054, #2231, #2386, .T. ) ;
#522 = DIRECTION ( 'NONE',  ( -1.000000000000000000, 0.000000000000000000, 0.000000000000000000 ) ) ;
#523 = VECTOR ( 'NONE', #602, 999.9999999999998863 ) ;
#524 = ORIENTED_EDGE ( 'NONE', *, *, #2732, .F. ) ;
#525 = LINE ( 'NONE', #1099, #3187 ) ;
#526 = CARTESIAN_POINT ( 'NONE',  ( 3.810000000000000497, 6.505213034913026604E-16, -2.540000000000000924 ) ) ;
#527 = LINE ( 'NONE', #1807, #909 ) ;
#528 = ORIENTED_EDGE ( 'NONE', *, *, #3274, .F. ) ;
#529 = CARTESIAN_POINT ( 'NONE',  ( 4.064000000000000057, 8.509000000000000341, -2.540000000000001812 ) ) ;
#530 = LINE ( 'NONE', #3433, #1710 ) ;
#531 = DIRECTION ( 'NONE',  ( 0.000000000000000000, 0.000000000000000000, -1.000000000000000000 ) ) ;
#532 = ORIENTED_EDGE ( 'NONE', *, *, #2611, .F. ) ;
#533 = ADVANCED_FACE ( 'NONE', ( #1285 ), #716, .F. ) ;
#534 = EDGE_LOOP ( 'NONE', ( #2369, #3496, #2240, #1488, #2787, #1705, #696, #432 ) ) ;
#535 = VECTOR ( 'NONE', #1166, 1000.000000000000000 ) ;
#536 = DIRECTION ( 'NONE',  ( 0.000000000000000000, 1.733406087350420004E-16, -1.000000000000000000 ) ) ;
#537 = DIRECTION ( 'NONE',  ( 0.000000000000000000, 2.251701056906096594E-16, 1.000000000000000000 ) ) ;
#538 = ORIENTED_EDGE ( 'NONE', *, *, #3282, .F. ) ;
#539 = LINE ( 'NONE', #1665, #1837 ) ;
#540 = ADVANCED_FACE ( 'NONE', ( #1022 ), #448, .F. ) ;
#541 = VERTEX_POINT ( 'NONE', #222 ) ;
#542 =( LENGTH_UNIT ( ) NAMED_UNIT ( * ) SI_UNIT ( .MILLI., .METRE. ) );
#543 = CARTESIAN_POINT ( 'NONE',  ( 0.3810000000000000053, 0.5079999999999997851, -1.473200000000000953 ) ) ;
#544 = CARTESIAN_POINT ( 'NONE',  ( 0.3810000000000000053, -2.692399999999994797, 1.473200000000000065 ) ) ;
#545 = ORIENTED_EDGE ( 'NONE', *, *, #1641, .F. ) ;
#546 = AXIS2_PLACEMENT_3D ( 'NONE', #1954, #3053, #3111 ) ;
#547 = DIRECTION ( 'NONE',  ( 0.000000000000000000, -0.9659258262890701996, -0.2588190451025140226 ) ) ;
#548 = CARTESIAN_POINT ( 'NONE',  ( 2.159000000000000252, 8.064500000000002444, -0.8890000000000000124 ) ) ;
#549 = EDGE_LOOP ( 'NONE', ( #949, #1920, #1527, #3104 ) ) ;
#550 = ORIENTED_EDGE ( 'NONE', *, *, #3374, .T. ) ;
#551 = EDGE_CURVE ( 'NONE', #362, #757, #2044, .T. ) ;
#552 = DIRECTION ( 'NONE',  ( 0.000000000000000000, 0.9659258262890701996, 0.2588190451025140226 ) ) ;
#553 = CARTESIAN_POINT ( 'NONE',  ( 2.920999999999998931, 8.064499999999998892, 0.8889999999999999014 ) ) ;
#554 = EDGE_LOOP ( 'NONE', ( #1676, #2133, #65, #1779 ) ) ;
#555 = FACE_OUTER_BOUND ( 'NONE', #3341, .T. ) ;
#556 = VECTOR ( 'NONE', #1673, 1000.000000000000000 ) ;
#557 = ORIENTED_EDGE ( 'NONE', *, *, #3178, .F. ) ;
#558 = CARTESIAN_POINT ( 'NONE',  ( 0.3810000000000000053, -2.692399999999994797, 1.066800000000000637 ) ) ;
#559 = ADVANCED_FACE ( 'NONE', ( #3141 ), #1005, .F. ) ;
#560 = VECTOR ( 'NONE', #492, 1000.000000000000000 ) ;
#561 = LINE ( 'NONE', #282, #2260 ) ;
#562 = PLANE ( 'NONE',  #2266 ) ;
#563 = VECTOR ( 'NONE', #519, 1000.000000000000000 ) ;
#564 = ORIENTED_EDGE ( 'NONE', *, *, #175, .F. ) ;
#565 = LINE ( 'NONE', #3271, #2192 ) ;
#566 = VECTOR ( 'NONE', #240, 1000.000000000000000 ) ;
#567 = VECTOR ( 'NONE', #470, 1000.000000000000000 ) ;
#568 = DIRECTION ( 'NONE',  ( 0.000000000000000000, 2.251701056906096594E-16, 1.000000000000000000 ) ) ;
#569 = EDGE_LOOP ( 'NONE', ( #1648, #2680, #3064, #1695 ) ) ;
#570 = ORIENTED_EDGE ( 'NONE', *, *, #3478, .F. ) ;
#571 = CARTESIAN_POINT ( 'NONE',  ( -0.3809999999999998388, 7.239000000000000767, -0.8890000000000001235 ) ) ;
#572 = CARTESIAN_POINT ( 'NONE',  ( -0.3809999999999998388, 7.239000000000000767, -1.651000000000000023 ) ) ;
#573 = ORIENTED_EDGE ( 'NONE', *, *, #2444, .T. ) ;
#574 = EDGE_CURVE ( 'NONE', #2225, #807, #1773, .T. ) ;
#575 = DIRECTION ( 'NONE',  ( 0.000000000000000000, -0.000000000000000000, -1.000000000000000000 ) ) ;
#576 = VERTEX_POINT ( 'NONE', #2309 ) ;
#577 = DIRECTION ( 'NONE',  ( -1.000000000000000000, -0.000000000000000000, -0.000000000000000000 ) ) ;
#578 = DIRECTION ( 'NONE',  ( -1.000000000000000000, 0.000000000000000000, -0.000000000000000000 ) ) ;
#579 = PLANE ( 'NONE',  #1924 ) ;
#580 = EDGE_LOOP ( 'NONE', ( #3163, #2196, #734, #3241 ) ) ;
#581 = LINE ( 'NONE', #2194, #2731 ) ;
#582 = ORIENTED_EDGE ( 'NONE', *, *, #2060, .F. ) ;
#583 = EDGE_CURVE ( 'NONE', #3479, #2483, #1041, .T. ) ;
#584 = EDGE_CURVE ( 'NONE', #2700, #3211, #2075, .T. ) ;
#585 = ORIENTED_EDGE ( 'NONE', *, *, #2122, .F. ) ;
#586 = STYLED_ITEM ( 'NONE', ( #3308 ), #831 ) ;
#587 = CARTESIAN_POINT ( 'NONE',  ( -0.3809999999999998388, 7.239000000000000767, 0.8889999999999997904 ) ) ;
#588 = FACE_OUTER_BOUND ( 'NONE', #3046, .T. ) ;
#589 = ORIENTED_EDGE ( 'NONE', *, *, #774, .T. ) ;
#590 = DIRECTION ( 'NONE',  ( 1.000000000000000000, -0.000000000000000000, -0.000000000000000000 ) ) ;
#591 = EDGE_LOOP ( 'NONE', ( #2934, #83, #1203, #2975 ) ) ;
#592 = CARTESIAN_POINT ( 'NONE',  ( 3.810000000000000053, 0.5080000000000006732, -2.022881810244994583 ) ) ;
#593 = EDGE_CURVE ( 'NONE', #2692, #1719, #2654, .T. ) ;
#594 = CARTESIAN_POINT ( 'NONE',  ( -1.269999999999999796, 8.509000000000000341, 2.540000000000001812 ) ) ;
#595 = CARTESIAN_POINT ( 'NONE',  ( 1.270000000000000240, 4.336808689942017736E-16, -2.159000000000001140 ) ) ;
#596 = CARTESIAN_POINT ( 'NONE',  ( -0.3809999999999998388, 8.064499999999998892, 0.8889999999999999014 ) ) ;
#597 = DIRECTION ( 'NONE',  ( 1.000000000000000000, 0.000000000000000000, -0.000000000000000000 ) ) ;
#598 = ORIENTED_EDGE ( 'NONE', *, *, #3158, .T. ) ;
#599 = ORIENTED_EDGE ( 'NONE', *, *, #1597, .F. ) ;
#600 = CARTESIAN_POINT ( 'NONE',  ( 0.3809999999999989506, 8.064500000000002444, -0.8890000000000001235 ) ) ;
#601 = EDGE_CURVE ( 'NONE', #3196, #1754, #2331, .T. ) ;
#602 = DIRECTION ( 'NONE',  ( 0.000000000000000000, 0.9659258262890701996, 0.2588190451025140226 ) ) ;
#603 = DIRECTION ( 'NONE',  ( 0.000000000000000000, -1.000000000000000000, 0.000000000000000000 ) ) ;
#604 = ORIENTED_EDGE ( 'NONE', *, *, #3105, .F. ) ;
#605 = DIRECTION ( 'NONE',  ( 0.000000000000000000, 0.000000000000000000, -1.000000000000000000 ) ) ;
#606 = PLANE ( 'NONE',  #2596 ) ;
#607 = AXIS2_PLACEMENT_3D ( 'NONE', #463, #3150, #204 ) ;
#608 = ORIENTED_EDGE ( 'NONE', *, *, #688, .T. ) ;
#609 = DIRECTION ( 'NONE',  ( 0.000000000000000000, 0.000000000000000000, 1.000000000000000000 ) ) ;
#610 = CARTESIAN_POINT ( 'NONE',  ( -2.920999999999999819, 8.064499999999998892, 1.650999999999999801 ) ) ;
#611 = CARTESIAN_POINT ( 'NONE',  ( 0.1269999999999986418, 7.810499999999998444, 1.143000000000000238 ) ) ;
#612 = LINE ( 'NONE', #2809, #2999 ) ;
#613 = EDGE_CURVE ( 'NONE', #2759, #2822, #1810, .T. ) ;
#614 = VECTOR ( 'NONE', #1326, 1000.000000000000000 ) ;
#615 = UNCERTAINTY_MEASURE_WITH_UNIT (LENGTH_MEASURE( 1.000000000000000082E-05 ), #3280, 'distance_accuracy_value', 'NONE');
#616 = FACE_OUTER_BOUND ( 'NONE', #1331, .T. ) ;
#617 = AXIS2_PLACEMENT_3D ( 'NONE', #3032, #2220, #537 ) ;
#618 = VERTEX_POINT ( 'NONE', #2583 ) ;
#619 = VERTEX_POINT ( 'NONE', #3154 ) ;
#620 = VECTOR ( 'NONE', #1708, 1000.000000000000000 ) ;
#621 = DIRECTION ( 'NONE',  ( -0.000000000000000000, 1.000000000000000000, 1.733406087350420004E-16 ) ) ;
#622 = DIRECTION ( 'NONE',  ( -0.000000000000000000, -0.7071067811865482389, -0.7071067811865469066 ) ) ;
#623 = CARTESIAN_POINT ( 'NONE',  ( -4.064000000000000057, 8.509000000000000341, 2.540000000000001812 ) ) ;
#624 = STYLED_ITEM ( 'NONE', ( #145 ), #3247 ) ;
#625 = ORIENTED_EDGE ( 'NONE', *, *, #1130, .T. ) ;
#626 = EDGE_CURVE ( 'NONE', #58, #2469, #433, .T. ) ;
#627 = DIRECTION ( 'NONE',  ( 0.000000000000000000, 0.000000000000000000, -1.000000000000000000 ) ) ;
#628 = PLANE ( 'NONE',  #2303 ) ;
#629 = ORIENTED_EDGE ( 'NONE', *, *, #3260, .F. ) ;
#630 = EDGE_CURVE ( 'NONE', #1259, #2992, #469, .T. ) ;
#631 = EDGE_CURVE ( 'NONE', #2495, #2885, #2640, .T. ) ;
#632 = DIRECTION ( 'NONE',  ( 0.000000000000000000, 0.000000000000000000, 1.000000000000000000 ) ) ;
#633 = CARTESIAN_POINT ( 'NONE',  ( -0.1961031209927689145, -3.200400000000000134, 1.473199999999999843 ) ) ;
#634 = LINE ( 'NONE', #2557, #2558 ) ;
#635 = CARTESIAN_POINT ( 'NONE',  ( -0.3810000000000000053, 0.5079999999999998961, -1.066800000000001303 ) ) ;
#636 = CARTESIAN_POINT ( 'NONE',  ( -1.269999999999999796, 4.336808689942017736E-16, -2.159000000000001140 ) ) ;
#637 = DIRECTION ( 'NONE',  ( 0.000000000000000000, 1.000000000000000000, 0.000000000000000000 ) ) ;
#638 = ORIENTED_EDGE ( 'NONE', *, *, #3304, .T. ) ;
#639 = LINE ( 'NONE', #1195, #2263 ) ;
#640 = VERTEX_POINT ( 'NONE', #754 ) ;
#641 = LINE ( 'NONE', #1199, #3447 ) ;
#642 = ADVANCED_FACE ( 'NONE', ( #2926 ), #484, .F. ) ;
#643 = CARTESIAN_POINT ( 'NONE',  ( 2.159000000000000252, 8.064499999999998892, 0.8889999999999999014 ) ) ;
#644 = DIRECTION ( 'NONE',  ( 1.000000000000000000, 0.000000000000000000, 0.000000000000000000 ) ) ;
#645 = VERTEX_POINT ( 'NONE', #417 ) ;
#646 = CARTESIAN_POINT ( 'NONE',  ( 2.159000000000000252, 7.239000000000000767, -1.651000000000000023 ) ) ;
#647 = FACE_OUTER_BOUND ( 'NONE', #179, .T. ) ;
#648 = EDGE_LOOP ( 'NONE', ( #1888, #3177, #212, #1423 ) ) ;
#649 = ADVANCED_FACE ( 'NONE', ( #2670 ), #3237, .F. ) ;
#650 = LINE ( 'NONE', #594, #1687 ) ;
#651 = CARTESIAN_POINT ( 'NONE',  ( -2.159000000000001140, 7.239000000000000767, 1.650999999999999801 ) ) ;
#652 = LINE ( 'NONE', #2537, #1798 ) ;
#653 = DIRECTION ( 'NONE',  ( 0.000000000000000000, 0.2588190451025139671, -0.9659258262890700886 ) ) ;
#654 = LINE ( 'NONE', #1487, #2439 ) ;
#655 = EDGE_LOOP ( 'NONE', ( #1124, #2058, #1095, #2531 ) ) ;
#656 = CARTESIAN_POINT ( 'NONE',  ( -4.064000000000000057, 8.509000000000000341, 2.540000000000001812 ) ) ;
#657 = LINE ( 'NONE', #3328, #3373 ) ;
#658 = CARTESIAN_POINT ( 'NONE',  ( 1.270000000000000240, 0.000000000000000000, 0.000000000000000000 ) ) ;
#659 = ORIENTED_EDGE ( 'NONE', *, *, #498, .F. ) ;
#660 = ADVANCED_FACE ( 'NONE', ( #2941 ), #3256, .F. ) ;
#661 = AXIS2_PLACEMENT_3D ( 'NONE', #3344, #399, #3121 ) ;
#662 = LINE ( 'NONE', #1739, #1603 ) ;
#663 = DIRECTION ( 'NONE',  ( 0.000000000000000000, 0.2588190451025140226, 0.9659258262890700886 ) ) ;
#664 = ORIENTED_EDGE ( 'NONE', *, *, #1175, .T. ) ;
#665 = AXIS2_PLACEMENT_3D ( 'NONE', #191, #1250, #2886 ) ;
#666 = SURFACE_SIDE_STYLE ('',( #2033 ) ) ;
#667 = AXIS2_PLACEMENT_3D ( 'NONE', #2020, #1137, #2213 ) ;
#668 = PLANE ( 'NONE',  #3128 ) ;
#669 = FACE_OUTER_BOUND ( 'NONE', #727, .T. ) ;
#670 = CARTESIAN_POINT ( 'NONE',  ( 0.3810000000000000053, 0.5079999999999998961, 1.066800000000001303 ) ) ;
#671 = EDGE_CURVE ( 'NONE', #3398, #640, #253, .T. ) ;
#672 = VECTOR ( 'NONE', #2973, 1000.000000000000000 ) ;
#673 = CARTESIAN_POINT ( 'NONE',  ( 2.920999999999998931, 7.239000000000000767, -0.8890000000000001235 ) ) ;
#674 = CARTESIAN_POINT ( 'NONE',  ( -1.269999999999999796, 6.505213034913026604E-16, -2.540000000000000924 ) ) ;
#675 = FACE_OUTER_BOUND ( 'NONE', #1803, .T. ) ;
#676 = VECTOR ( 'NONE', #2326, 1000.000000000000000 ) ;
#677 = ORIENTED_EDGE ( 'NONE', *, *, #820, .T. ) ;
#678 = DIRECTION ( 'NONE',  ( 0.000000000000000000, 0.000000000000000000, 1.000000000000000000 ) ) ;
#679 = VECTOR ( 'NONE', #1746, 1000.000000000000000 ) ;
#680 = LINE ( 'NONE', #2958, #115 ) ;
#681 = CARTESIAN_POINT ( 'NONE',  ( -1.714499999999998137, 8.509000000000000341, -2.540000000000001812 ) ) ;
#682 = ORIENTED_EDGE ( 'NONE', *, *, #2839, .T. ) ;
#683 = AXIS2_PLACEMENT_3D ( 'NONE', #1737, #603, #2235 ) ;
#684 = PLANE ( 'NONE',  #1989 ) ;
#685 = CARTESIAN_POINT ( 'NONE',  ( -1.269999999999999796, 0.5080000000000006732, -2.022881810244994583 ) ) ;
#686 = VECTOR ( 'NONE', #2737, 1000.000000000000000 ) ;
#687 = VECTOR ( 'NONE', #1247, 1000.000000000000000 ) ;
#688 = EDGE_CURVE ( 'NONE', #3326, #1259, #826, .T. ) ;
#689 = VERTEX_POINT ( 'NONE', #782 ) ;
#690 = PRESENTATION_LAYER_ASSIGNMENT (  '', '', ( #66 ) ) ;
#691 = CARTESIAN_POINT ( 'NONE',  ( 4.064000000000000057, 8.509000000000000341, -2.540000000000001812 ) ) ;
#692 = SURFACE_SIDE_STYLE ('',( #944 ) ) ;
#693 = PLANE ( 'NONE',  #607 ) ;
#694 = LINE ( 'NONE', #1282, #1745 ) ;
#695 = DIRECTION ( 'NONE',  ( 0.000000000000000000, -0.9659258262890700886, 0.2588190451025140781 ) ) ;
#696 = ORIENTED_EDGE ( 'NONE', *, *, #1048, .T. ) ;
#697 = DIRECTION ( 'NONE',  ( -0.000000000000000000, -0.000000000000000000, 1.000000000000000000 ) ) ;
#698 = CARTESIAN_POINT ( 'NONE',  ( -0.1269999999999995022, 7.810499999999998444, 1.143000000000000238 ) ) ;
#699 = EDGE_CURVE ( 'NONE', #1061, #3231, #565, .T. ) ;
#700 = DIRECTION ( 'NONE',  ( 0.000000000000000000, -1.607907343367028359E-16, 1.000000000000000000 ) ) ;
#701 = ORIENTED_EDGE ( 'NONE', *, *, #2395, .F. ) ;
#702 = ORIENTED_EDGE ( 'NONE', *, *, #1485, .T. ) ;
#703 = CARTESIAN_POINT ( 'NONE',  ( -1.269999999999999796, 0.000000000000000000, 2.539999999999999147 ) ) ;
#704 = VECTOR ( 'NONE', #2296, 1000.000000000000000 ) ;
#705 = ORIENTED_EDGE ( 'NONE', *, *, #1067, .T. ) ;
#706 = DIRECTION ( 'NONE',  ( 1.000000000000000000, 0.000000000000000000, 0.000000000000000000 ) ) ;
#707 = DIRECTION ( 'NONE',  ( 0.000000000000000000, 1.000000000000000000, 5.691349986800550837E-16 ) ) ;
#708 = ORIENTED_EDGE ( 'NONE', *, *, #1822, .F. ) ;
#709 = DIRECTION ( 'NONE',  ( 0.000000000000000000, -1.000000000000000000, 0.000000000000000000 ) ) ;
#710 = DIRECTION ( 'NONE',  ( -0.000000000000000000, -0.7071067811865482389, -0.7071067811865469066 ) ) ;
#711 = ADVANCED_FACE ( 'NONE', ( #2191 ), #2988, .F. ) ;
#712 = VECTOR ( 'NONE', #2315, 1000.000000000000000 ) ;
#713 = CARTESIAN_POINT ( 'NONE',  ( 2.666999999999999371, 7.810499999999998444, 1.397000000000000464 ) ) ;
#714 = CARTESIAN_POINT ( 'NONE',  ( 0.3809999999999989506, 8.064499999999998892, 0.8889999999999999014 ) ) ;
#715 = VERTEX_POINT ( 'NONE', #2467 ) ;
#716 = PLANE ( 'NONE',  #665 ) ;
#717 = FACE_OUTER_BOUND ( 'NONE', #554, .T. ) ;
#718 = ORIENTED_EDGE ( 'NONE', *, *, #1529, .F. ) ;
#719 = ADVANCED_FACE ( 'NONE', ( #495 ), #3007, .F. ) ;
#720 = CARTESIAN_POINT ( 'NONE',  ( 3.810000000000000497, 0.5080000000000000071, 2.022881810244992806 ) ) ;
#721 = ORIENTED_EDGE ( 'NONE', *, *, #1537, .T. ) ;
#722 = CONTEXT_DEPENDENT_SHAPE_REPRESENTATION ( #1733, #2371 ) ;
#723 = APPLICATION_CONTEXT ( 'automotive_design' ) ;
#724 = VECTOR ( 'NONE', #1805, 1000.000000000000000 ) ;
#725 = CARTESIAN_POINT ( 'NONE',  ( 1.270000000000000240, 4.336808689942017736E-16, -2.159000000000001140 ) ) ;
#726 = AXIS2_PLACEMENT_3D ( 'NONE', #1270, #2350, #2365 ) ;
#727 = EDGE_LOOP ( 'NONE', ( #3402, #246, #2006, #1883 ) ) ;
#728 = CARTESIAN_POINT ( 'NONE',  ( 3.810000000000000497, 0.5080000000000000071, 2.022881810244992806 ) ) ;
#729 = CARTESIAN_POINT ( 'NONE',  ( 1.714499999999997248, 8.509000000000000341, 2.095500000000002139 ) ) ;
#730 = VECTOR ( 'NONE', #1017, 1000.000000000000000 ) ;
#731 = DIRECTION ( 'NONE',  ( -1.000000000000000000, -0.000000000000000000, -0.000000000000000000 ) ) ;
#732 = EDGE_CURVE ( 'NONE', #3486, #1899, #241, .T. ) ;
#733 = CARTESIAN_POINT ( 'NONE',  ( -2.920999999999999819, 7.239000000000000767, -0.8890000000000001235 ) ) ;
#734 = ORIENTED_EDGE ( 'NONE', *, *, #3384, .F. ) ;
#735 = CARTESIAN_POINT ( 'NONE',  ( 3.810000000000000497, 4.336808689942017736E-16, -2.159000000000001140 ) ) ;
#736 = DIRECTION ( 'NONE',  ( 0.000000000000000000, 2.251701056906096594E-16, 1.000000000000000000 ) ) ;
#737 = ORIENTED_EDGE ( 'NONE', *, *, #3071, .F. ) ;
#738 = VECTOR ( 'NONE', #1823, 1000.000000000000000 ) ;
#739 = CARTESIAN_POINT ( 'NONE',  ( 4.064000000000000057, 8.509000000000000341, 2.540000000000001812 ) ) ;
#740 = EDGE_CURVE ( 'NONE', #2317, #800, #6, .T. ) ;
#741 = VECTOR ( 'NONE', #2400, 1000.000000000000000 ) ;
#742 = ORIENTED_EDGE ( 'NONE', *, *, #1774, .T. ) ;
#743 = ITEM_DEFINED_TRANSFORMATION ( 'NONE', 'NONE', #2393,  #2334 ) ;
#744 = VECTOR ( 'NONE', #1171, 1000.000000000000000 ) ;
#745 = AXIS2_PLACEMENT_3D ( 'NONE', #751, #1828, #2304 ) ;
#746 = PLANE ( 'NONE',  #1251 ) ;
#747 = EDGE_CURVE ( 'NONE', #3157, #3431, #1317, .T. ) ;
#748 = EDGE_LOOP ( 'NONE', ( #974, #3324, #1020, #2412 ) ) ;
#749 = CARTESIAN_POINT ( 'NONE',  ( -1.269999999999999796, -8.578981026812224210E-17, 2.158999999999999364 ) ) ;
#750 = LINE ( 'NONE', #3444, #2375 ) ;
#751 = CARTESIAN_POINT ( 'NONE',  ( 2.159000000000000252, 8.064499999999998892, 1.650999999999999801 ) ) ;
#752 = DIRECTION ( 'NONE',  ( 0.5773502691896261751, 0.5773502691896250649, -0.5773502691896260641 ) ) ;
#753 = ORIENTED_EDGE ( 'NONE', *, *, #112, .T. ) ;
#754 = CARTESIAN_POINT ( 'NONE',  ( -2.159000000000001140, 8.064499999999998892, 1.651000000000000023 ) ) ;
#755 = FILL_AREA_STYLE ('',( #3173 ) ) ;
#756 = CARTESIAN_POINT ( 'NONE',  ( 2.159000000000000252, 7.239000000000000767, -1.651000000000000023 ) ) ;
#757 = VERTEX_POINT ( 'NONE', #1379 ) ;
#758 = EDGE_LOOP ( 'NONE', ( #2068, #194, #3090, #2129, #2074, #994, #3454, #742 ) ) ;
#759 = EDGE_CURVE ( 'NONE', #2469, #771, #1589, .T. ) ;
#760 = CARTESIAN_POINT ( 'NONE',  ( -0.3810000000000000053, 0.5079999999999997851, 1.473200000000000953 ) ) ;
#761 = ORIENTED_EDGE ( 'NONE', *, *, #3478, .T. ) ;
#762 = PRODUCT_CONTEXT ( 'NONE', #2355, 'mechanical' ) ;
#763 = ORIENTED_EDGE ( 'NONE', *, *, #893, .T. ) ;
#764 = LINE ( 'NONE', #1843, #510 ) ;
#765 = EDGE_CURVE ( 'NONE', #1259, #2422, #1055, .T. ) ;
#766 = FACE_OUTER_BOUND ( 'NONE', #851, .T. ) ;
#767 = CARTESIAN_POINT ( 'NONE',  ( 1.270000000000000240, 8.509000000000000341, -2.540000000000001812 ) ) ;
#768 = ORIENTED_EDGE ( 'NONE', *, *, #261, .F. ) ;
#769 = CARTESIAN_POINT ( 'NONE',  ( -3.810000000000000053, 6.505213034913026604E-16, -2.540000000000000924 ) ) ;
#770 = DIRECTION ( 'NONE',  ( 0.000000000000000000, 1.000000000000000000, 3.058038798877906014E-16 ) ) ;
#771 = VERTEX_POINT ( 'NONE', #1329 ) ;
#772 = LINE ( 'NONE', #1853, #2699 ) ;
#773 = EDGE_LOOP ( 'NONE', ( #3334, #3102, #503, #2431 ) ) ;
#774 = EDGE_CURVE ( 'NONE', #2669, #2901, #2415, .T. ) ;
#775 = PRODUCT_CONTEXT ( 'NONE', #1988, 'mechanical' ) ;
#776 = ORIENTED_EDGE ( 'NONE', *, *, #1668, .T. ) ;
#777 = VECTOR ( 'NONE', #922, 999.9999999999998863 ) ;
#778 = LINE ( 'NONE', #2086, #1356 ) ;
#779 = EDGE_CURVE ( 'NONE', #2099, #2841, #1069, .T. ) ;
#780 = LINE ( 'NONE', #2652, #178 ) ;
#781 = ORIENTED_EDGE ( 'NONE', *, *, #1704, .T. ) ;
#782 = CARTESIAN_POINT ( 'NONE',  ( 1.270000000000000240, 0.5080000000000000071, 2.022881810244992806 ) ) ;
#783 = CARTESIAN_POINT ( 'NONE',  ( -1.269999999999999796, 0.000000000000000000, 2.539999999999999147 ) ) ;
#784 = ORIENTED_EDGE ( 'NONE', *, *, #1100, .T. ) ;
#785 = ORIENTED_EDGE ( 'NONE', *, *, #1234, .F. ) ;
#786 = FACE_OUTER_BOUND ( 'NONE', #1971, .T. ) ;
#787 = ORIENTED_EDGE ( 'NONE', *, *, #3194, .F. ) ;
#788 = VECTOR ( 'NONE', #1407, 1000.000000000000000 ) ;
#789 = EDGE_CURVE ( 'NONE', #1835, #3319, #1622, .T. ) ;
#790 = DIRECTION ( 'NONE',  ( -1.000000000000000000, -0.000000000000000000, -0.000000000000000000 ) ) ;
#791 = VECTOR ( 'NONE', #1503, 1000.000000000000000 ) ;
#792 = ORIENTED_EDGE ( 'NONE', *, *, #158, .F. ) ;
#793 = PLANE ( 'NONE',  #1873 ) ;
#794 = VECTOR ( 'NONE', #2256, 1000.000000000000000 ) ;
#795 = DIRECTION ( 'NONE',  ( 0.000000000000000000, 0.000000000000000000, -1.000000000000000000 ) ) ;
#796 = DIRECTION ( 'NONE',  ( 0.000000000000000000, 0.000000000000000000, 1.000000000000000000 ) ) ;
#797 = ORIENTED_EDGE ( 'NONE', *, *, #150, .T. ) ;
#798 = DIRECTION ( 'NONE',  ( 0.000000000000000000, 1.607907343367028359E-16, -1.000000000000000000 ) ) ;
#799 = DIRECTION ( 'NONE',  ( 1.000000000000000000, 0.000000000000000000, 0.000000000000000000 ) ) ;
#800 = VERTEX_POINT ( 'NONE', #2739 ) ;
#801 = ORIENTED_EDGE ( 'NONE', *, *, #384, .T. ) ;
#802 = AXIS2_PLACEMENT_3D ( 'NONE', #474, #177, #1257 ) ;
#803 = ADVANCED_FACE ( 'NONE', ( #22 ), #1104, .F. ) ;
#804 = ADVANCED_FACE ( 'NONE', ( #2176 ), #866, .F. ) ;
#805 = LINE ( 'NONE', #1918, #2144 ) ;
#806 = CARTESIAN_POINT ( 'NONE',  ( 0.3810000000000000053, 0.5079999999999998961, 1.066800000000001303 ) ) ;
#807 = VERTEX_POINT ( 'NONE', #54 ) ;
#808 = FILL_AREA_STYLE_COLOUR ( '', #1844 ) ;
#809 = ORIENTED_EDGE ( 'NONE', *, *, #2209, .T. ) ;
#810 = CARTESIAN_POINT ( 'NONE',  ( 2.920999999999998931, 7.239000000000000767, 0.8889999999999997904 ) ) ;
#811 = ORIENTED_EDGE ( 'NONE', *, *, #2484, .F. ) ;
#812 = ADVANCED_FACE ( 'NONE', ( #884 ), #3042, .F. ) ;
#813 = DIRECTION ( 'NONE',  ( -0.5773502691896263972, -0.5773502691896253980, -0.5773502691896253980 ) ) ;
#814 = PLANE ( 'NONE',  #53 ) ;
#815 = EDGE_LOOP ( 'NONE', ( #32, #1738, #538, #1448 ) ) ;
#816 = EDGE_LOOP ( 'NONE', ( #2776, #1026, #515, #1948 ) ) ;
#817 = CARTESIAN_POINT ( 'NONE',  ( 2.666999999999998927, 7.810500000000002885, -1.143000000000000682 ) ) ;
#818 = DIRECTION ( 'NONE',  ( -0.5773502691896263972, -0.5773502691896253980, -0.5773502691896253980 ) ) ;
#819 = VERTEX_POINT ( 'NONE', #1672 ) ;
#820 = EDGE_CURVE ( 'NONE', #3249, #1824, #2197, .T. ) ;
#821 =( LENGTH_UNIT ( ) NAMED_UNIT ( * ) SI_UNIT ( .MILLI., .METRE. ) );
#822 = ORIENTED_EDGE ( 'NONE', *, *, #732, .F. ) ;
#823 = LINE ( 'NONE', #3481, #560 ) ;
#824 = DIRECTION ( 'NONE',  ( 0.000000000000000000, 1.000000000000000000, 1.733406087350420004E-16 ) ) ;
#825 = FACE_OUTER_BOUND ( 'NONE', #1373, .T. ) ;
#826 = LINE ( 'NONE', #3221, #2031 ) ;
#827 = EDGE_CURVE ( 'NONE', #1611, #362, #1661, .T. ) ;
#828 = FACE_OUTER_BOUND ( 'NONE', #1945, .T. ) ;
#829 = ORIENTED_EDGE ( 'NONE', *, *, #2411, .F. ) ;
#830 = ORIENTED_EDGE ( 'NONE', *, *, #508, .F. ) ;
#831 = MANIFOLD_SOLID_BREP ( 'LPattern1[2]', #2715 ) ;
#832 = DIRECTION ( 'NONE',  ( 0.000000000000000000, 1.000000000000000000, 1.733406087350420004E-16 ) ) ;
#833 = LINE ( 'NONE', #3298, #2957 ) ;
#834 = ORIENTED_EDGE ( 'NONE', *, *, #2937, .T. ) ;
#835 =( NAMED_UNIT ( * ) PLANE_ANGLE_UNIT ( ) SI_UNIT ( $, .RADIAN. ) );
#836 = VECTOR ( 'NONE', #736, 1000.000000000000000 ) ;
#837 = VERTEX_POINT ( 'NONE', #93 ) ;
#838 = DIRECTION ( 'NONE',  ( -0.000000000000000000, 1.000000000000000000, 5.691349986800550837E-16 ) ) ;
#839 = AXIS2_PLACEMENT_3D ( 'NONE', #2736, #578, #2211 ) ;
#840 = EDGE_CURVE ( 'NONE', #1111, #3319, #1790, .T. ) ;
#841 = MANIFOLD_SOLID_BREP ( 'Chamfer1', #1621 ) ;
#842 = DIRECTION ( 'NONE',  ( 0.7071067811865467956, -0.7071067811865482389, 0.000000000000000000 ) ) ;
#843 = CARTESIAN_POINT ( 'NONE',  ( 2.159000000000000252, 7.239000000000000767, -1.651000000000000023 ) ) ;
#844 = VECTOR ( 'NONE', #1554, 1000.000000000000000 ) ;
#845 = ORIENTED_EDGE ( 'NONE', *, *, #3391, .T. ) ;
#846 = CARTESIAN_POINT ( 'NONE',  ( -2.920999999999999819, 7.239000000000000767, -0.8890000000000001235 ) ) ;
#847 = VECTOR ( 'NONE', #3286, 1000.000000000000000 ) ;
#848 = VECTOR ( 'NONE', #2114, 1000.000000000000000 ) ;
#849 = LINE ( 'NONE', #133, #2848 ) ;
#850 = ORIENTED_EDGE ( 'NONE', *, *, #747, .T. ) ;
#851 = EDGE_LOOP ( 'NONE', ( #262, #2721, #1044, #2405 ) ) ;
#852 = AXIS2_PLACEMENT_3D ( 'NONE', #1208, #1800, #476 ) ;
#853 = CARTESIAN_POINT ( 'NONE',  ( -0.3809999999999998388, 8.064499999999998892, 1.651000000000000023 ) ) ;
#854 = DIRECTION ( 'NONE',  ( -0.5773502691896267303, -0.5773502691896233996, -0.5773502691896272854 ) ) ;
#855 = LINE ( 'NONE', #1399, #2783 ) ;
#856 = ORIENTED_EDGE ( 'NONE', *, *, #2140, .F. ) ;
#857 = EDGE_CURVE ( 'NONE', #1049, #1862, #530, .T. ) ;
#858 = DIRECTION ( 'NONE',  ( 0.000000000000000000, -1.000000000000000000, 0.000000000000000000 ) ) ;
#859 = VERTEX_POINT ( 'NONE', #1812 ) ;
#860 = CARTESIAN_POINT ( 'NONE',  ( 3.810000000000000497, 0.5080000000000000071, 2.022881810244992806 ) ) ;
#861 = PLANE ( 'NONE',  #839 ) ;
#862 = DIRECTION ( 'NONE',  ( 0.000000000000000000, 0.2588190451025140226, -0.9659258262890701996 ) ) ;
#863 = DIRECTION ( 'NONE',  ( 0.000000000000000000, -1.000000000000000000, 2.667820306312759283E-16 ) ) ;
#864 = EDGE_CURVE ( 'NONE', #2992, #2329, #3193, .T. ) ;
#865 = AXIS2_PLACEMENT_3D ( 'NONE', #2234, #1218, #2507 ) ;
#866 = PLANE ( 'NONE',  #176 ) ;
#867 = AXIS2_PLACEMENT_3D ( 'NONE', #3332, #3110, #3351 ) ;
#868 =( NAMED_UNIT ( * ) SI_UNIT ( $, .STERADIAN. ) SOLID_ANGLE_UNIT ( ) );
#869 = DIRECTION ( 'NONE',  ( -0.000000000000000000, 1.000000000000000000, 1.733406087350420004E-16 ) ) ;
#870 = ORIENTED_EDGE ( 'NONE', *, *, #1788, .T. ) ;
#871 = VERTEX_POINT ( 'NONE', #223 ) ;
#872 = PRESENTATION_LAYER_ASSIGNMENT (  '', '', ( #3034 ) ) ;
#873 = FACE_OUTER_BOUND ( 'NONE', #1181, .T. ) ;
#874 = CARTESIAN_POINT ( 'NONE',  ( 0.3810000000000000053, -3.200400000000000134, 1.473199999999999843 ) ) ;
#875 = DIRECTION ( 'NONE',  ( -1.000000000000000000, 0.000000000000000000, -0.000000000000000000 ) ) ;
#876 = ORIENTED_EDGE ( 'NONE', *, *, #2134, .F. ) ;
#877 = DIRECTION ( 'NONE',  ( 0.5773502691896266192, 0.5773502691896232886, -0.5773502691896275074 ) ) ;
#878 = PLANE ( 'NONE',  #546 ) ;
#879 = ADVANCED_FACE ( 'NONE', ( #1300 ), #2806, .F. ) ;
#880 = VERTEX_POINT ( 'NONE', #3229 ) ;
#881 = DIRECTION ( 'NONE',  ( -1.000000000000000000, 0.000000000000000000, 0.000000000000000000 ) ) ;
#882 = CARTESIAN_POINT ( 'NONE',  ( -0.3809999999999998388, 7.239000000000000767, -1.651000000000000023 ) ) ;
#883 = PLANE ( 'NONE',  #667 ) ;
#884 = FACE_OUTER_BOUND ( 'NONE', #2509, .T. ) ;
#885 = DIRECTION ( 'NONE',  ( 0.000000000000000000, -1.000000000000000000, 2.923638691849597351E-16 ) ) ;
#886 = LINE ( 'NONE', #2562, #556 ) ;
#887 = ADVANCED_FACE ( 'NONE', ( #555 ), #1402, .F. ) ;
#888 = EDGE_LOOP ( 'NONE', ( #9, #809, #48, #3492 ) ) ;
#889 = VERTEX_POINT ( 'NONE', #1372 ) ;
#890 = CARTESIAN_POINT ( 'NONE',  ( 0.3810000000000000053, 0.000000000000000000, 0.000000000000000000 ) ) ;
#891 = EDGE_CURVE ( 'NONE', #486, #1062, #1078, .T. ) ;
#892 = PLANE ( 'NONE',  #390 ) ;
#893 = EDGE_CURVE ( 'NONE', #1049, #2418, #539, .T. ) ;
#894 = DIRECTION ( 'NONE',  ( -0.000000000000000000, 0.000000000000000000, -1.000000000000000000 ) ) ;
#895 = ORIENTED_EDGE ( 'NONE', *, *, #1889, .F. ) ;
#896 = AXIS2_PLACEMENT_3D ( 'NONE', #3339, #1961, #1693 ) ;
#897 = CARTESIAN_POINT ( 'NONE',  ( 2.159000000000000252, 8.064500000000002444, -1.650999999999999801 ) ) ;
#898 = FACE_OUTER_BOUND ( 'NONE', #815, .T. ) ;
#899 = VERTEX_POINT ( 'NONE', #1387 ) ;
#900 =( NAMED_UNIT ( * ) PLANE_ANGLE_UNIT ( ) SI_UNIT ( $, .RADIAN. ) );
#901 = DIRECTION ( 'NONE',  ( 1.000000000000000000, 0.000000000000000000, 0.000000000000000000 ) ) ;
#902 = VECTOR ( 'NONE', #798, 1000.000000000000000 ) ;
#903 = CARTESIAN_POINT ( 'NONE',  ( -2.159000000000001140, 7.239000000000000767, -1.651000000000000023 ) ) ;
#904 = CARTESIAN_POINT ( 'NONE',  ( 3.810000000000000497, 8.509000000000000341, -2.540000000000001812 ) ) ;
#905 = VECTOR ( 'NONE', #1802, 1000.000000000000114 ) ;
#906 = UNCERTAINTY_MEASURE_WITH_UNIT (LENGTH_MEASURE( 1.000000000000000082E-05 ), #414, 'distance_accuracy_value', 'NONE');
#907 = EDGE_CURVE ( 'NONE', #2048, #167, #1892, .T. ) ;
#908 = DIRECTION ( 'NONE',  ( -1.000000000000000000, -0.000000000000000000, -0.000000000000000000 ) ) ;
#909 = VECTOR ( 'NONE', #1601, 1000.000000000000000 ) ;
#910 = ORIENTED_EDGE ( 'NONE', *, *, #699, .F. ) ;
#911 = CARTESIAN_POINT ( 'NONE',  ( 1.270000000000000240, 6.505213034913026604E-16, -2.540000000000000924 ) ) ;
#912 = ORIENTED_EDGE ( 'NONE', *, *, #2222, .T. ) ;
#913 = AXIS2_PLACEMENT_3D ( 'NONE', #728, #442, #1517 ) ;
#914 = CARTESIAN_POINT ( 'NONE',  ( 2.159000000000000252, 8.064499999999998892, 1.650999999999999801 ) ) ;
#915 = CARTESIAN_POINT ( 'NONE',  ( -0.3809999999999998388, 7.239000000000000767, -0.8890000000000001235 ) ) ;
#916 = LINE ( 'NONE', #82, #1353 ) ;
#917 = PRODUCT_DEFINITION_FORMATION_WITH_SPECIFIED_SOURCE ( 'ANY', '', #136, .NOT_KNOWN. ) ;
#918 = ORIENTED_EDGE ( 'NONE', *, *, #3056, .T. ) ;
#919 = VECTOR ( 'NONE', #1494, 1000.000000000000000 ) ;
#920 = EDGE_CURVE ( 'NONE', #3016, #122, #328, .T. ) ;
#921 = FACE_OUTER_BOUND ( 'NONE', #2943, .T. ) ;
#922 = DIRECTION ( 'NONE',  ( 0.000000000000000000, -0.9659258262890701996, -0.2588190451025140226 ) ) ;
#923 = EDGE_LOOP ( 'NONE', ( #1816, #3372, #1858, #1421, #238, #1933 ) ) ;
#924 =( LENGTH_UNIT ( ) NAMED_UNIT ( * ) SI_UNIT ( .MILLI., .METRE. ) );
#925 = MANIFOLD_SOLID_BREP ( 'Boss-Extrude2', #2946 ) ;
#926 = DIRECTION ( 'NONE',  ( -1.000000000000000000, 0.000000000000000000, 0.000000000000000000 ) ) ;
#927 = LINE ( 'NONE', #2001, #7 ) ;
#928 = CARTESIAN_POINT ( 'NONE',  ( -1.269999999999999796, 8.509000000000000341, -2.540000000000001812 ) ) ;
#929 = DIRECTION ( 'NONE',  ( -0.000000000000000000, 1.000000000000000000, 2.338910953479677683E-16 ) ) ;
#930 = ORIENTED_EDGE ( 'NONE', *, *, #1865, .F. ) ;
#931 = ADVANCED_FACE ( 'NONE', ( #1337 ), #1113, .F. ) ;
#932 = LINE ( 'NONE', #948, #2554 ) ;
#933 = EDGE_LOOP ( 'NONE', ( #3254, #1328, #3505, #2614 ) ) ;
#934 = FACE_OUTER_BOUND ( 'NONE', #2861, .T. ) ;
#935 = DIRECTION ( 'NONE',  ( -0.000000000000000000, 1.000000000000000000, 1.733406087350420004E-16 ) ) ;
#936 = PLANE ( 'NONE',  #2671 ) ;
#937 = VECTOR ( 'NONE', #590, 1000.000000000000000 ) ;
#938 = EDGE_LOOP ( 'NONE', ( #2178, #2112, #488, #77 ) ) ;
#939 = CARTESIAN_POINT ( 'NONE',  ( -3.810000000000000053, 8.509000000000000341, 2.540000000000001812 ) ) ;
#940 = ADVANCED_FACE ( 'NONE', ( #297 ), #2459, .F. ) ;
#941 = ORIENTED_EDGE ( 'NONE', *, *, #439, .T. ) ;
#942 = SURFACE_STYLE_USAGE ( .BOTH. , #1976 ) ;
#943 = DIRECTION ( 'NONE',  ( 0.000000000000000000, 0.000000000000000000, 1.000000000000000000 ) ) ;
#944 = SURFACE_STYLE_FILL_AREA ( #1210 ) ;
#945 = CARTESIAN_POINT ( 'NONE',  ( -0.3809999999999998388, 8.064499999999998892, 1.650999999999999801 ) ) ;
#946 = UNCERTAINTY_MEASURE_WITH_UNIT (LENGTH_MEASURE( 1.000000000000000082E-05 ), #2666, 'distance_accuracy_value', 'NONE');
#947 = DIRECTION ( 'NONE',  ( 0.000000000000000000, 0.000000000000000000, -1.000000000000000000 ) ) ;
#948 = CARTESIAN_POINT ( 'NONE',  ( 0.3810000000000000053, 0.5079999999999998961, 1.066800000000001303 ) ) ;
#949 = ORIENTED_EDGE ( 'NONE', *, *, #2686, .T. ) ;
#950 = MANIFOLD_SOLID_BREP ( 'Chamfer1', #273 ) ;
#951 = EDGE_CURVE ( 'NONE', #541, #2051, #1762, .T. ) ;
#952 = CARTESIAN_POINT ( 'NONE',  ( 1.270000000000000240, 0.000000000000000000, 2.539999999999999147 ) ) ;
#953 = DIRECTION ( 'NONE',  ( 0.000000000000000000, 2.251701056906096594E-16, 1.000000000000000000 ) ) ;
#954 = LINE ( 'NONE', #420, #1922 ) ;
#955 = VECTOR ( 'NONE', #1206, 1000.000000000000000 ) ;
#956 = ORIENTED_EDGE ( 'NONE', *, *, #1375, .T. ) ;
#957 = PRODUCT ( 'NPPC202LFBN-RC_C03', 'NPPC202LFBN-RC_C03', '', ( #1821 ) ) ;
#958 = DIRECTION ( 'NONE',  ( -0.000000000000000000, 1.000000000000000000, 1.733406087350420004E-16 ) ) ;
#959 = DIRECTION ( 'NONE',  ( -1.000000000000000000, -0.000000000000000000, 0.000000000000000000 ) ) ;
#960 = ORIENTED_EDGE ( 'NONE', *, *, #2385, .F. ) ;
#961 = CARTESIAN_POINT ( 'NONE',  ( -2.920999999999999819, 8.064500000000002444, -0.8890000000000000124 ) ) ;
#962 = CARTESIAN_POINT ( 'NONE',  ( -1.269999999999999796, -8.578981026812224210E-17, 2.158999999999999364 ) ) ;
#963 = DIRECTION ( 'NONE',  ( -1.000000000000000000, 0.000000000000000000, 0.000000000000000000 ) ) ;
#964 = ADVANCED_FACE ( 'NONE', ( #3266 ), #102, .F. ) ;
#965 = EDGE_CURVE ( 'NONE', #2147, #1386, #1182, .T. ) ;
#966 =( NAMED_UNIT ( * ) PLANE_ANGLE_UNIT ( ) SI_UNIT ( $, .RADIAN. ) );
#967 = PLANE ( 'NONE',  #2327 ) ;
#968 = VECTOR ( 'NONE', #2061, 1000.000000000000000 ) ;
#969 = VERTEX_POINT ( 'NONE', #124 ) ;
#970 = CARTESIAN_POINT ( 'NONE',  ( 4.064000000000000057, 6.505213034913026604E-16, -2.540000000000000924 ) ) ;
#971 = AXIS2_PLACEMENT_3D ( 'NONE', #1278, #1227, #3441 ) ;
#972 = DIRECTION ( 'NONE',  ( 0.000000000000000000, -0.000000000000000000, -1.000000000000000000 ) ) ;
#973 = LINE ( 'NONE', #2311, #3131 ) ;
#974 = ORIENTED_EDGE ( 'NONE', *, *, #2788, .T. ) ;
#975 = VECTOR ( 'NONE', #2441, 1000.000000000000000 ) ;
#976 = DIRECTION ( 'NONE',  ( -1.000000000000000000, -0.000000000000000000, 0.000000000000000000 ) ) ;
#977 = VECTOR ( 'NONE', #1550, 1000.000000000000000 ) ;
#978 = ORIENTED_EDGE ( 'NONE', *, *, #3084, .F. ) ;
#979 = EDGE_CURVE ( 'NONE', #771, #3486, #1702, .T. ) ;
#980 =( NAMED_UNIT ( * ) PLANE_ANGLE_UNIT ( ) SI_UNIT ( $, .RADIAN. ) );
#981 = CARTESIAN_POINT ( 'NONE',  ( 0.3809999999999989506, 7.239000000000000767, -0.8890000000000001235 ) ) ;
#982 = CARTESIAN_POINT ( 'NONE',  ( -0.1961031209927686925, -3.200400000000000134, -1.066800000000000415 ) ) ;
#983 = FACE_OUTER_BOUND ( 'NONE', #758, .T. ) ;
#984 = PRODUCT_DEFINITION_CONTEXT ( 'detailed design', #723, 'design' ) ;
#985 = LINE ( 'NONE', #713, #2198 ) ;
#986 = ADVANCED_FACE ( 'NONE', ( #921 ), #684, .F. ) ;
#987 = DIRECTION ( 'NONE',  ( 0.5773502691896263972, -0.5773502691896253980, -0.5773502691896253980 ) ) ;
#988 = ORIENTED_EDGE ( 'NONE', *, *, #3506, .T. ) ;
#989 = CARTESIAN_POINT ( 'NONE',  ( 3.810000000000000053, 4.336808689942017736E-16, -2.159000000000001140 ) ) ;
#990 = CARTESIAN_POINT ( 'NONE',  ( -4.064000000000000057, 0.5080000000000006732, -2.022881810244994583 ) ) ;
#991 = ORIENTED_EDGE ( 'NONE', *, *, #893, .F. ) ;
#992 = EDGE_LOOP ( 'NONE', ( #2312, #1645, #2278, #1985, #2523, #930, #822, #1057 ) ) ;
#993 = FACE_OUTER_BOUND ( 'NONE', #534, .T. ) ;
#994 = ORIENTED_EDGE ( 'NONE', *, *, #265, .T. ) ;
#995 = EDGE_CURVE ( 'NONE', #2249, #2418, #1685, .T. ) ;
#996 = CARTESIAN_POINT ( 'NONE',  ( 3.810000000000000497, 0.5080000000000006732, -2.022881810244994583 ) ) ;
#997 = VERTEX_POINT ( 'NONE', #381 ) ;
#998 = DIRECTION ( 'NONE',  ( -1.000000000000000000, -0.000000000000000000, -0.000000000000000000 ) ) ;
#999 = CARTESIAN_POINT ( 'NONE',  ( -2.920999999999999819, 8.064499999999998892, 0.8889999999999999014 ) ) ;
#1000 = VECTOR ( 'NONE', #437, 1000.000000000000000 ) ;
#1001 = LINE ( 'NONE', #3167, #3180 ) ;
#1002 = STYLED_ITEM ( 'NONE', ( #3019 ), #925 ) ;
#1003 = DIRECTION ( 'NONE',  ( -0.000000000000000000, 1.000000000000000000, 1.733406087350420004E-16 ) ) ;
#1004 = EDGE_LOOP ( 'NONE', ( #1761, #2349, #1232, #910 ) ) ;
#1005 = PLANE ( 'NONE',  #726 ) ;
#1006 = ADVANCED_FACE ( 'NONE', ( #2802 ), #363, .F. ) ;
#1007 = CARTESIAN_POINT ( 'NONE',  ( 2.159000000000000252, 7.239000000000000767, -0.8890000000000001235 ) ) ;
#1008 = ORIENTED_EDGE ( 'NONE', *, *, #1437, .T. ) ;
#1009 = VERTEX_POINT ( 'NONE', #3052 ) ;
#1010 = EDGE_CURVE ( 'NONE', #3029, #3437, #2859, .T. ) ;
#1011 = EDGE_CURVE ( 'NONE', #3069, #1049, #3388, .T. ) ;
#1012 = LINE ( 'NONE', #2913, #70 ) ;
#1013 = ORIENTED_EDGE ( 'NONE', *, *, #1366, .F. ) ;
#1014 = CARTESIAN_POINT ( 'NONE',  ( -2.159000000000001140, 7.239000000000000767, -0.8890000000000001235 ) ) ;
#1015 = EDGE_LOOP ( 'NONE', ( #608, #2377, #659, #321 ) ) ;
#1016 = LINE ( 'NONE', #749, #2961 ) ;
#1017 = DIRECTION ( 'NONE',  ( -1.000000000000000000, -0.000000000000000000, -0.000000000000000000 ) ) ;
#1018 = PLANE ( 'NONE',  #1357 ) ;
#1019 = CARTESIAN_POINT ( 'NONE',  ( -2.413000000000001588, 7.810499999999998444, 1.143000000000000238 ) ) ;
#1020 = ORIENTED_EDGE ( 'NONE', *, *, #3282, .T. ) ;
#1021 = EDGE_CURVE ( 'NONE', #2225, #1061, #1438, .T. ) ;
#1022 = FACE_OUTER_BOUND ( 'NONE', #272, .T. ) ;
#1023 = CARTESIAN_POINT ( 'NONE',  ( 4.064000000000000057, 0.000000000000000000, 2.539999999999999147 ) ) ;
#1024 = AXIS2_PLACEMENT_3D ( 'NONE', #756, #1542, #3400 ) ;
#1025 = ORIENTED_EDGE ( 'NONE', *, *, #3494, .F. ) ;
#1026 = ORIENTED_EDGE ( 'NONE', *, *, #1724, .F. ) ;
#1027 = VECTOR ( 'NONE', #2823, 1000.000000000000000 ) ;
#1028 = FACE_OUTER_BOUND ( 'NONE', #2079, .T. ) ;
#1029 = VECTOR ( 'NONE', #2906, 1000.000000000000000 ) ;
#1030 = ORIENTED_EDGE ( 'NONE', *, *, #2900, .F. ) ;
#1031 = ADVANCED_FACE ( 'NONE', ( #1149 ), #2013, .F. ) ;
#1032 = VECTOR ( 'NONE', #1667, 999.9999999999998863 ) ;
#1033 = VECTOR ( 'NONE', #1201, 1000.000000000000000 ) ;
#1034 = ORIENTED_EDGE ( 'NONE', *, *, #2798, .T. ) ;
#1035 = CARTESIAN_POINT ( 'NONE',  ( 1.270000000000000240, 6.505213034913026604E-16, -2.540000000000000924 ) ) ;
#1036 = VECTOR ( 'NONE', #3451, 1000.000000000000000 ) ;
#1037 = VECTOR ( 'NONE', #2510, 1000.000000000000000 ) ;
#1038 = CARTESIAN_POINT ( 'NONE',  ( 1.270000000000000240, 0.5080000000000000071, 2.022881810244992806 ) ) ;
#1039 = CARTESIAN_POINT ( 'NONE',  ( -2.920999999999999819, 8.064500000000002444, -1.650999999999999801 ) ) ;
#1040 = VERTEX_POINT ( 'NONE', #3317 ) ;
#1041 = LINE ( 'NONE', #970, #1185 ) ;
#1042 = EDGE_CURVE ( 'NONE', #757, #1319, #662, .T. ) ;
#1043 = CARTESIAN_POINT ( 'NONE',  ( -4.064000000000000057, 0.000000000000000000, 2.539999999999999147 ) ) ;
#1044 = ORIENTED_EDGE ( 'NONE', *, *, #3026, .F. ) ;
#1045 = CARTESIAN_POINT ( 'NONE',  ( 2.920999999999998931, 8.064499999999998892, 1.651000000000000023 ) ) ;
#1046 = ORIENTED_EDGE ( 'NONE', *, *, #1657, .F. ) ;
#1047 = SHAPE_DEFINITION_REPRESENTATION ( #2307, #2065 ) ;
#1048 = EDGE_CURVE ( 'NONE', #800, #383, #346, .T. ) ;
#1049 = VERTEX_POINT ( 'NONE', #897 ) ;
#1050 = PRESENTATION_LAYER_ASSIGNMENT (  '', '', ( #586 ) ) ;
#1051 =( LENGTH_UNIT ( ) NAMED_UNIT ( * ) SI_UNIT ( .MILLI., .METRE. ) );
#1052 = DIRECTION ( 'NONE',  ( 0.000000000000000000, -0.9659258262890700886, 0.2588190451025140781 ) ) ;
#1053 = DIRECTION ( 'NONE',  ( 0.000000000000000000, -1.000000000000000000, -2.338910953479677683E-16 ) ) ;
#1054 = ORIENTED_EDGE ( 'NONE', *, *, #1010, .T. ) ;
#1055 = LINE ( 'NONE', #2127, #2316 ) ;
#1056 = LINE ( 'NONE', #1623, #1573 ) ;
#1057 = ORIENTED_EDGE ( 'NONE', *, *, #1305, .F. ) ;
#1058 = ORIENTED_EDGE ( 'NONE', *, *, #1704, .F. ) ;
#1059 = EDGE_CURVE ( 'NONE', #243, #880, #3073, .T. ) ;
#1060 = LINE ( 'NONE', #3048, #1097 ) ;
#1061 = VERTEX_POINT ( 'NONE', #2837 ) ;
#1062 = VERTEX_POINT ( 'NONE', #2529 ) ;
#1063 = FACE_OUTER_BOUND ( 'NONE', #3028, .T. ) ;
#1064 = DIRECTION ( 'NONE',  ( -0.000000000000000000, 0.2588190451025140781, 0.9659258262890700886 ) ) ;
#1065 = DIRECTION ( 'NONE',  ( -1.000000000000000000, 0.000000000000000000, 0.000000000000000000 ) ) ;
#1066 = ORIENTED_EDGE ( 'NONE', *, *, #366, .F. ) ;
#1067 = EDGE_CURVE ( 'NONE', #1468, #645, #1477, .T. ) ;
#1068 = EDGE_CURVE ( 'NONE', #1312, #3146, #2029, .T. ) ;
#1069 = LINE ( 'NONE', #2143, #902 ) ;
#1070 = DIRECTION ( 'NONE',  ( 0.000000000000000000, 1.000000000000000000, -1.019346266292635338E-16 ) ) ;
#1071 = ORIENTED_EDGE ( 'NONE', *, *, #1657, .T. ) ;
#1072 = ORIENTED_EDGE ( 'NONE', *, *, #1314, .T. ) ;
#1073 = CARTESIAN_POINT ( 'NONE',  ( -1.269999999999999796, 0.000000000000000000, 2.539999999999999147 ) ) ;
#1074 = SHAPE_REPRESENTATION ( 'Pin - Tin', ( #2334 ), #1928 ) ;
#1075 = CARTESIAN_POINT ( 'NONE',  ( 0.8255000000000002336, 8.509000000000000341, -2.095500000000001695 ) ) ;
#1076 = VERTEX_POINT ( 'NONE', #2875 ) ;
#1077 = VECTOR ( 'NONE', #332, 1000.000000000000000 ) ;
#1078 = LINE ( 'NONE', #2997, #937 ) ;
#1079 = VECTOR ( 'NONE', #121, 1000.000000000000000 ) ;
#1080 = EDGE_CURVE ( 'NONE', #715, #1987, #1778, .T. ) ;
#1081 = EDGE_LOOP ( 'NONE', ( #79, #2659, #481, #2835, #2313, #3442 ) ) ;
#1082 = CARTESIAN_POINT ( 'NONE',  ( 0.3810000000000000053, -2.692399999999994797, -1.066800000000000415 ) ) ;
#1083 = STYLED_ITEM ( 'NONE', ( #1483 ), #3261 ) ;
#1084 = DIRECTION ( 'NONE',  ( 0.000000000000000000, -0.9659258262890701996, -0.2588190451025140226 ) ) ;
#1085 = LINE ( 'NONE', #3321, #1528 ) ;
#1086 = ORIENTED_EDGE ( 'NONE', *, *, #327, .T. ) ;
#1087 = CARTESIAN_POINT ( 'NONE',  ( 1.270000000000000240, -8.578981026812224210E-17, 2.158999999999999364 ) ) ;
#1088 = PLANE ( 'NONE',  #2487 ) ;
#1089 = EDGE_CURVE ( 'NONE', #2704, #2889, #772, .T. ) ;
#1090 = ORIENTED_EDGE ( 'NONE', *, *, #2372, .F. ) ;
#1091 = VERTEX_POINT ( 'NONE', #720 ) ;
#1092 = VECTOR ( 'NONE', #1275, 1000.000000000000000 ) ;
#1093 = DIRECTION ( 'NONE',  ( -1.000000000000000000, 0.000000000000000000, 0.000000000000000000 ) ) ;
#1094 = CARTESIAN_POINT ( 'NONE',  ( 0.1269999999999990858, 7.810499999999998444, 1.397000000000000464 ) ) ;
#1095 = ORIENTED_EDGE ( 'NONE', *, *, #1108, .T. ) ;
#1096 = CARTESIAN_POINT ( 'NONE',  ( 0.3809999999999989506, 8.064500000000002444, -0.8890000000000001235 ) ) ;
#1097 = VECTOR ( 'NONE', #1969, 1000.000000000000000 ) ;
#1098 = ORIENTED_EDGE ( 'NONE', *, *, #920, .F. ) ;
#1099 = CARTESIAN_POINT ( 'NONE',  ( -4.064000000000000057, 0.000000000000000000, 2.539999999999999147 ) ) ;
#1100 = EDGE_CURVE ( 'NONE', #2801, #819, #502, .T. ) ;
#1101 = FACE_OUTER_BOUND ( 'NONE', #2812, .T. ) ;
#1102 = DIRECTION ( 'NONE',  ( -1.000000000000000000, -0.000000000000000000, -0.000000000000000000 ) ) ;
#1103 = PLANE ( 'NONE',  #326 ) ;
#1104 = PLANE ( 'NONE',  #2896 ) ;
#1105 = CARTESIAN_POINT ( 'NONE',  ( -2.159000000000001140, 8.064500000000002444, -0.8890000000000000124 ) ) ;
#1106 = ORIENTED_EDGE ( 'NONE', *, *, #1715, .F. ) ;
#1107 = ORIENTED_EDGE ( 'NONE', *, *, #2874, .T. ) ;
#1108 = EDGE_CURVE ( 'NONE', #576, #3083, #1578, .T. ) ;
#1109 = DIRECTION ( 'NONE',  ( 0.000000000000000000, -0.9659258262890701996, -0.2588190451025140226 ) ) ;
#1110 = CARTESIAN_POINT ( 'NONE',  ( -3.810000000000000053, 0.5080000000000000071, 2.022881810244992806 ) ) ;
#1111 = VERTEX_POINT ( 'NONE', #703 ) ;
#1112 = ADVANCED_FACE ( 'NONE', ( #1509 ), #3176, .F. ) ;
#1113 = PLANE ( 'NONE',  #2522 ) ;
#1114 = ORIENTED_EDGE ( 'NONE', *, *, #593, .T. ) ;
#1115 = LINE ( 'NONE', #2984, #288 ) ;
#1116 = CARTESIAN_POINT ( 'NONE',  ( 0.3810000000000000053, 0.5079999999999997851, 1.473200000000000953 ) ) ;
#1117 = CARTESIAN_POINT ( 'NONE',  ( 0.8255000000000002336, 8.509000000000000341, -2.540000000000001812 ) ) ;
#1118 = ORIENTED_EDGE ( 'NONE', *, *, #3506, .F. ) ;
#1119 = AXIS2_PLACEMENT_3D ( 'NONE', #3327, #2815, #377 ) ;
#1120 = DIRECTION ( 'NONE',  ( 0.000000000000000000, 0.000000000000000000, -1.000000000000000000 ) ) ;
#1121 = LINE ( 'NONE', #548, #1637 ) ;
#1122 = ORIENTED_EDGE ( 'NONE', *, *, #1333, .T. ) ;
#1123 = ADVANCED_FACE ( 'NONE', ( #157 ), #2891, .F. ) ;
#1124 = ORIENTED_EDGE ( 'NONE', *, *, #508, .T. ) ;
#1125 = CLOSED_SHELL ( 'NONE', ( #338, #2519, #206, #2752, #185, #2626, #3488, #348, #2634, #186, #986, #2677, #2210, #1269, #10, #1784, #2239, #1294, #2998, #216, #2175, #1006, #3171, #37, #887, #1287, #11, #559 ) ) ;
#1126 = CARTESIAN_POINT ( 'NONE',  ( 3.810000000000000497, 8.509000000000000341, -0.4444999999999982854 ) ) ;
#1127 = PLANE ( 'NONE',  #1751 ) ;
#1128 = VERTEX_POINT ( 'NONE', #2353 ) ;
#1129 = DIRECTION ( 'NONE',  ( 0.000000000000000000, 0.000000000000000000, -1.000000000000000000 ) ) ;
#1130 = EDGE_CURVE ( 'NONE', #1298, #1558, #487, .T. ) ;
#1131 = VECTOR ( 'NONE', #2651, 1000.000000000000000 ) ;
#1132 = ORIENTED_EDGE ( 'NONE', *, *, #1788, .F. ) ;
#1133 = DIRECTION ( 'NONE',  ( 1.000000000000000000, 0.000000000000000000, 0.000000000000000000 ) ) ;
#1134 = PLANE ( 'NONE',  #2436 ) ;
#1135 = FACE_OUTER_BOUND ( 'NONE', #3427, .T. ) ;
#1136 = AXIS2_PLACEMENT_3D ( 'NONE', #155, #3367, #2010 ) ;
#1137 = DIRECTION ( 'NONE',  ( 0.7071067811865467956, -0.7071067811865482389, 0.000000000000000000 ) ) ;
#1138 = PRESENTATION_LAYER_ASSIGNMENT (  '', '', ( #1083 ) ) ;
#1139 = VECTOR ( 'NONE', #2656, 1000.000000000000000 ) ;
#1140 = CARTESIAN_POINT ( 'NONE',  ( 0.3810000000000000053, 0.5079999999999997851, -1.473200000000000953 ) ) ;
#1141 = ORIENTED_EDGE ( 'NONE', *, *, #3456, .T. ) ;
#1142 = ORIENTED_EDGE ( 'NONE', *, *, #498, .T. ) ;
#1143 = VECTOR ( 'NONE', #3297, 1000.000000000000000 ) ;
#1144 = EDGE_CURVE ( 'NONE', #319, #1312, #3145, .T. ) ;
#1145 = CARTESIAN_POINT ( 'NONE',  ( 2.666999999999998927, 7.810499999999998444, 1.143000000000000238 ) ) ;
#1146 = LINE ( 'NONE', #915, #127 ) ;
#1147 = CARTESIAN_POINT ( 'NONE',  ( 1.270000000000000240, 6.505213034913026604E-16, -2.540000000000000924 ) ) ;
#1148 = ORIENTED_EDGE ( 'NONE', *, *, #583, .T. ) ;
#1149 = FACE_OUTER_BOUND ( 'NONE', #1415, .T. ) ;
#1150 = PLANE ( 'NONE',  #3331 ) ;
#1151 = EDGE_LOOP ( 'NONE', ( #1276, #941, #1664, #2553 ) ) ;
#1152 = FACE_OUTER_BOUND ( 'NONE', #1592, .T. ) ;
#1153 = ADVANCED_FACE ( 'NONE', ( #993 ), #2627, .T. ) ;
#1154 = LINE ( 'NONE', #34, #2612 ) ;
#1155 = FACE_OUTER_BOUND ( 'NONE', #1630, .T. ) ;
#1156 = LINE ( 'NONE', #635, #1965 ) ;
#1157 = VECTOR ( 'NONE', #2931, 1000.000000000000000 ) ;
#1158 = FACE_OUTER_BOUND ( 'NONE', #1004, .T. ) ;
#1159 = ORIENTED_EDGE ( 'NONE', *, *, #1100, .F. ) ;
#1160 = ORIENTED_EDGE ( 'NONE', *, *, #1885, .T. ) ;
#1161 = CARTESIAN_POINT ( 'NONE',  ( -3.365500000000001268, 8.509000000000000341, -0.4444999999999983409 ) ) ;
#1162 = CARTESIAN_POINT ( 'NONE',  ( 2.920999999999998931, 8.064500000000002444, -0.8890000000000000124 ) ) ;
#1163 = FACE_BOUND ( 'NONE', #648, .T. ) ;
#1164 = ORIENTED_EDGE ( 'NONE', *, *, #1515, .F. ) ;
#1165 = EDGE_CURVE ( 'NONE', #421, #1298, #2643, .T. ) ;
#1166 = DIRECTION ( 'NONE',  ( 0.000000000000000000, 5.691349986800550837E-16, -1.000000000000000000 ) ) ;
#1167 = FACE_OUTER_BOUND ( 'NONE', #2949, .T. ) ;
#1168 = EDGE_LOOP ( 'NONE', ( #2775, #1268, #2438, #196 ) ) ;
#1169 = EDGE_CURVE ( 'NONE', #2295, #1009, #3423, .T. ) ;
#1170 = PLANE ( 'NONE',  #1306 ) ;
#1171 = DIRECTION ( 'NONE',  ( 0.000000000000000000, 1.607907343367028359E-16, -1.000000000000000000 ) ) ;
#1172 = CARTESIAN_POINT ( 'NONE',  ( -0.1961031209927689145, -3.200400000000000134, -1.473199999999999843 ) ) ;
#1173 = CARTESIAN_POINT ( 'NONE',  ( -0.3809999999999998388, 7.239000000000000767, 1.650999999999999801 ) ) ;
#1174 = ORIENTED_EDGE ( 'NONE', *, *, #521, .F. ) ;
#1175 = EDGE_CURVE ( 'NONE', #2231, #2295, #3159, .T. ) ;
#1176 = CARTESIAN_POINT ( 'NONE',  ( 1.270000000000000240, 0.5080000000000006732, -2.022881810244994583 ) ) ;
#1177 = ORIENTED_EDGE ( 'NONE', *, *, #3158, .F. ) ;
#1178 = LINE ( 'NONE', #1471, #2658 ) ;
#1179 = FACE_OUTER_BOUND ( 'NONE', #933, .T. ) ;
#1180 = FACE_OUTER_BOUND ( 'NONE', #1291, .T. ) ;
#1181 = EDGE_LOOP ( 'NONE', ( #211, #1254, #3010, #1008, #787, #2662 ) ) ;
#1182 = LINE ( 'NONE', #1953, #1880 ) ;
#1183 = LINE ( 'NONE', #3318, #2242 ) ;
#1184 = VERTEX_POINT ( 'NONE', #1530 ) ;
#1185 = VECTOR ( 'NONE', #1789, 1000.000000000000000 ) ;
#1186 = EDGE_CURVE ( 'NONE', #837, #2368, #195, .T. ) ;
#1187 = CARTESIAN_POINT ( 'NONE',  ( 1.270000000000000240, 8.509000000000000341, 2.095500000000002139 ) ) ;
#1188 = DIRECTION ( 'NONE',  ( 1.000000000000000000, -0.000000000000000000, -0.000000000000000000 ) ) ;
#1189 = CARTESIAN_POINT ( 'NONE',  ( -0.3810000000000000053, 0.5079999999999997851, -1.473200000000000953 ) ) ;
#1190 = VECTOR ( 'NONE', #3320, 1000.000000000000000 ) ;
#1191 = UNCERTAINTY_MEASURE_WITH_UNIT (LENGTH_MEASURE( 1.000000000000000082E-05 ), #2842, 'distance_accuracy_value', 'NONE');
#1192 = FACE_OUTER_BOUND ( 'NONE', #208, .T. ) ;
#1193 = VECTOR ( 'NONE', #752, 1000.000000000000000 ) ;
#1194 = ORIENTED_EDGE ( 'NONE', *, *, #2798, .F. ) ;
#1195 = CARTESIAN_POINT ( 'NONE',  ( 3.810000000000000053, 8.509000000000000341, -2.540000000000001812 ) ) ;
#1196 = ORIENTED_EDGE ( 'NONE', *, *, #1340, .T. ) ;
#1197 = VECTOR ( 'NONE', #1405, 1000.000000000000000 ) ;
#1198 = VECTOR ( 'NONE', #1791, 1000.000000000000000 ) ;
#1199 = CARTESIAN_POINT ( 'NONE',  ( -0.3809999999999998388, 7.239000000000000767, -1.651000000000000023 ) ) ;
#1200 = EDGE_CURVE ( 'NONE', #689, #2490, #1012, .T. ) ;
#1201 = DIRECTION ( 'NONE',  ( 1.000000000000000000, 0.000000000000000000, 0.000000000000000000 ) ) ;
#1202 = PLANE ( 'NONE',  #2493 ) ;
#1203 = ORIENTED_EDGE ( 'NONE', *, *, #2008, .F. ) ;
#1204 =( REPRESENTATION_RELATIONSHIP ('NONE','NONE', #2065, #2157 ) REPRESENTATION_RELATIONSHIP_WITH_TRANSFORMATION ( #2052 )SHAPE_REPRESENTATION_RELATIONSHIP( ) );
#1205 = DIRECTION ( 'NONE',  ( 0.000000000000000000, -0.9659258262890700886, 0.2588190451025140781 ) ) ;
#1206 = DIRECTION ( 'NONE',  ( -0.000000000000000000, 1.000000000000000000, 1.733406087350420004E-16 ) ) ;
#1207 = ORIENTED_EDGE ( 'NONE', *, *, #458, .F. ) ;
#1208 = CARTESIAN_POINT ( 'NONE',  ( -2.539999999999999591, 0.000000000000000000, 0.000000000000000000 ) ) ;
#1209 = PLANE ( 'NONE',  #971 ) ;
#1210 = FILL_AREA_STYLE ('',( #2825 ) ) ;
#1211 = LINE ( 'NONE', #2792, #2541 ) ;
#1212 = EDGE_CURVE ( 'NONE', #1324, #3223, #213, .T. ) ;
#1213 = DIRECTION ( 'NONE',  ( -0.000000000000000000, 1.000000000000000000, 1.733406087350420004E-16 ) ) ;
#1214 = VECTOR ( 'NONE', #1991, 1000.000000000000000 ) ;
#1215 = PLANE ( 'NONE',  #404 ) ;
#1216 = VERTEX_POINT ( 'NONE', #1045 ) ;
#1217 = DIRECTION ( 'NONE',  ( 0.000000000000000000, -0.000000000000000000, -1.000000000000000000 ) ) ;
#1218 = DIRECTION ( 'NONE',  ( 0.7071067811865467956, -0.7071067811865482389, 0.000000000000000000 ) ) ;
#1219 = FACE_OUTER_BOUND ( 'NONE', #1362, .T. ) ;
#1220 = ORIENTED_EDGE ( 'NONE', *, *, #3417, .T. ) ;
#1221 = DIRECTION ( 'NONE',  ( -1.000000000000000000, 0.000000000000000000, 0.000000000000000000 ) ) ;
#1222 = CARTESIAN_POINT ( 'NONE',  ( -2.920999999999999819, 7.239000000000000767, -0.8890000000000001235 ) ) ;
#1223 = ORIENTED_EDGE ( 'NONE', *, *, #671, .T. ) ;
#1224 = ADVANCED_FACE ( 'NONE', ( #1028 ), #3197, .F. ) ;
#1225 = ADVANCED_FACE ( 'NONE', ( #2471 ), #258, .F. ) ;
#1226 =( GEOMETRIC_REPRESENTATION_CONTEXT ( 3 ) GLOBAL_UNCERTAINTY_ASSIGNED_CONTEXT ( ( #1962 ) ) GLOBAL_UNIT_ASSIGNED_CONTEXT ( ( #821, #1938, #2492 ) ) REPRESENTATION_CONTEXT ( 'NONE', 'WORKASPACE' ) );
#1227 = DIRECTION ( 'NONE',  ( 1.000000000000000000, 0.000000000000000000, -0.000000000000000000 ) ) ;
#1228 = CARTESIAN_POINT ( 'NONE',  ( -1.269999999999999796, 8.509000000000000341, -0.4444999999999982854 ) ) ;
#1229 = DIRECTION ( 'NONE',  ( 0.000000000000000000, 1.000000000000000000, -2.251701056906096594E-16 ) ) ;
#1230 = DIRECTION ( 'NONE',  ( 1.000000000000000000, 0.000000000000000000, 0.000000000000000000 ) ) ;
#1231 = CARTESIAN_POINT ( 'NONE',  ( 2.159000000000000252, 7.239000000000000767, 0.8889999999999997904 ) ) ;
#1232 = ORIENTED_EDGE ( 'NONE', *, *, #2298, .T. ) ;
#1233 = CARTESIAN_POINT ( 'NONE',  ( -2.159000000000001140, 8.064500000000002444, -1.650999999999999801 ) ) ;
#1234 = EDGE_CURVE ( 'NONE', #1620, #2707, #805, .T. ) ;
#1235 = LINE ( 'NONE', #1525, #3136 ) ;
#1236 = CARTESIAN_POINT ( 'NONE',  ( -3.810000000000000053, 0.5080000000000006732, -2.022881810244994583 ) ) ;
#1237 = AXIS2_PLACEMENT_3D ( 'NONE', #1770, #2865, #1500 ) ;
#1238 = ORIENTED_EDGE ( 'NONE', *, *, #1728, .F. ) ;
#1239 = CARTESIAN_POINT ( 'NONE',  ( 0.3810000000000000053, 0.5079999999999998961, -1.066800000000001303 ) ) ;
#1240 = ORIENTED_EDGE ( 'NONE', *, *, #1529, .T. ) ;
#1241 = APPLICATION_PROTOCOL_DEFINITION ( 'draft international standard', 'automotive_design', 1998, #1988 ) ;
#1242 = AXIS2_PLACEMENT_3D ( 'NONE', #999, #710, #3184 ) ;
#1243 = EDGE_CURVE ( 'NONE', #2955, #1468, #2728, .T. ) ;
#1244 = LINE ( 'NONE', #2053, #57 ) ;
#1245 = PLANE ( 'NONE',  #180 ) ;
#1246 = PLANE ( 'NONE',  #3227 ) ;
#1247 = DIRECTION ( 'NONE',  ( -1.000000000000000000, -0.000000000000000000, -0.000000000000000000 ) ) ;
#1248 = DIRECTION ( 'NONE',  ( -0.000000000000000000, 0.2588190451025140781, 0.9659258262890700886 ) ) ;
#1249 = ORIENTED_EDGE ( 'NONE', *, *, #857, .T. ) ;
#1250 = DIRECTION ( 'NONE',  ( 0.000000000000000000, 3.058038798877906014E-16, -1.000000000000000000 ) ) ;
#1251 = AXIS2_PLACEMENT_3D ( 'NONE', #275, #2712, #14 ) ;
#1252 = DIRECTION ( 'NONE',  ( 0.000000000000000000, -5.691349986800550837E-16, 1.000000000000000000 ) ) ;
#1253 = EDGE_LOOP ( 'NONE', ( #2457, #2540, #3201, #1160 ) ) ;
#1254 = ORIENTED_EDGE ( 'NONE', *, *, #1588, .T. ) ;
#1255 = VECTOR ( 'NONE', #263, 1000.000000000000000 ) ;
#1256 = EDGE_CURVE ( 'NONE', #383, #58, #3243, .T. ) ;
#1257 = DIRECTION ( 'NONE',  ( -0.000000000000000000, 0.000000000000000000, -1.000000000000000000 ) ) ;
#1258 = VECTOR ( 'NONE', #74, 1000.000000000000000 ) ;
#1259 = VERTEX_POINT ( 'NONE', #3276 ) ;
#1260 = CARTESIAN_POINT ( 'NONE',  ( 0.3810000000000000053, -3.200400000000000134, -1.066800000000000415 ) ) ;
#1261 = ORIENTED_EDGE ( 'NONE', *, *, #3026, .T. ) ;
#1262 = PLANE ( 'NONE',  #1469 ) ;
#1263 = FACE_OUTER_BOUND ( 'NONE', #325, .T. ) ;
#1264 = VECTOR ( 'NONE', #2064, 1000.000000000000000 ) ;
#1265 = ADVANCED_FACE ( 'NONE', ( #2131 ), #2199, .F. ) ;
#1266 = UNCERTAINTY_MEASURE_WITH_UNIT (LENGTH_MEASURE( 1.000000000000000082E-05 ), #542, 'distance_accuracy_value', 'NONE');
#1267 = CARTESIAN_POINT ( 'NONE',  ( -0.3809999999999998388, 7.239000000000000767, -0.8890000000000001235 ) ) ;
#1268 = ORIENTED_EDGE ( 'NONE', *, *, #1994, .F. ) ;
#1269 = ADVANCED_FACE ( 'NONE', ( #786 ), #1870, .F. ) ;
#1270 = CARTESIAN_POINT ( 'NONE',  ( -0.3809999999999998388, 8.064500000000002444, -0.8890000000000001235 ) ) ;
#1271 = CARTESIAN_POINT ( 'NONE',  ( 1.714499999999999025, 8.509000000000000341, -0.4444999999999983409 ) ) ;
#1272 = ORIENTED_EDGE ( 'NONE', *, *, #1616, .T. ) ;
#1273 = ORIENTED_EDGE ( 'NONE', *, *, #3219, .F. ) ;
#1274 = MECHANICAL_DESIGN_GEOMETRIC_PRESENTATION_REPRESENTATION (  '', ( #3034 ), #1891 ) ;
#1275 = DIRECTION ( 'NONE',  ( 0.000000000000000000, 0.000000000000000000, 1.000000000000000000 ) ) ;
#1276 = ORIENTED_EDGE ( 'NONE', *, *, #1957, .T. ) ;
#1277 = EDGE_CURVE ( 'NONE', #1324, #3198, #1594, .T. ) ;
#1278 = CARTESIAN_POINT ( 'NONE',  ( 0.3810000000000000053, 0.000000000000000000, 0.000000000000000000 ) ) ;
#1279 = EDGE_LOOP ( 'NONE', ( #2274, #2521, #303, #2609 ) ) ;
#1280 = LINE ( 'NONE', #1035, #126 ) ;
#1281 = PLANE ( 'NONE',  #3281 ) ;
#1282 = CARTESIAN_POINT ( 'NONE',  ( -0.3810000000000000053, -2.692399999999994797, -0.000000000000000000 ) ) ;
#1283 = CARTESIAN_POINT ( 'NONE',  ( -0.3810000000000000053, -2.692399999999994797, 1.066800000000000637 ) ) ;
#1284 = EDGE_LOOP ( 'NONE', ( #2932, #2682, #1492, #257 ) ) ;
#1285 = FACE_OUTER_BOUND ( 'NONE', #1496, .T. ) ;
#1286 = PLANE ( 'NONE',  #1818 ) ;
#1287 = ADVANCED_FACE ( 'NONE', ( #2694 ), #1609, .F. ) ;
#1288 = ORIENTED_EDGE ( 'NONE', *, *, #2819, .F. ) ;
#1289 = ORIENTED_EDGE ( 'NONE', *, *, #261, .T. ) ;
#1290 = CARTESIAN_POINT ( 'NONE',  ( -1.269999999999999796, 0.000000000000000000, 2.539999999999999147 ) ) ;
#1291 = EDGE_LOOP ( 'NONE', ( #3390, #2624, #59, #1174 ) ) ;
#1292 = APPLICATION_PROTOCOL_DEFINITION ( 'draft international standard', 'automotive_design', 1998, #2534 ) ;
#1293 = EDGE_LOOP ( 'NONE', ( #12, #2991, #3226, #1273 ) ) ;
#1294 = ADVANCED_FACE ( 'NONE', ( #2978 ), #1628, .F. ) ;
#1295 = LINE ( 'NONE', #2719, #1406 ) ;
#1296 = VECTOR ( 'NONE', #2094, 1000.000000000000000 ) ;
#1297 = PLANE ( 'NONE',  #4 ) ;
#1298 = VERTEX_POINT ( 'NONE', #1646 ) ;
#1299 = DIRECTION ( 'NONE',  ( 0.000000000000000000, 0.000000000000000000, -1.000000000000000000 ) ) ;
#1300 = FACE_OUTER_BOUND ( 'NONE', #477, .T. ) ;
#1301 = LINE ( 'NONE', #2855, #3006 ) ;
#1302 = VECTOR ( 'NONE', #1230, 1000.000000000000000 ) ;
#1303 = ORIENTED_EDGE ( 'NONE', *, *, #1743, .T. ) ;
#1304 = ORIENTED_EDGE ( 'NONE', *, *, #517, .F. ) ;
#1305 = EDGE_CURVE ( 'NONE', #899, #3486, #293, .T. ) ;
#1306 = AXIS2_PLACEMENT_3D ( 'NONE', #633, #1958, #2753 ) ;
#1307 = DIRECTION ( 'NONE',  ( -0.000000000000000000, 1.000000000000000000, 0.000000000000000000 ) ) ;
#1308 = VECTOR ( 'NONE', #1663, 1000.000000000000000 ) ;
#1309 = ORIENTED_EDGE ( 'NONE', *, *, #3391, .F. ) ;
#1310 = VECTOR ( 'NONE', #1188, 1000.000000000000000 ) ;
#1311 = VECTOR ( 'NONE', #419, 1000.000000000000000 ) ;
#1312 = VERTEX_POINT ( 'NONE', #1384 ) ;
#1313 =( NAMED_UNIT ( * ) PLANE_ANGLE_UNIT ( ) SI_UNIT ( $, .RADIAN. ) );
#1314 = EDGE_CURVE ( 'NONE', #2841, #2700, #2710, .T. ) ;
#1315 = DIRECTION ( 'NONE',  ( 1.000000000000000000, 0.000000000000000000, 0.000000000000000000 ) ) ;
#1316 = EDGE_LOOP ( 'NONE', ( #2027, #677, #1431, #3300 ) ) ;
#1317 = LINE ( 'NONE', #2402, #110 ) ;
#1318 = DIRECTION ( 'NONE',  ( -0.000000000000000000, -2.667820306312759283E-16, 1.000000000000000000 ) ) ;
#1319 = VERTEX_POINT ( 'NONE', #2440 ) ;
#1320 = EDGE_LOOP ( 'NONE', ( #1388, #3458, #2120, #3170 ) ) ;
#1321 = DIRECTION ( 'NONE',  ( -1.000000000000000000, 0.000000000000000000, 0.000000000000000000 ) ) ;
#1322 = EDGE_LOOP ( 'NONE', ( #2437, #1071, #295, #2272, #1194, #1272 ) ) ;
#1323 = EDGE_CURVE ( 'NONE', #1582, #2418, #2151, .T. ) ;
#1324 = VERTEX_POINT ( 'NONE', #1073 ) ;
#1325 = CARTESIAN_POINT ( 'NONE',  ( 0.3809999999999989506, 7.239000000000000767, -1.651000000000000023 ) ) ;
#1326 = DIRECTION ( 'NONE',  ( -1.000000000000000000, -0.000000000000000000, -0.000000000000000000 ) ) ;
#1327 = CARTESIAN_POINT ( 'NONE',  ( 1.270000000000000240, 8.509000000000000341, -2.540000000000001812 ) ) ;
#1328 = ORIENTED_EDGE ( 'NONE', *, *, #1729, .F. ) ;
#1329 = CARTESIAN_POINT ( 'NONE',  ( 3.810000000000000497, 0.000000000000000000, 2.539999999999999147 ) ) ;
#1330 = CARTESIAN_POINT ( 'NONE',  ( -2.666999999999999815, 7.810499999999998444, 1.143000000000000238 ) ) ;
#1331 = EDGE_LOOP ( 'NONE', ( #3245, #599, #532, #1635 ) ) ;
#1332 = ORIENTED_EDGE ( 'NONE', *, *, #2071, .T. ) ;
#1333 = EDGE_CURVE ( 'NONE', #3387, #1582, #2180, .T. ) ;
#1334 = CARTESIAN_POINT ( 'NONE',  ( -0.3809999999999998388, 7.239000000000000767, 0.8889999999999997904 ) ) ;
#1335 = DIRECTION ( 'NONE',  ( 0.000000000000000000, -5.691349986800550837E-16, 1.000000000000000000 ) ) ;
#1336 = ORIENTED_EDGE ( 'NONE', *, *, #1401, .F. ) ;
#1337 = FACE_OUTER_BOUND ( 'NONE', #173, .T. ) ;
#1338 = ORIENTED_EDGE ( 'NONE', *, *, #366, .T. ) ;
#1339 = LINE ( 'NONE', #2496, #1411 ) ;
#1340 = EDGE_CURVE ( 'NONE', #3387, #1365, #13, .T. ) ;
#1341 = CARTESIAN_POINT ( 'NONE',  ( 3.810000000000000497, -8.578981026812224210E-17, 2.158999999999999364 ) ) ;
#1342 = PLANE ( 'NONE',  #2095 ) ;
#1343 = ORIENTED_EDGE ( 'NONE', *, *, #2933, .F. ) ;
#1344 = CARTESIAN_POINT ( 'NONE',  ( 2.920999999999998931, 8.064500000000002444, -0.8890000000000001235 ) ) ;
#1345 = CARTESIAN_POINT ( 'NONE',  ( -4.064000000000000057, 0.5080000000000000071, 2.022881810244992806 ) ) ;
#1346 = ORIENTED_EDGE ( 'NONE', *, *, #227, .F. ) ;
#1347 = VERTEX_POINT ( 'NONE', #3489 ) ;
#1348 = CARTESIAN_POINT ( 'NONE',  ( -2.920999999999999819, 8.064499999999998892, 1.651000000000000023 ) ) ;
#1349 = PLANE ( 'NONE',  #617 ) ;
#1350 = VERTEX_POINT ( 'NONE', #587 ) ;
#1351 = EDGE_CURVE ( 'NONE', #30, #640, #1934, .T. ) ;
#1352 = VECTOR ( 'NONE', #2300, 1000.000000000000000 ) ;
#1353 = VECTOR ( 'NONE', #2800, 1000.000000000000000 ) ;
#1354 = VERTEX_POINT ( 'NONE', #2678 ) ;
#1355 = DIRECTION ( 'NONE',  ( 0.000000000000000000, 1.000000000000000000, 3.058038798877906014E-16 ) ) ;
#1356 = VECTOR ( 'NONE', #2378, 1000.000000000000114 ) ;
#1357 = AXIS2_PLACEMENT_3D ( 'NONE', #3379, #2618, #466 ) ;
#1358 = FILL_AREA_STYLE ('',( #1600 ) ) ;
#1359 = EDGE_CURVE ( 'NONE', #541, #2759, #1060, .T. ) ;
#1360 = DIRECTION ( 'NONE',  ( 0.000000000000000000, 0.000000000000000000, 1.000000000000000000 ) ) ;
#1361 = VECTOR ( 'NONE', #2588, 1000.000000000000000 ) ;
#1362 = EDGE_LOOP ( 'NONE', ( #159, #2104, #582, #95 ) ) ;
#1363 = CARTESIAN_POINT ( 'NONE',  ( 3.810000000000000497, 8.509000000000000341, 2.540000000000001812 ) ) ;
#1364 = DIRECTION ( 'NONE',  ( 0.000000000000000000, 1.000000000000000000, -2.251701056906096594E-16 ) ) ;
#1365 = VERTEX_POINT ( 'NONE', #1162 ) ;
#1366 = EDGE_CURVE ( 'NONE', #2885, #2048, #1473, .T. ) ;
#1367 = ORIENTED_EDGE ( 'NONE', *, *, #789, .T. ) ;
#1368 = VECTOR ( 'NONE', #310, 1000.000000000000000 ) ;
#1369 = DIRECTION ( 'NONE',  ( 0.000000000000000000, -1.000000000000000000, -3.058038798877906014E-16 ) ) ;
#1370 = CARTESIAN_POINT ( 'NONE',  ( 3.810000000000000053, 6.505213034913026604E-16, -2.540000000000000924 ) ) ;
#1371 = ORIENTED_EDGE ( 'NONE', *, *, #1502, .T. ) ;
#1372 = CARTESIAN_POINT ( 'NONE',  ( -1.269999999999999796, 4.336808689942017736E-16, -2.159000000000001140 ) ) ;
#1373 = EDGE_LOOP ( 'NONE', ( #2257, #2586, #2674, #3213 ) ) ;
#1374 = CARTESIAN_POINT ( 'NONE',  ( 0.000000000000000000, 0.000000000000000000, 0.000000000000000000 ) ) ;
#1375 = EDGE_CURVE ( 'NONE', #3264, #3436, #81, .T. ) ;
#1376 = FACE_OUTER_BOUND ( 'NONE', #1952, .T. ) ;
#1377 = CARTESIAN_POINT ( 'NONE',  ( 3.810000000000000497, 8.509000000000000341, 0.4444999999999970086 ) ) ;
#1378 = ORIENTED_EDGE ( 'NONE', *, *, #2248, .F. ) ;
#1379 = CARTESIAN_POINT ( 'NONE',  ( 2.920999999999998931, 8.064500000000002444, -1.650999999999999801 ) ) ;
#1380 = DIRECTION ( 'NONE',  ( 0.000000000000000000, 0.000000000000000000, -1.000000000000000000 ) ) ;
#1381 = ORIENTED_EDGE ( 'NONE', *, *, #2071, .F. ) ;
#1382 = EDGE_LOOP ( 'NONE', ( #1240, #144, #638, #2767 ) ) ;
#1383 = ADVANCED_FACE ( 'NONE', ( #1679 ), #2779, .F. ) ;
#1384 = CARTESIAN_POINT ( 'NONE',  ( 0.3810000000000000053, 0.5079999999999998961, -1.066800000000001303 ) ) ;
#1385 = DIRECTION ( 'NONE',  ( 0.000000000000000000, 1.733406087350420004E-16, -1.000000000000000000 ) ) ;
#1386 = VERTEX_POINT ( 'NONE', #1662 ) ;
#1387 = CARTESIAN_POINT ( 'NONE',  ( 1.270000000000000240, 8.509000000000000341, 2.540000000000001812 ) ) ;
#1388 = ORIENTED_EDGE ( 'NONE', *, *, #141, .T. ) ;
#1389 = CARTESIAN_POINT ( 'NONE',  ( 1.270000000000000240, 4.336808689942017736E-16, -2.159000000000001140 ) ) ;
#1390 = CARTESIAN_POINT ( 'NONE',  ( 3.810000000000000053, 0.5080000000000000071, 2.022881810244992806 ) ) ;
#1391 = DIRECTION ( 'NONE',  ( 0.000000000000000000, -1.000000000000000000, 1.019346266292635338E-16 ) ) ;
#1392 = ORIENTED_EDGE ( 'NONE', *, *, #1256, .F. ) ;
#1393 = EDGE_CURVE ( 'NONE', #3259, #1777, #2276, .T. ) ;
#1394 = DIRECTION ( 'NONE',  ( -0.000000000000000000, 1.000000000000000000, 1.733406087350420004E-16 ) ) ;
#1395 = ORIENTED_EDGE ( 'NONE', *, *, #1144, .F. ) ;
#1396 = ORIENTED_EDGE ( 'NONE', *, *, #1011, .T. ) ;
#1397 = FACE_OUTER_BOUND ( 'NONE', #1168, .T. ) ;
#1398 = LINE ( 'NONE', #1735, #523 ) ;
#1399 = CARTESIAN_POINT ( 'NONE',  ( 0.3809999999999989506, 8.064499999999998892, 1.650999999999999801 ) ) ;
#1400 = ORIENTED_EDGE ( 'NONE', *, *, #3316, .F. ) ;
#1401 = EDGE_CURVE ( 'NONE', #645, #299, #657, .T. ) ;
#1402 = PLANE ( 'NONE',  #2458 ) ;
#1403 = VECTOR ( 'NONE', #514, 1000.000000000000114 ) ;
#1404 = ORIENTED_EDGE ( 'NONE', *, *, #3155, .F. ) ;
#1405 = DIRECTION ( 'NONE',  ( 0.000000000000000000, 0.000000000000000000, 1.000000000000000000 ) ) ;
#1406 = VECTOR ( 'NONE', #3003, 1000.000000000000000 ) ;
#1407 = DIRECTION ( 'NONE',  ( 0.000000000000000000, -1.000000000000000000, 1.019346266292635338E-16 ) ) ;
#1408 = LINE ( 'NONE', #1377, #1258 ) ;
#1409 = VECTOR ( 'NONE', #818, 1000.000000000000114 ) ;
#1410 = DIRECTION ( 'NONE',  ( 0.000000000000000000, -0.9659258262890700886, 0.2588190451025140781 ) ) ;
#1411 = VECTOR ( 'NONE', #1133, 1000.000000000000000 ) ;
#1412 = EDGE_CURVE ( 'NONE', #1446, #619, #2567, .T. ) ;
#1413 = DIRECTION ( 'NONE',  ( -0.000000000000000000, 1.000000000000000000, 1.733406087350420004E-16 ) ) ;
#1414 = ORIENTED_EDGE ( 'NONE', *, *, #3435, .T. ) ;
#1415 = EDGE_LOOP ( 'NONE', ( #339, #1476, #550, #1607 ) ) ;
#1416 = COLOUR_RGB ( '',0.7921568627450980005, 0.8196078431372548767, 0.9333333333333333481 ) ;
#1417 = VECTOR ( 'NONE', #958, 1000.000000000000000 ) ;
#1418 = DIRECTION ( 'NONE',  ( 0.000000000000000000, 2.923638691849597351E-16, -1.000000000000000000 ) ) ;
#1419 = CARTESIAN_POINT ( 'NONE',  ( -3.810000000000000053, 8.509000000000000341, -2.540000000000001812 ) ) ;
#1420 = LINE ( 'NONE', #2780, #794 ) ;
#1421 = ORIENTED_EDGE ( 'NONE', *, *, #574, .F. ) ;
#1422 = LINE ( 'NONE', #3127, #3220 ) ;
#1423 = ORIENTED_EDGE ( 'NONE', *, *, #3002, .T. ) ;
#1424 = FILL_AREA_STYLE ('',( #88 ) ) ;
#1425 = ADVANCED_FACE ( 'NONE', ( #3067 ), #892, .F. ) ;
#1426 = EDGE_CURVE ( 'NONE', #819, #225, #1950, .T. ) ;
#1427 = CARTESIAN_POINT ( 'NONE',  ( 2.159000000000000252, 7.239000000000000767, -0.8890000000000001235 ) ) ;
#1428 = CARTESIAN_POINT ( 'NONE',  ( -2.920999999999999819, 8.064499999999998892, 1.651000000000000023 ) ) ;
#1429 = LINE ( 'NONE', #1172, #2888 ) ;
#1430 = CARTESIAN_POINT ( 'NONE',  ( 1.270000000000000240, 0.5080000000000006732, -2.022881810244994583 ) ) ;
#1431 = ORIENTED_EDGE ( 'NONE', *, *, #2356, .F. ) ;
#1432 = ORIENTED_EDGE ( 'NONE', *, *, #3116, .T. ) ;
#1433 = LINE ( 'NONE', #2506, #2994 ) ;
#1434 = DIRECTION ( 'NONE',  ( -1.000000000000000000, 0.000000000000000000, 0.000000000000000000 ) ) ;
#1435 = FACE_OUTER_BOUND ( 'NONE', #3140, .T. ) ;
#1436 = ORIENTED_EDGE ( 'NONE', *, *, #458, .T. ) ;
#1437 = EDGE_CURVE ( 'NONE', #3264, #3029, #119, .T. ) ;
#1438 = LINE ( 'NONE', #3370, #1037 ) ;
#1439 = DIRECTION ( 'NONE',  ( 0.000000000000000000, -0.9659258262890700886, 0.2588190451025140226 ) ) ;
#1440 = ORIENTED_EDGE ( 'NONE', *, *, #1048, .F. ) ;
#1441 = CARTESIAN_POINT ( 'NONE',  ( -2.159000000000001140, 7.239000000000000767, -0.8890000000000001235 ) ) ;
#1442 = CARTESIAN_POINT ( 'NONE',  ( -0.3809999999999998388, 8.064499999999998892, 1.651000000000000023 ) ) ;
#1443 = DIRECTION ( 'NONE',  ( 0.3420201433256661594, -0.9396926207859093161, 2.747321704575235311E-16 ) ) ;
#1444 = EDGE_CURVE ( 'NONE', #520, #837, #2219, .T. ) ;
#1445 = PLANE ( 'NONE',  #236 ) ;
#1446 = VERTEX_POINT ( 'NONE', #3347 ) ;
#1447 = PLANE ( 'NONE',  #1524 ) ;
#1448 = ORIENTED_EDGE ( 'NONE', *, *, #2148, .F. ) ;
#1449 = DIRECTION ( 'NONE',  ( 1.000000000000000000, 0.000000000000000000, 0.000000000000000000 ) ) ;
#1450 = DIRECTION ( 'NONE',  ( 0.000000000000000000, 0.000000000000000000, 1.000000000000000000 ) ) ;
#1451 = VECTOR ( 'NONE', #697, 1000.000000000000000 ) ;
#1452 = DIRECTION ( 'NONE',  ( 0.000000000000000000, -1.000000000000000000, -0.000000000000000000 ) ) ;
#1453 = VERTEX_POINT ( 'NONE', #342 ) ;
#1454 = CARTESIAN_POINT ( 'NONE',  ( -4.064000000000000057, 8.509000000000000341, -2.540000000000001812 ) ) ;
#1455 = DIRECTION ( 'NONE',  ( -0.000000000000000000, 1.019346266292635338E-16, 1.000000000000000000 ) ) ;
#1456 = EDGE_CURVE ( 'NONE', #3016, #1446, #1398, .T. ) ;
#1457 = ORIENTED_EDGE ( 'NONE', *, *, #1947, .T. ) ;
#1458 = SURFACE_STYLE_FILL_AREA ( #385 ) ;
#1459 = VECTOR ( 'NONE', #1758, 1000.000000000000114 ) ;
#1460 = CARTESIAN_POINT ( 'NONE',  ( -2.159000000000001140, 8.064500000000002444, -0.8890000000000001235 ) ) ;
#1461 = DIRECTION ( 'NONE',  ( -0.000000000000000000, 1.000000000000000000, 1.733406087350420004E-16 ) ) ;
#1462 = FACE_OUTER_BOUND ( 'NONE', #1842, .T. ) ;
#1463 = STYLED_ITEM ( 'NONE', ( #1567 ), #2098 ) ;
#1464 = CARTESIAN_POINT ( 'NONE',  ( 2.159000000000000252, 7.239000000000000767, -0.8890000000000001235 ) ) ;
#1465 = PLANE ( 'NONE',  #2391 ) ;
#1466 = VECTOR ( 'NONE', #2277, 999.9999999999998863 ) ;
#1467 = DIRECTION ( 'NONE',  ( -0.5773502691896267303, -0.5773502691896233996, -0.5773502691896272854 ) ) ;
#1468 = VERTEX_POINT ( 'NONE', #2833 ) ;
#1469 = AXIS2_PLACEMENT_3D ( 'NONE', #2138, #709, #3214 ) ;
#1470 = VECTOR ( 'NONE', #2468, 1000.000000000000000 ) ;
#1471 = CARTESIAN_POINT ( 'NONE',  ( -0.8255000000000011218, 8.509000000000000341, -2.540000000000001812 ) ) ;
#1472 = PRODUCT_RELATED_PRODUCT_CATEGORY ( 'part', '', ( #957 ) ) ;
#1473 = LINE ( 'NONE', #2293, #2745 ) ;
#1474 = EDGE_CURVE ( 'NONE', #1319, #3387, #2488, .T. ) ;
#1475 = CARTESIAN_POINT ( 'NONE',  ( -3.810000000000000053, 0.000000000000000000, 0.000000000000000000 ) ) ;
#1476 = ORIENTED_EDGE ( 'NONE', *, *, #1412, .F. ) ;
#1477 = LINE ( 'NONE', #2571, #704 ) ;
#1478 = CARTESIAN_POINT ( 'NONE',  ( -3.365500000000001268, 8.509000000000000341, -2.095500000000001695 ) ) ;
#1479 = VERTEX_POINT ( 'NONE', #1419 ) ;
#1480 =( NAMED_UNIT ( * ) SI_UNIT ( $, .STERADIAN. ) SOLID_ANGLE_UNIT ( ) );
#1481 = PLANE ( 'NONE',  #2092 ) ;
#1482 = PRODUCT_DEFINITION_SHAPE ( 'NONE', 'NONE',  #2432 ) ;
#1483 = PRESENTATION_STYLE_ASSIGNMENT (( #411 ) ) ;
#1484 = FACE_OUTER_BOUND ( 'NONE', #456, .T. ) ;
#1485 = EDGE_CURVE ( 'NONE', #1939, #715, #2799, .T. ) ;
#1486 = CARTESIAN_POINT ( 'NONE',  ( -0.3810000000000000053, 0.5079999999999998961, 1.066800000000001303 ) ) ;
#1487 = CARTESIAN_POINT ( 'NONE',  ( -3.810000000000000053, 4.336808689942017736E-16, -2.159000000000001140 ) ) ;
#1488 = ORIENTED_EDGE ( 'NONE', *, *, #2107, .T. ) ;
#1489 = DIRECTION ( 'NONE',  ( -0.000000000000000000, 1.000000000000000000, 5.691349986800550837E-16 ) ) ;
#1490 = CARTESIAN_POINT ( 'NONE',  ( -4.064000000000000057, 6.505213034913026604E-16, -2.540000000000000924 ) ) ;
#1491 = DIRECTION ( 'NONE',  ( -1.000000000000000000, -0.000000000000000000, -0.000000000000000000 ) ) ;
#1492 = ORIENTED_EDGE ( 'NONE', *, *, #2686, .F. ) ;
#1493 = EDGE_CURVE ( 'NONE', #2914, #2329, #1146, .T. ) ;
#1494 = DIRECTION ( 'NONE',  ( 0.000000000000000000, 0.000000000000000000, -1.000000000000000000 ) ) ;
#1495 = CARTESIAN_POINT ( 'NONE',  ( 0.3810000000000000053, -2.692399999999994797, -1.066800000000000637 ) ) ;
#1496 = EDGE_LOOP ( 'NONE', ( #2335, #2282, #3450, #314 ) ) ;
#1497 = SURFACE_STYLE_USAGE ( .BOTH. , #666 ) ;
#1498 = CARTESIAN_POINT ( 'NONE',  ( 0.3810000000000000053, 0.5079999999999998961, -1.066800000000001303 ) ) ;
#1499 = PLANE ( 'NONE',  #1581 ) ;
#1500 = DIRECTION ( 'NONE',  ( 0.000000000000000000, 0.9659258262890701996, 0.2588190451025140226 ) ) ;
#1501 = FACE_OUTER_BOUND ( 'NONE', #1151, .T. ) ;
#1502 = EDGE_CURVE ( 'NONE', #2329, #2190, #98, .T. ) ;
#1503 = DIRECTION ( 'NONE',  ( 0.000000000000000000, 0.000000000000000000, -1.000000000000000000 ) ) ;
#1504 = EDGE_LOOP ( 'NONE', ( #912, #1114, #2339, #2873 ) ) ;
#1505 = CARTESIAN_POINT ( 'NONE',  ( -2.920999999999999819, 7.239000000000000767, -1.651000000000000023 ) ) ;
#1506 = LINE ( 'NONE', #2603, #2101 ) ;
#1507 = PLANE ( 'NONE',  #507 ) ;
#1508 = ORIENTED_EDGE ( 'NONE', *, *, #3056, .F. ) ;
#1509 = FACE_OUTER_BOUND ( 'NONE', #3124, .T. ) ;
#1510 = ADVANCED_FACE ( 'NONE', ( #1179 ), #2254, .F. ) ;
#1511 = ORIENTED_EDGE ( 'NONE', *, *, #104, .F. ) ;
#1512 = VECTOR ( 'NONE', #75, 1000.000000000000000 ) ;
#1513 = EDGE_CURVE ( 'NONE', #1386, #2707, #2009, .T. ) ;
#1514 = DIRECTION ( 'NONE',  ( 0.000000000000000000, -5.691349986800550837E-16, 1.000000000000000000 ) ) ;
#1515 = EDGE_CURVE ( 'NONE', #2249, #1611, #485, .T. ) ;
#1516 = VERTEX_POINT ( 'NONE', #3142 ) ;
#1517 = DIRECTION ( 'NONE',  ( 0.000000000000000000, -1.607907343367028359E-16, 1.000000000000000000 ) ) ;
#1518 = CARTESIAN_POINT ( 'NONE',  ( 1.270000000000000240, 4.336808689942017736E-16, -2.159000000000001140 ) ) ;
#1519 = SURFACE_STYLE_USAGE ( .BOTH. , #2882 ) ;
#1520 = DIRECTION ( 'NONE',  ( 0.000000000000000000, 1.000000000000000000, 1.733406087350420004E-16 ) ) ;
#1521 = VECTOR ( 'NONE', #3356, 1000.000000000000000 ) ;
#1522 = ORIENTED_EDGE ( 'NONE', *, *, #601, .T. ) ;
#1523 = CARTESIAN_POINT ( 'NONE',  ( -0.8255000000000028981, 8.509000000000000341, -2.540000000000001812 ) ) ;
#1524 = AXIS2_PLACEMENT_3D ( 'NONE', #431, #2273, #1520 ) ;
#1525 = CARTESIAN_POINT ( 'NONE',  ( -0.3810000000000000053, -2.692399999999994797, 0.000000000000000000 ) ) ;
#1526 = ORIENTED_EDGE ( 'NONE', *, *, #1234, .T. ) ;
#1527 = ORIENTED_EDGE ( 'NONE', *, *, #27, .F. ) ;
#1528 = VECTOR ( 'NONE', #1102, 1000.000000000000000 ) ;
#1529 = EDGE_CURVE ( 'NONE', #969, #1719, #2584, .T. ) ;
#1530 = CARTESIAN_POINT ( 'NONE',  ( -3.365500000000003045, 8.509000000000000341, 2.095500000000002139 ) ) ;
#1531 = ORIENTED_EDGE ( 'NONE', *, *, #158, .T. ) ;
#1532 = CARTESIAN_POINT ( 'NONE',  ( 0.000000000000000000, 0.000000000000000000, 0.000000000000000000 ) ) ;
#1533 = DIRECTION ( 'NONE',  ( 1.000000000000000000, 0.000000000000000000, 0.000000000000000000 ) ) ;
#1534 = ORIENTED_EDGE ( 'NONE', *, *, #1212, .T. ) ;
#1535 = CARTESIAN_POINT ( 'NONE',  ( 4.064000000000000057, 0.5080000000000006732, -2.022881810244994583 ) ) ;
#1536 = LINE ( 'NONE', #2633, #2607 ) ;
#1537 = EDGE_CURVE ( 'NONE', #1076, #2744, #210, .T. ) ;
#1538 = FILL_AREA_STYLE_COLOUR ( '', #3125 ) ;
#1539 = CARTESIAN_POINT ( 'NONE',  ( -0.3810000000000000053, 0.000000000000000000, 0.000000000000000000 ) ) ;
#1540 = EDGE_LOOP ( 'NONE', ( #1681, #845, #3283, #682, #2343, #5, #3470, #2063 ) ) ;
#1541 = CARTESIAN_POINT ( 'NONE',  ( -0.3809999999999998388, 8.064500000000002444, -1.650999999999999801 ) ) ;
#1542 = DIRECTION ( 'NONE',  ( 0.000000000000000000, 1.733406087350420004E-16, -1.000000000000000000 ) ) ;
#1543 = ORIENTED_EDGE ( 'NONE', *, *, #979, .T. ) ;
#1544 = DIRECTION ( 'NONE',  ( -1.000000000000000000, -0.000000000000000000, -0.000000000000000000 ) ) ;
#1545 = VERTEX_POINT ( 'NONE', #451 ) ;
#1546 = EDGE_CURVE ( 'NONE', #2368, #1764, #1775, .T. ) ;
#1547 = DIRECTION ( 'NONE',  ( 0.000000000000000000, 0.000000000000000000, 1.000000000000000000 ) ) ;
#1548 = ORIENTED_EDGE ( 'NONE', *, *, #3369, .T. ) ;
#1549 = VECTOR ( 'NONE', #552, 999.9999999999998863 ) ;
#1550 = DIRECTION ( 'NONE',  ( 1.000000000000000000, 0.000000000000000000, 0.000000000000000000 ) ) ;
#1551 = CARTESIAN_POINT ( 'NONE',  ( -1.269999999999999796, 0.000000000000000000, 0.000000000000000000 ) ) ;
#1552 = LINE ( 'NONE', #2597, #2268 ) ;
#1553 = ADVANCED_FACE ( 'NONE', ( #717 ), #2871, .F. ) ;
#1554 = DIRECTION ( 'NONE',  ( 0.000000000000000000, 1.000000000000000000, 3.058038798877906014E-16 ) ) ;
#1555 = VERTEX_POINT ( 'NONE', #3195 ) ;
#1556 = CARTESIAN_POINT ( 'NONE',  ( -0.1961031209927689145, -3.200400000000000134, -1.473199999999999843 ) ) ;
#1557 = CARTESIAN_POINT ( 'NONE',  ( -0.1961031209927689145, -3.200400000000000134, 1.473199999999999843 ) ) ;
#1558 = VERTEX_POINT ( 'NONE', #434 ) ;
#1559 = EDGE_LOOP ( 'NONE', ( #1593, #2945, #1659, #850 ) ) ;
#1560 = CARTESIAN_POINT ( 'NONE',  ( -2.159000000000001140, 7.239000000000000767, 1.650999999999999801 ) ) ;
#1561 = ORIENTED_EDGE ( 'NONE', *, *, #1412, .T. ) ;
#1562 =( NAMED_UNIT ( * ) SI_UNIT ( $, .STERADIAN. ) SOLID_ANGLE_UNIT ( ) );
#1563 = EDGE_CURVE ( 'NONE', #2878, #1987, #1235, .T. ) ;
#1564 = PRODUCT_DEFINITION_SHAPE ( 'NONE', 'NONE',  #3511 ) ;
#1565 = ORIENTED_EDGE ( 'NONE', *, *, #1067, .F. ) ;
#1566 = DIRECTION ( 'NONE',  ( 0.000000000000000000, 0.9659258262890700886, -0.2588190451025140781 ) ) ;
#1567 = PRESENTATION_STYLE_ASSIGNMENT (( #2123 ) ) ;
#1568 = AXIS2_PLACEMENT_3D ( 'NONE', #1556, #2113, #1850 ) ;
#1569 = DIRECTION ( 'NONE',  ( 1.000000000000000000, 0.000000000000000000, -0.000000000000000000 ) ) ;
#1570 = ORIENTED_EDGE ( 'NONE', *, *, #3425, .T. ) ;
#1571 = DIRECTION ( 'NONE',  ( 0.000000000000000000, -0.9659258262890701996, -0.2588190451025140226 ) ) ;
#1572 = CARTESIAN_POINT ( 'NONE',  ( 0.3810000000000000053, 0.5079999999999997851, 1.473200000000000953 ) ) ;
#1573 = VECTOR ( 'NONE', #1380, 1000.000000000000000 ) ;
#1574 = ORIENTED_EDGE ( 'NONE', *, *, #1752, .T. ) ;
#1575 = VECTOR ( 'NONE', #1767, 1000.000000000000000 ) ;
#1576 = EDGE_CURVE ( 'NONE', #2889, #1350, #1301, .T. ) ;
#1577 = ADVANCED_FACE ( 'NONE', ( #192 ), #1286, .F. ) ;
#1578 = LINE ( 'NONE', #3475, #1000 ) ;
#1579 = VECTOR ( 'NONE', #1335, 1000.000000000000000 ) ;
#1580 = EDGE_LOOP ( 'NONE', ( #705, #1132, #329, #2306 ) ) ;
#1581 = AXIS2_PLACEMENT_3D ( 'NONE', #2243, #2594, #108 ) ;
#1582 = VERTEX_POINT ( 'NONE', #1271 ) ;
#1583 = DIRECTION ( 'NONE',  ( 0.5773502691896263972, -0.5773502691896253980, -0.5773502691896253980 ) ) ;
#1584 = AXIS2_PLACEMENT_3D ( 'NONE', #3459, #3212, #706 ) ;
#1585 = LINE ( 'NONE', #1859, #3009 ) ;
#1586 = DIRECTION ( 'NONE',  ( 0.000000000000000000, -1.000000000000000000, -3.058038798877906014E-16 ) ) ;
#1587 = ORIENTED_EDGE ( 'NONE', *, *, #3194, .T. ) ;
#1588 = EDGE_CURVE ( 'NONE', #1987, #3436, #2045, .T. ) ;
#1589 = LINE ( 'NONE', #1363, #2481 ) ;
#1590 =( NAMED_UNIT ( * ) SI_UNIT ( $, .STERADIAN. ) SOLID_ANGLE_UNIT ( ) );
#1591 = LINE ( 'NONE', #1606, #3017 ) ;
#1592 = EDGE_LOOP ( 'NONE', ( #2625, #528, #960, #2631 ) ) ;
#1593 = ORIENTED_EDGE ( 'NONE', *, *, #2148, .T. ) ;
#1594 = LINE ( 'NONE', #2455, #1143 ) ;
#1595 = DIRECTION ( 'NONE',  ( 0.000000000000000000, 1.733406087350420004E-16, -1.000000000000000000 ) ) ;
#1596 = ORIENTED_EDGE ( 'NONE', *, *, #1169, .F. ) ;
#1597 = EDGE_CURVE ( 'NONE', #460, #1468, #2928, .T. ) ;
#1598 = ORIENTED_EDGE ( 'NONE', *, *, #1393, .T. ) ;
#1599 = LINE ( 'NONE', #1907, #1255 ) ;
#1600 = FILL_AREA_STYLE_COLOUR ( '', #3461 ) ;
#1601 = DIRECTION ( 'NONE',  ( 0.000000000000000000, -2.251701056906096594E-16, -1.000000000000000000 ) ) ;
#1602 = ORIENTED_EDGE ( 'NONE', *, *, #779, .T. ) ;
#1603 = VECTOR ( 'NONE', #877, 999.9999999999998863 ) ;
#1604 = DIRECTION ( 'NONE',  ( -0.000000000000000000, 1.000000000000000000, 1.733406087350420004E-16 ) ) ;
#1605 = EDGE_CURVE ( 'NONE', #2483, #122, #1506, .T. ) ;
#1606 = CARTESIAN_POINT ( 'NONE',  ( 3.810000000000000053, 0.000000000000000000, 2.539999999999999147 ) ) ;
#1607 = ORIENTED_EDGE ( 'NONE', *, *, #1994, .T. ) ;
#1608 = ORIENTED_EDGE ( 'NONE', *, *, #857, .F. ) ;
#1609 = PLANE ( 'NONE',  #1678 ) ;
#1610 = FACE_OUTER_BOUND ( 'NONE', #2354, .T. ) ;
#1611 = VERTEX_POINT ( 'NONE', #3453 ) ;
#1612 = SURFACE_STYLE_FILL_AREA ( #2982 ) ;
#1613 = ADVANCED_FACE ( 'NONE', ( #2641 ), #3156, .F. ) ;
#1614 = ORIENTED_EDGE ( 'NONE', *, *, #1774, .F. ) ;
#1615 = AXIS2_PLACEMENT_3D ( 'NONE', #2511, #663, #1439 ) ;
#1616 = EDGE_CURVE ( 'NONE', #3437, #871, #2332, .T. ) ;
#1617 = EDGE_CURVE ( 'NONE', #1354, #2329, #3420, .T. ) ;
#1618 = LINE ( 'NONE', #2429, #2491 ) ;
#1619 = DIRECTION ( 'NONE',  ( 0.000000000000000000, -1.000000000000000000, -1.733406087350420004E-16 ) ) ;
#1620 = VERTEX_POINT ( 'NONE', #1023 ) ;
#1621 = CLOSED_SHELL ( 'NONE', ( #2578, #940, #1696, #1849, #2698, #3130, #812, #307, #226, #2647, #2324, #3018, #2555, #2805, #931, #2639, #719, #1799, #2494, #803, #1383, #197, #3199, #2419, #1225, #2948, #2253, #1510 ) ) ;
#1622 = LINE ( 'NONE', #1087, #672 ) ;
#1623 = CARTESIAN_POINT ( 'NONE',  ( -3.365500000000003045, 8.509000000000000341, -2.540000000000001812 ) ) ;
#1624 = ORIENTED_EDGE ( 'NONE', *, *, #3251, .F. ) ;
#1625 = VERTEX_POINT ( 'NONE', #3174 ) ;
#1626 = VECTOR ( 'NONE', #1571, 999.9999999999998863 ) ;
#1627 = AXIS2_PLACEMENT_3D ( 'NONE', #1643, #306, #270 ) ;
#1628 = PLANE ( 'NONE',  #2428 ) ;
#1629 = FACE_OUTER_BOUND ( 'NONE', #1650, .T. ) ;
#1630 = EDGE_LOOP ( 'NONE', ( #1574, #545, #441, #494 ) ) ;
#1631 = AXIS2_PLACEMENT_3D ( 'NONE', #2171, #3268, #795 ) ;
#1632 = EDGE_CURVE ( 'NONE', #1009, #1809, #3473, .T. ) ;
#1633 = CARTESIAN_POINT ( 'NONE',  ( 1.270000000000000240, 8.509000000000000341, 2.540000000000001812 ) ) ;
#1634 = AXIS2_PLACEMENT_3D ( 'NONE', #882, #35, #824 ) ;
#1635 = ORIENTED_EDGE ( 'NONE', *, *, #473, .T. ) ;
#1636 = VECTOR ( 'NONE', #2516, 1000.000000000000000 ) ;
#1637 = VECTOR ( 'NONE', #8, 1000.000000000000000 ) ;
#1638 = CARTESIAN_POINT ( 'NONE',  ( -0.3810000000000000053, -2.692399999999994797, -1.473200000000000065 ) ) ;
#1639 = CARTESIAN_POINT ( 'NONE',  ( 4.064000000000000057, -8.578981026812224210E-17, 2.158999999999999364 ) ) ;
#1640 = EDGE_LOOP ( 'NONE', ( #1072, #1624, #2443, #182 ) ) ;
#1641 = EDGE_CURVE ( 'NONE', #1777, #2195, #2096, .T. ) ;
#1642 = CARTESIAN_POINT ( 'NONE',  ( 1.270000000000000240, 0.000000000000000000, 2.539999999999999147 ) ) ;
#1643 = CARTESIAN_POINT ( 'NONE',  ( -0.3810000000000000053, 0.000000000000000000, 0.000000000000000000 ) ) ;
#1644 = ORIENTED_EDGE ( 'NONE', *, *, #2989, .T. ) ;
#1645 = ORIENTED_EDGE ( 'NONE', *, *, #2709, .F. ) ;
#1646 = CARTESIAN_POINT ( 'NONE',  ( 4.064000000000000057, 8.509000000000000341, -2.540000000000001812 ) ) ;
#1647 = LINE ( 'NONE', #2729, #1579 ) ;
#1648 = ORIENTED_EDGE ( 'NONE', *, *, #1340, .F. ) ;
#1649 = EDGE_CURVE ( 'NONE', #689, #1815, #680, .T. ) ;
#1650 = EDGE_LOOP ( 'NONE', ( #41, #3190, #2185, #1543 ) ) ;
#1651 = LINE ( 'NONE', #860, #1980 ) ;
#1652 = CARTESIAN_POINT ( 'NONE',  ( 0.1961031209927689978, -3.200400000000000134, -1.473199999999999843 ) ) ;
#1653 = CARTESIAN_POINT ( 'NONE',  ( -1.714499999999999913, 8.509000000000000341, -2.540000000000001812 ) ) ;
#1654 = EDGE_LOOP ( 'NONE', ( #1118, #1884, #1332, #1086 ) ) ;
#1655 = SURFACE_SIDE_STYLE ('',( #3360 ) ) ;
#1656 = CARTESIAN_POINT ( 'NONE',  ( -2.920999999999999819, 7.239000000000000767, -0.8890000000000001235 ) ) ;
#1657 = EDGE_CURVE ( 'NONE', #3258, #2878, #2177, .T. ) ;
#1658 = ORIENTED_EDGE ( 'NONE', *, *, #2874, .F. ) ;
#1659 = ORIENTED_EDGE ( 'NONE', *, *, #3036, .T. ) ;
#1660 = AXIS2_PLACEMENT_3D ( 'NONE', #313, #2135, #2424 ) ;
#1661 = LINE ( 'NONE', #2760, #2925 ) ;
#1662 = CARTESIAN_POINT ( 'NONE',  ( 3.810000000000000053, -8.578981026812224210E-17, 2.158999999999999364 ) ) ;
#1663 = DIRECTION ( 'NONE',  ( 0.000000000000000000, 1.000000000000000000, -1.019346266292635338E-16 ) ) ;
#1664 = ORIENTED_EDGE ( 'NONE', *, *, #951, .F. ) ;
#1665 = CARTESIAN_POINT ( 'NONE',  ( 2.159000000000000252, 8.064500000000002444, -0.8890000000000001235 ) ) ;
#1666 = ORIENTED_EDGE ( 'NONE', *, *, #1485, .F. ) ;
#1667 = DIRECTION ( 'NONE',  ( -0.5773502691896267303, -0.5773502691896233996, -0.5773502691896272854 ) ) ;
#1668 = EDGE_CURVE ( 'NONE', #2418, #1365, #1121, .T. ) ;
#1669 = LINE ( 'NONE', #2770, #1077 ) ;
#1670 = LINE ( 'NONE', #3149, #744 ) ;
#1671 = LINE ( 'NONE', #334, #497 ) ;
#1672 = CARTESIAN_POINT ( 'NONE',  ( -3.810000000000000053, 8.509000000000000341, -2.540000000000001812 ) ) ;
#1673 = DIRECTION ( 'NONE',  ( 0.000000000000000000, 1.607907343367028359E-16, -1.000000000000000000 ) ) ;
#1674 = VERTEX_POINT ( 'NONE', #2740 ) ;
#1675 = AXIS2_PLACEMENT_3D ( 'NONE', #369, #2517, #131 ) ;
#1676 = ORIENTED_EDGE ( 'NONE', *, *, #551, .T. ) ;
#1677 = DIRECTION ( 'NONE',  ( -0.000000000000000000, 1.000000000000000000, 1.733406087350420004E-16 ) ) ;
#1678 = AXIS2_PLACEMENT_3D ( 'NONE', #3013, #28, #1321 ) ;
#1679 = FACE_OUTER_BOUND ( 'NONE', #773, .T. ) ;
#1680 = CARTESIAN_POINT ( 'NONE',  ( -0.3809999999999998388, 7.239000000000000767, 1.650999999999999801 ) ) ;
#1681 = ORIENTED_EDGE ( 'NONE', *, *, #1366, .T. ) ;
#1682 = AXIS2_PLACEMENT_3D ( 'NONE', #846, #1881, #38 ) ;
#1683 = EDGE_CURVE ( 'NONE', #2473, #2217, #3008, .T. ) ;
#1684 = ADVANCED_FACE ( 'NONE', ( #1882 ), #1913, .F. ) ;
#1685 = LINE ( 'NONE', #1720, #1417 ) ;
#1686 = CARTESIAN_POINT ( 'NONE',  ( 1.270000000000000240, 6.505213034913026604E-16, -2.540000000000000924 ) ) ;
#1687 = VECTOR ( 'NONE', #2464, 1000.000000000000000 ) ;
#1688 = EDGE_LOOP ( 'NONE', ( #1261, #3086, #345, #2454 ) ) ;
#1689 = AXIS2_PLACEMENT_3D ( 'NONE', #1539, #3216, #796 ) ;
#1690 = CARTESIAN_POINT ( 'NONE',  ( -3.810000000000000053, 0.000000000000000000, 2.539999999999999147 ) ) ;
#1691 = LINE ( 'NONE', #1726, #620 ) ;
#1692 =( GEOMETRIC_REPRESENTATION_CONTEXT ( 3 ) GLOBAL_UNCERTAINTY_ASSIGNED_CONTEXT ( ( #1266 ) ) GLOBAL_UNIT_ASSIGNED_CONTEXT ( ( #542, #280, #49 ) ) REPRESENTATION_CONTEXT ( 'NONE', 'WORKASPACE' ) );
#1693 = DIRECTION ( 'NONE',  ( 0.000000000000000000, 1.000000000000000000, 3.058038798877906014E-16 ) ) ;
#1694 = CARTESIAN_POINT ( 'NONE',  ( 1.714499999999999025, 8.509000000000000341, -2.095500000000001695 ) ) ;
#1695 = ORIENTED_EDGE ( 'NONE', *, *, #92, .F. ) ;
#1696 = ADVANCED_FACE ( 'NONE', ( #828 ), #1088, .F. ) ;
#1697 = ORIENTED_EDGE ( 'NONE', *, *, #3325, .T. ) ;
#1698 = LINE ( 'NONE', #1145, #2940 ) ;
#1699 = CARTESIAN_POINT ( 'NONE',  ( 0.3809999999999998388, -2.692399999999995241, 1.473200000000000065 ) ) ;
#1700 = PLANE ( 'NONE',  #3408 ) ;
#1701 = ORIENTED_EDGE ( 'NONE', *, *, #19, .F. ) ;
#1702 = LINE ( 'NONE', #2784, #464 ) ;
#1703 = DIRECTION ( 'NONE',  ( 0.000000000000000000, -0.7071067811865475727, 0.7071067811865475727 ) ) ;
#1704 = EDGE_CURVE ( 'NONE', #2707, #1545, #1591, .T. ) ;
#1705 = ORIENTED_EDGE ( 'NONE', *, *, #740, .T. ) ;
#1706 =( NAMED_UNIT ( * ) SI_UNIT ( $, .STERADIAN. ) SOLID_ANGLE_UNIT ( ) );
#1707 = CARTESIAN_POINT ( 'NONE',  ( 0.3810000000000000053, 0.5079999999999997851, -1.473200000000000953 ) ) ;
#1708 = DIRECTION ( 'NONE',  ( 0.000000000000000000, 0.000000000000000000, -1.000000000000000000 ) ) ;
#1709 = CARTESIAN_POINT ( 'NONE',  ( -4.064000000000000057, -8.578981026812224210E-17, 2.158999999999999364 ) ) ;
#1710 = VECTOR ( 'NONE', #2076, 999.9999999999998863 ) ;
#1711 = CARTESIAN_POINT ( 'NONE',  ( 0.3810000000000000053, 0.5079999999999997851, 1.473200000000000953 ) ) ;
#1712 = ORIENTED_EDGE ( 'NONE', *, *, #626, .F. ) ;
#1713 = DIRECTION ( 'NONE',  ( 0.000000000000000000, 1.000000000000000000, -1.019346266292635338E-16 ) ) ;
#1714 = ORIENTED_EDGE ( 'NONE', *, *, #1493, .F. ) ;
#1715 = EDGE_CURVE ( 'NONE', #1184, #576, #1056, .T. ) ;
#1716 = PLANE ( 'NONE',  #661 ) ;
#1717 = CARTESIAN_POINT ( 'NONE',  ( -0.3809999999999998388, 8.064500000000002444, -0.8890000000000000124 ) ) ;
#1718 = PLANE ( 'NONE',  #683 ) ;
#1719 = VERTEX_POINT ( 'NONE', #2974 ) ;
#1720 = CARTESIAN_POINT ( 'NONE',  ( 2.159000000000000252, 7.239000000000000767, -0.8890000000000001235 ) ) ;
#1721 = PLANE ( 'NONE',  #1615 ) ;
#1722 = ORIENTED_EDGE ( 'NONE', *, *, #3240, .T. ) ;
#1723 = FILL_AREA_STYLE_COLOUR ( '', #1416 ) ;
#1724 = EDGE_CURVE ( 'NONE', #871, #3264, #290, .T. ) ;
#1725 = FACE_OUTER_BOUND ( 'NONE', #2118, .T. ) ;
#1726 = CARTESIAN_POINT ( 'NONE',  ( 1.714499999999999025, 8.509000000000000341, -2.540000000000001812 ) ) ;
#1727 = CARTESIAN_POINT ( 'NONE',  ( -2.666999999999998927, 7.810500000000001997, -1.396999999999998465 ) ) ;
#1728 = EDGE_CURVE ( 'NONE', #1555, #576, #39, .T. ) ;
#1729 = EDGE_CURVE ( 'NONE', #396, #248, #3207, .T. ) ;
#1730 = DIRECTION ( 'NONE',  ( 0.000000000000000000, 0.9659258262890700886, 0.2588190451025139671 ) ) ;
#1731 = CARTESIAN_POINT ( 'NONE',  ( -1.269999999999999796, 8.509000000000000341, -2.540000000000001812 ) ) ;
#1732 = ORIENTED_EDGE ( 'NONE', *, *, #1926, .F. ) ;
#1733 =( REPRESENTATION_RELATIONSHIP ('NONE','NONE', #2065, #1074 ) REPRESENTATION_RELATIONSHIP_WITH_TRANSFORMATION ( #2318 )SHAPE_REPRESENTATION_RELATIONSHIP( ) );
#1734 = CARTESIAN_POINT ( 'NONE',  ( 3.810000000000000497, 6.505213034913026604E-16, -2.540000000000000924 ) ) ;
#1735 = CARTESIAN_POINT ( 'NONE',  ( 4.064000000000000057, 4.336808689942017736E-16, -2.159000000000001140 ) ) ;
#1736 = VECTOR ( 'NONE', #3383, 1000.000000000000000 ) ;
#1737 = CARTESIAN_POINT ( 'NONE',  ( -1.269999999999999796, 8.509000000000000341, -2.540000000000001812 ) ) ;
#1738 = ORIENTED_EDGE ( 'NONE', *, *, #3265, .F. ) ;
#1739 = CARTESIAN_POINT ( 'NONE',  ( 2.666999999999998039, 7.810500000000001997, -1.396999999999998465 ) ) ;
#1740 = LINE ( 'NONE', #2838, #43 ) ;
#1741 = VECTOR ( 'NONE', #2059, 1000.000000000000000 ) ;
#1742 = EDGE_LOOP ( 'NONE', ( #1289, #2108, #1013, #598 ) ) ;
#1743 = EDGE_CURVE ( 'NONE', #2490, #244, #2672, .T. ) ;
#1744 =( NAMED_UNIT ( * ) PLANE_ANGLE_UNIT ( ) SI_UNIT ( $, .RADIAN. ) );
#1745 = VECTOR ( 'NONE', #947, 1000.000000000000000 ) ;
#1746 = DIRECTION ( 'NONE',  ( -0.000000000000000000, 1.000000000000000000, 1.733406087350420004E-16 ) ) ;
#1747 = CARTESIAN_POINT ( 'NONE',  ( -3.810000000000000053, 0.000000000000000000, 2.539999999999999147 ) ) ;
#1748 = PLANE ( 'NONE',  #2425 ) ;
#1749 = UNCERTAINTY_MEASURE_WITH_UNIT (LENGTH_MEASURE( 1.000000000000000082E-05 ), #3076, 'distance_accuracy_value', 'NONE');
#1750 = FILL_AREA_STYLE ('',( #1538 ) ) ;
#1751 = AXIS2_PLACEMENT_3D ( 'NONE', #324, #1595, #3244 ) ;
#1752 = EDGE_CURVE ( 'NONE', #299, #2195, #3222, .T. ) ;
#1753 = DIRECTION ( 'NONE',  ( 0.000000000000000000, 5.691349986800550837E-16, -1.000000000000000000 ) ) ;
#1754 = VERTEX_POINT ( 'NONE', #2163 ) ;
#1755 = VECTOR ( 'NONE', #3250, 1000.000000000000000 ) ;
#1756 = VECTOR ( 'NONE', #3396, 1000.000000000000000 ) ;
#1757 = PLANE ( 'NONE',  #2535 ) ;
#1758 = DIRECTION ( 'NONE',  ( -0.3420201433256661594, -0.9396926207859093161, -2.197857363660188051E-16 ) ) ;
#1759 = DIRECTION ( 'NONE',  ( -0.000000000000000000, 0.000000000000000000, -1.000000000000000000 ) ) ;
#1760 =( GEOMETRIC_REPRESENTATION_CONTEXT ( 3 ) GLOBAL_UNCERTAINTY_ASSIGNED_CONTEXT ( ( #1749 ) ) GLOBAL_UNIT_ASSIGNED_CONTEXT ( ( #3076, #2016, #160 ) ) REPRESENTATION_CONTEXT ( 'NONE', 'WORKASPACE' ) );
#1761 = ORIENTED_EDGE ( 'NONE', *, *, #1021, .F. ) ;
#1762 = LINE ( 'NONE', #2237, #2569 ) ;
#1763 = LINE ( 'NONE', #2238, #2824 ) ;
#1764 = VERTEX_POINT ( 'NONE', #1105 ) ;
#1765 = EDGE_CURVE ( 'NONE', #618, #1620, #2690, .T. ) ;
#1766 = VECTOR ( 'NONE', #854, 999.9999999999998863 ) ;
#1767 = DIRECTION ( 'NONE',  ( 0.000000000000000000, -1.000000000000000000, 1.019346266292635338E-16 ) ) ;
#1768 = PRODUCT_DEFINITION_SHAPE ( 'NONE', 'NONE',  #3510 ) ;
#1769 = CARTESIAN_POINT ( 'NONE',  ( -0.3810000000000000053, 0.5079999999999998961, -1.066800000000001303 ) ) ;
#1770 = CARTESIAN_POINT ( 'NONE',  ( 3.810000000000000497, 0.5080000000000006732, -2.022881810244994583 ) ) ;
#1771 = CARTESIAN_POINT ( 'NONE',  ( -1.269999999999999796, 4.336808689942017736E-16, -2.159000000000001140 ) ) ;
#1772 = ORIENTED_EDGE ( 'NONE', *, *, #840, .T. ) ;
#1773 = LINE ( 'NONE', #3399, #2660 ) ;
#1774 = EDGE_CURVE ( 'NONE', #1625, #2801, #3499, .T. ) ;
#1775 = LINE ( 'NONE', #2077, #3353 ) ;
#1776 = CARTESIAN_POINT ( 'NONE',  ( 1.270000000000000240, 4.336808689942017736E-16, -2.159000000000001140 ) ) ;
#1777 = VERTEX_POINT ( 'NONE', #2145 ) ;
#1778 = LINE ( 'NONE', #760, #712 ) ;
#1779 = ORIENTED_EDGE ( 'NONE', *, *, #3094, .F. ) ;
#1780 = VECTOR ( 'NONE', #627, 1000.000000000000000 ) ;
#1781 = CARTESIAN_POINT ( 'NONE',  ( -2.159000000000001140, 7.239000000000000767, 1.650999999999999801 ) ) ;
#1782 = ORIENTED_EDGE ( 'NONE', *, *, #2106, .F. ) ;
#1783 = DIRECTION ( 'NONE',  ( 0.000000000000000000, -0.000000000000000000, -1.000000000000000000 ) ) ;
#1784 = ADVANCED_FACE ( 'NONE', ( #2723 ), #814, .F. ) ;
#1785 = DIRECTION ( 'NONE',  ( -0.5773502691896263972, -0.5773502691896253980, -0.5773502691896253980 ) ) ;
#1786 = CARTESIAN_POINT ( 'NONE',  ( -4.064000000000000057, 4.336808689942017736E-16, -2.159000000000001140 ) ) ;
#1787 = ORIENTED_EDGE ( 'NONE', *, *, #1563, .F. ) ;
#1788 = EDGE_CURVE ( 'NONE', #3439, #645, #2706, .T. ) ;
#1789 = DIRECTION ( 'NONE',  ( -1.000000000000000000, 0.000000000000000000, 0.000000000000000000 ) ) ;
#1790 = LINE ( 'NONE', #353, #26 ) ;
#1791 = DIRECTION ( 'NONE',  ( 1.000000000000000000, 0.000000000000000000, 0.000000000000000000 ) ) ;
#1792 = ORIENTED_EDGE ( 'NONE', *, *, #450, .T. ) ;
#1793 = EDGE_LOOP ( 'NONE', ( #702, #585, #2876, #3033 ) ) ;
#1794 = AXIS2_PLACEMENT_3D ( 'NONE', #735, #1489, #3472 ) ;
#1795 = CARTESIAN_POINT ( 'NONE',  ( -2.920999999999999819, 7.239000000000000767, 1.650999999999999801 ) ) ;
#1796 = VERTEX_POINT ( 'NONE', #2451 ) ;
#1797 = PRODUCT_RELATED_PRODUCT_CATEGORY ( 'part', '', ( #136 ) ) ;
#1798 = VECTOR ( 'NONE', #109, 1000.000000000000000 ) ;
#1799 = ADVANCED_FACE ( 'NONE', ( #1898 ), #2990, .F. ) ;
#1800 = DIRECTION ( 'NONE',  ( 0.000000000000000000, 0.000000000000000000, 1.000000000000000000 ) ) ;
#1801 = VECTOR ( 'NONE', #138, 1000.000000000000000 ) ;
#1802 = DIRECTION ( 'NONE',  ( -0.3420201433256661594, -0.9396926207859093161, 2.197857363660188051E-16 ) ) ;
#1803 = EDGE_LOOP ( 'NONE', ( #2384, #3294, #1336, #1565, #2182, #811, #2967, #1066 ) ) ;
#1804 = CARTESIAN_POINT ( 'NONE',  ( -2.920999999999999819, 7.239000000000000767, 0.8889999999999997904 ) ) ;
#1805 = DIRECTION ( 'NONE',  ( -1.000000000000000000, -0.000000000000000000, -0.000000000000000000 ) ) ;
#1806 = FACE_OUTER_BOUND ( 'NONE', #748, .T. ) ;
#1807 = CARTESIAN_POINT ( 'NONE',  ( 3.810000000000000497, 0.000000000000000000, 2.539999999999999147 ) ) ;
#1808 = AXIS2_PLACEMENT_3D ( 'NONE', #2152, #2995, #2421 ) ;
#1809 = VERTEX_POINT ( 'NONE', #3043 ) ;
#1810 = LINE ( 'NONE', #3419, #2831 ) ;
#1811 = AXIS2_PLACEMENT_3D ( 'NONE', #1039, #207, #1065 ) ;
#1812 = CARTESIAN_POINT ( 'NONE',  ( 4.064000000000000057, 0.5080000000000000071, 2.022881810244992806 ) ) ;
#1813 = ADVANCED_FACE ( 'NONE', ( #1158 ), #1445, .F. ) ;
#1814 = DIRECTION ( 'NONE',  ( 0.3420201433256661594, -0.9396926207859093161, -2.747321704575235311E-16 ) ) ;
#1815 = VERTEX_POINT ( 'NONE', #1430 ) ;
#1816 = ORIENTED_EDGE ( 'NONE', *, *, #371, .F. ) ;
#1817 = AXIS2_PLACEMENT_3D ( 'NONE', #2109, #2359, #2632 ) ;
#1818 = AXIS2_PLACEMENT_3D ( 'NONE', #1833, #2310, #972 ) ;
#1819 = CARTESIAN_POINT ( 'NONE',  ( -1.269999999999999796, 8.509000000000000341, -2.540000000000001812 ) ) ;
#1820 = ORIENTED_EDGE ( 'NONE', *, *, #551, .F. ) ;
#1821 = PRODUCT_CONTEXT ( 'NONE', #3446, 'mechanical' ) ;
#1822 = EDGE_CURVE ( 'NONE', #271, #3249, #2520, .T. ) ;
#1823 = DIRECTION ( 'NONE',  ( 0.000000000000000000, 0.000000000000000000, -1.000000000000000000 ) ) ;
#1824 = VERTEX_POINT ( 'NONE', #3340 ) ;
#1825 = CARTESIAN_POINT ( 'NONE',  ( 3.365500000000000380, 8.509000000000000341, -0.4444999999999983409 ) ) ;
#1826 = CARTESIAN_POINT ( 'NONE',  ( 1.270000000000000240, 0.5080000000000000071, 2.022881810244992806 ) ) ;
#1827 = DIRECTION ( 'NONE',  ( 0.000000000000000000, -2.251701056906096594E-16, -1.000000000000000000 ) ) ;
#1828 = DIRECTION ( 'NONE',  ( -0.7071067811865467956, -0.7071067811865482389, 0.000000000000000000 ) ) ;
#1829 = DIRECTION ( 'NONE',  ( 0.9396926207859093161, -0.3420201433256662149, -0.000000000000000000 ) ) ;
#1830 = ORIENTED_EDGE ( 'NONE', *, *, #1426, .T. ) ;
#1831 = DIRECTION ( 'NONE',  ( -0.000000000000000000, 1.000000000000000000, 1.733406087350420004E-16 ) ) ;
#1832 = CARTESIAN_POINT ( 'NONE',  ( -0.3809999999999998388, 8.064500000000002444, -0.8890000000000001235 ) ) ;
#1833 = CARTESIAN_POINT ( 'NONE',  ( 5.080000000000000071, 7.239000000000000767, -2.201425730935033664E-16 ) ) ;
#1834 = ORIENTED_EDGE ( 'NONE', *, *, #1857, .F. ) ;
#1835 = VERTEX_POINT ( 'NONE', #3062 ) ;
#1836 = ADVANCED_FACE ( 'NONE', ( #616 ), #111, .F. ) ;
#1837 = VECTOR ( 'NONE', #2733, 1000.000000000000000 ) ;
#1838 = CARTESIAN_POINT ( 'NONE',  ( 0.3810000000000000053, -3.200400000000000134, 1.473199999999999843 ) ) ;
#1839 = ORIENTED_EDGE ( 'NONE', *, *, #759, .F. ) ;
#1840 = SHAPE_DEFINITION_REPRESENTATION ( #2916, #2157 ) ;
#1841 = AXIS2_PLACEMENT_3D ( 'NONE', #518, #245, #3262 ) ;
#1842 = EDGE_LOOP ( 'NONE', ( #2130, #229, #2409, #2206 ) ) ;
#1843 = CARTESIAN_POINT ( 'NONE',  ( -2.159000000000001140, 8.064499999999998892, 1.650999999999999801 ) ) ;
#1844 = COLOUR_RGB ( '',0.7921568627450980005, 0.8196078431372548767, 0.9333333333333333481 ) ;
#1845 = DIRECTION ( 'NONE',  ( 0.000000000000000000, 1.000000000000000000, -2.923638691849597351E-16 ) ) ;
#1846 = CARTESIAN_POINT ( 'NONE',  ( -3.810000000000000053, 8.509000000000000341, 2.540000000000001812 ) ) ;
#1847 = EDGE_LOOP ( 'NONE', ( #96, #3045, #1820, #3476 ) ) ;
#1848 = PRODUCT_RELATED_PRODUCT_CATEGORY ( 'part', '', ( #3200 ) ) ;
#1849 = ADVANCED_FACE ( 'NONE', ( #2828 ), #1465, .F. ) ;
#1850 = DIRECTION ( 'NONE',  ( 0.000000000000000000, 0.000000000000000000, 1.000000000000000000 ) ) ;
#1851 = CARTESIAN_POINT ( 'NONE',  ( -3.365500000000001268, 8.509000000000000341, -2.540000000000001812 ) ) ;
#1852 = ORIENTED_EDGE ( 'NONE', *, *, #2008, .T. ) ;
#1853 = CARTESIAN_POINT ( 'NONE',  ( 0.3809999999999989506, 7.239000000000000767, 1.650999999999999801 ) ) ;
#1854 = VECTOR ( 'NONE', #143, 1000.000000000000000 ) ;
#1855 = ORIENTED_EDGE ( 'NONE', *, *, #521, .T. ) ;
#1856 = APPLICATION_PROTOCOL_DEFINITION ( 'draft international standard', 'automotive_design', 1998, #2355 ) ;
#1857 = EDGE_CURVE ( 'NONE', #2085, #2738, #886, .T. ) ;
#1858 = ORIENTED_EDGE ( 'NONE', *, *, #2255, .T. ) ;
#1859 = CARTESIAN_POINT ( 'NONE',  ( 1.270000000000000240, 0.5080000000000006732, -2.022881810244994583 ) ) ;
#1860 = VECTOR ( 'NONE', #2956, 1000.000000000000000 ) ;
#1861 = CARTESIAN_POINT ( 'NONE',  ( -3.810000000000000053, 4.336808689942017736E-16, -2.159000000000001140 ) ) ;
#1862 = VERTEX_POINT ( 'NONE', #1694 ) ;
#1863 = DIRECTION ( 'NONE',  ( 0.000000000000000000, 1.019346266292635461E-16, 1.000000000000000000 ) ) ;
#1864 = DIRECTION ( 'NONE',  ( 0.000000000000000000, 2.251701056906096594E-16, 1.000000000000000000 ) ) ;
#1865 = EDGE_CURVE ( 'NONE', #1899, #2099, #2794, .T. ) ;
#1866 = VECTOR ( 'NONE', #3014, 1000.000000000000000 ) ;
#1867 = EDGE_LOOP ( 'NONE', ( #2426, #2169, #1207, #2673 ) ) ;
#1868 = ORIENTED_EDGE ( 'NONE', *, *, #3178, .T. ) ;
#1869 = VECTOR ( 'NONE', #2498, 1000.000000000000000 ) ;
#1870 = PLANE ( 'NONE',  #2410 ) ;
#1871 = AXIS2_PLACEMENT_3D ( 'NONE', #114, #1248, #695 ) ;
#1872 = VERTEX_POINT ( 'NONE', #1140 ) ;
#1873 = AXIS2_PLACEMENT_3D ( 'NONE', #1389, #838, #3021 ) ;
#1874 = CARTESIAN_POINT ( 'NONE',  ( 4.064000000000000057, 4.336808689942017736E-16, -2.159000000000001140 ) ) ;
#1875 = ORIENTED_EDGE ( 'NONE', *, *, #1982, .F. ) ;
#1876 = CARTESIAN_POINT ( 'NONE',  ( -0.3809999999999998388, 7.239000000000000767, 1.650999999999999801 ) ) ;
#1877 = EDGE_CURVE ( 'NONE', #2738, #2669, #354, .T. ) ;
#1878 = CARTESIAN_POINT ( 'NONE',  ( 3.810000000000000053, 8.509000000000000341, 2.540000000000001812 ) ) ;
#1879 = ORIENTED_EDGE ( 'NONE', *, *, #2761, .F. ) ;
#1880 = VECTOR ( 'NONE', #1205, 1000.000000000000000 ) ;
#1881 = DIRECTION ( 'NONE',  ( 0.000000000000000000, -1.733406087350420004E-16, 1.000000000000000000 ) ) ;
#1882 = FACE_OUTER_BOUND ( 'NONE', #2795, .T. ) ;
#1883 = ORIENTED_EDGE ( 'NONE', *, *, #2222, .F. ) ;
#1884 = ORIENTED_EDGE ( 'NONE', *, *, #1068, .F. ) ;
#1885 = EDGE_CURVE ( 'NONE', #490, #1479, #849, .T. ) ;
#1886 = CARTESIAN_POINT ( 'NONE',  ( 1.270000000000000240, 0.5080000000000006732, -2.022881810244994583 ) ) ;
#1887 = DIRECTION ( 'NONE',  ( 0.000000000000000000, 1.000000000000000000, 1.733406087350420004E-16 ) ) ;
#1888 = ORIENTED_EDGE ( 'NONE', *, *, #3219, .T. ) ;
#1889 = EDGE_CURVE ( 'NONE', #2299, #2190, #581, .T. ) ;
#1890 = ADVANCED_FACE ( 'NONE', ( #1931 ), #1984, .F. ) ;
#1891 =( GEOMETRIC_REPRESENTATION_CONTEXT ( 3 ) GLOBAL_UNCERTAINTY_ASSIGNED_CONTEXT ( ( #2286 ) ) GLOBAL_UNIT_ASSIGNED_CONTEXT ( ( #3452, #2655, #1590 ) ) REPRESENTATION_CONTEXT ( 'NONE', 'WORKASPACE' ) );
#1892 = LINE ( 'NONE', #1633, #2929 ) ;
#1893 = ORIENTED_EDGE ( 'NONE', *, *, #1323, .F. ) ;
#1894 = CARTESIAN_POINT ( 'NONE',  ( 2.159000000000000252, 8.064499999999998892, 1.651000000000000023 ) ) ;
#1895 = DIRECTION ( 'NONE',  ( -0.000000000000000000, 1.000000000000000000, 1.733406087350420004E-16 ) ) ;
#1896 = EDGE_LOOP ( 'NONE', ( #2713, #988, #403, #1875 ) ) ;
#1897 = DIRECTION ( 'NONE',  ( 0.000000000000000000, 0.000000000000000000, -1.000000000000000000 ) ) ;
#1898 = FACE_OUTER_BOUND ( 'NONE', #452, .T. ) ;
#1899 = VERTEX_POINT ( 'NONE', #3082 ) ;
#1900 = ADVANCED_FACE ( 'NONE', ( #1192 ), #56, .F. ) ;
#1901 = EDGE_LOOP ( 'NONE', ( #2012, #2544, #1834, #1220 ) ) ;
#1902 = CARTESIAN_POINT ( 'NONE',  ( -3.810000000000000053, 4.336808689942017736E-16, -2.159000000000001140 ) ) ;
#1903 = PLANE ( 'NONE',  #1808 ) ;
#1904 = ORIENTED_EDGE ( 'NONE', *, *, #2433, .F. ) ;
#1905 = EDGE_CURVE ( 'NONE', #3196, #520, #335, .T. ) ;
#1906 = ORIENTED_EDGE ( 'NONE', *, *, #3477, .T. ) ;
#1907 = CARTESIAN_POINT ( 'NONE',  ( -0.3810000000000000053, 0.5079999999999997851, -1.473200000000000953 ) ) ;
#1908 = CARTESIAN_POINT ( 'NONE',  ( 2.159000000000000252, 7.239000000000000767, -1.651000000000000023 ) ) ;
#1909 = ORIENTED_EDGE ( 'NONE', *, *, #2038, .T. ) ;
#1910 = VECTOR ( 'NONE', #3378, 1000.000000000000000 ) ;
#1911 = DIRECTION ( 'NONE',  ( 0.7071067811865454633, -0.7071067811865495711, 0.000000000000000000 ) ) ;
#1912 = AXIS2_PLACEMENT_3D ( 'NONE', #3290, #2450, #1897 ) ;
#1913 = PLANE ( 'NONE',  #1627 ) ;
#1914 = ORIENTED_EDGE ( 'NONE', *, *, #1359, .F. ) ;
#1915 = ORIENTED_EDGE ( 'NONE', *, *, #1351, .T. ) ;
#1916 = ADVANCED_FACE ( 'NONE', ( #76 ), #2230, .F. ) ;
#1917 = VECTOR ( 'NONE', #1413, 1000.000000000000000 ) ;
#1918 = CARTESIAN_POINT ( 'NONE',  ( 4.064000000000000057, 0.000000000000000000, 2.539999999999999147 ) ) ;
#1919 = FACE_OUTER_BOUND ( 'NONE', #3421, .T. ) ;
#1920 = ORIENTED_EDGE ( 'NONE', *, *, #3468, .F. ) ;
#1921 = AXIS2_PLACEMENT_3D ( 'NONE', #543, #3233, #1845 ) ;
#1922 = VECTOR ( 'NONE', #1491, 1000.000000000000000 ) ;
#1923 = ORIENTED_EDGE ( 'NONE', *, *, #2827, .F. ) ;
#1924 = AXIS2_PLACEMENT_3D ( 'NONE', #3253, #3004, #2227 ) ;
#1925 = VECTOR ( 'NONE', #2942, 1000.000000000000000 ) ;
#1926 = EDGE_CURVE ( 'NONE', #2878, #1939, #373, .T. ) ;
#1927 = CARTESIAN_POINT ( 'NONE',  ( -4.064000000000000057, 8.509000000000000341, -2.540000000000001812 ) ) ;
#1928 =( GEOMETRIC_REPRESENTATION_CONTEXT ( 3 ) GLOBAL_UNCERTAINTY_ASSIGNED_CONTEXT ( ( #1191 ) ) GLOBAL_UNIT_ASSIGNED_CONTEXT ( ( #2842, #1744, #1706 ) ) REPRESENTATION_CONTEXT ( 'NONE', 'WORKASPACE' ) );
#1929 = LINE ( 'NONE', #1653, #123 ) ;
#1930 = DIRECTION ( 'NONE',  ( 0.000000000000000000, -1.000000000000000000, 0.000000000000000000 ) ) ;
#1931 = FACE_OUTER_BOUND ( 'NONE', #2758, .T. ) ;
#1932 = ORIENTED_EDGE ( 'NONE', *, *, #2513, .T. ) ;
#1933 = ORIENTED_EDGE ( 'NONE', *, *, #141, .F. ) ;
#1934 = LINE ( 'NONE', #1348, #3255 ) ;
#1935 = PLANE ( 'NONE',  #234 ) ;
#1936 = ORIENTED_EDGE ( 'NONE', *, *, #2140, .T. ) ;
#1937 = ADVANCED_FACE ( 'NONE', ( #1501 ), #1018, .F. ) ;
#1938 =( NAMED_UNIT ( * ) PLANE_ANGLE_UNIT ( ) SI_UNIT ( $, .RADIAN. ) );
#1939 = VERTEX_POINT ( 'NONE', #1486 ) ;
#1940 = CARTESIAN_POINT ( 'NONE',  ( -0.1961031209927686925, -3.200400000000000134, 1.473199999999999843 ) ) ;
#1941 = CARTESIAN_POINT ( 'NONE',  ( -0.3809999999999998388, 7.239000000000000767, -0.8890000000000001235 ) ) ;
#1942 = CARTESIAN_POINT ( 'NONE',  ( -0.3809999999999998388, 7.239000000000000767, -1.651000000000000023 ) ) ;
#1943 = DIRECTION ( 'NONE',  ( 0.000000000000000000, 0.000000000000000000, 1.000000000000000000 ) ) ;
#1944 = DIRECTION ( 'NONE',  ( -0.000000000000000000, 0.2588190451025140781, 0.9659258262890700886 ) ) ;
#1945 = EDGE_LOOP ( 'NONE', ( #3455, #128, #365, #1534 ) ) ;
#1946 = EDGE_CURVE ( 'NONE', #2195, #1062, #2089, .T. ) ;
#1947 = EDGE_CURVE ( 'NONE', #3381, #2422, #3137, .T. ) ;
#1948 = ORIENTED_EDGE ( 'NONE', *, *, #1010, .F. ) ;
#1949 = CARTESIAN_POINT ( 'NONE',  ( 3.810000000000000497, 8.509000000000000341, -2.095500000000001695 ) ) ;
#1950 = LINE ( 'NONE', #2546, #444 ) ;
#1951 = DIRECTION ( 'NONE',  ( 1.000000000000000000, 0.000000000000000000, -0.000000000000000000 ) ) ;
#1952 = EDGE_LOOP ( 'NONE', ( #2142, #3315, #978, #2232 ) ) ;
#1953 = CARTESIAN_POINT ( 'NONE',  ( 3.810000000000000053, 0.5080000000000000071, 2.022881810244992806 ) ) ;
#1954 = CARTESIAN_POINT ( 'NONE',  ( 1.270000000000000240, 8.509000000000000341, -2.540000000000001812 ) ) ;
#1955 = ORIENTED_EDGE ( 'NONE', *, *, #1493, .T. ) ;
#1956 = DIRECTION ( 'NONE',  ( 1.000000000000000000, 0.000000000000000000, 0.000000000000000000 ) ) ;
#1957 = EDGE_CURVE ( 'NONE', #2796, #3462, #1552, .T. ) ;
#1958 = DIRECTION ( 'NONE',  ( 0.9396926207859093161, 0.3420201433256662149, 0.000000000000000000 ) ) ;
#1959 = AXIS2_PLACEMENT_3D ( 'NONE', #341, #1418, #80 ) ;
#1960 = DIRECTION ( 'NONE',  ( -1.000000000000000000, 0.000000000000000000, 0.000000000000000000 ) ) ;
#1961 = DIRECTION ( 'NONE',  ( 0.000000000000000000, 3.058038798877906014E-16, -1.000000000000000000 ) ) ;
#1962 = UNCERTAINTY_MEASURE_WITH_UNIT (LENGTH_MEASURE( 1.000000000000000082E-05 ), #821, 'distance_accuracy_value', 'NONE');
#1963 = DIRECTION ( 'NONE',  ( 1.000000000000000000, -0.000000000000000000, -0.000000000000000000 ) ) ;
#1964 = ORIENTED_EDGE ( 'NONE', *, *, #2433, .T. ) ;
#1965 = VECTOR ( 'NONE', #2480, 1000.000000000000000 ) ;
#1966 = ORIENTED_EDGE ( 'NONE', *, *, #3403, .F. ) ;
#1967 = CARTESIAN_POINT ( 'NONE',  ( -4.064000000000000057, 8.509000000000000341, -2.540000000000001812 ) ) ;
#1968 = ADVANCED_FACE ( 'NONE', ( #1806 ), #3186, .F. ) ;
#1969 = DIRECTION ( 'NONE',  ( 1.000000000000000000, 0.000000000000000000, 0.000000000000000000 ) ) ;
#1970 = FACE_OUTER_BOUND ( 'NONE', #1847, .T. ) ;
#1971 = EDGE_LOOP ( 'NONE', ( #3287, #753, #24, #2910 ) ) ;
#1972 = CARTESIAN_POINT ( 'NONE',  ( 0.3809999999999989506, 7.239000000000000767, 1.650999999999999801 ) ) ;
#1973 = CARTESIAN_POINT ( 'NONE',  ( 2.159000000000000252, 8.064499999999998892, 1.651000000000000023 ) ) ;
#1974 = VECTOR ( 'NONE', #881, 1000.000000000000000 ) ;
#1975 = ORIENTED_EDGE ( 'NONE', *, *, #789, .F. ) ;
#1976 = SURFACE_SIDE_STYLE ('',( #1458 ) ) ;
#1977 = VECTOR ( 'NONE', #1713, 1000.000000000000000 ) ;
#1978 = LINE ( 'NONE', #1707, #1521 ) ;
#1979 = DIRECTION ( 'NONE',  ( 0.000000000000000000, -0.7071067811865475727, 0.7071067811865475727 ) ) ;
#1980 = VECTOR ( 'NONE', #2769, 1000.000000000000000 ) ;
#1981 = DIRECTION ( 'NONE',  ( 1.000000000000000000, 0.000000000000000000, 0.000000000000000000 ) ) ;
#1982 = EDGE_CURVE ( 'NONE', #1128, #2082, #694, .T. ) ;
#1983 =( GEOMETRIC_REPRESENTATION_CONTEXT ( 3 ) GLOBAL_UNCERTAINTY_ASSIGNED_CONTEXT ( ( #413 ) ) GLOBAL_UNIT_ASSIGNED_CONTEXT ( ( #2610, #980, #1562 ) ) REPRESENTATION_CONTEXT ( 'NONE', 'WORKASPACE' ) );
#1984 = PLANE ( 'NONE',  #2034 ) ;
#1985 = ORIENTED_EDGE ( 'NONE', *, *, #1314, .F. ) ;
#1986 = CARTESIAN_POINT ( 'NONE',  ( 3.810000000000000053, 0.000000000000000000, 2.539999999999999147 ) ) ;
#1987 = VERTEX_POINT ( 'NONE', #2921 ) ;
#1988 = APPLICATION_CONTEXT ( 'automotive_design' ) ;
#1989 = AXIS2_PLACEMENT_3D ( 'NONE', #1972, #2820, #605 ) ;
#1990 = DIRECTION ( 'NONE',  ( 0.000000000000000000, 0.000000000000000000, 1.000000000000000000 ) ) ;
#1991 = DIRECTION ( 'NONE',  ( -1.000000000000000000, -0.000000000000000000, -0.000000000000000000 ) ) ;
#1992 = DIRECTION ( 'NONE',  ( 1.000000000000000000, 0.000000000000000000, -0.000000000000000000 ) ) ;
#1993 = EDGE_LOOP ( 'NONE', ( #797, #1792, #708, #3501 ) ) ;
#1994 = EDGE_CURVE ( 'NONE', #859, #2147, #445, .T. ) ;
#1995 =( NAMED_UNIT ( * ) SI_UNIT ( $, .STERADIAN. ) SOLID_ANGLE_UNIT ( ) );
#1996 = DIRECTION ( 'NONE',  ( 0.000000000000000000, -1.000000000000000000, 1.019346266292635338E-16 ) ) ;
#1997 = ORIENTED_EDGE ( 'NONE', *, *, #2475, .F. ) ;
#1998 = EDGE_CURVE ( 'NONE', #3431, #1216, #985, .T. ) ;
#1999 = EDGE_CURVE ( 'NONE', #1625, #2042, #2850, .T. ) ;
#2000 = LINE ( 'NONE', #3097, #905 ) ;
#2001 = CARTESIAN_POINT ( 'NONE',  ( -1.269999999999999796, 4.336808689942017736E-16, -2.159000000000001140 ) ) ;
#2002 = LINE ( 'NONE', #670, #3057 ) ;
#2003 = DIRECTION ( 'NONE',  ( -0.000000000000000000, 0.000000000000000000, 1.000000000000000000 ) ) ;
#2004 = ORIENTED_EDGE ( 'NONE', *, *, #2474, .T. ) ;
#2005 = CARTESIAN_POINT ( 'NONE',  ( 0.3809999999999989506, 7.239000000000000767, -0.8890000000000001235 ) ) ;
#2006 = ORIENTED_EDGE ( 'NONE', *, *, #3304, .F. ) ;
#2007 = DIRECTION ( 'NONE',  ( 0.5773502691896261751, 0.5773502691896250649, -0.5773502691896260641 ) ) ;
#2008 = EDGE_CURVE ( 'NONE', #2352, #1764, #2021, .T. ) ;
#2009 = LINE ( 'NONE', #3107, #836 ) ;
#2010 = DIRECTION ( 'NONE',  ( 0.000000000000000000, 0.000000000000000000, -1.000000000000000000 ) ) ;
#2011 = MANIFOLD_SOLID_BREP ( 'Mirror1', #2083 ) ;
#2012 = ORIENTED_EDGE ( 'NONE', *, *, #2452, .T. ) ;
#2013 = PLANE ( 'NONE',  #867 ) ;
#2014 = DIRECTION ( 'NONE',  ( 0.000000000000000000, 0.000000000000000000, -1.000000000000000000 ) ) ;
#2015 = ORIENTED_EDGE ( 'NONE', *, *, #2444, .F. ) ;
#2016 =( NAMED_UNIT ( * ) PLANE_ANGLE_UNIT ( ) SI_UNIT ( $, .RADIAN. ) );
#2017 = EDGE_CURVE ( 'NONE', #396, #2368, #188, .T. ) ;
#2018 = FACE_OUTER_BOUND ( 'NONE', #1279, .T. ) ;
#2019 = DIRECTION ( 'NONE',  ( 0.000000000000000000, 5.691349986800550837E-16, -1.000000000000000000 ) ) ;
#2020 = CARTESIAN_POINT ( 'NONE',  ( 2.920999999999998931, 8.064499999999998892, 1.650999999999999801 ) ) ;
#2021 = LINE ( 'NONE', #3117, #676 ) ;
#2022 = CARTESIAN_POINT ( 'NONE',  ( -1.269999999999999796, 0.5080000000000006732, -2.022881810244994583 ) ) ;
#2023 = ORIENTED_EDGE ( 'NONE', *, *, #2743, .F. ) ;
#2024 = LINE ( 'NONE', #952, #3051 ) ;
#2025 = DIRECTION ( 'NONE',  ( 0.000000000000000000, -0.9659258262890700886, 0.2588190451025140781 ) ) ;
#2026 = PLANE ( 'NONE',  #1136 ) ;
#2027 = ORIENTED_EDGE ( 'NONE', *, *, #1822, .T. ) ;
#2028 = EDGE_CURVE ( 'NONE', #1815, #244, #1001, .T. ) ;
#2029 = LINE ( 'NONE', #2049, #2693 ) ;
#2030 = FACE_OUTER_BOUND ( 'NONE', #2748, .T. ) ;
#2031 = VECTOR ( 'NONE', #1604, 1000.000000000000000 ) ;
#2032 = EDGE_LOOP ( 'NONE', ( #1436, #453, #2470, #3293 ) ) ;
#2033 = SURFACE_STYLE_FILL_AREA ( #1424 ) ;
#2034 = AXIS2_PLACEMENT_3D ( 'NONE', #2482, #597, #2774 ) ;
#2035 = LINE ( 'NONE', #725, #2668 ) ;
#2036 = DIRECTION ( 'NONE',  ( -1.000000000000000000, 0.000000000000000000, 0.000000000000000000 ) ) ;
#2037 = DIRECTION ( 'NONE',  ( 0.000000000000000000, 2.251701056906096594E-16, 1.000000000000000000 ) ) ;
#2038 = EDGE_CURVE ( 'NONE', #2992, #3381, #2635, .T. ) ;
#2039 = PRESENTATION_LAYER_ASSIGNMENT (  '', '', ( #1463 ) ) ;
#2040 = AXIS2_PLACEMENT_3D ( 'NONE', #2547, #875, #3068 ) ;
#2041 = LINE ( 'NONE', #911, #1977 ) ;
#2042 = VERTEX_POINT ( 'NONE', #3448 ) ;
#2043 = VECTOR ( 'NONE', #1583, 1000.000000000000114 ) ;
#2044 = LINE ( 'NONE', #3206, #2245 ) ;
#2045 = LINE ( 'NONE', #1557, #2951 ) ;
#2046 = CARTESIAN_POINT ( 'NONE',  ( -1.269999999999999796, 0.5080000000000000071, 2.022881810244992806 ) ) ;
#2047 = MECHANICAL_DESIGN_GEOMETRIC_PRESENTATION_REPRESENTATION (  '', ( #624 ), #1760 ) ;
#2048 = VERTEX_POINT ( 'NONE', #2985 ) ;
#2049 = CARTESIAN_POINT ( 'NONE',  ( 0.3810000000000000053, 0.5079999999999998961, -1.066800000000001303 ) ) ;
#2050 = EDGE_CURVE ( 'NONE', #460, #3439, #561, .T. ) ;
#2051 = VERTEX_POINT ( 'NONE', #1894 ) ;
#2052 = ITEM_DEFINED_TRANSFORMATION ( 'NONE', 'NONE', #3471,  #2334 ) ;
#2053 = CARTESIAN_POINT ( 'NONE',  ( 4.064000000000000057, 8.509000000000000341, 2.540000000000001812 ) ) ;
#2054 = CARTESIAN_POINT ( 'NONE',  ( 2.159000000000000252, 7.239000000000000767, 1.650999999999999801 ) ) ;
#2055 = PLANE ( 'NONE',  #1237 ) ;
#2056 = SURFACE_STYLE_FILL_AREA ( #1750 ) ;
#2057 = CARTESIAN_POINT ( 'NONE',  ( -0.1961031209927689145, -3.200400000000000134, 1.473199999999999843 ) ) ;
#2058 = ORIENTED_EDGE ( 'NONE', *, *, #1715, .T. ) ;
#2059 = DIRECTION ( 'NONE',  ( -1.000000000000000000, -0.000000000000000000, -0.000000000000000000 ) ) ;
#2060 = EDGE_CURVE ( 'NONE', #1815, #3011, #1585, .T. ) ;
#2061 = DIRECTION ( 'NONE',  ( 0.000000000000000000, -5.691349986800550837E-16, 1.000000000000000000 ) ) ;
#2062 = ADVANCED_FACE ( 'NONE', ( #766 ), #2447, .F. ) ;
#2063 = ORIENTED_EDGE ( 'NONE', *, *, #631, .T. ) ;
#2064 = DIRECTION ( 'NONE',  ( 0.000000000000000000, 0.000000000000000000, -1.000000000000000000 ) ) ;
#2065 = SHAPE_REPRESENTATION ( 'NPTC032LFBN-RC', ( #1584, #3471, #852, #2393, #2679 ), #1983 ) ;
#2066 = ORIENTED_EDGE ( 'NONE', *, *, #3084, .T. ) ;
#2067 = CARTESIAN_POINT ( 'NONE',  ( 0.3810000000000000053, -3.200400000000000134, 1.066800000000000415 ) ) ;
#2068 = ORIENTED_EDGE ( 'NONE', *, *, #175, .T. ) ;
#2069 = CARTESIAN_POINT ( 'NONE',  ( -0.3809999999999998388, 8.064499999999998892, 1.650999999999999801 ) ) ;
#2070 = DIRECTION ( 'NONE',  ( 1.000000000000000000, 0.000000000000000000, 0.000000000000000000 ) ) ;
#2071 = EDGE_CURVE ( 'NONE', #1312, #1872, #823, .T. ) ;
#2072 = CARTESIAN_POINT ( 'NONE',  ( 4.064000000000000057, 4.336808689942017736E-16, -2.159000000000001140 ) ) ;
#2073 = DIRECTION ( 'NONE',  ( -0.000000000000000000, -0.000000000000000000, 1.000000000000000000 ) ) ;
#2074 = ORIENTED_EDGE ( 'NONE', *, *, #1857, .T. ) ;
#2075 = LINE ( 'NONE', #3172, #1036 ) ;
#2076 = DIRECTION ( 'NONE',  ( -0.5773502691896266192, 0.5773502691896232886, -0.5773502691896275074 ) ) ;
#2077 = CARTESIAN_POINT ( 'NONE',  ( -2.920999999999999819, 8.064500000000002444, -0.8890000000000000124 ) ) ;
#2078 = AXIS2_PLACEMENT_3D ( 'NONE', #1973, #1703, #382 ) ;
#2079 = EDGE_LOOP ( 'NONE', ( #956, #2453, #285, #376 ) ) ;
#2080 = EDGE_CURVE ( 'NONE', #3479, #3016, #1295, .T. ) ;
#2081 = DIRECTION ( 'NONE',  ( -0.7071067811865454633, -0.7071067811865495711, 0.000000000000000000 ) ) ;
#2082 = VERTEX_POINT ( 'NONE', #1638 ) ;
#2083 = CLOSED_SHELL ( 'NONE', ( #132, #649, #711, #2370, #879, #1031, #409, #1613, #2289, #1890 ) ) ;
#2084 = CARTESIAN_POINT ( 'NONE',  ( 0.3809999999999989506, 7.239000000000000767, 1.650999999999999801 ) ) ;
#2085 = VERTEX_POINT ( 'NONE', #2936 ) ;
#2086 = CARTESIAN_POINT ( 'NONE',  ( 2.159000000000000252, 8.064499999999998892, 1.650999999999999801 ) ) ;
#2087 = FACE_OUTER_BOUND ( 'NONE', #2716, .T. ) ;
#2088 = AXIS2_PLACEMENT_3D ( 'NONE', #1656, #3291, #2003 ) ;
#2089 = LINE ( 'NONE', #149, #1131 ) ;
#2090 = ADVANCED_FACE ( 'NONE', ( #2380 ), #2159, .F. ) ;
#2091 = FACE_OUTER_BOUND ( 'NONE', #1896, .T. ) ;
#2092 = AXIS2_PLACEMENT_3D ( 'NONE', #3181, #2629, #943 ) ;
#2093 = ORIENTED_EDGE ( 'NONE', *, *, #2423, .F. ) ;
#2094 = DIRECTION ( 'NONE',  ( 0.000000000000000000, 1.000000000000000000, -1.019346266292635338E-16 ) ) ;
#2095 = AXIS2_PLACEMENT_3D ( 'NONE', #2430, #2500, #1619 ) ;
#2096 = LINE ( 'NONE', #1043, #848 ) ;
#2097 = ORIENTED_EDGE ( 'NONE', *, *, #2542, .T. ) ;
#2098 = MANIFOLD_SOLID_BREP ( 'Mirror3', #3336 ) ;
#2099 = VERTEX_POINT ( 'NONE', #1038 ) ;
#2100 = VECTOR ( 'NONE', #3377, 1000.000000000000000 ) ;
#2101 = VECTOR ( 'NONE', #1252, 1000.000000000000000 ) ;
#2102 = DIRECTION ( 'NONE',  ( 0.000000000000000000, 0.000000000000000000, 1.000000000000000000 ) ) ;
#2103 = AXIS2_PLACEMENT_3D ( 'NONE', #3055, #2574, #1956 ) ;
#2104 = ORIENTED_EDGE ( 'NONE', *, *, #247, .F. ) ;
#2105 = APPLICATION_PROTOCOL_DEFINITION ( 'draft international standard', 'automotive_design', 1998, #723 ) ;
#2106 = EDGE_CURVE ( 'NONE', #2317, #2841, #1618, .T. ) ;
#2107 = EDGE_CURVE ( 'NONE', #2137, #1091, #266, .T. ) ;
#2108 = ORIENTED_EDGE ( 'NONE', *, *, #907, .F. ) ;
#2109 = CARTESIAN_POINT ( 'NONE',  ( -4.064000000000000057, 6.505213034913026604E-16, -2.540000000000000924 ) ) ;
#2110 = DIRECTION ( 'NONE',  ( 0.000000000000000000, 0.9659258262890700886, -0.2588190451025140781 ) ) ;
#2111 = PLANE ( 'NONE',  #1811 ) ;
#2112 = ORIENTED_EDGE ( 'NONE', *, *, #1947, .F. ) ;
#2113 = DIRECTION ( 'NONE',  ( 0.9396926207859093161, 0.3420201433256662149, -0.000000000000000000 ) ) ;
#2114 = DIRECTION ( 'NONE',  ( 1.000000000000000000, -0.000000000000000000, -0.000000000000000000 ) ) ;
#2115 = EDGE_LOOP ( 'NONE', ( #3279, #152, #2466, #1148 ) ) ;
#2116 = ADVANCED_FACE ( 'NONE', ( #1101 ), #3203, .F. ) ;
#2117 = DIRECTION ( 'NONE',  ( -1.000000000000000000, 0.000000000000000000, 0.000000000000000000 ) ) ;
#2118 = EDGE_LOOP ( 'NONE', ( #3153, #1381, #1395, #1966 ) ) ;
#2119 = DIRECTION ( 'NONE',  ( 0.000000000000000000, 0.000000000000000000, 1.000000000000000000 ) ) ;
#2120 = ORIENTED_EDGE ( 'NONE', *, *, #84, .T. ) ;
#2121 = CARTESIAN_POINT ( 'NONE',  ( -1.269999999999999796, -8.578981026812224210E-17, 2.158999999999999364 ) ) ;
#2122 = EDGE_CURVE ( 'NONE', #2217, #715, #3215, .T. ) ;
#2123 = SURFACE_STYLE_USAGE ( .BOTH. , #3252 ) ;
#2124 = VECTOR ( 'NONE', #522, 1000.000000000000000 ) ;
#2125 = FACE_OUTER_BOUND ( 'NONE', #992, .T. ) ;
#2126 = CARTESIAN_POINT ( 'NONE',  ( 2.540000000000000036, 7.239000000000000767, -2.201425730935033664E-16 ) ) ;
#2127 = CARTESIAN_POINT ( 'NONE',  ( 0.1269999999999977813, 7.810500000000001997, -1.396999999999998465 ) ) ;
#2128 = DIRECTION ( 'NONE',  ( 0.000000000000000000, 1.607907343367028359E-16, -1.000000000000000000 ) ) ;
#2129 = ORIENTED_EDGE ( 'NONE', *, *, #3384, .T. ) ;
#2130 = ORIENTED_EDGE ( 'NONE', *, *, #574, .T. ) ;
#2131 = FACE_OUTER_BOUND ( 'NONE', #322, .T. ) ;
#2132 = VECTOR ( 'NONE', #3389, 1000.000000000000000 ) ;
#2133 = ORIENTED_EDGE ( 'NONE', *, *, #3316, .T. ) ;
#2134 = EDGE_CURVE ( 'NONE', #383, #3211, #250, .T. ) ;
#2135 = DIRECTION ( 'NONE',  ( 0.000000000000000000, 3.058038798877906014E-16, -1.000000000000000000 ) ) ;
#2136 = VECTOR ( 'NONE', #3358, 999.9999999999998863 ) ;
#2137 = VERTEX_POINT ( 'NONE', #1341 ) ;
#2138 = CARTESIAN_POINT ( 'NONE',  ( 5.080000000000000071, 7.239000000000000767, -2.201425730935033664E-16 ) ) ;
#2139 = CARTESIAN_POINT ( 'NONE',  ( 3.810000000000000497, -8.578981026812224210E-17, 2.158999999999999364 ) ) ;
#2140 = EDGE_CURVE ( 'NONE', #2352, #3196, #1, .T. ) ;
#2141 = CARTESIAN_POINT ( 'NONE',  ( -3.810000000000000053, 4.336808689942017736E-16, -2.159000000000001140 ) ) ;
#2142 = ORIENTED_EDGE ( 'NONE', *, *, #2532, .F. ) ;
#2143 = CARTESIAN_POINT ( 'NONE',  ( 1.270000000000000240, 0.5080000000000000071, 2.022881810244992806 ) ) ;
#2144 = VECTOR ( 'NONE', #1093, 1000.000000000000000 ) ;
#2145 = CARTESIAN_POINT ( 'NONE',  ( -4.064000000000000057, 0.000000000000000000, 2.539999999999999147 ) ) ;
#2146 =( GEOMETRIC_REPRESENTATION_CONTEXT ( 3 ) GLOBAL_UNCERTAINTY_ASSIGNED_CONTEXT ( ( #946 ) ) GLOBAL_UNIT_ASSIGNED_CONTEXT ( ( #2666, #1313, #2399 ) ) REPRESENTATION_CONTEXT ( 'NONE', 'WORKASPACE' ) );
#2147 = VERTEX_POINT ( 'NONE', #1390 ) ;
#2148 = EDGE_CURVE ( 'NONE', #3431, #243, #3058, .T. ) ;
#2149 = EDGE_LOOP ( 'NONE', ( #1223, #355, #2023, #830 ) ) ;
#2150 = VECTOR ( 'NONE', #1753, 1000.000000000000000 ) ;
#2151 = LINE ( 'NONE', #2746, #2398 ) ;
#2152 = CARTESIAN_POINT ( 'NONE',  ( -2.920999999999999819, 8.064499999999998892, 1.650999999999999801 ) ) ;
#2153 = EDGE_LOOP ( 'NONE', ( #1868, #2606, #356, #1367 ) ) ;
#2154 = FILL_AREA_STYLE ('',( #3035 ) ) ;
#2155 = ORIENTED_EDGE ( 'NONE', *, *, #1576, .T. ) ;
#2156 = CARTESIAN_POINT ( 'NONE',  ( 3.365500000000002156, 8.509000000000000341, 2.095500000000002139 ) ) ;
#2157 = SHAPE_REPRESENTATION ( 'NPPC202LFBN-RC_C03', ( #2334 ), #1692 ) ;
#2158 = EDGE_CURVE ( 'NONE', #490, #1076, #2478, .T. ) ;
#2159 = PLANE ( 'NONE',  #1921 ) ;
#2160 = CARTESIAN_POINT ( 'NONE',  ( 3.810000000000000497, 6.505213034913026604E-16, -2.540000000000000924 ) ) ;
#2161 = ORIENTED_EDGE ( 'NONE', *, *, #483, .T. ) ;
#2162 = DIRECTION ( 'NONE',  ( 0.000000000000000000, -1.000000000000000000, 0.000000000000000000 ) ) ;
#2163 = CARTESIAN_POINT ( 'NONE',  ( -2.920999999999999819, 7.239000000000000767, -1.651000000000000023 ) ) ;
#2164 = ORIENTED_EDGE ( 'NONE', *, *, #1456, .F. ) ;
#2165 = ORIENTED_EDGE ( 'NONE', *, *, #827, .T. ) ;
#2166 = EDGE_CURVE ( 'NONE', #1555, #30, #3022, .T. ) ;
#2167 = CARTESIAN_POINT ( 'NONE',  ( 3.810000000000000497, 6.505213034913026604E-16, -2.540000000000000924 ) ) ;
#2168 = LINE ( 'NONE', #3278, #1308 ) ;
#2169 = ORIENTED_EDGE ( 'NONE', *, *, #747, .F. ) ;
#2170 = ORIENTED_EDGE ( 'NONE', *, *, #1605, .T. ) ;
#2171 = CARTESIAN_POINT ( 'NONE',  ( 2.920999999999998931, 7.239000000000000767, 1.650999999999999801 ) ) ;
#2172 = DIRECTION ( 'NONE',  ( 0.000000000000000000, 0.9659258262890700886, -0.2588190451025140781 ) ) ;
#2173 = DIRECTION ( 'NONE',  ( 0.000000000000000000, -0.000000000000000000, -1.000000000000000000 ) ) ;
#2174 = STYLED_ITEM ( 'NONE', ( #2184 ), #950 ) ;
#2175 = ADVANCED_FACE ( 'NONE', ( #1376 ), #2533, .F. ) ;
#2176 = FACE_OUTER_BOUND ( 'NONE', #2374, .T. ) ;
#2177 = LINE ( 'NONE', #496, #1403 ) ;
#2178 = ORIENTED_EDGE ( 'NONE', *, *, #765, .T. ) ;
#2179 = ORIENTED_EDGE ( 'NONE', *, *, #1108, .F. ) ;
#2180 = LINE ( 'NONE', #1126, #1368 ) ;
#2181 = LINE ( 'NONE', #1094, #1409 ) ;
#2182 = ORIENTED_EDGE ( 'NONE', *, *, #1243, .F. ) ;
#2183 = EDGE_CURVE ( 'NONE', #167, #1111, #650, .T. ) ;
#2184 = PRESENTATION_STYLE_ASSIGNMENT (( #278 ) ) ;
#2185 = ORIENTED_EDGE ( 'NONE', *, *, #2883, .F. ) ;
#2186 = VECTOR ( 'NONE', #1677, 1000.000000000000000 ) ;
#2187 = CARTESIAN_POINT ( 'NONE',  ( 2.159000000000000252, 8.064499999999998892, 0.8889999999999999014 ) ) ;
#2188 = CARTESIAN_POINT ( 'NONE',  ( 3.810000000000000497, 8.509000000000000341, 2.095500000000002139 ) ) ;
#2189 = LINE ( 'NONE', #267, #2390 ) ;
#2190 = VERTEX_POINT ( 'NONE', #73 ) ;
#2191 = FACE_OUTER_BOUND ( 'NONE', #2115, .T. ) ;
#2192 = VECTOR ( 'NONE', #304, 1000.000000000000000 ) ;
#2193 = EDGE_CURVE ( 'NONE', #3223, #3275, #2807, .T. ) ;
#2194 = CARTESIAN_POINT ( 'NONE',  ( 0.3809999999999989506, 7.239000000000000767, -0.8890000000000001235 ) ) ;
#2195 = VERTEX_POINT ( 'NONE', #1690 ) ;
#2196 = ORIENTED_EDGE ( 'NONE', *, *, #3417, .F. ) ;
#2197 = LINE ( 'NONE', #853, #397 ) ;
#2198 = VECTOR ( 'NONE', #1785, 1000.000000000000114 ) ;
#2199 = PLANE ( 'NONE',  #1841 ) ;
#2200 = LINE ( 'NONE', #572, #975 ) ;
#2201 = ORIENTED_EDGE ( 'NONE', *, *, #2989, .F. ) ;
#2202 = AXIS2_PLACEMENT_3D ( 'NONE', #2963, #2993, #274 ) ;
#2203 = VECTOR ( 'NONE', #3376, 1000.000000000000000 ) ;
#2204 = SURFACE_SIDE_STYLE ('',( #31 ) ) ;
#2205 = AXIS2_PLACEMENT_3D ( 'NONE', #1680, #3401, #435 ) ;
#2206 = ORIENTED_EDGE ( 'NONE', *, *, #316, .T. ) ;
#2207 = VECTOR ( 'NONE', #203, 1000.000000000000000 ) ;
#2208 = VECTOR ( 'NONE', #1394, 1000.000000000000000 ) ;
#2209 = EDGE_CURVE ( 'NONE', #1809, #1555, #1154, .T. ) ;
#2210 = ADVANCED_FACE ( 'NONE', ( #2226 ), #861, .F. ) ;
#2211 = DIRECTION ( 'NONE',  ( -0.000000000000000000, 0.000000000000000000, 1.000000000000000000 ) ) ;
#2212 = PLANE ( 'NONE',  #2675 ) ;
#2213 = DIRECTION ( 'NONE',  ( 0.000000000000000000, 0.000000000000000000, -1.000000000000000000 ) ) ;
#2214 = SURFACE_STYLE_USAGE ( .BOTH. , #1655 ) ;
#2215 = CARTESIAN_POINT ( 'NONE',  ( 2.159000000000000252, 8.064500000000002444, -0.8890000000000000124 ) ) ;
#2216 = ORIENTED_EDGE ( 'NONE', *, *, #1632, .F. ) ;
#2217 = VERTEX_POINT ( 'NONE', #1116 ) ;
#2218 = CARTESIAN_POINT ( 'NONE',  ( 4.064000000000000057, 8.509000000000000341, 2.540000000000001812 ) ) ;
#2219 = LINE ( 'NONE', #2526, #78 ) ;
#2220 = DIRECTION ( 'NONE',  ( 0.000000000000000000, 1.000000000000000000, -2.251701056906096594E-16 ) ) ;
#2221 = ORIENTED_EDGE ( 'NONE', *, *, #2209, .F. ) ;
#2222 = EDGE_CURVE ( 'NONE', #1040, #2692, #50, .T. ) ;
#2223 = DIRECTION ( 'NONE',  ( 0.000000000000000000, 1.019346266292635461E-16, 1.000000000000000000 ) ) ;
#2224 = CARTESIAN_POINT ( 'NONE',  ( -0.3809999999999998388, 7.239000000000000767, 1.650999999999999801 ) ) ;
#2225 = VERTEX_POINT ( 'NONE', #1652 ) ;
#2226 = FACE_OUTER_BOUND ( 'NONE', #1993, .T. ) ;
#2227 = DIRECTION ( 'NONE',  ( 0.000000000000000000, 2.251701056906096594E-16, 1.000000000000000000 ) ) ;
#2228 = DIRECTION ( 'NONE',  ( -0.7071067811865467956, -0.7071067811865482389, 0.000000000000000000 ) ) ;
#2229 = ADVANCED_FACE ( 'NONE', ( #3285 ), #1170, .F. ) ;
#2230 = PLANE ( 'NONE',  #230 ) ;
#2231 = VERTEX_POINT ( 'NONE', #3039 ) ;
#2232 = ORIENTED_EDGE ( 'NONE', *, *, #2513, .F. ) ;
#2233 = FACE_BOUND ( 'NONE', #1559, .T. ) ;
#2234 = CARTESIAN_POINT ( 'NONE',  ( -2.159000000000001140, 8.064499999999998892, 1.650999999999999801 ) ) ;
#2235 = DIRECTION ( 'NONE',  ( 0.000000000000000000, -0.000000000000000000, -1.000000000000000000 ) ) ;
#2236 = VERTEX_POINT ( 'NONE', #89 ) ;
#2237 = CARTESIAN_POINT ( 'NONE',  ( 2.159000000000000252, 7.239000000000000767, 1.650999999999999801 ) ) ;
#2238 = CARTESIAN_POINT ( 'NONE',  ( 2.159000000000000252, 7.239000000000000767, 0.8889999999999997904 ) ) ;
#2239 = ADVANCED_FACE ( 'NONE', ( #317 ), #1134, .F. ) ;
#2240 = ORIENTED_EDGE ( 'NONE', *, *, #2883, .T. ) ;
#2241 = CARTESIAN_POINT ( 'NONE',  ( -3.810000000000000053, 0.000000000000000000, 2.539999999999999147 ) ) ;
#2242 = VECTOR ( 'NONE', #959, 1000.000000000000000 ) ;
#2243 = CARTESIAN_POINT ( 'NONE',  ( -0.3809999999999998388, 8.064499999999998892, 1.651000000000000023 ) ) ;
#2244 = CARTESIAN_POINT ( 'NONE',  ( 3.810000000000000053, 4.336808689942017736E-16, -2.159000000000001140 ) ) ;
#2245 = VECTOR ( 'NONE', #1831, 1000.000000000000000 ) ;
#2246 =( LENGTH_UNIT ( ) NAMED_UNIT ( * ) SI_UNIT ( .MILLI., .METRE. ) );
#2247 = DIRECTION ( 'NONE',  ( 0.000000000000000000, 0.9659258262890700886, -0.2588190451025140781 ) ) ;
#2248 = EDGE_CURVE ( 'NONE', #997, #1324, #1669, .T. ) ;
#2249 = VERTEX_POINT ( 'NONE', #1427 ) ;
#2250 = DIRECTION ( 'NONE',  ( 0.000000000000000000, 0.000000000000000000, -1.000000000000000000 ) ) ;
#2251 = ORIENTED_EDGE ( 'NONE', *, *, #1877, .T. ) ;
#2252 = LINE ( 'NONE', #914, #2711 ) ;
#2253 = ADVANCED_FACE ( 'NONE', ( #107 ), #2264, .F. ) ;
#2254 = PLANE ( 'NONE',  #2379 ) ;
#2255 = EDGE_CURVE ( 'NONE', #1872, #807, #1978, .T. ) ;
#2256 = DIRECTION ( 'NONE',  ( 0.000000000000000000, 0.000000000000000000, -1.000000000000000000 ) ) ;
#2257 = ORIENTED_EDGE ( 'NONE', *, *, #2782, .T. ) ;
#2258 = CARTESIAN_POINT ( 'NONE',  ( 1.714499999999997248, 8.509000000000000341, -2.540000000000001812 ) ) ;
#2259 = LINE ( 'NONE', #2821, #955 ) ;
#2260 = VECTOR ( 'NONE', #2702, 1000.000000000000000 ) ;
#2261 = EDGE_LOOP ( 'NONE', ( #2401, #2004, #2663, #416 ) ) ;
#2262 = CARTESIAN_POINT ( 'NONE',  ( 0.000000000000000000, 0.000000000000000000, 0.000000000000000000 ) ) ;
#2263 = VECTOR ( 'NONE', #2813, 1000.000000000000000 ) ;
#2264 = PLANE ( 'NONE',  #3066 ) ;
#2265 = CARTESIAN_POINT ( 'NONE',  ( -0.1961031209927686925, -3.200400000000000134, 1.066800000000000415 ) ) ;
#2266 = AXIS2_PLACEMENT_3D ( 'NONE', #2160, #2703, #1391 ) ;
#2267 = DIRECTION ( 'NONE',  ( 0.000000000000000000, -0.7071067811865499042, 0.7071067811865451302 ) ) ;
#2268 = VECTOR ( 'NONE', #1213, 1000.000000000000000 ) ;
#2269 = EDGE_CURVE ( 'NONE', #319, #1516, #2000, .T. ) ;
#2270 = PRODUCT_DEFINITION_FORMATION_WITH_SPECIFIED_SOURCE ( 'ANY', '', #3200, .NOT_KNOWN. ) ;
#2271 = CARTESIAN_POINT ( 'NONE',  ( -2.159000000000001140, 7.239000000000000767, -1.651000000000000023 ) ) ;
#2272 = ORIENTED_EDGE ( 'NONE', *, *, #71, .F. ) ;
#2273 = DIRECTION ( 'NONE',  ( 0.000000000000000000, 1.733406087350420004E-16, -1.000000000000000000 ) ) ;
#2274 = ORIENTED_EDGE ( 'NONE', *, *, #1605, .F. ) ;
#2275 = LINE ( 'NONE', #2292, #1736 ) ;
#2276 = LINE ( 'NONE', #3385, #2924 ) ;
#2277 = DIRECTION ( 'NONE',  ( 0.000000000000000000, 0.9659258262890701996, 0.2588190451025140226 ) ) ;
#2278 = ORIENTED_EDGE ( 'NONE', *, *, #584, .F. ) ;
#2279 = EDGE_CURVE ( 'NONE', #3054, #1555, #200, .T. ) ;
#2280 = CARTESIAN_POINT ( 'NONE',  ( -0.3809999999999998388, 8.064499999999998892, 0.8889999999999999014 ) ) ;
#2281 = CARTESIAN_POINT ( 'NONE',  ( 2.920999999999998931, 7.239000000000000767, -1.651000000000000023 ) ) ;
#2282 = ORIENTED_EDGE ( 'NONE', *, *, #891, .F. ) ;
#2283 = CARTESIAN_POINT ( 'NONE',  ( -0.3809999999999998388, 8.064500000000002444, -0.8890000000000000124 ) ) ;
#2284 = DIRECTION ( 'NONE',  ( 0.000000000000000000, -1.733406087350420004E-16, 1.000000000000000000 ) ) ;
#2285 = DIRECTION ( 'NONE',  ( 0.000000000000000000, 2.667820306312759283E-16, 1.000000000000000000 ) ) ;
#2286 = UNCERTAINTY_MEASURE_WITH_UNIT (LENGTH_MEASURE( 1.000000000000000082E-05 ), #3452, 'distance_accuracy_value', 'NONE');
#2287 = DIRECTION ( 'NONE',  ( -1.000000000000000000, 0.000000000000000000, -0.000000000000000000 ) ) ;
#2288 = CARTESIAN_POINT ( 'NONE',  ( 1.270000000000000240, 8.509000000000000341, -2.095500000000001695 ) ) ;
#2289 = ADVANCED_FACE ( 'NONE', ( #3113 ), #1481, .T. ) ;
#2290 = CARTESIAN_POINT ( 'NONE',  ( -3.810000000000000053, 0.000000000000000000, 0.000000000000000000 ) ) ;
#2291 = ORIENTED_EDGE ( 'NONE', *, *, #979, .F. ) ;
#2292 = CARTESIAN_POINT ( 'NONE',  ( -1.269999999999999796, 8.509000000000000341, 2.095500000000002139 ) ) ;
#2293 = CARTESIAN_POINT ( 'NONE',  ( 1.270000000000000240, 8.509000000000000341, -2.540000000000001812 ) ) ;
#2294 = LINE ( 'NONE', #2857, #3465 ) ;
#2295 = VERTEX_POINT ( 'NONE', #1781 ) ;
#2296 = DIRECTION ( 'NONE',  ( 0.000000000000000000, -1.607907343367028359E-16, 1.000000000000000000 ) ) ;
#2297 = DIRECTION ( 'NONE',  ( 0.000000000000000000, 3.058038798877906014E-16, -1.000000000000000000 ) ) ;
#2298 = EDGE_CURVE ( 'NONE', #1516, #3231, #2613, .T. ) ;
#2299 = VERTEX_POINT ( 'NONE', #981 ) ;
#2300 = DIRECTION ( 'NONE',  ( -1.000000000000000000, 0.000000000000000000, 0.000000000000000000 ) ) ;
#2301 = DIRECTION ( 'NONE',  ( 1.000000000000000000, 0.000000000000000000, 0.000000000000000000 ) ) ;
#2302 = PLANE ( 'NONE',  #2314 ) ;
#2303 = AXIS2_PLACEMENT_3D ( 'NONE', #1686, #2785, #364 ) ;
#2304 = DIRECTION ( 'NONE',  ( 0.000000000000000000, 0.000000000000000000, 1.000000000000000000 ) ) ;
#2305 = CARTESIAN_POINT ( 'NONE',  ( 0.1269999999999986418, 7.810500000000002885, -1.143000000000000682 ) ) ;
#2306 = ORIENTED_EDGE ( 'NONE', *, *, #1597, .T. ) ;
#2307 = PRODUCT_DEFINITION_SHAPE ( 'NONE', 'NONE',  #2742 ) ;
#2308 = EDGE_CURVE ( 'NONE', #2804, #1354, #2575, .T. ) ;
#2309 = CARTESIAN_POINT ( 'NONE',  ( -3.365500000000003045, 8.509000000000000341, 0.4444999999999970086 ) ) ;
#2310 = DIRECTION ( 'NONE',  ( 0.000000000000000000, -1.000000000000000000, 0.000000000000000000 ) ) ;
#2311 = CARTESIAN_POINT ( 'NONE',  ( -2.413000000000002476, 7.810500000000001997, -1.396999999999998465 ) ) ;
#2312 = ORIENTED_EDGE ( 'NONE', *, *, #2937, .F. ) ;
#2313 = ORIENTED_EDGE ( 'NONE', *, *, #120, .F. ) ;
#2314 = AXIS2_PLACEMENT_3D ( 'NONE', #1551, #2650, #2595 ) ;
#2315 = DIRECTION ( 'NONE',  ( 0.000000000000000000, -1.000000000000000000, -2.923638691849597351E-16 ) ) ;
#2316 = VECTOR ( 'NONE', #2689, 999.9999999999998863 ) ;
#2317 = VERTEX_POINT ( 'NONE', #996 ) ;
#2318 = ITEM_DEFINED_TRANSFORMATION ( 'NONE', 'NONE', #852,  #2334 ) ;
#2319 = VECTOR ( 'NONE', #2685, 1000.000000000000000 ) ;
#2320 = CARTESIAN_POINT ( 'NONE',  ( -2.159000000000001140, 7.239000000000000767, 1.650999999999999801 ) ) ;
#2321 = LINE ( 'NONE', #1228, #2846 ) ;
#2322 = FACE_OUTER_BOUND ( 'NONE', #2628, .T. ) ;
#2323 = VECTOR ( 'NONE', #987, 1000.000000000000114 ) ;
#2324 = ADVANCED_FACE ( 'NONE', ( #181 ), #459, .F. ) ;
#2325 = EDGE_CURVE ( 'NONE', #1764, #520, #2357, .T. ) ;
#2326 = DIRECTION ( 'NONE',  ( -0.000000000000000000, 1.000000000000000000, 1.733406087350420004E-16 ) ) ;
#2327 = AXIS2_PLACEMENT_3D ( 'NONE', #467, #1829, #480 ) ;
#2328 = LINE ( 'NONE', #2598, #340 ) ;
#2329 = VERTEX_POINT ( 'NONE', #2283 ) ;
#2330 = VECTOR ( 'NONE', #491, 1000.000000000000000 ) ;
#2331 = LINE ( 'NONE', #1505, #1741 ) ;
#2332 = LINE ( 'NONE', #224, #1459 ) ;
#2333 = ORIENTED_EDGE ( 'NONE', *, *, #1999, .T. ) ;
#2334 = AXIS2_PLACEMENT_3D ( 'NONE', #1374, #632, #425 ) ;
#2335 = ORIENTED_EDGE ( 'NONE', *, *, #1946, .T. ) ;
#2336 = AXIS2_PLACEMENT_3D ( 'NONE', #2280, #3092, #1221 ) ;
#2337 = DIRECTION ( 'NONE',  ( 0.000000000000000000, 0.000000000000000000, -1.000000000000000000 ) ) ;
#2338 = VECTOR ( 'NONE', #3210, 1000.000000000000000 ) ;
#2339 = ORIENTED_EDGE ( 'NONE', *, *, #227, .T. ) ;
#2340 = ADVANCED_FACE ( 'NONE', ( #1725 ), #1209, .T. ) ;
#2341 = APPLICATION_PROTOCOL_DEFINITION ( 'draft international standard', 'automotive_design', 1998, #3446 ) ;
#2342 = LINE ( 'NONE', #2084, #1027 ) ;
#2343 = ORIENTED_EDGE ( 'NONE', *, *, #1649, .T. ) ;
#2344 = DIRECTION ( 'NONE',  ( -1.000000000000000000, 0.000000000000000000, 0.000000000000000000 ) ) ;
#2345 = FACE_OUTER_BOUND ( 'NONE', #2261, .T. ) ;
#2346 =( NAMED_UNIT ( * ) SI_UNIT ( $, .STERADIAN. ) SOLID_ANGLE_UNIT ( ) );
#2347 = EDGE_CURVE ( 'NONE', #871, #3258, #2877, .T. ) ;
#2348 = CARTESIAN_POINT ( 'NONE',  ( -0.3809999999999998388, 7.239000000000000767, -0.8890000000000001235 ) ) ;
#2349 = ORIENTED_EDGE ( 'NONE', *, *, #316, .F. ) ;
#2350 = DIRECTION ( 'NONE',  ( -0.7071067811865454633, -0.7071067811865495711, 0.000000000000000000 ) ) ;
#2351 = DIRECTION ( 'NONE',  ( 0.000000000000000000, 2.251701056906096594E-16, 1.000000000000000000 ) ) ;
#2352 = VERTEX_POINT ( 'NONE', #1014 ) ;
#2353 = CARTESIAN_POINT ( 'NONE',  ( -0.3810000000000000053, -2.692399999999994797, -1.066800000000000637 ) ) ;
#2354 = EDGE_LOOP ( 'NONE', ( #2528, #1904, #1309, #2485 ) ) ;
#2355 = APPLICATION_CONTEXT ( 'automotive_design' ) ;
#2356 = EDGE_CURVE ( 'NONE', #2704, #1824, #2342, .T. ) ;
#2357 = LINE ( 'NONE', #1460, #231 ) ;
#2358 = ORIENTED_EDGE ( 'NONE', *, *, #1905, .T. ) ;
#2359 = DIRECTION ( 'NONE',  ( 0.000000000000000000, 1.000000000000000000, 5.691349986800550837E-16 ) ) ;
#2360 = PLANE ( 'NONE',  #386 ) ;
#2361 = UNCERTAINTY_MEASURE_WITH_UNIT (LENGTH_MEASURE( 1.000000000000000082E-05 ), #2246, 'distance_accuracy_value', 'NONE');
#2362 = DIRECTION ( 'NONE',  ( -0.5773502691896266192, 0.5773502691896232886, -0.5773502691896275074 ) ) ;
#2363 = CARTESIAN_POINT ( 'NONE',  ( 0.3809999999999989506, 7.239000000000000767, 0.8889999999999997904 ) ) ;
#2364 = ORIENTED_EDGE ( 'NONE', *, *, #2912, .T. ) ;
#2365 = DIRECTION ( 'NONE',  ( 0.000000000000000000, 0.000000000000000000, 1.000000000000000000 ) ) ;
#2366 = EDGE_CURVE ( 'NONE', #859, #618, #2556, .T. ) ;
#2367 = DIRECTION ( 'NONE',  ( 0.000000000000000000, -0.000000000000000000, 1.000000000000000000 ) ) ;
#2368 = VERTEX_POINT ( 'NONE', #961 ) ;
#2369 = ORIENTED_EDGE ( 'NONE', *, *, #626, .T. ) ;
#2370 = ADVANCED_FACE ( 'NONE', ( #2018 ), #668, .F. ) ;
#2372 = EDGE_CURVE ( 'NONE', #2759, #1216, #3162, .T. ) ;
#2371 = PRODUCT_DEFINITION_SHAPE ( 'NONE', 'NONE',  #3509 ) ;
#2373 = DIRECTION ( 'NONE',  ( -1.000000000000000000, -0.000000000000000000, -0.000000000000000000 ) ) ;
#2374 = EDGE_LOOP ( 'NONE', ( #1396, #763, #2890, #1923 ) ) ;
#2375 = VECTOR ( 'NONE', #184, 1000.000000000000000 ) ;
#2376 = VECTOR ( 'NONE', #3192, 1000.000000000000000 ) ;
#2377 = ORIENTED_EDGE ( 'NONE', *, *, #630, .T. ) ;
#2378 = DIRECTION ( 'NONE',  ( 0.5773502691896263972, -0.5773502691896253980, -0.5773502691896253980 ) ) ;
#2379 = AXIS2_PLACEMENT_3D ( 'NONE', #2816, #378, #1450 ) ;
#2380 = FACE_OUTER_BOUND ( 'NONE', #923, .T. ) ;
#2381 = AXIS2_PLACEMENT_3D ( 'NONE', #1838, #1307, #2661 ) ;
#2382 = CARTESIAN_POINT ( 'NONE',  ( 0.3810000000000000053, 0.5079999999999998961, 1.066800000000001303 ) ) ;
#2383 = VECTOR ( 'NONE', #3078, 1000.000000000000000 ) ;
#2384 = ORIENTED_EDGE ( 'NONE', *, *, #1946, .F. ) ;
#2385 = EDGE_CURVE ( 'NONE', #3011, #2495, #2035, .T. ) ;
#2386 = LINE ( 'NONE', #169, #1451 ) ;
#2387 = VECTOR ( 'NONE', #3342, 1000.000000000000000 ) ;
#2388 = DIRECTION ( 'NONE',  ( 0.5773502691896267303, -0.5773502691896233996, -0.5773502691896272854 ) ) ;
#2389 = ORIENTED_EDGE ( 'NONE', *, *, #2080, .F. ) ;
#2390 = VECTOR ( 'NONE', #2172, 1000.000000000000000 ) ;
#2391 = AXIS2_PLACEMENT_3D ( 'NONE', #392, #1944, #2757 ) ;
#2392 = DIRECTION ( 'NONE',  ( 0.000000000000000000, 1.000000000000000000, 1.607907343367028359E-16 ) ) ;
#2393 = AXIS2_PLACEMENT_3D ( 'NONE', #1532, #2119, #2645 ) ;
#2394 = ORIENTED_EDGE ( 'NONE', *, *, #864, .T. ) ;
#2395 = EDGE_CURVE ( 'NONE', #1298, #3479, #2899, .T. ) ;
#2396 = EDGE_LOOP ( 'NONE', ( #2564, #1508, #1392, #2696 ) ) ;
#2397 = LINE ( 'NONE', #1804, #3238 ) ;
#2398 = VECTOR ( 'NONE', #2408, 999.9999999999998863 ) ;
#2399 =( NAMED_UNIT ( * ) SI_UNIT ( $, .STERADIAN. ) SOLID_ANGLE_UNIT ( ) );
#2400 = DIRECTION ( 'NONE',  ( 1.000000000000000000, 0.000000000000000000, 0.000000000000000000 ) ) ;
#2401 = ORIENTED_EDGE ( 'NONE', *, *, #2819, .T. ) ;
#2402 = CARTESIAN_POINT ( 'NONE',  ( 3.365500000000002156, 8.509000000000000341, -2.540000000000001812 ) ) ;
#2403 = ADVANCED_FACE ( 'NONE', ( #2863 ), #426, .F. ) ;
#2404 = CARTESIAN_POINT ( 'NONE',  ( 0.1961031209927689423, -3.200400000000000134, 1.473199999999999843 ) ) ;
#2405 = ORIENTED_EDGE ( 'NONE', *, *, #613, .F. ) ;
#2406 = ORIENTED_EDGE ( 'NONE', *, *, #286, .T. ) ;
#2407 = DIRECTION ( 'NONE',  ( 0.000000000000000000, 0.000000000000000000, -1.000000000000000000 ) ) ;
#2408 = DIRECTION ( 'NONE',  ( 0.5773502691896267303, -0.5773502691896233996, -0.5773502691896272854 ) ) ;
#2409 = ORIENTED_EDGE ( 'NONE', *, *, #2269, .T. ) ;
#2410 = AXIS2_PLACEMENT_3D ( 'NONE', #1334, #536, #832 ) ;
#2411 = EDGE_CURVE ( 'NONE', #421, #1545, #1244, .T. ) ;
#2412 = ORIENTED_EDGE ( 'NONE', *, *, #439, .F. ) ;
#2413 = FACE_OUTER_BOUND ( 'NONE', #549, .T. ) ;
#2414 = EDGE_LOOP ( 'NONE', ( #3242, #2155, #1414, #17 ) ) ;
#2415 = LINE ( 'NONE', #3498, #391 ) ;
#2416 = DIRECTION ( 'NONE',  ( 0.000000000000000000, 2.251701056906096594E-16, 1.000000000000000000 ) ) ;
#2417 = ORIENTED_EDGE ( 'NONE', *, *, #2166, .F. ) ;
#2418 = VERTEX_POINT ( 'NONE', #63 ) ;
#2419 = ADVANCED_FACE ( 'NONE', ( #588 ), #1903, .F. ) ;
#2420 = DIRECTION ( 'NONE',  ( -0.000000000000000000, 0.000000000000000000, 1.000000000000000000 ) ) ;
#2421 = DIRECTION ( 'NONE',  ( 0.000000000000000000, 0.000000000000000000, 1.000000000000000000 ) ) ;
#2422 = VERTEX_POINT ( 'NONE', #1075 ) ;
#2423 = EDGE_CURVE ( 'NONE', #486, #490, #2472, .T. ) ;
#2424 = DIRECTION ( 'NONE',  ( 0.000000000000000000, 1.000000000000000000, 3.058038798877906014E-16 ) ) ;
#2425 = AXIS2_PLACEMENT_3D ( 'NONE', #945, #2228, #1943 ) ;
#2426 = ORIENTED_EDGE ( 'NONE', *, *, #1998, .F. ) ;
#2427 = LINE ( 'NONE', #3284, #1032 ) ;
#2428 = AXIS2_PLACEMENT_3D ( 'NONE', #571, #42, #2420 ) ;
#2429 = CARTESIAN_POINT ( 'NONE',  ( 3.810000000000000497, 0.5080000000000006732, -2.022881810244994583 ) ) ;
#2430 = CARTESIAN_POINT ( 'NONE',  ( -2.920999999999999819, 7.239000000000000767, 1.650999999999999801 ) ) ;
#2431 = ORIENTED_EDGE ( 'NONE', *, *, #3325, .F. ) ;
#2432 = PRODUCT_DEFINITION ( 'UNKNOWN', '', #917, #984 ) ;
#2433 = EDGE_CURVE ( 'NONE', #1453, #1111, #259, .T. ) ;
#2434 = DIRECTION ( 'NONE',  ( 0.000000000000000000, 0.000000000000000000, 1.000000000000000000 ) ) ;
#2435 = DIRECTION ( 'NONE',  ( 1.000000000000000000, -0.000000000000000000, -0.000000000000000000 ) ) ;
#2436 = AXIS2_PLACEMENT_3D ( 'NONE', #1941, #2790, #350 ) ;
#2437 = ORIENTED_EDGE ( 'NONE', *, *, #2347, .T. ) ;
#2438 = ORIENTED_EDGE ( 'NONE', *, *, #2366, .T. ) ;
#2439 = VECTOR ( 'NONE', #3139, 1000.000000000000000 ) ;
#2440 = CARTESIAN_POINT ( 'NONE',  ( 3.365500000000000380, 8.509000000000000341, -2.095500000000001695 ) ) ;
#2441 = DIRECTION ( 'NONE',  ( -1.000000000000000000, -0.000000000000000000, -0.000000000000000000 ) ) ;
#2442 =( GEOMETRIC_REPRESENTATION_CONTEXT ( 3 ) GLOBAL_UNCERTAINTY_ASSIGNED_CONTEXT ( ( #2756 ) ) GLOBAL_UNIT_ASSIGNED_CONTEXT ( ( #1051, #2649, #218 ) ) REPRESENTATION_CONTEXT ( 'NONE', 'WORKASPACE' ) );
#2443 = ORIENTED_EDGE ( 'NONE', *, *, #740, .F. ) ;
#2444 = EDGE_CURVE ( 'NONE', #2236, #68, #2168, .T. ) ;
#2445 = ORIENTED_EDGE ( 'NONE', *, *, #1513, .T. ) ;
#2446 = CARTESIAN_POINT ( 'NONE',  ( 1.270000000000000240, 0.000000000000000000, 2.539999999999999147 ) ) ;
#2447 = PLANE ( 'NONE',  #1631 ) ;
#2448 = DIRECTION ( 'NONE',  ( 0.000000000000000000, 0.000000000000000000, 1.000000000000000000 ) ) ;
#2449 = LINE ( 'NONE', #3270, #106 ) ;
#2450 = DIRECTION ( 'NONE',  ( 0.000000000000000000, -1.000000000000000000, 0.000000000000000000 ) ) ;
#2451 = CARTESIAN_POINT ( 'NONE',  ( -3.810000000000000053, 0.5080000000000000071, 2.022881810244992806 ) ) ;
#2452 = EDGE_CURVE ( 'NONE', #1796, #2669, #44, .T. ) ;
#2453 = ORIENTED_EDGE ( 'NONE', *, *, #2761, .T. ) ;
#2454 = ORIENTED_EDGE ( 'NONE', *, *, #264, .F. ) ;
#2455 = CARTESIAN_POINT ( 'NONE',  ( -1.269999999999999796, 0.000000000000000000, 2.539999999999999147 ) ) ;
#2456 = DIRECTION ( 'NONE',  ( 0.000000000000000000, 0.000000000000000000, -1.000000000000000000 ) ) ;
#2457 = ORIENTED_EDGE ( 'NONE', *, *, #3445, .T. ) ;
#2458 = AXIS2_PLACEMENT_3D ( 'NONE', #1096, #2766, #1129 ) ;
#2459 = PLANE ( 'NONE',  #1660 ) ;
#2460 = VERTEX_POINT ( 'NONE', #553 ) ;
#2461 = LINE ( 'NONE', #1082, #1197 ) ;
#2462 = VECTOR ( 'NONE', #3225, 1000.000000000000000 ) ;
#2463 = ADVANCED_FACE ( 'NONE', ( #3504 ), #1127, .F. ) ;
#2464 = DIRECTION ( 'NONE',  ( 0.000000000000000000, -1.000000000000000000, -3.058038798877906014E-16 ) ) ;
#2465 = FACE_OUTER_BOUND ( 'NONE', #1015, .T. ) ;
#2466 = ORIENTED_EDGE ( 'NONE', *, *, #2395, .T. ) ;
#2467 = CARTESIAN_POINT ( 'NONE',  ( -0.3810000000000000053, 0.5079999999999997851, 1.473200000000000953 ) ) ;
#2468 = DIRECTION ( 'NONE',  ( 0.000000000000000000, 0.000000000000000000, 1.000000000000000000 ) ) ;
#2469 = VERTEX_POINT ( 'NONE', #2695 ) ;
#2470 = ORIENTED_EDGE ( 'NONE', *, *, #2788, .F. ) ;
#2471 = FACE_OUTER_BOUND ( 'NONE', #1284, .T. ) ;
#2472 = LINE ( 'NONE', #2747, #738 ) ;
#2473 = VERTEX_POINT ( 'NONE', #806 ) ;
#2474 = EDGE_CURVE ( 'NONE', #3326, #2996, #2200, .T. ) ;
#2475 = EDGE_CURVE ( 'NONE', #244, #889, #833, .T. ) ;
#2476 = ORIENTED_EDGE ( 'NONE', *, *, #1905, .F. ) ;
#2477 = CARTESIAN_POINT ( 'NONE',  ( -1.714499999999998137, 8.509000000000000341, 2.095500000000002139 ) ) ;
#2478 = LINE ( 'NONE', #1927, #788 ) ;
#2479 = CARTESIAN_POINT ( 'NONE',  ( 0.8255000000000020099, 8.509000000000000341, 0.4444999999999970086 ) ) ;
#2480 = DIRECTION ( 'NONE',  ( 0.000000000000000000, 1.000000000000000000, -2.338910953479677683E-16 ) ) ;
#2481 = VECTOR ( 'NONE', #3484, 1000.000000000000000 ) ;
#2482 = CARTESIAN_POINT ( 'NONE',  ( 3.810000000000000053, 0.000000000000000000, 0.000000000000000000 ) ) ;
#2483 = VERTEX_POINT ( 'NONE', #1370 ) ;
#2484 = EDGE_CURVE ( 'NONE', #516, #2955, #1647, .T. ) ;
#2485 = ORIENTED_EDGE ( 'NONE', *, *, #907, .T. ) ;
#2486 = DIRECTION ( 'NONE',  ( 1.000000000000000000, -0.000000000000000000, -0.000000000000000000 ) ) ;
#2487 = AXIS2_PLACEMENT_3D ( 'NONE', #783, #1364, #568 ) ;
#2488 = LINE ( 'NONE', #3313, #2684 ) ;
#2489 = DIRECTION ( 'NONE',  ( 0.000000000000000000, -0.9659258262890701996, -0.2588190451025140226 ) ) ;
#2490 = VERTEX_POINT ( 'NONE', #2979 ) ;
#2491 = VECTOR ( 'NONE', #2952, 1000.000000000000000 ) ;
#2492 =( NAMED_UNIT ( * ) SI_UNIT ( $, .STERADIAN. ) SOLID_ANGLE_UNIT ( ) );
#2493 = AXIS2_PLACEMENT_3D ( 'NONE', #3089, #644, #3108 ) ;
#2494 = ADVANCED_FACE ( 'NONE', ( #1919 ), #1935, .F. ) ;
#2495 = VERTEX_POINT ( 'NONE', #1147 ) ;
#2496 = CARTESIAN_POINT ( 'NONE',  ( -1.269999999999999796, 8.509000000000000341, -2.095500000000001695 ) ) ;
#2497 = VECTOR ( 'NONE', #330, 1000.000000000000000 ) ;
#2498 = DIRECTION ( 'NONE',  ( 0.000000000000000000, 0.000000000000000000, -1.000000000000000000 ) ) ;
#2499 = PRODUCT_DEFINITION_FORMATION_WITH_SPECIFIED_SOURCE ( 'ANY', '', #957, .NOT_KNOWN. ) ;
#2500 = DIRECTION ( 'NONE',  ( 0.000000000000000000, -1.733406087350420004E-16, 1.000000000000000000 ) ) ;
#2501 = PLANE ( 'NONE',  #1675 ) ;
#2502 = DIRECTION ( 'NONE',  ( 1.000000000000000000, 0.000000000000000000, 0.000000000000000000 ) ) ;
#2503 = ORIENTED_EDGE ( 'NONE', *, *, #393, .F. ) ;
#2504 = ORIENTED_EDGE ( 'NONE', *, *, #1728, .T. ) ;
#2505 = EDGE_CURVE ( 'NONE', #997, #225, #294, .T. ) ;
#2506 = CARTESIAN_POINT ( 'NONE',  ( -4.064000000000000057, 4.336808689942017736E-16, -2.159000000000001140 ) ) ;
#2507 = DIRECTION ( 'NONE',  ( 0.000000000000000000, 0.000000000000000000, -1.000000000000000000 ) ) ;
#2508 = PLANE ( 'NONE',  #3070 ) ;
#2509 = EDGE_LOOP ( 'NONE', ( #105, #3050, #2869, #761 ) ) ;
#2510 = DIRECTION ( 'NONE',  ( -1.000000000000000000, -0.000000000000000000, 0.000000000000000000 ) ) ;
#2511 = CARTESIAN_POINT ( 'NONE',  ( -4.064000000000000057, 0.5080000000000000071, 2.022881810244992806 ) ) ;
#2512 = ORIENTED_EDGE ( 'NONE', *, *, #1515, .T. ) ;
#2513 = EDGE_CURVE ( 'NONE', #1824, #2726, #855, .T. ) ;
#2514 = VECTOR ( 'NONE', #2927, 1000.000000000000000 ) ;
#2515 = CARTESIAN_POINT ( 'NONE',  ( -2.920999999999999819, 8.064500000000002444, -0.8890000000000000124 ) ) ;
#2516 = DIRECTION ( 'NONE',  ( -1.000000000000000000, -0.000000000000000000, -0.000000000000000000 ) ) ;
#2517 = DIRECTION ( 'NONE',  ( 0.9396926207859093161, -0.3420201433256662149, 0.000000000000000000 ) ) ;
#2518 = ADVANCED_FACE ( 'NONE', ( #1629 ), #1349, .F. ) ;
#2519 = ADVANCED_FACE ( 'NONE', ( #1610 ), #746, .F. ) ;
#2520 = LINE ( 'NONE', #1173, #2208 ) ;
#2521 = ORIENTED_EDGE ( 'NONE', *, *, #583, .F. ) ;
#2522 = AXIS2_PLACEMENT_3D ( 'NONE', #3248, #858, #575 ) ;
#2523 = ORIENTED_EDGE ( 'NONE', *, *, #779, .F. ) ;
#2524 = COLOUR_RGB ( '',0.2509803921568627416, 0.2509803921568627416, 0.2509803921568627416 ) ;
#2525 = DIRECTION ( 'NONE',  ( 1.000000000000000000, 0.000000000000000000, 0.000000000000000000 ) ) ;
#2526 = CARTESIAN_POINT ( 'NONE',  ( -2.920999999999999819, 8.064500000000002444, -1.650999999999999801 ) ) ;
#2527 = DIRECTION ( 'NONE',  ( 0.000000000000000000, 0.000000000000000000, -1.000000000000000000 ) ) ;
#2528 = ORIENTED_EDGE ( 'NONE', *, *, #2183, .T. ) ;
#2529 = CARTESIAN_POINT ( 'NONE',  ( -3.810000000000000053, 8.509000000000000341, 2.540000000000001812 ) ) ;
#2530 = LINE ( 'NONE', #685, #777 ) ;
#2531 = ORIENTED_EDGE ( 'NONE', *, *, #2566, .T. ) ;
#2532 = EDGE_CURVE ( 'NONE', #1040, #1824, #2181, .T. ) ;
#2533 = PLANE ( 'NONE',  #2778 ) ;
#2534 = APPLICATION_CONTEXT ( 'automotive_design' ) ;
#2535 = AXIS2_PLACEMENT_3D ( 'NONE', #137, #117, #1217 ) ;
#2536 = LINE ( 'NONE', #3393, #2100 ) ;
#2537 = CARTESIAN_POINT ( 'NONE',  ( -0.3809999999999998388, 7.239000000000000767, 0.8889999999999997904 ) ) ;
#2538 = DIRECTION ( 'NONE',  ( -0.000000000000000000, 1.000000000000000000, 5.691349986800550837E-16 ) ) ;
#2539 = DIRECTION ( 'NONE',  ( 0.000000000000000000, 0.000000000000000000, -1.000000000000000000 ) ) ;
#2540 = ORIENTED_EDGE ( 'NONE', *, *, #3240, .F. ) ;
#2541 = VECTOR ( 'NONE', #412, 1000.000000000000000 ) ;
#2542 = EDGE_CURVE ( 'NONE', #1754, #260, #916, .T. ) ;
#2543 = LINE ( 'NONE', #2305, #3235 ) ;
#2544 = ORIENTED_EDGE ( 'NONE', *, *, #1877, .F. ) ;
#2545 = DIRECTION ( 'NONE',  ( 0.000000000000000000, 0.000000000000000000, -1.000000000000000000 ) ) ;
#2546 = CARTESIAN_POINT ( 'NONE',  ( -3.810000000000000053, 8.509000000000000341, -2.540000000000001812 ) ) ;
#2547 = CARTESIAN_POINT ( 'NONE',  ( -2.920999999999999819, 7.239000000000000767, 1.650999999999999801 ) ) ;
#2548 = EDGE_LOOP ( 'NONE', ( #2201, #829, #201, #625 ) ) ;
#2549 = VECTOR ( 'NONE', #908, 1000.000000000000000 ) ;
#2550 = DIRECTION ( 'NONE',  ( -0.000000000000000000, 1.000000000000000000, 1.733406087350420004E-16 ) ) ;
#2551 = DIRECTION ( 'NONE',  ( -1.000000000000000000, -0.000000000000000000, -0.000000000000000000 ) ) ;
#2552 = AXIS2_PLACEMENT_3D ( 'NONE', #2320, #1533, #3132 ) ;
#2553 = ORIENTED_EDGE ( 'NONE', *, *, #2972, .F. ) ;
#2554 = VECTOR ( 'NONE', #415, 1000.000000000000000 ) ;
#2555 = ADVANCED_FACE ( 'NONE', ( #1180 ), #360, .F. ) ;
#2556 = LINE ( 'NONE', #440, #2203 ) ;
#2557 = CARTESIAN_POINT ( 'NONE',  ( 0.3810000000000000053, 0.5079999999999997851, 1.473200000000000953 ) ) ;
#2558 = VECTOR ( 'NONE', #162, 1000.000000000000000 ) ;
#2559 = CARTESIAN_POINT ( 'NONE',  ( 3.810000000000000497, 8.509000000000000341, 2.540000000000001812 ) ) ;
#2560 = VECTOR ( 'NONE', #1318, 1000.000000000000000 ) ;
#2561 = DIRECTION ( 'NONE',  ( -0.000000000000000000, 0.000000000000000000, 1.000000000000000000 ) ) ;
#2562 = CARTESIAN_POINT ( 'NONE',  ( -1.269999999999999796, 0.5080000000000000071, 2.022881810244992806 ) ) ;
#2563 = LINE ( 'NONE', #3363, #2387 ) ;
#2564 = ORIENTED_EDGE ( 'NONE', *, *, #2709, .T. ) ;
#2565 = DIRECTION ( 'NONE',  ( 0.000000000000000000, 0.000000000000000000, -1.000000000000000000 ) ) ;
#2566 = EDGE_CURVE ( 'NONE', #3083, #3398, #3123, .T. ) ;
#2567 = LINE ( 'NONE', #3122, #1801 ) ;
#2568 = LINE ( 'NONE', #99, #1466 ) ;
#2569 = VECTOR ( 'NONE', #2550, 1000.000000000000000 ) ;
#2570 = EDGE_LOOP ( 'NONE', ( #1909, #2708, #3119, #2653 ) ) ;
#2571 = CARTESIAN_POINT ( 'NONE',  ( -3.810000000000000053, 0.5080000000000006732, -2.022881810244994583 ) ) ;
#2572 = LINE ( 'NONE', #2860, #1854 ) ;
#2573 = ORIENTED_EDGE ( 'NONE', *, *, #2107, .F. ) ;
#2574 = DIRECTION ( 'NONE',  ( 0.000000000000000000, 0.000000000000000000, 1.000000000000000000 ) ) ;
#2575 = LINE ( 'NONE', #410, #1352 ) ;
#2576 = DIRECTION ( 'NONE',  ( 0.000000000000000000, 0.9659258262890700886, -0.2588190451025140781 ) ) ;
#2577 = CARTESIAN_POINT ( 'NONE',  ( 1.270000000000000240, 0.000000000000000000, 2.539999999999999147 ) ) ;
#2578 = ADVANCED_FACE ( 'NONE', ( #343, #1163, #1435 ), #1718, .F. ) ;
#2579 = FILL_AREA_STYLE_COLOUR ( '', #202 ) ;
#2580 = PRESENTATION_STYLE_ASSIGNMENT (( #1519 ) ) ;
#2581 = DIRECTION ( 'NONE',  ( 0.000000000000000000, 0.000000000000000000, 1.000000000000000000 ) ) ;
#2582 = ORIENTED_EDGE ( 'NONE', *, *, #384, .F. ) ;
#2583 = CARTESIAN_POINT ( 'NONE',  ( 4.064000000000000057, -8.578981026812224210E-17, 2.158999999999999364 ) ) ;
#2584 = LINE ( 'NONE', #698, #1311 ) ;
#2585 = FACE_OUTER_BOUND ( 'NONE', #252, .T. ) ;
#2586 = ORIENTED_EDGE ( 'NONE', *, *, #1502, .F. ) ;
#2587 = PRESENTATION_LAYER_ASSIGNMENT (  '', '', ( #2174 ) ) ;
#2588 = DIRECTION ( 'NONE',  ( -0.000000000000000000, 1.000000000000000000, 1.733406087350420004E-16 ) ) ;
#2589 = CARTESIAN_POINT ( 'NONE',  ( 3.810000000000000497, 8.509000000000000341, 2.540000000000001812 ) ) ;
#2590 = ORIENTED_EDGE ( 'NONE', *, *, #1080, .F. ) ;
#2591 = EDGE_CURVE ( 'NONE', #1216, #2460, #1420, .T. ) ;
#2592 = SHAPE_REPRESENTATION_RELATIONSHIP ( 'NONE' , 'NONE' ,  #2157, #3168 ) ;
#2593 = DIRECTION ( 'NONE',  ( 0.000000000000000000, -2.338910953479677683E-16, -1.000000000000000000 ) ) ;
#2594 = DIRECTION ( 'NONE',  ( 0.000000000000000000, -0.7071067811865475727, 0.7071067811865475727 ) ) ;
#2595 = DIRECTION ( 'NONE',  ( -0.000000000000000000, 0.000000000000000000, -1.000000000000000000 ) ) ;
#2596 = AXIS2_PLACEMENT_3D ( 'NONE', #2589, #2297, #103 ) ;
#2597 = CARTESIAN_POINT ( 'NONE',  ( 2.159000000000000252, 7.239000000000000767, 0.8889999999999997904 ) ) ;
#2598 = CARTESIAN_POINT ( 'NONE',  ( 2.159000000000000252, 7.239000000000000767, -0.8890000000000001235 ) ) ;
#2599 = ORIENTED_EDGE ( 'NONE', *, *, #104, .T. ) ;
#2600 = VECTOR ( 'NONE', #153, 999.9999999999998863 ) ;
#2601 = DIRECTION ( 'NONE',  ( 0.000000000000000000, 0.000000000000000000, -1.000000000000000000 ) ) ;
#2602 = ADVANCED_FACE ( 'NONE', ( #379 ), #1700, .F. ) ;
#2603 = CARTESIAN_POINT ( 'NONE',  ( 3.810000000000000053, 6.505213034913026604E-16, -2.540000000000000924 ) ) ;
#2604 = DIRECTION ( 'NONE',  ( 0.5773502691896266192, 0.5773502691896232886, -0.5773502691896275074 ) ) ;
#2605 = ORIENTED_EDGE ( 'NONE', *, *, #2325, .T. ) ;
#2606 = ORIENTED_EDGE ( 'NONE', *, *, #1200, .F. ) ;
#2607 = VECTOR ( 'NONE', #2070, 1000.000000000000000 ) ;
#2608 = DIRECTION ( 'NONE',  ( 0.000000000000000000, -1.607907343367028359E-16, 1.000000000000000000 ) ) ;
#2609 = ORIENTED_EDGE ( 'NONE', *, *, #920, .T. ) ;
#2610 =( LENGTH_UNIT ( ) NAMED_UNIT ( * ) SI_UNIT ( .MILLI., .METRE. ) );
#2611 = EDGE_CURVE ( 'NONE', #2744, #460, #2568, .T. ) ;
#2612 = VECTOR ( 'NONE', #926, 1000.000000000000000 ) ;
#2613 = LINE ( 'NONE', #1260, #2954 ) ;
#2614 = ORIENTED_EDGE ( 'NONE', *, *, #1186, .F. ) ;
#2615 = CARTESIAN_POINT ( 'NONE',  ( 2.159000000000000252, 8.064499999999998892, 0.8889999999999999014 ) ) ;
#2616 = CARTESIAN_POINT ( 'NONE',  ( -1.269999999999999796, 8.509000000000000341, 2.540000000000001812 ) ) ;
#2617 = VECTOR ( 'NONE', #1315, 1000.000000000000000 ) ;
#2618 = DIRECTION ( 'NONE',  ( -1.000000000000000000, 0.000000000000000000, -0.000000000000000000 ) ) ;
#2619 = MECHANICAL_DESIGN_GEOMETRIC_PRESENTATION_REPRESENTATION (  '', ( #1083 ), #2442 ) ;
#2620 = DIRECTION ( 'NONE',  ( -0.000000000000000000, -0.000000000000000000, 1.000000000000000000 ) ) ;
#2621 = ORIENTED_EDGE ( 'NONE', *, *, #372, .F. ) ;
#2622 = DIRECTION ( 'NONE',  ( -1.000000000000000000, 0.000000000000000000, 0.000000000000000000 ) ) ;
#2623 = CARTESIAN_POINT ( 'NONE',  ( 4.064000000000000057, -8.578981026812224210E-17, 2.158999999999999364 ) ) ;
#2624 = ORIENTED_EDGE ( 'NONE', *, *, #2166, .T. ) ;
#2625 = ORIENTED_EDGE ( 'NONE', *, *, #3260, .T. ) ;
#2626 = ADVANCED_FACE ( 'NONE', ( #1219 ), #2508, .F. ) ;
#2627 = PLANE ( 'NONE',  #802 ) ;
#2628 = EDGE_LOOP ( 'NONE', ( #768, #2015, #629, #1997, #2691, #557, #3487, #2642 ) ) ;
#2629 = DIRECTION ( 'NONE',  ( 1.000000000000000000, 0.000000000000000000, -0.000000000000000000 ) ) ;
#2630 = PRODUCT_DEFINITION_SHAPE ( 'NONE', 'NONE',  #3508 ) ;
#2631 = ORIENTED_EDGE ( 'NONE', *, *, #247, .T. ) ;
#2632 = DIRECTION ( 'NONE',  ( 0.000000000000000000, -5.691349986800550837E-16, 1.000000000000000000 ) ) ;
#2633 = CARTESIAN_POINT ( 'NONE',  ( 1.270000000000000240, 8.509000000000000341, 0.4444999999999970086 ) ) ;
#2634 = ADVANCED_FACE ( 'NONE', ( #3329 ), #936, .T. ) ;
#2635 = LINE ( 'NONE', #205, #3507 ) ;
#2636 = FACE_OUTER_BOUND ( 'NONE', #1322, .T. ) ;
#2637 = ORIENTED_EDGE ( 'NONE', *, *, #2028, .F. ) ;
#2638 = ADVANCED_FACE ( 'NONE', ( #1970 ), #1202, .F. ) ;
#2639 = ADVANCED_FACE ( 'NONE', ( #2817 ), #2026, .F. ) ;
#2640 = LINE ( 'NONE', #209, #1296 ) ;
#2641 = FACE_OUTER_BOUND ( 'NONE', #3075, .T. ) ;
#2642 = ORIENTED_EDGE ( 'NONE', *, *, #2183, .F. ) ;
#2643 = LINE ( 'NONE', #739, #2793 ) ;
#2644 = ORIENTED_EDGE ( 'NONE', *, *, #2050, .T. ) ;
#2645 = DIRECTION ( 'NONE',  ( 1.000000000000000000, 0.000000000000000000, 0.000000000000000000 ) ) ;
#2646 = PRESENTATION_LAYER_ASSIGNMENT (  '', '', ( #1002 ) ) ;
#2647 = ADVANCED_FACE ( 'NONE', ( #2585 ), #2834, .F. ) ;
#2648 = ORIENTED_EDGE ( 'NONE', *, *, #3425, .F. ) ;
#2649 =( NAMED_UNIT ( * ) PLANE_ANGLE_UNIT ( ) SI_UNIT ( $, .RADIAN. ) );
#2650 = DIRECTION ( 'NONE',  ( 1.000000000000000000, 0.000000000000000000, -0.000000000000000000 ) ) ;
#2651 = DIRECTION ( 'NONE',  ( 0.000000000000000000, 1.000000000000000000, 3.058038798877906014E-16 ) ) ;
#2652 = CARTESIAN_POINT ( 'NONE',  ( -2.920999999999999819, 7.239000000000000767, 1.650999999999999801 ) ) ;
#2653 = ORIENTED_EDGE ( 'NONE', *, *, #864, .F. ) ;
#2654 = LINE ( 'NONE', #1523, #3228 ) ;
#2655 =( NAMED_UNIT ( * ) PLANE_ANGLE_UNIT ( ) SI_UNIT ( $, .RADIAN. ) );
#2656 = DIRECTION ( 'NONE',  ( 1.000000000000000000, -0.000000000000000000, -0.000000000000000000 ) ) ;
#2657 = EDGE_CURVE ( 'NONE', #3129, #1040, #2294, .T. ) ;
#2658 = VECTOR ( 'NONE', #358, 1000.000000000000000 ) ;
#2659 = ORIENTED_EDGE ( 'NONE', *, *, #2269, .F. ) ;
#2660 = VECTOR ( 'NONE', #2870, 1000.000000000000114 ) ;
#2661 = DIRECTION ( 'NONE',  ( 0.000000000000000000, -0.000000000000000000, 1.000000000000000000 ) ) ;
#2662 = ORIENTED_EDGE ( 'NONE', *, *, #2122, .T. ) ;
#2663 = ORIENTED_EDGE ( 'NONE', *, *, #3494, .T. ) ;
#2664 = EDGE_CURVE ( 'NONE', #2137, #1899, #954, .T. ) ;
#2665 = VECTOR ( 'NONE', #2416, 1000.000000000000000 ) ;
#2666 =( LENGTH_UNIT ( ) NAMED_UNIT ( * ) SI_UNIT ( .MILLI., .METRE. ) );
#2667 = LINE ( 'NONE', #733, #741 ) ;
#2668 = VECTOR ( 'NONE', #3409, 1000.000000000000000 ) ;
#2669 = VERTEX_POINT ( 'NONE', #1236 ) ;
#2670 = FACE_OUTER_BOUND ( 'NONE', #2548, .T. ) ;
#2671 = AXIS2_PLACEMENT_3D ( 'NONE', #658, #1992, #894 ) ;
#2672 = LINE ( 'NONE', #242, #3467 ) ;
#2673 = ORIENTED_EDGE ( 'NONE', *, *, #2591, .F. ) ;
#2674 = ORIENTED_EDGE ( 'NONE', *, *, #1617, .F. ) ;
#2675 = AXIS2_PLACEMENT_3D ( 'NONE', #3306, #862, #3040 ) ;
#2676 = AXIS2_PLACEMENT_3D ( 'NONE', #2623, #170, #2351 ) ;
#2677 = ADVANCED_FACE ( 'NONE', ( #3314 ), #3049, .F. ) ;
#2678 = CARTESIAN_POINT ( 'NONE',  ( -0.8255000000000011218, 8.509000000000000341, -0.4444999999999983409 ) ) ;
#2679 = AXIS2_PLACEMENT_3D ( 'NONE', #3161, #1547, #215 ) ;
#2680 = ORIENTED_EDGE ( 'NONE', *, *, #1474, .F. ) ;
#2681 = CONTEXT_DEPENDENT_SHAPE_REPRESENTATION ( #2768, #1768 ) ;
#2682 = ORIENTED_EDGE ( 'NONE', *, *, #3002, .F. ) ;
#2683 = CARTESIAN_POINT ( 'NONE',  ( 2.159000000000000252, 8.064500000000002444, -1.650999999999999801 ) ) ;
#2684 = VECTOR ( 'NONE', #401, 1000.000000000000000 ) ;
#2685 = DIRECTION ( 'NONE',  ( -1.000000000000000000, -0.000000000000000000, -0.000000000000000000 ) ) ;
#2686 = EDGE_CURVE ( 'NONE', #520, #1674, #973, .T. ) ;
#2687 = LINE ( 'NONE', #1327, #1029 ) ;
#2688 = ORIENTED_EDGE ( 'NONE', *, *, #473, .F. ) ;
#2689 = DIRECTION ( 'NONE',  ( 0.5773502691896266192, 0.5773502691896232886, -0.5773502691896275074 ) ) ;
#2690 = LINE ( 'NONE', #255, #2665 ) ;
#2691 = ORIENTED_EDGE ( 'NONE', *, *, #1743, .F. ) ;
#2692 = VERTEX_POINT ( 'NONE', #2872 ) ;
#2693 = VECTOR ( 'NONE', #976, 1000.000000000000000 ) ;
#2694 = FACE_OUTER_BOUND ( 'NONE', #938, .T. ) ;
#2695 = CARTESIAN_POINT ( 'NONE',  ( 3.810000000000000497, 8.509000000000000341, 2.540000000000001812 ) ) ;
#2696 = ORIENTED_EDGE ( 'NONE', *, *, #2134, .T. ) ;
#2697 = DIRECTION ( 'NONE',  ( 0.000000000000000000, 0.9659258262890700886, 0.2588190451025139671 ) ) ;
#2698 = ADVANCED_FACE ( 'NONE', ( #171 ), #1507, .F. ) ;
#2699 = VECTOR ( 'NONE', #2944, 1000.000000000000000 ) ;
#2700 = VERTEX_POINT ( 'NONE', #1776 ) ;
#2701 = LINE ( 'NONE', #592, #457 ) ;
#2702 = DIRECTION ( 'NONE',  ( 0.000000000000000000, -1.607907343367028359E-16, 1.000000000000000000 ) ) ;
#2703 = DIRECTION ( 'NONE',  ( -0.000000000000000000, 1.019346266292635338E-16, 1.000000000000000000 ) ) ;
#2704 = VERTEX_POINT ( 'NONE', #3103 ) ;
#2705 = DIRECTION ( 'NONE',  ( 0.000000000000000000, -1.000000000000000000, 1.019346266292635461E-16 ) ) ;
#2706 = LINE ( 'NONE', #1345, #3404 ) ;
#2707 = VERTEX_POINT ( 'NONE', #1986 ) ;
#2708 = ORIENTED_EDGE ( 'NONE', *, *, #418, .F. ) ;
#2709 = EDGE_CURVE ( 'NONE', #3211, #2959, #2041, .T. ) ;
#2710 = LINE ( 'NONE', #1886, #2915 ) ;
#2711 = VECTOR ( 'NONE', #1990, 1000.000000000000000 ) ;
#2712 = DIRECTION ( 'NONE',  ( 0.000000000000000000, 3.058038798877906014E-16, -1.000000000000000000 ) ) ;
#2713 = ORIENTED_EDGE ( 'NONE', *, *, #120, .T. ) ;
#2714 = SURFACE_SIDE_STYLE ('',( #1612 ) ) ;
#2715 = CLOSED_SHELL ( 'NONE', ( #489, #298, #2518, #2116, #3345, #239, #540, #3061, #1153, #2898, #2062, #3147, #1937, #2463, #3335, #2638, #429, #804, #1553, #1577, #55, #1425, #277, #1968, #660, #1265, #1900, #1112 ) ) ;
#2716 = EDGE_LOOP ( 'NONE', ( #2911, #2179, #1238, #2221 ) ) ;
#2717 = LINE ( 'NONE', #1876, #2497 ) ;
#2718 = EDGE_CURVE ( 'NONE', #3267, #1625, #3152, .T. ) ;
#2719 = CARTESIAN_POINT ( 'NONE',  ( 4.064000000000000057, 6.505213034913026604E-16, -2.540000000000000924 ) ) ;
#2720 = CARTESIAN_POINT ( 'NONE',  ( -2.920999999999999819, 7.239000000000000767, 0.8889999999999997904 ) ) ;
#2721 = ORIENTED_EDGE ( 'NONE', *, *, #2591, .T. ) ;
#2722 = DIRECTION ( 'NONE',  ( 0.000000000000000000, -0.000000000000000000, -1.000000000000000000 ) ) ;
#2723 = FACE_OUTER_BOUND ( 'NONE', #2987, .T. ) ;
#2724 = MECHANICAL_DESIGN_GEOMETRIC_PRESENTATION_REPRESENTATION (  '', ( #1463 ), #2146 ) ;
#2725 = ORIENTED_EDGE ( 'NONE', *, *, #1305, .T. ) ;
#2726 = VERTEX_POINT ( 'NONE', #714 ) ;
#2727 = VECTOR ( 'NONE', #2073, 1000.000000000000000 ) ;
#2728 = LINE ( 'NONE', #1902, #1549 ) ;
#2729 = CARTESIAN_POINT ( 'NONE',  ( -3.810000000000000053, 6.505213034913026604E-16, -2.540000000000000924 ) ) ;
#2730 = EDGE_LOOP ( 'NONE', ( #1602, #1782, #447, #1570 ) ) ;
#2731 = VECTOR ( 'NONE', #869, 1000.000000000000000 ) ;
#2732 = EDGE_CURVE ( 'NONE', #2901, #2042, #654, .T. ) ;
#2733 = DIRECTION ( 'NONE',  ( 0.000000000000000000, 0.000000000000000000, 1.000000000000000000 ) ) ;
#2734 = ORIENTED_EDGE ( 'NONE', *, *, #1089, .F. ) ;
#2735 = DIRECTION ( 'NONE',  ( -1.000000000000000000, -0.000000000000000000, -0.000000000000000000 ) ) ;
#2736 = CARTESIAN_POINT ( 'NONE',  ( -0.3809999999999998388, 7.239000000000000767, 1.650999999999999801 ) ) ;
#2737 = DIRECTION ( 'NONE',  ( 0.5773502691896261751, 0.5773502691896250649, -0.5773502691896260641 ) ) ;
#2738 = VERTEX_POINT ( 'NONE', #2022 ) ;
#2739 = CARTESIAN_POINT ( 'NONE',  ( 3.810000000000000497, 4.336808689942017736E-16, -2.159000000000001140 ) ) ;
#2740 = CARTESIAN_POINT ( 'NONE',  ( -1.714499999999999913, 8.509000000000000341, -2.095500000000001695 ) ) ;
#2741 = ORIENTED_EDGE ( 'NONE', *, *, #2893, .T. ) ;
#2742 = PRODUCT_DEFINITION ( 'UNKNOWN', '', #2270, #3289 ) ;
#2743 = EDGE_CURVE ( 'NONE', #1184, #30, #3415, .T. ) ;
#2744 = VERTEX_POINT ( 'NONE', #1786 ) ;
#2745 = VECTOR ( 'NONE', #3088, 1000.000000000000000 ) ;
#2746 = CARTESIAN_POINT ( 'NONE',  ( 2.159000000000000252, 8.064500000000002444, -0.8890000000000001235 ) ) ;
#2747 = CARTESIAN_POINT ( 'NONE',  ( -4.064000000000000057, 8.509000000000000341, 2.540000000000001812 ) ) ;
#2748 = EDGE_LOOP ( 'NONE', ( #3000, #1701, #1511, #870 ) ) ;
#2749 =( GEOMETRIC_REPRESENTATION_CONTEXT ( 3 ) GLOBAL_UNCERTAINTY_ASSIGNED_CONTEXT ( ( #2361 ) ) GLOBAL_UNIT_ASSIGNED_CONTEXT ( ( #2246, #2810, #868 ) ) REPRESENTATION_CONTEXT ( 'NONE', 'WORKASPACE' ) );
#2750 = ORIENTED_EDGE ( 'NONE', *, *, #3209, .T. ) ;
#2751 = DIRECTION ( 'NONE',  ( 0.000000000000000000, -1.607907343367028359E-16, 1.000000000000000000 ) ) ;
#2752 = ADVANCED_FACE ( 'NONE', ( #3085 ), #151, .F. ) ;
#2753 = DIRECTION ( 'NONE',  ( 0.000000000000000000, 0.000000000000000000, -1.000000000000000000 ) ) ;
#2754 = LINE ( 'NONE', #318, #847 ) ;
#2755 = EDGE_LOOP ( 'NONE', ( #1338, #291, #2093, #193 ) ) ;
#2756 = UNCERTAINTY_MEASURE_WITH_UNIT (LENGTH_MEASURE( 1.000000000000000082E-05 ), #1051, 'distance_accuracy_value', 'NONE');
#2757 = DIRECTION ( 'NONE',  ( 0.000000000000000000, -0.9659258262890700886, 0.2588190451025140781 ) ) ;
#2758 = EDGE_LOOP ( 'NONE', ( #781, #1644, #2965, #2170, #40, #1906, #190, #2445 ) ) ;
#2759 = VERTEX_POINT ( 'NONE', #2868 ) ;
#2760 = CARTESIAN_POINT ( 'NONE',  ( 2.920999999999998931, 7.239000000000000767, -0.8890000000000001235 ) ) ;
#2761 = EDGE_CURVE ( 'NONE', #3436, #3258, #2884, .T. ) ;
#2762 = DIRECTION ( 'NONE',  ( 0.000000000000000000, 0.000000000000000000, 1.000000000000000000 ) ) ;
#2763 = DIRECTION ( 'NONE',  ( -1.000000000000000000, 0.000000000000000000, 0.000000000000000000 ) ) ;
#2764 = ORIENTED_EDGE ( 'NONE', *, *, #418, .T. ) ;
#2765 = VECTOR ( 'NONE', #2565, 1000.000000000000000 ) ;
#2766 = DIRECTION ( 'NONE',  ( 0.7071067811865454633, -0.7071067811865495711, 0.000000000000000000 ) ) ;
#2767 = ORIENTED_EDGE ( 'NONE', *, *, #450, .F. ) ;
#2768 =( REPRESENTATION_RELATIONSHIP ('NONE','NONE', #2065, #1074 ) REPRESENTATION_RELATIONSHIP_WITH_TRANSFORMATION ( #743 )SHAPE_REPRESENTATION_RELATIONSHIP( ) );
#2769 = DIRECTION ( 'NONE',  ( -1.000000000000000000, -0.000000000000000000, -0.000000000000000000 ) ) ;
#2770 = CARTESIAN_POINT ( 'NONE',  ( -1.269999999999999796, 8.509000000000000341, 2.540000000000001812 ) ) ;
#2771 = PLANE ( 'NONE',  #1634 ) ;
#2772 = LINE ( 'NONE', #1727, #2136 ) ;
#2773 = EDGE_CURVE ( 'NONE', #1558, #2483, #639, .T. ) ;
#2774 = DIRECTION ( 'NONE',  ( 0.000000000000000000, 0.000000000000000000, 1.000000000000000000 ) ) ;
#2775 = ORIENTED_EDGE ( 'NONE', *, *, #965, .F. ) ;
#2776 = ORIENTED_EDGE ( 'NONE', *, *, #1437, .F. ) ;
#2777 = PLANE ( 'NONE',  #1959 ) ;
#2778 = AXIS2_PLACEMENT_3D ( 'NONE', #301, #842, #3337 ) ;
#2779 = PLANE ( 'NONE',  #865 ) ;
#2780 = CARTESIAN_POINT ( 'NONE',  ( 2.920999999999998931, 8.064499999999998892, 1.650999999999999801 ) ) ;
#2781 = EDGE_LOOP ( 'NONE', ( #3368, #2764, #1457, #475 ) ) ;
#2782 = EDGE_CURVE ( 'NONE', #2804, #2190, #2543, .T. ) ;
#2783 = VECTOR ( 'NONE', #2456, 1000.000000000000000 ) ;
#2784 = CARTESIAN_POINT ( 'NONE',  ( 3.810000000000000497, 0.000000000000000000, 2.539999999999999147 ) ) ;
#2785 = DIRECTION ( 'NONE',  ( -0.000000000000000000, 1.019346266292635338E-16, 1.000000000000000000 ) ) ;
#2786 = VECTOR ( 'NONE', #3303, 1000.000000000000000 ) ;
#2787 = ORIENTED_EDGE ( 'NONE', *, *, #3138, .T. ) ;
#2788 = EDGE_CURVE ( 'NONE', #3462, #880, #2563, .T. ) ;
#2789 = VECTOR ( 'NONE', #1960, 1000.000000000000000 ) ;
#2790 = DIRECTION ( 'NONE',  ( 0.000000000000000000, -1.733406087350420004E-16, 1.000000000000000000 ) ) ;
#2791 = CARTESIAN_POINT ( 'NONE',  ( 3.365500000000002156, 8.509000000000000341, 0.4444999999999970086 ) ) ;
#2792 = CARTESIAN_POINT ( 'NONE',  ( 2.920999999999998931, 8.064500000000002444, -0.8890000000000001235 ) ) ;
#2793 = VECTOR ( 'NONE', #2337, 1000.000000000000000 ) ;
#2794 = LINE ( 'NONE', #94, #3188 ) ;
#2795 = EDGE_LOOP ( 'NONE', ( #1732, #113, #2590, #1666 ) ) ;
#2796 = VERTEX_POINT ( 'NONE', #1231 ) ;
#2797 = LINE ( 'NONE', #3065, #101 ) ;
#2798 = EDGE_CURVE ( 'NONE', #3437, #2473, #932, .T. ) ;
#2799 = LINE ( 'NONE', #359, #3288 ) ;
#2800 = DIRECTION ( 'NONE',  ( -0.000000000000000000, -0.000000000000000000, 1.000000000000000000 ) ) ;
#2801 = VERTEX_POINT ( 'NONE', #1731 ) ;
#2802 = FACE_OUTER_BOUND ( 'NONE', #3224, .T. ) ;
#2803 = CARTESIAN_POINT ( 'NONE',  ( -1.269999999999999796, 6.505213034913026604E-16, -2.540000000000000924 ) ) ;
#2804 = VERTEX_POINT ( 'NONE', #375 ) ;
#2805 = ADVANCED_FACE ( 'NONE', ( #446 ), #1447, .F. ) ;
#2806 = PLANE ( 'NONE',  #2977 ) ;
#2807 = LINE ( 'NONE', #2241, #2383 ) ;
#2808 = CARTESIAN_POINT ( 'NONE',  ( 1.270000000000000240, 6.505213034913026604E-16, -2.540000000000000924 ) ) ;
#2809 = CARTESIAN_POINT ( 'NONE',  ( -4.064000000000000057, 0.5080000000000000071, 2.022881810244992806 ) ) ;
#2810 =( NAMED_UNIT ( * ) PLANE_ANGLE_UNIT ( ) SI_UNIT ( $, .RADIAN. ) );
#2811 = DIRECTION ( 'NONE',  ( 0.000000000000000000, 2.667820306312759283E-16, -1.000000000000000000 ) ) ;
#2812 = EDGE_LOOP ( 'NONE', ( #2858, #2648, #2573, #2983 ) ) ;
#2813 = DIRECTION ( 'NONE',  ( 0.000000000000000000, -1.000000000000000000, 1.019346266292635338E-16 ) ) ;
#2814 = ORIENTED_EDGE ( 'NONE', *, *, #1649, .F. ) ;
#2815 = DIRECTION ( 'NONE',  ( 0.000000000000000000, -1.733406087350420004E-16, 1.000000000000000000 ) ) ;
#2816 = CARTESIAN_POINT ( 'NONE',  ( -2.920999999999999819, 8.064500000000002444, -0.8890000000000001235 ) ) ;
#2817 = FACE_OUTER_BOUND ( 'NONE', #309, .T. ) ;
#2818 = ORIENTED_EDGE ( 'NONE', *, *, #2423, .T. ) ;
#2819 = EDGE_CURVE ( 'NONE', #2299, #3326, #2829, .T. ) ;
#2820 = DIRECTION ( 'NONE',  ( 1.000000000000000000, 0.000000000000000000, 0.000000000000000000 ) ) ;
#2821 = CARTESIAN_POINT ( 'NONE',  ( -2.920999999999999819, 7.239000000000000767, -0.8890000000000001235 ) ) ;
#2822 = VERTEX_POINT ( 'NONE', #3118 ) ;
#2823 = DIRECTION ( 'NONE',  ( -0.000000000000000000, 1.000000000000000000, 1.733406087350420004E-16 ) ) ;
#2824 = VECTOR ( 'NONE', #2551, 1000.000000000000000 ) ;
#2825 = FILL_AREA_STYLE_COLOUR ( '', #3299 ) ;
#2826 = LINE ( 'NONE', #2559, #730 ) ;
#2827 = EDGE_CURVE ( 'NONE', #3069, #2249, #2328, .T. ) ;
#2828 = FACE_OUTER_BOUND ( 'NONE', #580, .T. ) ;
#2829 = LINE ( 'NONE', #2005, #791 ) ;
#2830 = EDGE_LOOP ( 'NONE', ( #3364, #1697, #2216, #1596 ) ) ;
#2831 = VECTOR ( 'NONE', #2601, 1000.000000000000000 ) ;
#2832 = DIRECTION ( 'NONE',  ( 0.000000000000000000, -2.251701056906096594E-16, -1.000000000000000000 ) ) ;
#2833 = CARTESIAN_POINT ( 'NONE',  ( -3.810000000000000053, 0.5080000000000006732, -2.022881810244994583 ) ) ;
#2834 = PLANE ( 'NONE',  #455 ) ;
#2835 = ORIENTED_EDGE ( 'NONE', *, *, #1068, .T. ) ;
#2836 = VECTOR ( 'NONE', #929, 1000.000000000000000 ) ;
#2837 = CARTESIAN_POINT ( 'NONE',  ( -0.1961031209927686925, -3.200400000000000134, -1.473199999999999843 ) ) ;
#2838 = CARTESIAN_POINT ( 'NONE',  ( -0.3810000000000000053, 0.5079999999999997851, -1.473200000000000953 ) ) ;
#2839 = EDGE_CURVE ( 'NONE', #1835, #689, #394, .T. ) ;
#2840 =( GEOMETRIC_REPRESENTATION_CONTEXT ( 3 ) GLOBAL_UNCERTAINTY_ASSIGNED_CONTEXT ( ( #906 ) ) GLOBAL_UNIT_ASSIGNED_CONTEXT ( ( #414, #966, #2346 ) ) REPRESENTATION_CONTEXT ( 'NONE', 'WORKASPACE' ) );
#2841 = VERTEX_POINT ( 'NONE', #1176 ) ;
#2842 =( LENGTH_UNIT ( ) NAMED_UNIT ( * ) SI_UNIT ( .MILLI., .METRE. ) );
#2843 = AXIS2_PLACEMENT_3D ( 'NONE', #3189, #1569, #251 ) ;
#2844 = DIRECTION ( 'NONE',  ( -0.000000000000000000, 1.000000000000000000, 1.733406087350420004E-16 ) ) ;
#2845 = LINE ( 'NONE', #3164, #977 ) ;
#2846 = VECTOR ( 'NONE', #2036, 1000.000000000000000 ) ;
#2847 = PLANE ( 'NONE',  #3502 ) ;
#2848 = VECTOR ( 'NONE', #1963, 1000.000000000000000 ) ;
#2849 = SURFACE_STYLE_FILL_AREA ( #3151 ) ;
#2850 = LINE ( 'NONE', #674, #687 ) ;
#2851 = DIRECTION ( 'NONE',  ( -1.000000000000000000, 0.000000000000000000, 0.000000000000000000 ) ) ;
#2852 = ORIENTED_EDGE ( 'NONE', *, *, #2505, .T. ) ;
#2853 = PLANE ( 'NONE',  #1119 ) ;
#2854 = ADVANCED_FACE ( 'NONE', ( #675 ), #1215, .F. ) ;
#2855 = CARTESIAN_POINT ( 'NONE',  ( -0.3809999999999998388, 7.239000000000000767, 0.8889999999999997904 ) ) ;
#2856 = ADVANCED_FACE ( 'NONE', ( #3397 ), #967, .T. ) ;
#2857 = CARTESIAN_POINT ( 'NONE',  ( 0.8255000000000020099, 8.509000000000000341, -2.540000000000001812 ) ) ;
#2858 = ORIENTED_EDGE ( 'NONE', *, *, #1865, .T. ) ;
#2859 = LINE ( 'NONE', #422, #919 ) ;
#2860 = CARTESIAN_POINT ( 'NONE',  ( -2.920999999999999819, 7.239000000000000767, -1.651000000000000023 ) ) ;
#2861 = EDGE_LOOP ( 'NONE', ( #3063, #776, #2621, #1164 ) ) ;
#2862 = SHAPE_REPRESENTATION_RELATIONSHIP ( 'NONE' , 'NONE' ,  #1074, #3247 ) ;
#2863 = FACE_OUTER_BOUND ( 'NONE', #1081, .T. ) ;
#2864 = LINE ( 'NONE', #651, #2905 ) ;
#2865 = DIRECTION ( 'NONE',  ( 0.000000000000000000, 0.2588190451025140226, -0.9659258262890701996 ) ) ;
#2866 = ADVANCED_FACE ( 'NONE', ( #2091 ), #3495, .F. ) ;
#2867 = PRESENTATION_STYLE_ASSIGNMENT (( #187 ) ) ;
#2868 = CARTESIAN_POINT ( 'NONE',  ( 2.920999999999998931, 7.239000000000000767, 1.650999999999999801 ) ) ;
#2869 = ORIENTED_EDGE ( 'NONE', *, *, #2718, .F. ) ;
#2870 = DIRECTION ( 'NONE',  ( 0.3420201433256661594, 0.9396926207859093161, -2.747321704575235311E-16 ) ) ;
#2871 = PLANE ( 'NONE',  #1024 ) ;
#2872 = CARTESIAN_POINT ( 'NONE',  ( -0.8255000000000028981, 8.509000000000000341, 2.095500000000002139 ) ) ;
#2873 = ORIENTED_EDGE ( 'NONE', *, *, #2657, .T. ) ;
#2874 = EDGE_CURVE ( 'NONE', #1620, #421, #2938, .T. ) ;
#2875 = CARTESIAN_POINT ( 'NONE',  ( -4.064000000000000057, 6.505213034913026604E-16, -2.540000000000000924 ) ) ;
#2876 = ORIENTED_EDGE ( 'NONE', *, *, #1683, .F. ) ;
#2877 = LINE ( 'NONE', #2067, #3346 ) ;
#2878 = VERTEX_POINT ( 'NONE', #1283 ) ;
#2879 = FACE_OUTER_BOUND ( 'NONE', #2730, .T. ) ;
#2880 = CARTESIAN_POINT ( 'NONE',  ( -1.269999999999999796, 0.5080000000000006732, -2.022881810244994583 ) ) ;
#2881 = DIRECTION ( 'NONE',  ( 0.000000000000000000, 0.2588190451025139671, -0.9659258262890700886 ) ) ;
#2882 = SURFACE_SIDE_STYLE ('',( #2056 ) ) ;
#2883 = EDGE_CURVE ( 'NONE', #771, #2137, #527, .T. ) ;
#2884 = LINE ( 'NONE', #2057, #2904 ) ;
#2885 = VERTEX_POINT ( 'NONE', #767 ) ;
#2886 = DIRECTION ( 'NONE',  ( 0.000000000000000000, 1.000000000000000000, 3.058038798877906014E-16 ) ) ;
#2887 = DIRECTION ( 'NONE',  ( 1.000000000000000000, 0.000000000000000000, 0.000000000000000000 ) ) ;
#2888 = VECTOR ( 'NONE', #1443, 1000.000000000000114 ) ;
#2889 = VERTEX_POINT ( 'NONE', #2953 ) ;
#2890 = ORIENTED_EDGE ( 'NONE', *, *, #995, .F. ) ;
#2891 = PLANE ( 'NONE',  #3418 ) ;
#2892 = AXIS2_PLACEMENT_3D ( 'NONE', #1344, #1911, #1120 ) ;
#2893 = EDGE_CURVE ( 'NONE', #2231, #30, #780, .T. ) ;
#2894 = EDGE_LOOP ( 'NONE', ( #1122, #2750, #2161, #3407 ) ) ;
#2895 = ITEM_DEFINED_TRANSFORMATION ( 'NONE', 'NONE', #2679,  #2334 ) ;
#2896 = AXIS2_PLACEMENT_3D ( 'NONE', #269, #2162, #2722 ) ;
#2897 = VECTOR ( 'NONE', #2844, 1000.000000000000000 ) ;
#2898 = ADVANCED_FACE ( 'NONE', ( #2125 ), #220, .F. ) ;
#2899 = LINE ( 'NONE', #691, #1575 ) ;
#2900 = EDGE_CURVE ( 'NONE', #2914, #2299, #237, .T. ) ;
#2901 = VERTEX_POINT ( 'NONE', #1861 ) ;
#2902 = DIRECTION ( 'NONE',  ( -1.000000000000000000, -0.000000000000000000, -0.000000000000000000 ) ) ;
#2903 = DIRECTION ( 'NONE',  ( 0.000000000000000000, 0.000000000000000000, 1.000000000000000000 ) ) ;
#2904 = VECTOR ( 'NONE', #2250, 1000.000000000000000 ) ;
#2905 = VECTOR ( 'NONE', #1461, 1000.000000000000000 ) ;
#2906 = DIRECTION ( 'NONE',  ( 0.000000000000000000, 0.000000000000000000, 1.000000000000000000 ) ) ;
#2907 = ORIENTED_EDGE ( 'NONE', *, *, #265, .F. ) ;
#2908 = CARTESIAN_POINT ( 'NONE',  ( 3.810000000000000497, 8.509000000000000341, -2.540000000000001812 ) ) ;
#2909 = CARTESIAN_POINT ( 'NONE',  ( -2.159000000000001140, 7.239000000000000767, 0.8889999999999997904 ) ) ;
#2910 = ORIENTED_EDGE ( 'NONE', *, *, #1576, .F. ) ;
#2911 = ORIENTED_EDGE ( 'NONE', *, *, #2981, .T. ) ;
#2912 = EDGE_CURVE ( 'NONE', #260, #2352, #2667, .T. ) ;
#2913 = CARTESIAN_POINT ( 'NONE',  ( 1.270000000000000240, 0.5080000000000000071, 2.022881810244992806 ) ) ;
#2914 = VERTEX_POINT ( 'NONE', #2348 ) ;
#2915 = VECTOR ( 'NONE', #1109, 999.9999999999998863 ) ;
#2916 = PRODUCT_DEFINITION_SHAPE ( 'NONE', 'NONE',  #3218 ) ;
#2917 = ORIENTED_EDGE ( 'NONE', *, *, #631, .F. ) ;
#2918 = LINE ( 'NONE', #33, #566 ) ;
#2919 = DIRECTION ( 'NONE',  ( -0.000000000000000000, 1.000000000000000000, 1.607907343367028359E-16 ) ) ;
#2920 = ADVANCED_FACE ( 'NONE', ( #2636 ), #1297, .F. ) ;
#2921 = CARTESIAN_POINT ( 'NONE',  ( -0.3810000000000000053, -2.692399999999994797, 1.473200000000000065 ) ) ;
#2922 = LINE ( 'NONE', #1878, #3185 ) ;
#2923 = ORIENTED_EDGE ( 'NONE', *, *, #2743, .T. ) ;
#2924 = VECTOR ( 'NONE', #953, 1000.000000000000000 ) ;
#2925 = VECTOR ( 'NONE', #2407, 1000.000000000000000 ) ;
#2926 = FACE_OUTER_BOUND ( 'NONE', #1320, .T. ) ;
#2927 = DIRECTION ( 'NONE',  ( 0.000000000000000000, 0.000000000000000000, 1.000000000000000000 ) ) ;
#2928 = LINE ( 'NONE', #990, #1139 ) ;
#2929 = VECTOR ( 'NONE', #790, 1000.000000000000000 ) ;
#2930 = ORIENTED_EDGE ( 'NONE', *, *, #3251, .T. ) ;
#2931 = DIRECTION ( 'NONE',  ( -1.000000000000000000, -0.000000000000000000, -0.000000000000000000 ) ) ;
#2932 = ORIENTED_EDGE ( 'NONE', *, *, #3413, .F. ) ;
#2933 = EDGE_CURVE ( 'NONE', #225, #3223, #3469, .T. ) ;
#2934 = ORIENTED_EDGE ( 'NONE', *, *, #357, .T. ) ;
#2935 = LINE ( 'NONE', #2615, #3015 ) ;
#2936 = CARTESIAN_POINT ( 'NONE',  ( -1.269999999999999796, 0.5080000000000000071, 2.022881810244992806 ) ) ;
#2937 = EDGE_CURVE ( 'NONE', #2959, #899, #2687, .T. ) ;
#2938 = LINE ( 'NONE', #493, #844 ) ;
#2939 = ORIENTED_EDGE ( 'NONE', *, *, #2356, .T. ) ;
#2940 = VECTOR ( 'NONE', #2007, 1000.000000000000000 ) ;
#2941 = FACE_OUTER_BOUND ( 'NONE', #569, .T. ) ;
#2942 = DIRECTION ( 'NONE',  ( 0.000000000000000000, 0.000000000000000000, -1.000000000000000000 ) ) ;
#2943 = EDGE_LOOP ( 'NONE', ( #2939, #1932, #500, #2734 ) ) ;
#2944 = DIRECTION ( 'NONE',  ( 0.000000000000000000, 0.000000000000000000, -1.000000000000000000 ) ) ;
#2945 = ORIENTED_EDGE ( 'NONE', *, *, #1059, .T. ) ;
#2946 = CLOSED_SHELL ( 'NONE', ( #533, #2602, #964, #3296, #1836, #1123, #254, #3044, #168, #2854 ) ) ;
#2947 = APPLICATION_PROTOCOL_DEFINITION ( 'draft international standard', 'automotive_design', 1998, #3382 ) ;
#2948 = ADVANCED_FACE ( 'NONE', ( #2413 ), #2111, .F. ) ;
#2949 = EDGE_LOOP ( 'NONE', ( #2725, #2291, #1839, #1531 ) ) ;
#2950 = LINE ( 'NONE', #2069, #2043 ) ;
#2951 = VECTOR ( 'NONE', #1814, 1000.000000000000114 ) ;
#2952 = DIRECTION ( 'NONE',  ( -1.000000000000000000, -0.000000000000000000, -0.000000000000000000 ) ) ;
#2953 = CARTESIAN_POINT ( 'NONE',  ( 0.3809999999999989506, 7.239000000000000767, 0.8889999999999997904 ) ) ;
#2954 = VECTOR ( 'NONE', #387, 1000.000000000000000 ) ;
#2955 = VERTEX_POINT ( 'NONE', #2141 ) ;
#2956 = DIRECTION ( 'NONE',  ( 0.000000000000000000, -2.251701056906096594E-16, -1.000000000000000000 ) ) ;
#2957 = VECTOR ( 'NONE', #2489, 999.9999999999998863 ) ;
#2958 = CARTESIAN_POINT ( 'NONE',  ( 1.270000000000000240, 0.5080000000000000071, 2.022881810244992806 ) ) ;
#2959 = VERTEX_POINT ( 'NONE', #3430 ) ;
#2960 = ORIENTED_EDGE ( 'NONE', *, *, #1765, .F. ) ;
#2961 = VECTOR ( 'NONE', #1566, 1000.000000000000000 ) ;
#2962 = EDGE_CURVE ( 'NONE', #2889, #2726, #189, .T. ) ;
#2963 = CARTESIAN_POINT ( 'NONE',  ( -2.159000000000001140, 8.064500000000002444, -0.8890000000000001235 ) ) ;
#2964 = CARTESIAN_POINT ( 'NONE',  ( 1.270000000000000240, 0.000000000000000000, 2.539999999999999147 ) ) ;
#2965 = ORIENTED_EDGE ( 'NONE', *, *, #2773, .T. ) ;
#2966 = AXIS2_PLACEMENT_3D ( 'NONE', #3438, #2081, #2102 ) ;
#2967 = ORIENTED_EDGE ( 'NONE', *, *, #3445, .F. ) ;
#2968 = LINE ( 'NONE', #3001, #1755 ) ;
#2969 = CARTESIAN_POINT ( 'NONE',  ( 3.810000000000000497, -8.578981026812224210E-17, 2.158999999999999364 ) ) ;
#2970 = CARTESIAN_POINT ( 'NONE',  ( -0.3809999999999998388, 8.064500000000002444, -1.650999999999999801 ) ) ;
#2971 = ORIENTED_EDGE ( 'NONE', *, *, #112, .F. ) ;
#2972 = EDGE_CURVE ( 'NONE', #2796, #541, #3449, .T. ) ;
#2973 = DIRECTION ( 'NONE',  ( -1.000000000000000000, -0.000000000000000000, -0.000000000000000000 ) ) ;
#2974 = CARTESIAN_POINT ( 'NONE',  ( -0.8255000000000028981, 8.509000000000000341, 0.4444999999999970086 ) ) ;
#2975 = ORIENTED_EDGE ( 'NONE', *, *, #2912, .F. ) ;
#2976 = ORIENTED_EDGE ( 'NONE', *, *, #688, .F. ) ;
#2977 = AXIS2_PLACEMENT_3D ( 'NONE', #2072, #2881, #2697 ) ;
#2978 = FACE_OUTER_BOUND ( 'NONE', #3343, .T. ) ;
#2979 = CARTESIAN_POINT ( 'NONE',  ( -1.269999999999999796, 0.5080000000000000071, 2.022881810244992806 ) ) ;
#2980 = ORIENTED_EDGE ( 'NONE', *, *, #584, .T. ) ;
#2981 = EDGE_CURVE ( 'NONE', #1809, #3083, #3169, .T. ) ;
#2982 = FILL_AREA_STYLE ('',( #808 ) ) ;
#2983 = ORIENTED_EDGE ( 'NONE', *, *, #2664, .T. ) ;
#2984 = CARTESIAN_POINT ( 'NONE',  ( -1.269999999999999796, 0.5080000000000000071, 2.022881810244992806 ) ) ;
#2985 = CARTESIAN_POINT ( 'NONE',  ( 1.270000000000000240, 8.509000000000000341, 2.540000000000001812 ) ) ;
#2986 = LINE ( 'NONE', #810, #3012 ) ;
#2987 = EDGE_LOOP ( 'NONE', ( #506, #801, #2976, #1288 ) ) ;
#2988 = PLANE ( 'NONE',  #501 ) ;
#2989 = EDGE_CURVE ( 'NONE', #1545, #1558, #2922, .T. ) ;
#2990 = PLANE ( 'NONE',  #2088 ) ;
#2991 = ORIENTED_EDGE ( 'NONE', *, *, #1546, .F. ) ;
#2992 = VERTEX_POINT ( 'NONE', #2970 ) ;
#2993 = DIRECTION ( 'NONE',  ( 0.7071067811865454633, -0.7071067811865495711, 0.000000000000000000 ) ) ;
#2994 = VECTOR ( 'NONE', #2486, 1000.000000000000000 ) ;
#2995 = DIRECTION ( 'NONE',  ( -0.7071067811865467956, -0.7071067811865482389, 0.000000000000000000 ) ) ;
#2996 = VERTEX_POINT ( 'NONE', #1942 ) ;
#2997 = CARTESIAN_POINT ( 'NONE',  ( -4.064000000000000057, 8.509000000000000341, 2.540000000000001812 ) ) ;
#2998 = ADVANCED_FACE ( 'NONE', ( #2465 ), #2771, .F. ) ;
#2999 = VECTOR ( 'NONE', #1410, 1000.000000000000000 ) ;
#3000 = ORIENTED_EDGE ( 'NONE', *, *, #1401, .T. ) ;
#3001 = CARTESIAN_POINT ( 'NONE',  ( -0.3809999999999998388, 7.239000000000000767, -0.8890000000000001235 ) ) ;
#3002 = EDGE_CURVE ( 'NONE', #1674, #1347, #1929, .T. ) ;
#3003 = DIRECTION ( 'NONE',  ( 0.000000000000000000, -5.691349986800550837E-16, 1.000000000000000000 ) ) ;
#3004 = DIRECTION ( 'NONE',  ( 0.000000000000000000, 1.000000000000000000, -2.251701056906096594E-16 ) ) ;
#3005 = EDGE_LOOP ( 'NONE', ( #3208, #1787, #1046, #1879 ) ) ;
#3006 = VECTOR ( 'NONE', #154, 1000.000000000000000 ) ;
#3007 = PLANE ( 'NONE',  #1682 ) ;
#3008 = LINE ( 'NONE', #1572, #2560 ) ;
#3009 = VECTOR ( 'NONE', #1084, 999.9999999999998863 ) ;
#3010 = ORIENTED_EDGE ( 'NONE', *, *, #1375, .F. ) ;
#3011 = VERTEX_POINT ( 'NONE', #595 ) ;
#3012 = VECTOR ( 'NONE', #1895, 1000.000000000000000 ) ;
#3013 = CARTESIAN_POINT ( 'NONE',  ( -0.3809999999999998388, 8.064500000000002444, -1.650999999999999801 ) ) ;
#3014 = DIRECTION ( 'NONE',  ( -1.000000000000000000, -0.000000000000000000, -0.000000000000000000 ) ) ;
#3015 = VECTOR ( 'NONE', #2344, 1000.000000000000000 ) ;
#3016 = VERTEX_POINT ( 'NONE', #3269 ) ;
#3017 = VECTOR ( 'NONE', #770, 1000.000000000000000 ) ;
#3018 = ADVANCED_FACE ( 'NONE', ( #3024 ), #1342, .F. ) ;
#3019 = PRESENTATION_STYLE_ASSIGNMENT (( #67 ) ) ;
#3020 = ORIENTED_EDGE ( 'NONE', *, *, #774, .F. ) ;
#3021 = DIRECTION ( 'NONE',  ( 0.000000000000000000, -5.691349986800550837E-16, 1.000000000000000000 ) ) ;
#3022 = LINE ( 'NONE', #610, #118 ) ;
#3023 = AXIS2_PLACEMENT_3D ( 'NONE', #1454, #2223, #3126 ) ;
#3024 = FACE_OUTER_BOUND ( 'NONE', #3236, .T. ) ;
#3025 = PLANE ( 'NONE',  #47 ) ;
#3026 = EDGE_CURVE ( 'NONE', #2822, #2460, #2986, .T. ) ;
#3027 = CARTESIAN_POINT ( 'NONE',  ( 0.3810000000000000053, -3.200400000000000134, -1.473199999999999843 ) ) ;
#3028 = EDGE_LOOP ( 'NONE', ( #3330, #3205, #172, #3422 ) ) ;
#3029 = VERTEX_POINT ( 'NONE', #544 ) ;
#3030 = DIRECTION ( 'NONE',  ( 1.000000000000000000, 0.000000000000000000, 0.000000000000000000 ) ) ;
#3031 = DIRECTION ( 'NONE',  ( 1.000000000000000000, 0.000000000000000000, 0.000000000000000000 ) ) ;
#3032 = CARTESIAN_POINT ( 'NONE',  ( 3.810000000000000497, 0.000000000000000000, 2.539999999999999147 ) ) ;
#3033 = ORIENTED_EDGE ( 'NONE', *, *, #71, .T. ) ;
#3034 = STYLED_ITEM ( 'NONE', ( #2867 ), #841 ) ;
#3035 = FILL_AREA_STYLE_COLOUR ( '', #2524 ) ;
#3036 = EDGE_CURVE ( 'NONE', #880, #3157, #1408, .T. ) ;
#3037 = ORIENTED_EDGE ( 'NONE', *, *, #357, .F. ) ;
#3038 = LINE ( 'NONE', #18, #2786 ) ;
#3039 = CARTESIAN_POINT ( 'NONE',  ( -2.920999999999999819, 7.239000000000000767, 1.650999999999999801 ) ) ;
#3040 = DIRECTION ( 'NONE',  ( 0.000000000000000000, 0.9659258262890701996, 0.2588190451025140226 ) ) ;
#3041 = LINE ( 'NONE', #1709, #1910 ) ;
#3042 = PLANE ( 'NONE',  #3463 ) ;
#3043 = CARTESIAN_POINT ( 'NONE',  ( -2.159000000000001140, 8.064499999999998892, 0.8889999999999999014 ) ) ;
#3044 = ADVANCED_FACE ( 'NONE', ( #1155 ), #579, .F. ) ;
#3045 = ORIENTED_EDGE ( 'NONE', *, *, #92, .T. ) ;
#3046 = EDGE_LOOP ( 'NONE', ( #2504, #1106, #2923, #2417 ) ) ;
#3047 = LINE ( 'NONE', #1949, #3166 ) ;
#3048 = CARTESIAN_POINT ( 'NONE',  ( 2.159000000000000252, 7.239000000000000767, 1.650999999999999801 ) ) ;
#3049 = PLANE ( 'NONE',  #2205 ) ;
#3050 = ORIENTED_EDGE ( 'NONE', *, *, #1999, .F. ) ;
#3051 = VECTOR ( 'NONE', #2832, 1000.000000000000000 ) ;
#3052 = CARTESIAN_POINT ( 'NONE',  ( -2.159000000000001140, 7.239000000000000767, 0.8889999999999997904 ) ) ;
#3053 = DIRECTION ( 'NONE',  ( 0.000000000000000000, -1.000000000000000000, 0.000000000000000000 ) ) ;
#3054 = VERTEX_POINT ( 'NONE', #2720 ) ;
#3055 = CARTESIAN_POINT ( 'NONE',  ( 0.000000000000000000, 0.000000000000000000, 0.000000000000000000 ) ) ;
#3056 = EDGE_CURVE ( 'NONE', #58, #2959, #1085, .T. ) ;
#3057 = VECTOR ( 'NONE', #389, 1000.000000000000000 ) ;
#3058 = LINE ( 'NONE', #2188, #1190 ) ;
#3059 = LINE ( 'NONE', #1117, #3466 ) ;
#3060 = FACE_OUTER_BOUND ( 'NONE', #1654, .T. ) ;
#3061 = ADVANCED_FACE ( 'NONE', ( #283 ), #562, .F. ) ;
#3062 = CARTESIAN_POINT ( 'NONE',  ( 1.270000000000000240, -8.578981026812224210E-17, 2.158999999999999364 ) ) ;
#3063 = ORIENTED_EDGE ( 'NONE', *, *, #995, .T. ) ;
#3064 = ORIENTED_EDGE ( 'NONE', *, *, #1042, .F. ) ;
#3065 = CARTESIAN_POINT ( 'NONE',  ( -0.3809999999999998388, 8.064499999999998892, 1.650999999999999801 ) ) ;
#3066 = AXIS2_PLACEMENT_3D ( 'NONE', #2515, #367, #901 ) ;
#3067 = FACE_OUTER_BOUND ( 'NONE', #2032, .T. ) ;
#3068 = DIRECTION ( 'NONE',  ( -0.000000000000000000, 0.000000000000000000, 1.000000000000000000 ) ) ;
#3069 = VERTEX_POINT ( 'NONE', #843 ) ;
#3070 = AXIS2_PLACEMENT_3D ( 'NONE', #139, #3348, #402 ) ;
#3071 = EDGE_CURVE ( 'NONE', #618, #1386, #333, .T. ) ;
#3072 = EDGE_CURVE ( 'NONE', #2422, #2804, #3059, .T. ) ;
#3073 = LINE ( 'NONE', #2258, #1780 ) ;
#3074 = FACE_OUTER_BOUND ( 'NONE', #1742, .T. ) ;
#3075 = EDGE_LOOP ( 'NONE', ( #3095, #737, #3109, #1526 ) ) ;
#3076 =( LENGTH_UNIT ( ) NAMED_UNIT ( * ) SI_UNIT ( .MILLI., .METRE. ) );
#3077 = MECHANICAL_DESIGN_GEOMETRIC_PRESENTATION_REPRESENTATION (  '', ( #66 ), #3414 ) ;
#3078 = DIRECTION ( 'NONE',  ( 0.000000000000000000, -2.251701056906096594E-16, -1.000000000000000000 ) ) ;
#3079 = DIRECTION ( 'NONE',  ( 0.000000000000000000, -1.000000000000000000, -1.733406087350420004E-16 ) ) ;
#3080 = LINE ( 'NONE', #596, #1512 ) ;
#3081 = UNCERTAINTY_MEASURE_WITH_UNIT (LENGTH_MEASURE( 1.000000000000000082E-05 ), #924, 'distance_accuracy_value', 'NONE');
#3082 = CARTESIAN_POINT ( 'NONE',  ( 1.270000000000000240, -8.578981026812224210E-17, 2.158999999999999364 ) ) ;
#3083 = VERTEX_POINT ( 'NONE', #20 ) ;
#3084 = EDGE_CURVE ( 'NONE', #2726, #3129, #3, .T. ) ;
#3085 = FACE_OUTER_BOUND ( 'NONE', #2153, .T. ) ;
#3086 = ORIENTED_EDGE ( 'NONE', *, *, #3359, .T. ) ;
#3087 = CARTESIAN_POINT ( 'NONE',  ( -4.064000000000000057, 0.5080000000000006732, -2.022881810244994583 ) ) ;
#3088 = DIRECTION ( 'NONE',  ( 0.000000000000000000, 0.000000000000000000, 1.000000000000000000 ) ) ;
#3089 = CARTESIAN_POINT ( 'NONE',  ( 2.920999999999998931, 7.239000000000000767, -0.8890000000000001235 ) ) ;
#3090 = ORIENTED_EDGE ( 'NONE', *, *, #1277, .T. ) ;
#3091 =( REPRESENTATION_RELATIONSHIP ('NONE','NONE', #2065, #1074 ) REPRESENTATION_RELATIONSHIP_WITH_TRANSFORMATION ( #2895 )SHAPE_REPRESENTATION_RELATIONSHIP( ) );
#3092 = DIRECTION ( 'NONE',  ( -0.000000000000000000, -0.7071067811865482389, -0.7071067811865469066 ) ) ;
#3093 = FACE_BOUND ( 'NONE', #2781, .T. ) ;
#3094 = EDGE_CURVE ( 'NONE', #362, #3069, #302, .T. ) ;
#3095 = ORIENTED_EDGE ( 'NONE', *, *, #1513, .F. ) ;
#3096 = COLOUR_RGB ( '',0.2509803921568627416, 0.2509803921568627416, 0.2509803921568627416 ) ;
#3097 = CARTESIAN_POINT ( 'NONE',  ( 0.3809999999999999498, -2.692399999999995241, -1.066800000000000637 ) ) ;
#3098 = FACE_OUTER_BOUND ( 'NONE', #276, .T. ) ;
#3099 = DIRECTION ( 'NONE',  ( -0.3420201433256661594, 0.9396926207859093161, -2.197857363660188051E-16 ) ) ;
#3100 = DIRECTION ( 'NONE',  ( 0.000000000000000000, -5.691349986800550837E-16, 1.000000000000000000 ) ) ;
#3101 = CARTESIAN_POINT ( 'NONE',  ( -4.064000000000000057, 4.336808689942017736E-16, -2.159000000000001140 ) ) ;
#3102 = ORIENTED_EDGE ( 'NONE', *, *, #2566, .F. ) ;
#3103 = CARTESIAN_POINT ( 'NONE',  ( 0.3809999999999989506, 7.239000000000000767, 1.650999999999999801 ) ) ;
#3104 = ORIENTED_EDGE ( 'NONE', *, *, #1444, .F. ) ;
#3105 = EDGE_CURVE ( 'NONE', #3275, #1796, #2189, .T. ) ;
#3106 = FACE_OUTER_BOUND ( 'NONE', #424, .T. ) ;
#3107 = CARTESIAN_POINT ( 'NONE',  ( 3.810000000000000053, -8.578981026812224210E-17, 2.158999999999999364 ) ) ;
#3108 = DIRECTION ( 'NONE',  ( 0.000000000000000000, 0.000000000000000000, -1.000000000000000000 ) ) ;
#3109 = ORIENTED_EDGE ( 'NONE', *, *, #1765, .T. ) ;
#3110 = DIRECTION ( 'NONE',  ( 0.000000000000000000, 1.000000000000000000, 1.607907343367028359E-16 ) ) ;
#3111 = DIRECTION ( 'NONE',  ( 0.000000000000000000, -0.000000000000000000, -1.000000000000000000 ) ) ;
#3112 = ORIENTED_EDGE ( 'NONE', *, *, #286, .F. ) ;
#3113 = FACE_OUTER_BOUND ( 'NONE', #268, .T. ) ;
#3114 = LINE ( 'NONE', #90, #1636 ) ;
#3115 = FACE_OUTER_BOUND ( 'NONE', #1382, .T. ) ;
#3116 = EDGE_CURVE ( 'NONE', #2042, #819, #2754, .T. ) ;
#3117 = CARTESIAN_POINT ( 'NONE',  ( -2.159000000000001140, 7.239000000000000767, -0.8890000000000001235 ) ) ;
#3118 = CARTESIAN_POINT ( 'NONE',  ( 2.920999999999998931, 7.239000000000000767, 0.8889999999999997904 ) ) ;
#3119 = ORIENTED_EDGE ( 'NONE', *, *, #1617, .T. ) ;
#3120 = VECTOR ( 'NONE', #813, 1000.000000000000114 ) ;
#3121 = DIRECTION ( 'NONE',  ( 0.000000000000000000, -0.9659258262890700886, 0.2588190451025140226 ) ) ;
#3122 = CARTESIAN_POINT ( 'NONE',  ( 4.064000000000000057, 0.5080000000000006732, -2.022881810244994583 ) ) ;
#3123 = LINE ( 'NONE', #681, #1079 ) ;
#3124 = EDGE_LOOP ( 'NONE', ( #1249, #3424, #3362, #991 ) ) ;
#3125 = COLOUR_RGB ( '',0.2509803921568627416, 0.2509803921568627416, 0.2509803921568627416 ) ;
#3126 = DIRECTION ( 'NONE',  ( 0.000000000000000000, -1.000000000000000000, 1.019346266292635461E-16 ) ) ;
#3127 = CARTESIAN_POINT ( 'NONE',  ( -1.269999999999999796, 8.509000000000000341, -2.540000000000001812 ) ) ;
#3128 = AXIS2_PLACEMENT_3D ( 'NONE', #3426, #707, #1514 ) ;
#3129 = VERTEX_POINT ( 'NONE', #2479 ) ;
#3130 = ADVANCED_FACE ( 'NONE', ( #1135 ), #2212, .F. ) ;
#3131 = VECTOR ( 'NONE', #2604, 999.9999999999998863 ) ;
#3132 = DIRECTION ( 'NONE',  ( 0.000000000000000000, 0.000000000000000000, -1.000000000000000000 ) ) ;
#3133 = CARTESIAN_POINT ( 'NONE',  ( -4.064000000000000057, -8.578981026812224210E-17, 2.158999999999999364 ) ) ;
#3134 = AXIS2_PLACEMENT_3D ( 'NONE', #2054, #2284, #3079 ) ;
#3135 = DIRECTION ( 'NONE',  ( 0.000000000000000000, -1.000000000000000000, 0.000000000000000000 ) ) ;
#3136 = VECTOR ( 'NONE', #2367, 1000.000000000000000 ) ;
#3137 = LINE ( 'NONE', #2288, #1302 ) ;
#3138 = EDGE_CURVE ( 'NONE', #1091, #2317, #1670, .T. ) ;
#3139 = DIRECTION ( 'NONE',  ( 0.000000000000000000, 5.691349986800550837E-16, -1.000000000000000000 ) ) ;
#3140 = EDGE_LOOP ( 'NONE', ( #1830, #3144, #564, #784 ) ) ;
#3141 = FACE_OUTER_BOUND ( 'NONE', #2570, .T. ) ;
#3142 = CARTESIAN_POINT ( 'NONE',  ( 0.1961031209927689978, -3.200400000000000134, -1.066800000000000415 ) ) ;
#3143 = DIRECTION ( 'NONE',  ( -0.000000000000000000, 1.000000000000000000, 1.607907343367028359E-16 ) ) ;
#3144 = ORIENTED_EDGE ( 'NONE', *, *, #2505, .F. ) ;
#3145 = LINE ( 'NONE', #1239, #2338 ) ;
#3146 = VERTEX_POINT ( 'NONE', #1769 ) ;
#3147 = ADVANCED_FACE ( 'NONE', ( #3098 ), #427, .F. ) ;
#3148 = CARTESIAN_POINT ( 'NONE',  ( 2.920999999999998931, 7.239000000000000767, 1.650999999999999801 ) ) ;
#3149 = CARTESIAN_POINT ( 'NONE',  ( 3.810000000000000497, 0.5080000000000000071, 2.022881810244992806 ) ) ;
#3150 = DIRECTION ( 'NONE',  ( 1.000000000000000000, 0.000000000000000000, -0.000000000000000000 ) ) ;
#3151 = FILL_AREA_STYLE ('',( #2579 ) ) ;
#3152 = LINE ( 'NONE', #1771, #2150 ) ;
#3153 = ORIENTED_EDGE ( 'NONE', *, *, #2255, .F. ) ;
#3154 = CARTESIAN_POINT ( 'NONE',  ( 3.810000000000000053, 0.5080000000000006732, -2.022881810244994583 ) ) ;
#3155 = EDGE_CURVE ( 'NONE', #2295, #640, #2864, .T. ) ;
#3156 = PLANE ( 'NONE',  #2676 ) ;
#3157 = VERTEX_POINT ( 'NONE', #2791 ) ;
#3158 = EDGE_CURVE ( 'NONE', #2885, #68, #3114, .T. ) ;
#3159 = LINE ( 'NONE', #1795, #3246 ) ;
#3160 = ORIENTED_EDGE ( 'NONE', *, *, #1444, .T. ) ;
#3161 = CARTESIAN_POINT ( 'NONE',  ( 2.540000000000000480, 0.000000000000000000, 0.000000000000000000 ) ) ;
#3162 = LINE ( 'NONE', #3148, #679 ) ;
#3163 = ORIENTED_EDGE ( 'NONE', *, *, #3105, .T. ) ;
#3164 = CARTESIAN_POINT ( 'NONE',  ( 2.159000000000000252, 8.064499999999998892, 1.651000000000000023 ) ) ;
#3165 = FACE_OUTER_BOUND ( 'NONE', #1640, .T. ) ;
#3166 = VECTOR ( 'NONE', #2525, 1000.000000000000000 ) ;
#3167 = CARTESIAN_POINT ( 'NONE',  ( 1.270000000000000240, 0.5080000000000006732, -2.022881810244994583 ) ) ;
#3168 = ADVANCED_BREP_SHAPE_REPRESENTATION ( '', ( #841, #925, #2011, #3261, #831, #2334 ), #1692 ) ;
#3169 = LINE ( 'NONE', #1019, #1193 ) ;
#3170 = ORIENTED_EDGE ( 'NONE', *, *, #1982, .T. ) ;
#3171 = ADVANCED_FACE ( 'NONE', ( #669 ), #1499, .F. ) ;
#3172 = CARTESIAN_POINT ( 'NONE',  ( 1.270000000000000240, 4.336808689942017736E-16, -2.159000000000001140 ) ) ;
#3173 = FILL_AREA_STYLE_COLOUR ( '', #3096 ) ;
#3174 = CARTESIAN_POINT ( 'NONE',  ( -1.269999999999999796, 6.505213034913026604E-16, -2.540000000000000924 ) ) ;
#3175 = EDGE_LOOP ( 'NONE', ( #1432, #1159, #1614, #2333 ) ) ;
#3176 = PLANE ( 'NONE',  #2966 ) ;
#3177 = ORIENTED_EDGE ( 'NONE', *, *, #1729, .T. ) ;
#3178 = EDGE_CURVE ( 'NONE', #3319, #2490, #147, .T. ) ;
#3179 = CONTEXT_DEPENDENT_SHAPE_REPRESENTATION ( #1204, #2630 ) ;
#3180 = VECTOR ( 'NONE', #731, 1000.000000000000000 ) ;
#3181 = CARTESIAN_POINT ( 'NONE',  ( 4.064000000000000057, 0.000000000000000000, 0.000000000000000000 ) ) ;
#3182 = ORIENTED_EDGE ( 'NONE', *, *, #3274, .T. ) ;
#3183 = PLANE ( 'NONE',  #913 ) ;
#3184 = DIRECTION ( 'NONE',  ( -1.000000000000000000, 0.000000000000000000, 0.000000000000000000 ) ) ;
#3185 = VECTOR ( 'NONE', #3204, 1000.000000000000000 ) ;
#3186 = PLANE ( 'NONE',  #745 ) ;
#3187 = VECTOR ( 'NONE', #1355, 1000.000000000000000 ) ;
#3188 = VECTOR ( 'NONE', #2247, 1000.000000000000000 ) ;
#3189 = CARTESIAN_POINT ( 'NONE',  ( 1.270000000000000240, 0.000000000000000000, 0.000000000000000000 ) ) ;
#3190 = ORIENTED_EDGE ( 'NONE', *, *, #2664, .F. ) ;
#3191 = PRESENTATION_LAYER_ASSIGNMENT (  '', '', ( #624 ) ) ;
#3192 = DIRECTION ( 'NONE',  ( 0.000000000000000000, 0.000000000000000000, 1.000000000000000000 ) ) ;
#3193 = LINE ( 'NONE', #1832, #2514 ) ;
#3194 = EDGE_CURVE ( 'NONE', #2217, #3029, #634, .T. ) ;
#3195 = CARTESIAN_POINT ( 'NONE',  ( -2.920999999999999819, 8.064499999999998892, 0.8889999999999999014 ) ) ;
#3196 = VERTEX_POINT ( 'NONE', #903 ) ;
#3197 = PLANE ( 'NONE',  #2381 ) ;
#3198 = VERTEX_POINT ( 'NONE', #3338 ) ;
#3199 = ADVANCED_FACE ( 'NONE', ( #351 ), #1245, .F. ) ;
#3200 = PRODUCT ( 'NPTC032LFBN-RC', 'NPTC032LFBN-RC', '', ( #775 ) ) ;
#3201 = ORIENTED_EDGE ( 'NONE', *, *, #2158, .F. ) ;
#3202 = LINE ( 'NONE', #2683, #2207 ) ;
#3203 = PLANE ( 'NONE',  #3406 ) ;
#3204 = DIRECTION ( 'NONE',  ( 0.000000000000000000, 0.000000000000000000, -1.000000000000000000 ) ) ;
#3205 = ORIENTED_EDGE ( 'NONE', *, *, #264, .T. ) ;
#3206 = CARTESIAN_POINT ( 'NONE',  ( 2.920999999999998931, 7.239000000000000767, -1.651000000000000023 ) ) ;
#3207 = LINE ( 'NONE', #1851, #1925 ) ;
#3208 = ORIENTED_EDGE ( 'NONE', *, *, #1588, .F. ) ;
#3209 = EDGE_CURVE ( 'NONE', #1582, #1862, #1691, .T. ) ;
#3210 = DIRECTION ( 'NONE',  ( 0.000000000000000000, 1.000000000000000000, -2.338910953479677683E-16 ) ) ;
#3211 = VERTEX_POINT ( 'NONE', #2808 ) ;
#3212 = DIRECTION ( 'NONE',  ( 0.000000000000000000, 0.000000000000000000, 1.000000000000000000 ) ) ;
#3213 = ORIENTED_EDGE ( 'NONE', *, *, #2308, .F. ) ;
#3214 = DIRECTION ( 'NONE',  ( 0.000000000000000000, -0.000000000000000000, -1.000000000000000000 ) ) ;
#3215 = LINE ( 'NONE', #509, #2319 ) ;
#3216 = DIRECTION ( 'NONE',  ( 1.000000000000000000, 0.000000000000000000, -0.000000000000000000 ) ) ;
#3217 = CARTESIAN_POINT ( 'NONE',  ( -0.3809999999999998388, 8.064500000000002444, -0.8890000000000000124 ) ) ;
#3218 = PRODUCT_DEFINITION ( 'UNKNOWN', '', #2499, #3395 ) ;
#3219 = EDGE_CURVE ( 'NONE', #1347, #396, #2321, .T. ) ;
#3220 = VECTOR ( 'NONE', #405, 1000.000000000000000 ) ;
#3221 = CARTESIAN_POINT ( 'NONE',  ( 0.3809999999999989506, 7.239000000000000767, -1.651000000000000023 ) ) ;
#3222 = LINE ( 'NONE', #3257, #407 ) ;
#3223 = VERTEX_POINT ( 'NONE', #1747 ) ;
#3224 = EDGE_LOOP ( 'NONE', ( #2066, #1346, #718, #2971 ) ) ;
#3225 = DIRECTION ( 'NONE',  ( 0.000000000000000000, 1.000000000000000000, -1.019346266292635338E-16 ) ) ;
#3226 = ORIENTED_EDGE ( 'NONE', *, *, #2017, .F. ) ;
#3227 = AXIS2_PLACEMENT_3D ( 'NONE', #2577, #1229, #2037 ) ;
#3228 = VECTOR ( 'NONE', #1299, 1000.000000000000000 ) ;
#3229 = CARTESIAN_POINT ( 'NONE',  ( 1.714499999999997248, 8.509000000000000341, 0.4444999999999970086 ) ) ;
#3230 = EDGE_CURVE ( 'NONE', #3198, #3275, #3357, .T. ) ;
#3231 = VERTEX_POINT ( 'NONE', #982 ) ;
#3232 = CARTESIAN_POINT ( 'NONE',  ( 4.064000000000000057, 6.505213034913026604E-16, -2.540000000000000924 ) ) ;
#3233 = DIRECTION ( 'NONE',  ( 0.000000000000000000, 2.923638691849597351E-16, 1.000000000000000000 ) ) ;
#3234 = CARTESIAN_POINT ( 'NONE',  ( 2.159000000000000252, 7.239000000000000767, 1.650999999999999801 ) ) ;
#3235 = VECTOR ( 'NONE', #1467, 999.9999999999998863 ) ;
#3236 = EDGE_LOOP ( 'NONE', ( #2741, #1915, #1404, #256 ) ) ;
#3237 = PLANE ( 'NONE',  #1912 ) ;
#3238 = VECTOR ( 'NONE', #2902, 1000.000000000000000 ) ;
#3239 = CARTESIAN_POINT ( 'NONE',  ( 0.3809999999999989506, 7.239000000000000767, -0.8890000000000001235 ) ) ;
#3240 = EDGE_CURVE ( 'NONE', #1076, #516, #388, .T. ) ;
#3241 = ORIENTED_EDGE ( 'NONE', *, *, #3230, .T. ) ;
#3242 = ORIENTED_EDGE ( 'NONE', *, *, #1089, .T. ) ;
#3243 = LINE ( 'NONE', #2167, #2462 ) ;
#3244 = DIRECTION ( 'NONE',  ( 0.000000000000000000, 1.000000000000000000, 1.733406087350420004E-16 ) ) ;
#3245 = ORIENTED_EDGE ( 'NONE', *, *, #1243, .T. ) ;
#3246 = VECTOR ( 'NONE', #454, 1000.000000000000000 ) ;
#3247 = ADVANCED_BREP_SHAPE_REPRESENTATION ( '', ( #950, #2098, #2334 ), #1928 ) ;
#3248 = CARTESIAN_POINT ( 'NONE',  ( 0.000000000000000000, 7.239000000000000767, -2.201425730935033664E-16 ) ) ;
#3249 = VERTEX_POINT ( 'NONE', #1442 ) ;
#3250 = DIRECTION ( 'NONE',  ( -0.000000000000000000, -0.000000000000000000, 1.000000000000000000 ) ) ;
#3251 = EDGE_CURVE ( 'NONE', #800, #2700, #2536, .T. ) ;
#3252 = SURFACE_SIDE_STYLE ('',( #219 ) ) ;
#3253 = CARTESIAN_POINT ( 'NONE',  ( -4.064000000000000057, -8.578981026812224210E-17, 2.158999999999999364 ) ) ;
#3254 = ORIENTED_EDGE ( 'NONE', *, *, #27, .T. ) ;
#3255 = VECTOR ( 'NONE', #3031, 1000.000000000000000 ) ;
#3256 = PLANE ( 'NONE',  #2892 ) ;
#3257 = CARTESIAN_POINT ( 'NONE',  ( -3.810000000000000053, -8.578981026812224210E-17, 2.158999999999999364 ) ) ;
#3258 = VERTEX_POINT ( 'NONE', #2265 ) ;
#3259 = VERTEX_POINT ( 'NONE', #3133 ) ;
#3260 = EDGE_CURVE ( 'NONE', #889, #2236, #927, .T. ) ;
#3261 = MANIFOLD_SOLID_BREP ( 'LPattern1[1]', #1125 ) ;
#3262 = DIRECTION ( 'NONE',  ( -1.000000000000000000, 0.000000000000000000, 0.000000000000000000 ) ) ;
#3263 = DIRECTION ( 'NONE',  ( -1.000000000000000000, -0.000000000000000000, -0.000000000000000000 ) ) ;
#3264 = VERTEX_POINT ( 'NONE', #183 ) ;
#3265 = EDGE_CURVE ( 'NONE', #2051, #1216, #2845, .T. ) ;
#3266 = FACE_OUTER_BOUND ( 'NONE', #1253, .T. ) ;
#3267 = VERTEX_POINT ( 'NONE', #233 ) ;
#3268 = DIRECTION ( 'NONE',  ( 1.000000000000000000, 0.000000000000000000, 0.000000000000000000 ) ) ;
#3269 = CARTESIAN_POINT ( 'NONE',  ( 4.064000000000000057, 4.336808689942017736E-16, -2.159000000000001140 ) ) ;
#3270 = CARTESIAN_POINT ( 'NONE',  ( -0.3809999999999998388, 7.239000000000000767, 1.650999999999999801 ) ) ;
#3271 = CARTESIAN_POINT ( 'NONE',  ( -0.1961031209927689145, -3.200400000000000134, -1.473199999999999843 ) ) ;
#3272 = DIRECTION ( 'NONE',  ( -0.5773502691896261751, 0.5773502691896250649, -0.5773502691896260641 ) ) ;
#3273 = ORIENTED_EDGE ( 'NONE', *, *, #1186, .T. ) ;
#3274 = EDGE_CURVE ( 'NONE', #2495, #2236, #1280, .T. ) ;
#3275 = VERTEX_POINT ( 'NONE', #3480 ) ;
#3276 = CARTESIAN_POINT ( 'NONE',  ( 0.3809999999999989506, 8.064500000000002444, -1.650999999999999801 ) ) ;
#3277 = VECTOR ( 'NONE', #2014, 1000.000000000000000 ) ;
#3278 = CARTESIAN_POINT ( 'NONE',  ( -1.269999999999999796, 6.505213034913026604E-16, -2.540000000000000924 ) ) ;
#3279 = ORIENTED_EDGE ( 'NONE', *, *, #2773, .F. ) ;
#3280 =( LENGTH_UNIT ( ) NAMED_UNIT ( * ) SI_UNIT ( .MILLI., .METRE. ) );
#3281 = AXIS2_PLACEMENT_3D ( 'NONE', #1826, #2919, #478 ) ;
#3282 = EDGE_CURVE ( 'NONE', #243, #2051, #778, .T. ) ;
#3283 = ORIENTED_EDGE ( 'NONE', *, *, #393, .T. ) ;
#3284 = CARTESIAN_POINT ( 'NONE',  ( -2.413000000000001588, 7.810500000000002885, -1.143000000000000682 ) ) ;
#3285 = FACE_OUTER_BOUND ( 'NONE', #3005, .T. ) ;
#3286 = DIRECTION ( 'NONE',  ( 0.000000000000000000, 1.000000000000000000, -1.019346266292635338E-16 ) ) ;
#3287 = ORIENTED_EDGE ( 'NONE', *, *, #2962, .T. ) ;
#3288 = VECTOR ( 'NONE', #62, 1000.000000000000000 ) ;
#3289 = PRODUCT_DEFINITION_CONTEXT ( 'detailed design', #2534, 'design' ) ;
#3290 = CARTESIAN_POINT ( 'NONE',  ( 4.064000000000000057, 8.509000000000000341, 2.540000000000001812 ) ) ;
#3291 = DIRECTION ( 'NONE',  ( -1.000000000000000000, 0.000000000000000000, -0.000000000000000000 ) ) ;
#3292 = PRESENTATION_LAYER_ASSIGNMENT (  '', '', ( #400 ) ) ;
#3293 = ORIENTED_EDGE ( 'NONE', *, *, #3359, .F. ) ;
#3294 = ORIENTED_EDGE ( 'NONE', *, *, #1752, .F. ) ;
#3295 = VECTOR ( 'NONE', #166, 1000.000000000000000 ) ;
#3296 = ADVANCED_FACE ( 'NONE', ( #3464 ), #3493, .F. ) ;
#3297 = DIRECTION ( 'NONE',  ( 0.000000000000000000, -2.251701056906096594E-16, -1.000000000000000000 ) ) ;
#3298 = CARTESIAN_POINT ( 'NONE',  ( -1.269999999999999796, 0.5080000000000006732, -2.022881810244994583 ) ) ;
#3299 = COLOUR_RGB ( '',0.2509803921568627416, 0.2509803921568627416, 0.2509803921568627416 ) ;
#3300 = ORIENTED_EDGE ( 'NONE', *, *, #2, .F. ) ;
#3301 = AXIS2_PLACEMENT_3D ( 'NONE', #2215, #3309, #2502 ) ;
#3302 = ORIENTED_EDGE ( 'NONE', *, *, #1333, .F. ) ;
#3303 = DIRECTION ( 'NONE',  ( 0.000000000000000000, -1.000000000000000000, 1.019346266292635338E-16 ) ) ;
#3304 = EDGE_CURVE ( 'NONE', #2692, #3249, #2950, .T. ) ;
#3305 = DIRECTION ( 'NONE',  ( 0.000000000000000000, 0.000000000000000000, 1.000000000000000000 ) ) ;
#3306 = CARTESIAN_POINT ( 'NONE',  ( -1.269999999999999796, 0.5080000000000006732, -2.022881810244994583 ) ) ;
#3307 = CARTESIAN_POINT ( 'NONE',  ( 0.3810000000000000053, 0.5079999999999997851, -1.473200000000000953 ) ) ;
#3308 = PRESENTATION_STYLE_ASSIGNMENT (( #2214 ) ) ;
#3309 = DIRECTION ( 'NONE',  ( 0.000000000000000000, -0.7071067811865499042, 0.7071067811865451302 ) ) ;
#3310 = EDGE_LOOP ( 'NONE', ( #2165, #3474, #499, #2512 ) ) ;
#3311 = ORIENTED_EDGE ( 'NONE', *, *, #601, .F. ) ;
#3312 = FACE_BOUND ( 'NONE', #2894, .T. ) ;
#3313 = CARTESIAN_POINT ( 'NONE',  ( 3.365500000000000380, 8.509000000000000341, -2.540000000000001812 ) ) ;
#3314 = FACE_OUTER_BOUND ( 'NONE', #1316, .T. ) ;
#3315 = ORIENTED_EDGE ( 'NONE', *, *, #2657, .F. ) ;
#3316 = EDGE_CURVE ( 'NONE', #757, #1049, #3202, .T. ) ;
#3317 = CARTESIAN_POINT ( 'NONE',  ( 0.8255000000000020099, 8.509000000000000341, 2.095500000000002139 ) ) ;
#3318 = CARTESIAN_POINT ( 'NONE',  ( 0.3810000000000000053, 0.5079999999999997851, -1.473200000000000953 ) ) ;
#3319 = VERTEX_POINT ( 'NONE', #2121 ) ;
#3320 = DIRECTION ( 'NONE',  ( -1.000000000000000000, 0.000000000000000000, 0.000000000000000000 ) ) ;
#3321 = CARTESIAN_POINT ( 'NONE',  ( 3.810000000000000497, 8.509000000000000341, -2.540000000000001812 ) ) ;
#3322 = FACE_OUTER_BOUND ( 'NONE', #1867, .T. ) ;
#3323 = DIRECTION ( 'NONE',  ( 0.000000000000000000, -1.000000000000000000, -2.667820306312759283E-16 ) ) ;
#3324 = ORIENTED_EDGE ( 'NONE', *, *, #1059, .F. ) ;
#3325 = EDGE_CURVE ( 'NONE', #640, #1809, #764, .T. ) ;
#3326 = VERTEX_POINT ( 'NONE', #1325 ) ;
#3327 = CARTESIAN_POINT ( 'NONE',  ( 2.159000000000000252, 7.239000000000000767, -0.8890000000000001235 ) ) ;
#3328 = CARTESIAN_POINT ( 'NONE',  ( -3.810000000000000053, 0.5080000000000000071, 2.022881810244992806 ) ) ;
#3329 = FACE_OUTER_BOUND ( 'NONE', #1540, .T. ) ;
#3330 = ORIENTED_EDGE ( 'NONE', *, *, #613, .T. ) ;
#3331 = AXIS2_PLACEMENT_3D ( 'NONE', #2803, #1455, #1996 ) ;
#3332 = CARTESIAN_POINT ( 'NONE',  ( 4.064000000000000057, 0.5080000000000006732, -2.022881810244994583 ) ) ;
#3333 = CARTESIAN_POINT ( 'NONE',  ( -3.810000000000000053, -8.578981026812224210E-17, 2.158999999999999364 ) ) ;
#3334 = ORIENTED_EDGE ( 'NONE', *, *, #671, .F. ) ;
#3335 = ADVANCED_FACE ( 'NONE', ( #1063 ), #1262, .F. ) ;
#3336 = CLOSED_SHELL ( 'NONE', ( #2090, #1813, #2403, #72, #2340, #2866, #642, #46 ) ) ;
#3337 = DIRECTION ( 'NONE',  ( 0.000000000000000000, 0.000000000000000000, -1.000000000000000000 ) ) ;
#3338 = CARTESIAN_POINT ( 'NONE',  ( -1.269999999999999796, -8.578981026812224210E-17, 2.158999999999999364 ) ) ;
#3339 = CARTESIAN_POINT ( 'NONE',  ( 4.064000000000000057, 0.000000000000000000, 2.539999999999999147 ) ) ;
#3340 = CARTESIAN_POINT ( 'NONE',  ( 0.3809999999999989506, 8.064499999999998892, 1.651000000000000023 ) ) ;
#3341 = EDGE_LOOP ( 'NONE', ( #3349, #408, #344, #2582 ) ) ;
#3342 = DIRECTION ( 'NONE',  ( -0.5773502691896261751, 0.5773502691896250649, -0.5773502691896260641 ) ) ;
#3343 = EDGE_LOOP ( 'NONE', ( #1142, #2394, #1714, #1025 ) ) ;
#3344 = CARTESIAN_POINT ( 'NONE',  ( 4.064000000000000057, 0.5080000000000000071, 2.022881810244992806 ) ) ;
#3345 = ADVANCED_FACE ( 'NONE', ( #2879 ), #3183, .F. ) ;
#3346 = VECTOR ( 'NONE', #3392, 1000.000000000000000 ) ;
#3347 = CARTESIAN_POINT ( 'NONE',  ( 4.064000000000000057, 0.5080000000000006732, -2.022881810244994583 ) ) ;
#3348 = DIRECTION ( 'NONE',  ( 0.000000000000000000, 0.2588190451025140226, -0.9659258262890701996 ) ) ;
#3349 = ORIENTED_EDGE ( 'NONE', *, *, #2782, .F. ) ;
#3350 = VECTOR ( 'NONE', #1586, 1000.000000000000000 ) ;
#3351 = DIRECTION ( 'NONE',  ( 0.000000000000000000, -1.607907343367028359E-16, 1.000000000000000000 ) ) ;
#3352 = LINE ( 'NONE', #423, #2132 ) ;
#3353 = VECTOR ( 'NONE', #2887, 1000.000000000000000 ) ;
#3354 = ORIENTED_EDGE ( 'NONE', *, *, #483, .F. ) ;
#3355 = DIRECTION ( 'NONE',  ( 1.000000000000000000, 0.000000000000000000, 0.000000000000000000 ) ) ;
#3356 = DIRECTION ( 'NONE',  ( 0.000000000000000000, -1.000000000000000000, 2.923638691849597351E-16 ) ) ;
#3357 = LINE ( 'NONE', #962, #235 ) ;
#3358 = DIRECTION ( 'NONE',  ( -0.5773502691896266192, 0.5773502691896232886, -0.5773502691896275074 ) ) ;
#3359 = EDGE_CURVE ( 'NONE', #2460, #3462, #2935, .T. ) ;
#3360 = SURFACE_STYLE_FILL_AREA ( #755 ) ;
#3361 = CARTESIAN_POINT ( 'NONE',  ( -0.3810000000000000053, 0.5079999999999998961, 1.066800000000001303 ) ) ;
#3362 = ORIENTED_EDGE ( 'NONE', *, *, #1323, .T. ) ;
#3363 = CARTESIAN_POINT ( 'NONE',  ( 2.413000000000000700, 7.810499999999998444, 1.143000000000000238 ) ) ;
#3364 = ORIENTED_EDGE ( 'NONE', *, *, #3155, .T. ) ;
#3365 = LINE ( 'NONE', #600, #2765 ) ;
#3366 = DIRECTION ( 'NONE',  ( -1.000000000000000000, 0.000000000000000000, 0.000000000000000000 ) ) ;
#3367 = DIRECTION ( 'NONE',  ( 1.000000000000000000, 0.000000000000000000, 0.000000000000000000 ) ) ;
#3368 = ORIENTED_EDGE ( 'NONE', *, *, #2308, .T. ) ;
#3369 = EDGE_CURVE ( 'NONE', #1009, #3054, #2397, .T. ) ;
#3370 = CARTESIAN_POINT ( 'NONE',  ( 0.3810000000000000053, -3.200400000000000134, -1.473199999999999843 ) ) ;
#3371 = LINE ( 'NONE', #939, #3277 ) ;
#3372 = ORIENTED_EDGE ( 'NONE', *, *, #327, .F. ) ;
#3373 = VECTOR ( 'NONE', #2025, 1000.000000000000000 ) ;
#3374 = EDGE_CURVE ( 'NONE', #1446, #859, #461, .T. ) ;
#3375 = PRESENTATION_STYLE_ASSIGNMENT (( #1497 ) ) ;
#3376 = DIRECTION ( 'NONE',  ( 0.000000000000000000, -0.9659258262890700886, 0.2588190451025140781 ) ) ;
#3377 = DIRECTION ( 'NONE',  ( -1.000000000000000000, -0.000000000000000000, -0.000000000000000000 ) ) ;
#3378 = DIRECTION ( 'NONE',  ( 1.000000000000000000, -0.000000000000000000, -0.000000000000000000 ) ) ;
#3379 = CARTESIAN_POINT ( 'NONE',  ( 2.159000000000000252, 7.239000000000000767, 1.650999999999999801 ) ) ;
#3380 = CARTESIAN_POINT ( 'NONE',  ( -2.920999999999999819, 8.064499999999998892, 1.650999999999999801 ) ) ;
#3381 = VERTEX_POINT ( 'NONE', #3443 ) ;
#3382 = APPLICATION_CONTEXT ( 'automotive_design' ) ;
#3383 = DIRECTION ( 'NONE',  ( -1.000000000000000000, 0.000000000000000000, 0.000000000000000000 ) ) ;
#3384 = EDGE_CURVE ( 'NONE', #3198, #2085, #1016, .T. ) ;
#3385 = CARTESIAN_POINT ( 'NONE',  ( -4.064000000000000057, -8.578981026812224210E-17, 2.158999999999999364 ) ) ;
#3386 = DIRECTION ( 'NONE',  ( 0.000000000000000000, 0.000000000000000000, 1.000000000000000000 ) ) ;
#3387 = VERTEX_POINT ( 'NONE', #1825 ) ;
#3388 = LINE ( 'NONE', #646, #1361 ) ;
#3389 = DIRECTION ( 'NONE',  ( 0.000000000000000000, 0.000000000000000000, -1.000000000000000000 ) ) ;
#3390 = ORIENTED_EDGE ( 'NONE', *, *, #2279, .T. ) ;
#3391 = EDGE_CURVE ( 'NONE', #2048, #1453, #2918, .T. ) ;
#3392 = DIRECTION ( 'NONE',  ( -1.000000000000000000, -0.000000000000000000, -0.000000000000000000 ) ) ;
#3393 = CARTESIAN_POINT ( 'NONE',  ( 3.810000000000000497, 4.336808689942017736E-16, -2.159000000000001140 ) ) ;
#3394 = CARTESIAN_POINT ( 'NONE',  ( -4.064000000000000057, 0.000000000000000000, 0.000000000000000000 ) ) ;
#3395 = PRODUCT_DEFINITION_CONTEXT ( 'detailed design', #3382, 'design' ) ;
#3396 = DIRECTION ( 'NONE',  ( -1.000000000000000000, 0.000000000000000000, 0.000000000000000000 ) ) ;
#3397 = FACE_OUTER_BOUND ( 'NONE', #816, .T. ) ;
#3398 = VERTEX_POINT ( 'NONE', #2477 ) ;
#3399 = CARTESIAN_POINT ( 'NONE',  ( 0.3809999999999998388, -2.692399999999995241, -1.473200000000000065 ) ) ;
#3400 = DIRECTION ( 'NONE',  ( 0.000000000000000000, 1.000000000000000000, 1.733406087350420004E-16 ) ) ;
#3401 = DIRECTION ( 'NONE',  ( 0.000000000000000000, -1.733406087350420004E-16, 1.000000000000000000 ) ) ;
#3402 = ORIENTED_EDGE ( 'NONE', *, *, #2532, .T. ) ;
#3403 = EDGE_CURVE ( 'NONE', #807, #319, #2461, .T. ) ;
#3404 = VECTOR ( 'NONE', #2435, 1000.000000000000000 ) ;
#3405 = CARTESIAN_POINT ( 'NONE',  ( -4.064000000000000057, 0.5080000000000006732, -2.022881810244994583 ) ) ;
#3406 = AXIS2_PLACEMENT_3D ( 'NONE', #2139, #1064, #1052 ) ;
#3407 = ORIENTED_EDGE ( 'NONE', *, *, #1474, .T. ) ;
#3408 = AXIS2_PLACEMENT_3D ( 'NONE', #623, #1452, #2527 ) ;
#3409 = DIRECTION ( 'NONE',  ( 0.000000000000000000, 5.691349986800550837E-16, -1.000000000000000000 ) ) ;
#3410 = CARTESIAN_POINT ( 'NONE',  ( -1.269999999999999796, -8.578981026812224210E-17, 2.158999999999999364 ) ) ;
#3411 = VECTOR ( 'NONE', #577, 1000.000000000000000 ) ;
#3412 = CARTESIAN_POINT ( 'NONE',  ( -3.810000000000000053, 8.509000000000000341, 2.540000000000001812 ) ) ;
#3413 = EDGE_CURVE ( 'NONE', #1347, #1764, #2427, .T. ) ;
#3414 =( GEOMETRIC_REPRESENTATION_CONTEXT ( 3 ) GLOBAL_UNCERTAINTY_ASSIGNED_CONTEXT ( ( #3081 ) ) GLOBAL_UNIT_ASSIGNED_CONTEXT ( ( #924, #900, #1480 ) ) REPRESENTATION_CONTEXT ( 'NONE', 'WORKASPACE' ) );
#3415 = LINE ( 'NONE', #3380, #2323 ) ;
#3416 = ORIENTED_EDGE ( 'NONE', *, *, #2411, .T. ) ;
#3417 = EDGE_CURVE ( 'NONE', #2085, #1796, #1115, .T. ) ;
#3418 = AXIS2_PLACEMENT_3D ( 'NONE', #3405, #2392, #2608 ) ;
#3419 = CARTESIAN_POINT ( 'NONE',  ( 2.920999999999998931, 7.239000000000000767, 1.650999999999999801 ) ) ;
#3420 = LINE ( 'NONE', #3434, #3460 ) ;
#3421 = EDGE_LOOP ( 'NONE', ( #2358, #3160, #3112, #3311 ) ) ;
#3422 = ORIENTED_EDGE ( 'NONE', *, *, #1359, .T. ) ;
#3423 = LINE ( 'NONE', #1560, #1264 ) ;
#3424 = ORIENTED_EDGE ( 'NONE', *, *, #3209, .F. ) ;
#3425 = EDGE_CURVE ( 'NONE', #1091, #2099, #1651, .T. ) ;
#3426 = CARTESIAN_POINT ( 'NONE',  ( 4.064000000000000057, 6.505213034913026604E-16, -2.540000000000000924 ) ) ;
#3427 = EDGE_LOOP ( 'NONE', ( #589, #570, #2907, #2251 ) ) ;
#3428 = PLANE ( 'NONE',  #165 ) ;
#3429 = CARTESIAN_POINT ( 'NONE',  ( -2.920999999999999819, 8.064500000000002444, -0.8890000000000001235 ) ) ;
#3430 = CARTESIAN_POINT ( 'NONE',  ( 1.270000000000000240, 8.509000000000000341, -2.540000000000001812 ) ) ;
#3431 = VERTEX_POINT ( 'NONE', #2156 ) ;
#3432 = LINE ( 'NONE', #989, #2600 ) ;
#3433 = CARTESIAN_POINT ( 'NONE',  ( 2.413000000000001588, 7.810500000000001997, -1.396999999999998465 ) ) ;
#3434 = CARTESIAN_POINT ( 'NONE',  ( -0.3809999999999998388, 8.064500000000002444, -0.8890000000000001235 ) ) ;
#3435 = EDGE_CURVE ( 'NONE', #1350, #271, #2717, .T. ) ;
#3436 = VERTEX_POINT ( 'NONE', #1940 ) ;
#3437 = VERTEX_POINT ( 'NONE', #558 ) ;
#3438 = CARTESIAN_POINT ( 'NONE',  ( 2.159000000000000252, 8.064500000000002444, -0.8890000000000001235 ) ) ;
#3439 = VERTEX_POINT ( 'NONE', #300 ) ;
#3440 = CONTEXT_DEPENDENT_SHAPE_REPRESENTATION ( #3091, #1564 ) ;
#3441 = DIRECTION ( 'NONE',  ( 0.000000000000000000, 0.000000000000000000, 1.000000000000000000 ) ) ;
#3442 = ORIENTED_EDGE ( 'NONE', *, *, #84, .F. ) ;
#3443 = CARTESIAN_POINT ( 'NONE',  ( -0.8255000000000011218, 8.509000000000000341, -2.095500000000001695 ) ) ;
#3444 = CARTESIAN_POINT ( 'NONE',  ( -1.269999999999999796, 8.509000000000000341, -2.540000000000001812 ) ) ;
#3445 = EDGE_CURVE ( 'NONE', #1479, #516, #3038, .T. ) ;
#3446 = APPLICATION_CONTEXT ( 'automotive_design' ) ;
#3447 = VECTOR ( 'NONE', #621, 1000.000000000000000 ) ;
#3448 = CARTESIAN_POINT ( 'NONE',  ( -3.810000000000000053, 6.505213034913026604E-16, -2.540000000000000924 ) ) ;
#3449 = LINE ( 'NONE', #3234, #2727 ) ;
#3450 = ORIENTED_EDGE ( 'NONE', *, *, #3456, .F. ) ;
#3451 = DIRECTION ( 'NONE',  ( 0.000000000000000000, 5.691349986800550837E-16, -1.000000000000000000 ) ) ;
#3452 =( LENGTH_UNIT ( ) NAMED_UNIT ( * ) SI_UNIT ( .MILLI., .METRE. ) );
#3453 = CARTESIAN_POINT ( 'NONE',  ( 2.920999999999998931, 7.239000000000000767, -0.8890000000000001235 ) ) ;
#3454 = ORIENTED_EDGE ( 'NONE', *, *, #2718, .T. ) ;
#3455 = ORIENTED_EDGE ( 'NONE', *, *, #2193, .T. ) ;
#3456 = EDGE_CURVE ( 'NONE', #1777, #486, #525, .T. ) ;
#3457 = CARTESIAN_POINT ( 'NONE',  ( 4.064000000000000057, 8.509000000000000341, -2.540000000000001812 ) ) ;
#3458 = ORIENTED_EDGE ( 'NONE', *, *, #699, .T. ) ;
#3459 = CARTESIAN_POINT ( 'NONE',  ( 0.000000000000000000, 0.000000000000000000, 0.000000000000000000 ) ) ;
#3460 = VECTOR ( 'NONE', #2388, 999.9999999999998863 ) ;
#3461 = COLOUR_RGB ( '',0.7921568627450980005, 0.8196078431372548767, 0.9333333333333333481 ) ;
#3462 = VERTEX_POINT ( 'NONE', #2187 ) ;
#3463 = AXIS2_PLACEMENT_3D ( 'NONE', #636, #2538, #3100 ) ;
#3464 = FACE_OUTER_BOUND ( 'NONE', #279, .T. ) ;
#3465 = VECTOR ( 'NONE', #3386, 1000.000000000000000 ) ;
#3466 = VECTOR ( 'NONE', #1360, 1000.000000000000000 ) ;
#3467 = VECTOR ( 'NONE', #2128, 1000.000000000000000 ) ;
#3468 = EDGE_CURVE ( 'NONE', #248, #1674, #1339, .T. ) ;
#3469 = LINE ( 'NONE', #1846, #3350 ) ;
#3470 = ORIENTED_EDGE ( 'NONE', *, *, #2385, .T. ) ;
#3471 = AXIS2_PLACEMENT_3D ( 'NONE', #2262, #609, #3355 ) ;
#3472 = DIRECTION ( 'NONE',  ( 0.000000000000000000, -5.691349986800550837E-16, 1.000000000000000000 ) ) ;
#3473 = LINE ( 'NONE', #2909, #567 ) ;
#3474 = ORIENTED_EDGE ( 'NONE', *, *, #3094, .T. ) ;
#3475 = CARTESIAN_POINT ( 'NONE',  ( -1.269999999999999796, 8.509000000000000341, 0.4444999999999970086 ) ) ;
#3476 = ORIENTED_EDGE ( 'NONE', *, *, #827, .F. ) ;
#3477 = EDGE_CURVE ( 'NONE', #619, #2147, #2701, .T. ) ;
#3478 = EDGE_CURVE ( 'NONE', #3267, #2901, #315, .T. ) ;
#3479 = VERTEX_POINT ( 'NONE', #3232 ) ;
#3480 = CARTESIAN_POINT ( 'NONE',  ( -3.810000000000000053, -8.578981026812224210E-17, 2.158999999999999364 ) ) ;
#3481 = CARTESIAN_POINT ( 'NONE',  ( 0.3810000000000000053, 0.5079999999999997851, -1.473200000000000953 ) ) ;
#3482 = DIRECTION ( 'NONE',  ( -0.000000000000000000, 1.000000000000000000, 1.733406087350420004E-16 ) ) ;
#3483 = DIRECTION ( 'NONE',  ( 1.000000000000000000, 0.000000000000000000, 0.000000000000000000 ) ) ;
#3484 = DIRECTION ( 'NONE',  ( 0.000000000000000000, -1.000000000000000000, -3.058038798877906014E-16 ) ) ;
#3485 = DIRECTION ( 'NONE',  ( 0.000000000000000000, 1.607907343367028359E-16, -1.000000000000000000 ) ) ;
#3486 = VERTEX_POINT ( 'NONE', #2446 ) ;
#3487 = ORIENTED_EDGE ( 'NONE', *, *, #840, .F. ) ;
#3488 = ADVANCED_FACE ( 'NONE', ( #1152 ), #793, .F. ) ;
#3489 = CARTESIAN_POINT ( 'NONE',  ( -1.714499999999999913, 8.509000000000000341, -0.4444999999999983409 ) ) ;
#3490 = ORIENTED_EDGE ( 'NONE', *, *, #3265, .T. ) ;
#3491 = MECHANICAL_DESIGN_GEOMETRIC_PRESENTATION_REPRESENTATION (  '', ( #2174 ), #296 ) ;
#3492 = ORIENTED_EDGE ( 'NONE', *, *, #3369, .F. ) ;
#3493 = PLANE ( 'NONE',  #1817 ) ;
#3494 = EDGE_CURVE ( 'NONE', #2996, #2914, #2968, .T. ) ;
#3495 = PLANE ( 'NONE',  #1689 ) ;
#3496 = ORIENTED_EDGE ( 'NONE', *, *, #759, .T. ) ;
#3497 = AXIS2_PLACEMENT_3D ( 'NONE', #890, #1449, #2545 ) ;
#3498 = CARTESIAN_POINT ( 'NONE',  ( -3.810000000000000053, 0.5080000000000006732, -2.022881810244994583 ) ) ;
#3499 = LINE ( 'NONE', #23, #504 ) ;
#3500 = EDGE_LOOP ( 'NONE', ( #1058, #785, #1107, #3416 ) ) ;
#3501 = ORIENTED_EDGE ( 'NONE', *, *, #3435, .F. ) ;
#3502 = AXIS2_PLACEMENT_3D ( 'NONE', #3307, #863, #2285 ) ;
#3503 = CARTESIAN_POINT ( 'NONE',  ( 1.270000000000000240, 8.509000000000000341, 2.540000000000001812 ) ) ;
#3504 = FACE_OUTER_BOUND ( 'NONE', #1688, .T. ) ;
#3505 = ORIENTED_EDGE ( 'NONE', *, *, #2017, .T. ) ;
#3506 = EDGE_CURVE ( 'NONE', #3146, #156, #1599, .T. ) ;
#3507 = VECTOR ( 'NONE', #2362, 999.9999999999998863 ) ;
#3508 = NEXT_ASSEMBLY_USAGE_OCCURRENCE ( 'NAUO1', ' ', ' ', #2742, #3218, $ ) ;
#3509 = NEXT_ASSEMBLY_USAGE_OCCURRENCE ( 'NAUO2', ' ', ' ', #2742, #2432, $ ) ;
#3510 = NEXT_ASSEMBLY_USAGE_OCCURRENCE ( 'NAUO3', ' ', ' ', #2742, #2432, $ ) ;
#3511 = NEXT_ASSEMBLY_USAGE_OCCURRENCE ( 'NAUO4', ' ', ' ', #2742, #2432, $ ) ;
ENDSEC;
END-ISO-10303-21;
