ISO-10303-21;
HEADER;
FILE_DESCRIPTION(('Creo Elements/Direct Modeling STEP Export'),'2;1');
FILE_NAME('LA 130-BLACKBOX.stp','2012-07-02T10:31:07',(''),(''),
'Creo Elements/Direct Modeling STEP processor for AP214 (Solid Model)',
'Creo Elements/Direct Modeling 17.0C  05-Feb-2011 (C) Parametric Technol
ogy GmbH','');
FILE_SCHEMA(('AUTOMOTIVE_DESIGN { 1 0 10303 214 1 1 1 1 }'));
ENDSEC;
DATA;
#10=CARTESIAN_POINT('',(-1.20260663682151,0.,2.));
#20=DIRECTION('',(-1.13869028166683E-16,-1.,0.));
#30=DIRECTION('',(-1.,1.13869028166683E-16,0.));
#40=AXIS2_PLACEMENT_3D('',#10,#20,#30);
#50=CYLINDRICAL_SURFACE('',#40,0.3);
#60=CARTESIAN_POINT('',(-1.2026066368215,9.00872686779076,2.));
#70=DIRECTION('',(0.,-0.999961923064171,0.00872653549837393));
#80=DIRECTION('',(-1.3048595079685E-14,-0.00872653549837393,
-0.999961923064171));
#90=AXIS2_PLACEMENT_3D('',#60,#70,#80);
#100=ELLIPSE('',#90,0.300011423515721,0.3);
#110=CARTESIAN_POINT('',(-1.2026066368215,9.01134492812799,2.3));
#120=VERTEX_POINT('',#110);
#130=CARTESIAN_POINT('',(-1.50259521374076,9.00874971438723,
2.00261796064951));
#140=VERTEX_POINT('',#130);
#150=EDGE_CURVE('',#120,#140,#100,.T.);
#160=ORIENTED_EDGE('',*,*,#150,.F.);
#170=CARTESIAN_POINT('',(-1.50259521374076,3.41594077149013E-17,
2.00261796064951));
#180=DIRECTION('',(-1.13869028166683E-16,-1.,0.));
#190=VECTOR('',#180,1.);
#200=LINE('',#170,#190);
#210=CARTESIAN_POINT('',(-1.50259521374076,8.20874971438723,
2.00261796064951));
#220=VERTEX_POINT('',#210);
#230=EDGE_CURVE('',#140,#220,#200,.T.);
#240=ORIENTED_EDGE('',*,*,#230,.F.);
#250=CARTESIAN_POINT('',(-1.20260663682151,8.20872686779076,2.));
#260=DIRECTION('',(0.,-0.999961923064171,0.00872653549837393));
#270=DIRECTION('',(-1.3048595079685E-14,-0.00872653549837393,
-0.999961923064171));
#280=AXIS2_PLACEMENT_3D('',#250,#260,#270);
#290=ELLIPSE('',#280,0.300011423515721,0.3);
#300=CARTESIAN_POINT('',(-1.20260663682151,8.21134492812799,2.3));
#310=VERTEX_POINT('',#300);
#320=EDGE_CURVE('',#310,#220,#290,.T.);
#330=ORIENTED_EDGE('',*,*,#320,.T.);
#340=CARTESIAN_POINT('',(-1.20260663682151,0.,2.3));
#350=DIRECTION('',(-1.13869028166683E-16,-1.,0.));
#360=VECTOR('',#350,1.);
#370=LINE('',#340,#360);
#380=EDGE_CURVE('',#120,#310,#370,.T.);
#390=ORIENTED_EDGE('',*,*,#380,.T.);
#400=EDGE_LOOP('',(#390,#330,#240,#160));
#410=FACE_OUTER_BOUND('',#400,.T.);
#420=ADVANCED_FACE('',(#410),#50,.F.);
#430=CARTESIAN_POINT('',(0.,-16.,3.5));
#440=DIRECTION('',(-0.,1.,0.));
#450=DIRECTION('',(1.,0.,0.));
#460=AXIS2_PLACEMENT_3D('',#430,#440,#450);
#470=PLANE('',#460);
#480=CARTESIAN_POINT('',(-17.,-16.,0.));
#490=DIRECTION('',(0.,0.,1.));
#500=VECTOR('',#490,1.);
#510=LINE('',#480,#500);
#520=CARTESIAN_POINT('',(-17.,-16.,3.5));
#530=VERTEX_POINT('',#520);
#540=CARTESIAN_POINT('',(-17.,-16.,15.5));
#550=VERTEX_POINT('',#540);
#560=EDGE_CURVE('',#530,#550,#510,.T.);
#570=ORIENTED_EDGE('',*,*,#560,.T.);
#580=CARTESIAN_POINT('',(0.,-16.,3.5));
#590=DIRECTION('',(-1.,0.,0.));
#600=VECTOR('',#590,1.);
#610=LINE('',#580,#600);
#620=CARTESIAN_POINT('',(-18.0026180603372,-16.,3.5));
#630=VERTEX_POINT('',#620);
#640=EDGE_CURVE('',#530,#630,#610,.T.);
#650=ORIENTED_EDGE('',*,*,#640,.F.);
#660=CARTESIAN_POINT('',(-18.0026180603372,-16.,0.));
#670=DIRECTION('',(0.,0.,-1.));
#680=VECTOR('',#670,1.);
#690=LINE('',#660,#680);
#700=CARTESIAN_POINT('',(-18.0026180603372,-16.,15.5));
#710=VERTEX_POINT('',#700);
#720=EDGE_CURVE('',#710,#630,#690,.T.);
#730=ORIENTED_EDGE('',*,*,#720,.T.);
#740=CARTESIAN_POINT('',(0.,-16.,15.5));
#750=DIRECTION('',(-1.,0.,0.));
#760=VECTOR('',#750,1.);
#770=LINE('',#740,#760);
#780=EDGE_CURVE('',#550,#710,#770,.T.);
#790=ORIENTED_EDGE('',*,*,#780,.T.);
#800=EDGE_LOOP('',(#790,#730,#650,#570));
#810=FACE_OUTER_BOUND('',#800,.T.);
#820=ADVANCED_FACE('',(#810),#470,.F.);
#830=CARTESIAN_POINT('',(14.3999996476973,0.,6.4));
#840=DIRECTION('',(-0.999847695156391,0.,0.0174524064372835));
#850=DIRECTION('',(0.,1.,0.));
#860=AXIS2_PLACEMENT_3D('',#830,#840,#850);
#870=PLANE('',#860);
#880=CARTESIAN_POINT('',(14.3999996476973,0.,6.4));
#890=DIRECTION('',(0.,1.,0.));
#900=VECTOR('',#890,1.);
#910=LINE('',#880,#900);
#920=CARTESIAN_POINT('',(14.3999996476973,-15.9930185057674,6.4));
#930=VERTEX_POINT('',#920);
#940=CARTESIAN_POINT('',(14.3999996476973,-15.0366528447212,6.4));
#950=VERTEX_POINT('',#940);
#960=EDGE_CURVE('',#930,#950,#910,.T.);
#970=ORIENTED_EDGE('',*,*,#960,.F.);
#980=CARTESIAN_POINT('',(14.2882872321568,-15.0366528447212,0.));
#990=DIRECTION('',(0.0174524064372835,0.,0.999847695156391));
#1000=VECTOR('',#990,1.);
#1010=LINE('',#980,#1000);
#1020=CARTESIAN_POINT('',(14.4139636996399,-15.0366528447212,7.2));
#1030=VERTEX_POINT('',#1020);
#1040=EDGE_CURVE('',#950,#1030,#1010,.T.);
#1050=ORIENTED_EDGE('',*,*,#1040,.F.);
#1060=CARTESIAN_POINT('',(14.4139636996399,0.,7.2));
#1070=DIRECTION('',(0.,1.,0.));
#1080=VECTOR('',#1070,1.);
#1090=LINE('',#1060,#1080);
#1100=CARTESIAN_POINT('',(14.4139636996399,-16.,7.2));
#1110=VERTEX_POINT('',#1100);
#1120=EDGE_CURVE('',#1110,#1030,#1090,.T.);
#1130=ORIENTED_EDGE('',*,*,#1120,.T.);
#1140=CARTESIAN_POINT('',(14.2882872321568,-15.9371665519065,0.));
#1150=DIRECTION('',(0.0174517421055201,-0.00872520650594019,
0.999809635615156));
#1160=VECTOR('',#1150,1.);
#1170=LINE('',#1140,#1160);
#1180=EDGE_CURVE('',#930,#1110,#1170,.T.);
#1190=ORIENTED_EDGE('',*,*,#1180,.T.);
#1200=EDGE_LOOP('',(#1190,#1130,#1050,#970));
#1210=FACE_OUTER_BOUND('',#1200,.T.);
#1220=ADVANCED_FACE('',(#1210),#870,.T.);
#1230=CARTESIAN_POINT('',(-32.,4.6114579395616E-15,13.988));
#1240=DIRECTION('',(0.,0.,1.));
#1250=DIRECTION('',(1.,0.,0.));
#1260=AXIS2_PLACEMENT_3D('',#1230,#1240,#1250);
#1270=CONICAL_SURFACE('',#1260,13.476,1.10714871779409);
#1280=CARTESIAN_POINT('',(-18.1814361083629,-10.3906414068408,
15.893639486568));
#1290=CARTESIAN_POINT('',(-18.1891105501848,-9.15363951099385,
15.5186445077759));
#1300=CARTESIAN_POINT('',(-18.1968933370853,-7.90615000230908,
15.1833192784465));
#1310=CARTESIAN_POINT('',(-18.2165267791893,-4.45779991842126,
14.4262202184537));
#1320=CARTESIAN_POINT('',(-18.2262241514137,-2.23671010763496,
14.1369096891986));
#1330=CARTESIAN_POINT('',(-18.2262255646774,2.23617853369213,
14.13686545532));
#1340=CARTESIAN_POINT('',(-18.2165292827702,4.45728820336888,
14.4261375748019));
#1350=CARTESIAN_POINT('',(-18.1968954722382,7.90581646759674,
15.1832289362614));
#1360=CARTESIAN_POINT('',(-18.1891115904182,9.15347554493611,
15.5185944451656));
#1370=CARTESIAN_POINT('',(-18.1814361043184,10.3906419212622,
15.8936395699735));
#1380=B_SPLINE_CURVE_WITH_KNOTS('',3,(#1280,#1290,#1300,#1310,#1320,
#1330,#1340,#1350,#1360,#1370),.UNSPECIFIED.,.F.,.F.,(4,2,2,2,4),(
22.4396631465404,26.3331197974748,33.0902127593362,39.8473195462878,
43.7413353128009),.UNSPECIFIED.);
#1390=CARTESIAN_POINT('',(-18.1817510471897,-10.3904045941059,
15.8944275656494));
#1400=VERTEX_POINT('',#1390);
#1410=CARTESIAN_POINT('',(-18.1814369326112,10.3906420180144,
15.8936392674571));
#1420=VERTEX_POINT('',#1410);
#1430=EDGE_CURVE('',#1400,#1420,#1380,.T.);
#1440=ORIENTED_EDGE('',*,*,#1430,.F.);
#1450=CARTESIAN_POINT('',(-32.,4.6114579395616E-15,15.8944271909999));
#1460=DIRECTION('',(0.,0.,-1.));
#1470=DIRECTION('',(-1.,0.,0.));
#1480=AXIS2_PLACEMENT_3D('',#1450,#1460,#1470);
#1490=CIRCLE('',#1480,17.2888543819998);
#1500=EDGE_CURVE('',#1420,#1400,#1490,.T.);
#1510=ORIENTED_EDGE('',*,*,#1500,.F.);
#1520=EDGE_LOOP('',(#1510,#1440));
#1530=FACE_OUTER_BOUND('',#1520,.T.);
#1540=ADVANCED_FACE('',(#1530),#1270,.F.);
#1550=CARTESIAN_POINT('',(0.727539532584502,11.5553494980564,16.));
#1560=DIRECTION('',(0.,0.,-1.));
#1570=DIRECTION('',(-1.,0.,0.));
#1580=AXIS2_PLACEMENT_3D('',#1550,#1560,#1570);
#1590=CYLINDRICAL_SURFACE('',#1580,0.632834777850362);
#1600=CARTESIAN_POINT('',(0.727539532584502,11.5553494980564,15.8));
#1610=DIRECTION('',(0.,0.,-1.));
#1620=DIRECTION('',(-1.,0.,0.));
#1630=AXIS2_PLACEMENT_3D('',#1600,#1610,#1620);
#1640=CIRCLE('',#1630,0.632834777850362);
#1650=CARTESIAN_POINT('',(0.727589493048028,12.1881842739347,15.8));
#1660=VERTEX_POINT('',#1650);
#1670=CARTESIAN_POINT('',(1.36037431043486,11.5553494980564,15.8));
#1680=VERTEX_POINT('',#1670);
#1690=EDGE_CURVE('',#1660,#1680,#1640,.T.);
#1700=ORIENTED_EDGE('',*,*,#1690,.F.);
#1710=CARTESIAN_POINT('',(1.36037431043486,11.5553494980564,16.));
#1720=DIRECTION('',(0.,0.,-1.));
#1730=VECTOR('',#1720,1.);
#1740=LINE('',#1710,#1730);
#1750=CARTESIAN_POINT('',(1.36037431043486,11.5553494980564,16.));
#1760=VERTEX_POINT('',#1750);
#1770=EDGE_CURVE('',#1760,#1680,#1740,.T.);
#1780=ORIENTED_EDGE('',*,*,#1770,.T.);
#1790=CARTESIAN_POINT('',(0.727539532584502,11.5553494980564,16.));
#1800=DIRECTION('',(0.,0.,-1.));
#1810=DIRECTION('',(-1.,0.,0.));
#1820=AXIS2_PLACEMENT_3D('',#1790,#1800,#1810);
#1830=CIRCLE('',#1820,0.632834777850362);
#1840=CARTESIAN_POINT('',(0.727589493048028,12.1881842739347,16.));
#1850=VERTEX_POINT('',#1840);
#1860=EDGE_CURVE('',#1850,#1760,#1830,.T.);
#1870=ORIENTED_EDGE('',*,*,#1860,.T.);
#1880=CARTESIAN_POINT('',(0.0947047547341402,11.5553494980564,16.));
#1890=VERTEX_POINT('',#1880);
#1900=EDGE_CURVE('',#1890,#1850,#1830,.T.);
#1910=ORIENTED_EDGE('',*,*,#1900,.T.);
#1920=CARTESIAN_POINT('',(0.0947047547341402,11.5553494980564,16.));
#1930=DIRECTION('',(0.,0.,-1.));
#1940=VECTOR('',#1930,1.);
#1950=LINE('',#1920,#1940);
#1960=CARTESIAN_POINT('',(0.0947047547341402,11.5553494980564,15.8));
#1970=VERTEX_POINT('',#1960);
#1980=EDGE_CURVE('',#1890,#1970,#1950,.T.);
#1990=ORIENTED_EDGE('',*,*,#1980,.F.);
#2000=EDGE_CURVE('',#1970,#1660,#1640,.T.);
#2010=ORIENTED_EDGE('',*,*,#2000,.F.);
#2020=EDGE_LOOP('',(#2010,#1990,#1910,#1870,#1780,#1700));
#2030=FACE_OUTER_BOUND('',#2020,.T.);
#2040=ADVANCED_FACE('',(#2030),#1590,.T.);
#2050=CARTESIAN_POINT('',(13.9946646661022,1.75655731608245,16.));
#2060=DIRECTION('',(-0.,1.,0.));
#2070=DIRECTION('',(1.,0.,0.));
#2080=AXIS2_PLACEMENT_3D('',#2050,#2060,#2070);
#2090=PLANE('',#2080);
#2100=CARTESIAN_POINT('',(8.70707993110894,1.75655731608245,16.));
#2110=DIRECTION('',(0.,0.,-1.));
#2120=VECTOR('',#2110,1.);
#2130=LINE('',#2100,#2120);
#2140=CARTESIAN_POINT('',(8.70707993110894,1.75655731608245,16.));
#2150=VERTEX_POINT('',#2140);
#2160=CARTESIAN_POINT('',(8.70707993110894,1.75655731608245,15.5));
#2170=VERTEX_POINT('',#2160);
#2180=EDGE_CURVE('',#2150,#2170,#2130,.T.);
#2190=ORIENTED_EDGE('',*,*,#2180,.F.);
#2200=CARTESIAN_POINT('',(-11.9824610346056,1.75655731608245,15.5));
#2210=DIRECTION('',(-1.,0.,0.));
#2220=VECTOR('',#2210,1.66666666665794);
#2230=LINE('',#2200,#2220);
#2240=CARTESIAN_POINT('',(13.9946646661022,1.75655731608245,15.5));
#2250=VERTEX_POINT('',#2240);
#2260=EDGE_CURVE('',#2250,#2170,#2230,.T.);
#2270=ORIENTED_EDGE('',*,*,#2260,.T.);
#2280=CARTESIAN_POINT('',(13.9946646661022,1.75655731608245,16.));
#2290=DIRECTION('',(0.,0.,-1.));
#2300=VECTOR('',#2290,1.);
#2310=LINE('',#2280,#2300);
#2320=CARTESIAN_POINT('',(13.9946646661022,1.75655731608245,16.));
#2330=VERTEX_POINT('',#2320);
#2340=EDGE_CURVE('',#2330,#2250,#2310,.T.);
#2350=ORIENTED_EDGE('',*,*,#2340,.T.);
#2360=CARTESIAN_POINT('',(0.,1.75655731608245,16.));
#2370=DIRECTION('',(-1.,0.,0.));
#2380=VECTOR('',#2370,1.);
#2390=LINE('',#2360,#2380);
#2400=EDGE_CURVE('',#2330,#2150,#2390,.T.);
#2410=ORIENTED_EDGE('',*,*,#2400,.F.);
#2420=EDGE_LOOP('',(#2410,#2350,#2270,#2190));
#2430=FACE_OUTER_BOUND('',#2420,.T.);
#2440=ADVANCED_FACE('',(#2430),#2090,.T.);
#2450=CARTESIAN_POINT('',(-15.1117351644648,11.422695396067,16.));
#2460=DIRECTION('',(0.500005563404806,0.86602219172735,0.));
#2470=DIRECTION('',(0.86602219172735,-0.500005563404806,0.));
#2480=AXIS2_PLACEMENT_3D('',#2450,#2460,#2470);
#2490=PLANE('',#2480);
#2500=CARTESIAN_POINT('',(-15.7917734048627,11.8153214820669,16.));
#2510=DIRECTION('',(0.,0.,-1.));
#2520=VECTOR('',#2510,1.);
#2530=LINE('',#2500,#2520);
#2540=CARTESIAN_POINT('',(-15.7917734048627,11.8153214820669,16.));
#2550=VERTEX_POINT('',#2540);
#2560=CARTESIAN_POINT('',(-15.7917734048627,11.8153214820669,15.8));
#2570=VERTEX_POINT('',#2560);
#2580=EDGE_CURVE('',#2550,#2570,#2530,.T.);
#2590=ORIENTED_EDGE('',*,*,#2580,.F.);
#2600=CARTESIAN_POINT('',(-7.2108618527965,6.86105638805133,15.8));
#2610=DIRECTION('',(0.86602219172735,-0.500005563404806,0.));
#2620=VECTOR('',#2610,1.);
#2630=LINE('',#2600,#2620);
#2640=CARTESIAN_POINT('',(-15.1117351644648,11.422695396067,15.8));
#2650=VERTEX_POINT('',#2640);
#2660=EDGE_CURVE('',#2570,#2650,#2630,.T.);
#2670=ORIENTED_EDGE('',*,*,#2660,.F.);
#2680=CARTESIAN_POINT('',(-15.1117351644648,11.422695396067,16.));
#2690=DIRECTION('',(0.,0.,-1.));
#2700=VECTOR('',#2690,1.);
#2710=LINE('',#2680,#2700);
#2720=CARTESIAN_POINT('',(-15.1117351644648,11.422695396067,16.));
#2730=VERTEX_POINT('',#2720);
#2740=EDGE_CURVE('',#2730,#2650,#2710,.T.);
#2750=ORIENTED_EDGE('',*,*,#2740,.T.);
#2760=CARTESIAN_POINT('',(0.,2.69780159183146,16.));
#2770=DIRECTION('',(-0.86602219172735,0.500005563404806,0.));
#2780=VECTOR('',#2770,1.);
#2790=LINE('',#2760,#2780);
#2800=EDGE_CURVE('',#2730,#2550,#2790,.T.);
#2810=ORIENTED_EDGE('',*,*,#2800,.F.);
#2820=EDGE_LOOP('',(#2810,#2750,#2670,#2590));
#2830=FACE_OUTER_BOUND('',#2820,.T.);
#2840=ADVANCED_FACE('',(#2830),#2490,.T.);
#2850=CARTESIAN_POINT('',(-11.8000003523026,0.,6.4));
#2860=DIRECTION('',(0.999847695156391,0.,0.0174524064372835));
#2870=DIRECTION('',(0.,-1.,0.));
#2880=AXIS2_PLACEMENT_3D('',#2850,#2860,#2870);
#2890=PLANE('',#2880);
#2900=CARTESIAN_POINT('',(-11.688287936762,-15.4,0.));
#2910=DIRECTION('',(-0.0174524064372835,0.,0.999847695156391));
#2920=VECTOR('',#2910,1.);
#2930=LINE('',#2900,#2920);
#2940=CARTESIAN_POINT('',(-11.8000003523026,-15.4,6.4));
#2950=VERTEX_POINT('',#2940);
#2960=CARTESIAN_POINT('',(-11.8139644042452,-15.4,7.2));
#2970=VERTEX_POINT('',#2960);
#2980=EDGE_CURVE('',#2950,#2970,#2930,.T.);
#2990=ORIENTED_EDGE('',*,*,#2980,.T.);
#3000=CARTESIAN_POINT('',(-11.8000003523026,0.,6.4));
#3010=DIRECTION('',(0.,-1.,0.));
#3020=VECTOR('',#3010,1.);
#3030=LINE('',#3000,#3020);
#3040=CARTESIAN_POINT('',(-11.8000003523026,-15.9930185057674,6.4));
#3050=VERTEX_POINT('',#3040);
#3060=EDGE_CURVE('',#2950,#3050,#3030,.T.);
#3070=ORIENTED_EDGE('',*,*,#3060,.F.);
#3080=CARTESIAN_POINT('',(-11.688287936762,-15.9371665519065,0.));
#3090=DIRECTION('',(0.0174517421055201,0.00872520650594019,
-0.999809635615156));
#3100=VECTOR('',#3090,1.);
#3110=LINE('',#3080,#3100);
#3120=CARTESIAN_POINT('',(-11.8139644042452,-16.,7.2));
#3130=VERTEX_POINT('',#3120);
#3140=EDGE_CURVE('',#3130,#3050,#3110,.T.);
#3150=ORIENTED_EDGE('',*,*,#3140,.T.);
#3160=CARTESIAN_POINT('',(-11.8139644042452,0.,7.2));
#3170=DIRECTION('',(0.,-1.,0.));
#3180=VECTOR('',#3170,1.);
#3190=LINE('',#3160,#3180);
#3200=EDGE_CURVE('',#2970,#3130,#3190,.T.);
#3210=ORIENTED_EDGE('',*,*,#3200,.T.);
#3220=EDGE_LOOP('',(#3210,#3150,#3070,#2990));
#3230=FACE_OUTER_BOUND('',#3220,.T.);
#3240=ADVANCED_FACE('',(#3230),#2890,.T.);
#3250=CARTESIAN_POINT('',(-12.4232998548634,9.1907245355621,16.));
#3260=DIRECTION('',(-0.642763675849406,0.766064525355769,0.));
#3270=DIRECTION('',(0.766064525355769,0.642763675849406,0.));
#3280=AXIS2_PLACEMENT_3D('',#3250,#3260,#3270);
#3290=PLANE('',#3280);
#3300=CARTESIAN_POINT('',(-12.5435974987754,9.0897892315014,16.));
#3310=DIRECTION('',(0.,0.,-1.));
#3320=VECTOR('',#3310,1.);
#3330=LINE('',#3300,#3320);
#3340=CARTESIAN_POINT('',(-12.5435974987754,9.0897892315014,16.));
#3350=VERTEX_POINT('',#3340);
#3360=CARTESIAN_POINT('',(-12.5435974987754,9.0897892315014,15.8));
#3370=VERTEX_POINT('',#3360);
#3380=EDGE_CURVE('',#3350,#3370,#3330,.T.);
#3390=ORIENTED_EDGE('',*,*,#3380,.F.);
#3400=CARTESIAN_POINT('',(-7.2108618527965,13.5642018334303,15.8));
#3410=DIRECTION('',(0.766064525355769,0.642763675849406,0.));
#3420=VECTOR('',#3410,1.);
#3430=LINE('',#3400,#3420);
#3440=CARTESIAN_POINT('',(-12.4232998548634,9.1907245355621,15.8));
#3450=VERTEX_POINT('',#3440);
#3460=EDGE_CURVE('',#3370,#3450,#3430,.T.);
#3470=ORIENTED_EDGE('',*,*,#3460,.F.);
#3480=CARTESIAN_POINT('',(-12.4232998548634,9.1907245355621,16.));
#3490=DIRECTION('',(0.,0.,-1.));
#3500=VECTOR('',#3490,1.);
#3510=LINE('',#3480,#3500);
#3520=CARTESIAN_POINT('',(-12.4232998548634,9.1907245355621,16.));
#3530=VERTEX_POINT('',#3520);
#3540=EDGE_CURVE('',#3530,#3450,#3510,.T.);
#3550=ORIENTED_EDGE('',*,*,#3540,.T.);
#3560=CARTESIAN_POINT('',(0.,19.6144494524455,16.));
#3570=DIRECTION('',(-0.766064525355769,-0.642763675849406,0.));
#3580=VECTOR('',#3570,1.);
#3590=LINE('',#3560,#3580);
#3600=EDGE_CURVE('',#3530,#3350,#3590,.T.);
#3610=ORIENTED_EDGE('',*,*,#3600,.F.);
#3620=EDGE_LOOP('',(#3610,#3550,#3470,#3390));
#3630=FACE_OUTER_BOUND('',#3620,.T.);
#3640=ADVANCED_FACE('',(#3630),#3290,.T.);
#3650=CARTESIAN_POINT('',(18.,-16.,0.));
#3660=DIRECTION('',(0.,0.,1.));
#3670=VECTOR('',#3660,1.);
#3680=LINE('',#3650,#3670);
#3690=CARTESIAN_POINT('',(18.0000190382759,-15.9999999996376,
3.49999995847516));
#3700=VERTEX_POINT('',#3690);
#3710=CARTESIAN_POINT('',(18.,-16.,15.5));
#3720=VERTEX_POINT('',#3710);
#3730=EDGE_CURVE('',#3700,#3720,#3680,.T.);
#3740=ORIENTED_EDGE('',*,*,#3730,.T.);
#3750=CARTESIAN_POINT('',(0.,-16.,3.5));
#3760=DIRECTION('',(-1.,0.,0.));
#3770=VECTOR('',#3760,1.);
#3780=LINE('',#3750,#3770);
#3790=CARTESIAN_POINT('',(17.,-16.,3.5));
#3800=VERTEX_POINT('',#3790);
#3810=EDGE_CURVE('',#3700,#3800,#3780,.T.);
#3820=ORIENTED_EDGE('',*,*,#3810,.F.);
#3830=CARTESIAN_POINT('',(17.,-16.,0.));
#3840=DIRECTION('',(0.,0.,-1.));
#3850=VECTOR('',#3840,1.);
#3860=LINE('',#3830,#3850);
#3870=CARTESIAN_POINT('',(17.,-16.,15.5));
#3880=VERTEX_POINT('',#3870);
#3890=EDGE_CURVE('',#3880,#3800,#3860,.T.);
#3900=ORIENTED_EDGE('',*,*,#3890,.T.);
#3910=CARTESIAN_POINT('',(0.,-16.,15.5));
#3920=DIRECTION('',(-1.,0.,0.));
#3930=VECTOR('',#3920,1.);
#3940=LINE('',#3910,#3930);
#3950=EDGE_CURVE('',#3720,#3880,#3940,.T.);
#3960=ORIENTED_EDGE('',*,*,#3950,.T.);
#3970=EDGE_LOOP('',(#3960,#3900,#3820,#3740));
#3980=FACE_OUTER_BOUND('',#3970,.T.);
#3990=ADVANCED_FACE('',(#3980),#470,.F.);
#4000=CARTESIAN_POINT('',(-0.3741886260858,12.3000000692974,16.));
#4010=DIRECTION('',(-1.,0.,0.));
#4020=DIRECTION('',(0.,1.,0.));
#4030=AXIS2_PLACEMENT_3D('',#4000,#4010,#4020);
#4040=PLANE('',#4030);
#4050=CARTESIAN_POINT('',(-0.3741886260858,9.3000000628734,16.));
#4060=DIRECTION('',(0.,0.,-1.));
#4070=VECTOR('',#4060,1.);
#4080=LINE('',#4050,#4070);
#4090=CARTESIAN_POINT('',(-0.3741886260858,9.3000000628734,16.));
#4100=VERTEX_POINT('',#4090);
#4110=CARTESIAN_POINT('',(-0.3741886260858,9.3000000628734,15.8));
#4120=VERTEX_POINT('',#4110);
#4130=EDGE_CURVE('',#4100,#4120,#4080,.T.);
#4140=ORIENTED_EDGE('',*,*,#4130,.F.);
#4150=CARTESIAN_POINT('',(-0.3741886260858,0.401973999999999,15.8));
#4160=DIRECTION('',(0.,1.,0.));
#4170=VECTOR('',#4160,1.);
#4180=LINE('',#4150,#4170);
#4190=CARTESIAN_POINT('',(-0.3741886260858,12.3000000692974,15.8));
#4200=VERTEX_POINT('',#4190);
#4210=EDGE_CURVE('',#4120,#4200,#4180,.T.);
#4220=ORIENTED_EDGE('',*,*,#4210,.F.);
#4230=CARTESIAN_POINT('',(-0.3741886260858,12.3000000692974,16.));
#4240=DIRECTION('',(0.,0.,-1.));
#4250=VECTOR('',#4240,1.);
#4260=LINE('',#4230,#4250);
#4270=CARTESIAN_POINT('',(-0.3741886260858,12.3000000692974,16.));
#4280=VERTEX_POINT('',#4270);
#4290=EDGE_CURVE('',#4280,#4200,#4260,.T.);
#4300=ORIENTED_EDGE('',*,*,#4290,.T.);
#4310=CARTESIAN_POINT('',(-0.3741886260858,0.,16.));
#4320=DIRECTION('',(0.,-1.,0.));
#4330=VECTOR('',#4320,1.);
#4340=LINE('',#4310,#4330);
#4350=EDGE_CURVE('',#4280,#4100,#4340,.T.);
#4360=ORIENTED_EDGE('',*,*,#4350,.F.);
#4370=EDGE_LOOP('',(#4360,#4300,#4220,#4140));
#4380=FACE_OUTER_BOUND('',#4370,.T.);
#4390=ADVANCED_FACE('',(#4380),#4040,.T.);
#4400=CARTESIAN_POINT('',(1.40165656858926E-15,-2.2,2.3));
#4410=DIRECTION('',(0.,0.,-1.));
#4420=DIRECTION('',(1.,0.,0.));
#4430=AXIS2_PLACEMENT_3D('',#4400,#4410,#4420);
#4440=PLANE('',#4430);
#4450=CARTESIAN_POINT('',(0.,-1.81134492812799,2.3));
#4460=DIRECTION('',(1.,0.,0.));
#4470=VECTOR('',#4460,1.);
#4480=LINE('',#4450,#4470);
#4490=CARTESIAN_POINT('',(-1.20260663682151,-1.81134492812799,2.3));
#4500=VERTEX_POINT('',#4490);
#4510=CARTESIAN_POINT('',(1.20260663682151,-1.81134492812799,2.3));
#4520=VERTEX_POINT('',#4510);
#4530=EDGE_CURVE('',#4500,#4520,#4480,.T.);
#4540=ORIENTED_EDGE('',*,*,#4530,.T.);
#4550=CARTESIAN_POINT('',(-1.20260663682151,0.,2.3));
#4560=DIRECTION('',(-1.13869028166683E-16,-1.,0.));
#4570=VECTOR('',#4560,1.);
#4580=LINE('',#4550,#4570);
#4590=CARTESIAN_POINT('',(-1.20260663682151,-2.61134492812799,2.3));
#4600=VERTEX_POINT('',#4590);
#4610=EDGE_CURVE('',#4500,#4600,#4580,.T.);
#4620=ORIENTED_EDGE('',*,*,#4610,.F.);
#4630=CARTESIAN_POINT('',(0.,-2.61134492812799,2.3));
#4640=DIRECTION('',(1.,0.,0.));
#4650=VECTOR('',#4640,1.);
#4660=LINE('',#4630,#4650);
#4670=CARTESIAN_POINT('',(1.20260663682151,-2.61134492812799,2.3));
#4680=VERTEX_POINT('',#4670);
#4690=EDGE_CURVE('',#4600,#4680,#4660,.T.);
#4700=ORIENTED_EDGE('',*,*,#4690,.F.);
#4710=CARTESIAN_POINT('',(1.20260663682151,0.,2.3));
#4720=DIRECTION('',(1.81260901979617E-16,1.,0.));
#4730=VECTOR('',#4720,1.);
#4740=LINE('',#4710,#4730);
#4750=EDGE_CURVE('',#4680,#4520,#4740,.T.);
#4760=ORIENTED_EDGE('',*,*,#4750,.F.);
#4770=EDGE_LOOP('',(#4760,#4700,#4620,#4540));
#4780=FACE_OUTER_BOUND('',#4770,.T.);
#4790=ADVANCED_FACE('',(#4780),#4440,.T.);
#4800=CARTESIAN_POINT('',(1.5,0.,2.3));
#4810=DIRECTION('',(-0.999961923064171,1.81254000119884E-16,
-0.00872653549837393));
#4820=DIRECTION('',(1.81260901979617E-16,1.,0.));
#4830=AXIS2_PLACEMENT_3D('',#4800,#4810,#4820);
#4840=PLANE('',#4830);
#4850=CARTESIAN_POINT('',(1.52007179591875,-1.79127313220924,0.));
#4860=DIRECTION('',(-0.00872620324394422,-0.00872620324394422,
0.99992385047757));
#4870=VECTOR('',#4860,1.);
#4880=LINE('',#4850,#4870);
#4890=CARTESIAN_POINT('',(1.51134492812799,-1.8,1.));
#4900=VERTEX_POINT('',#4890);
#4910=CARTESIAN_POINT('',(1.50259521374076,-1.80874971438723,
2.00261796064951));
#4920=VERTEX_POINT('',#4910);
#4930=EDGE_CURVE('',#4900,#4920,#4880,.T.);
#4940=ORIENTED_EDGE('',*,*,#4930,.F.);
#4950=CARTESIAN_POINT('',(1.50259521374076,-5.43762000359653E-17,
2.00261796064951));
#4960=DIRECTION('',(1.81260901979617E-16,1.,0.));
#4970=VECTOR('',#4960,1.);
#4980=LINE('',#4950,#4970);
#4990=CARTESIAN_POINT('',(1.50259521374076,-2.60874971438723,
2.00261796064951));
#5000=VERTEX_POINT('',#4990);
#5010=EDGE_CURVE('',#5000,#4920,#4980,.T.);
#5020=ORIENTED_EDGE('',*,*,#5010,.T.);
#5030=CARTESIAN_POINT('',(1.52007179591874,-2.59127313220924,0.));
#5040=DIRECTION('',(0.00872620324394422,0.00872620324394422,
-0.99992385047757));
#5050=VECTOR('',#5040,1.);
#5060=LINE('',#5030,#5050);
#5070=CARTESIAN_POINT('',(1.51134492812799,-2.6,1.));
#5080=VERTEX_POINT('',#5070);
#5090=EDGE_CURVE('',#5000,#5080,#5060,.T.);
#5100=ORIENTED_EDGE('',*,*,#5090,.F.);
#5110=CARTESIAN_POINT('',(1.51134492812799,0.,1.));
#5120=DIRECTION('',(1.81260901979617E-16,1.,0.));
#5130=VECTOR('',#5120,1.);
#5140=LINE('',#5110,#5130);
#5150=EDGE_CURVE('',#5080,#4900,#5140,.T.);
#5160=ORIENTED_EDGE('',*,*,#5150,.F.);
#5170=EDGE_LOOP('',(#5160,#5100,#5020,#4940));
#5180=FACE_OUTER_BOUND('',#5170,.T.);
#5190=ADVANCED_FACE('',(#5180),#4840,.T.);
#5200=CARTESIAN_POINT('',(0.,-1.8,1.));
#5210=DIRECTION('',(-0.,0.999961923064171,0.00872653549837393));
#5220=DIRECTION('',(1.,0.,0.));
#5230=AXIS2_PLACEMENT_3D('',#5200,#5210,#5220);
#5240=PLANE('',#5230);
#5250=CARTESIAN_POINT('',(-6.24125409301637,-1.79123505454846,
-0.00436326774918697));
#5260=DIRECTION('',(0.00872620324394422,0.00872620324394422,
-0.99992385047757));
#5270=VECTOR('',#5260,1.);
#5280=LINE('',#5250,#5270);
#5290=CARTESIAN_POINT('',(-6.37659669908955,-1.92657766062164,
15.5043632671599));
#5300=VERTEX_POINT('',#5290);
#5310=CARTESIAN_POINT('',(-6.25001903846791,-1.8,1.));
#5320=VERTEX_POINT('',#5310);
#5330=EDGE_CURVE('',#5300,#5320,#5280,.T.);
#5340=ORIENTED_EDGE('',*,*,#5330,.F.);
#5350=CARTESIAN_POINT('',(0.,-1.8,1.));
#5360=DIRECTION('',(1.,0.,0.));
#5370=VECTOR('',#5360,1.);
#5380=LINE('',#5350,#5370);
#5390=CARTESIAN_POINT('',(-1.51134492812799,-1.8,1.));
#5400=VERTEX_POINT('',#5390);
#5410=EDGE_CURVE('',#5320,#5400,#5380,.T.);
#5420=ORIENTED_EDGE('',*,*,#5410,.F.);
#5430=CARTESIAN_POINT('',(-1.52007179591874,-1.79127313220924,0.));
#5440=DIRECTION('',(-0.00872620324394422,0.00872620324394422,
-0.99992385047757));
#5450=VECTOR('',#5440,1.);
#5460=LINE('',#5430,#5450);
#5470=CARTESIAN_POINT('',(-1.50259521374076,-1.80874971438723,
2.00261796064951));
#5480=VERTEX_POINT('',#5470);
#5490=EDGE_CURVE('',#5480,#5400,#5460,.T.);
#5500=ORIENTED_EDGE('',*,*,#5490,.T.);
#5510=CARTESIAN_POINT('',(-1.20260663682151,-1.80872686779076,2.));
#5520=DIRECTION('',(0.,0.999961923064171,0.00872653549837393));
#5530=DIRECTION('',(1.3048595079685E-14,0.00872653549837393,
-0.999961923064171));
#5540=AXIS2_PLACEMENT_3D('',#5510,#5520,#5530);
#5550=ELLIPSE('',#5540,0.300011423515721,0.3);
#5560=EDGE_CURVE('',#5480,#4500,#5550,.T.);
#5570=ORIENTED_EDGE('',*,*,#5560,.F.);
#5580=ORIENTED_EDGE('',*,*,#4530,.F.);
#5590=CARTESIAN_POINT('',(1.20260663682151,-1.80872686779076,2.));
#5600=DIRECTION('',(0.,0.999961923064171,0.00872653549837393));
#5610=DIRECTION('',(2.07712329839883E-14,0.00872653549837393,
-0.999961923064171));
#5620=AXIS2_PLACEMENT_3D('',#5590,#5600,#5610);
#5630=ELLIPSE('',#5620,0.300011423515721,0.3);
#5640=EDGE_CURVE('',#4520,#4920,#5630,.T.);
#5650=ORIENTED_EDGE('',*,*,#5640,.F.);
#5660=ORIENTED_EDGE('',*,*,#4930,.T.);
#5670=CARTESIAN_POINT('',(6.25001903846791,-1.8,1.));
#5680=VERTEX_POINT('',#5670);
#5690=EDGE_CURVE('',#4900,#5680,#5380,.T.);
#5700=ORIENTED_EDGE('',*,*,#5690,.F.);
#5710=CARTESIAN_POINT('',(6.24125409301637,-1.79123505454846,
-0.00436326774918697));
#5720=DIRECTION('',(0.00872620324394422,-0.00872620324394422,
0.99992385047757));
#5730=VECTOR('',#5720,1.);
#5740=LINE('',#5710,#5730);
#5750=CARTESIAN_POINT('',(6.37659669909945,-1.92657766062679,
15.5043632677492));
#5760=VERTEX_POINT('',#5750);
#5770=EDGE_CURVE('',#5680,#5760,#5740,.T.);
#5780=ORIENTED_EDGE('',*,*,#5770,.F.);
#5790=CARTESIAN_POINT('',(6.87659669909943,-1.92657766062679,
15.5043632677492));
#5800=CARTESIAN_POINT('',(4.58439779939963,-1.92657766062679,
15.5043632677492));
#5810=CARTESIAN_POINT('',(2.29219889969982,-1.92657766062679,
15.5043632677492));
#5820=CARTESIAN_POINT('',(-2.10206507906958,-1.92657766062679,
15.5043632677492));
#5830=CARTESIAN_POINT('',(-4.20413015813918,-1.92657766062679,
15.5043632677492));
#5840=CARTESIAN_POINT('',(-6.32966254777039,-1.92657766062679,
15.5043632677492));
#5850=CARTESIAN_POINT('',(-6.35312954512929,-1.92657766062164,
15.5043632671599));
#5860=CARTESIAN_POINT('',(-6.37659669908955,-1.92657766062164,
15.5043632671599));
#5870=B_SPLINE_CURVE_WITH_KNOTS('',3,(#5790,#5800,#5810,#5820,#5830,
#5840,#5850,#5860),.UNSPECIFIED.,.F.,.F.,(4,2,2,4),(-6.87659669909942,
-1.77635683940025E-15,6.30619523720878,6.37659716889365),.UNSPECIFIED.);
#5880=EDGE_CURVE('',#5760,#5300,#5870,.T.);
#5890=ORIENTED_EDGE('',*,*,#5880,.F.);
#5900=EDGE_LOOP('',(#5890,#5780,#5700,#5660,#5650,#5580,#5570,#5500,
#5420,#5340));
#5910=FACE_OUTER_BOUND('',#5900,.T.);
#5920=ADVANCED_FACE('',(#5910),#5240,.T.);
#5930=COLOUR_RGB('',0.,0.239215701818466,0.501960813999176);
#5940=FILL_AREA_STYLE_COLOUR('',#5930);
#5950=FILL_AREA_STYLE('',(#5940));
#5960=SURFACE_STYLE_FILL_AREA(#5950);
#5970=SURFACE_SIDE_STYLE('',(#5960));
#5980=SURFACE_STYLE_USAGE(.BOTH.,#5970);
#5990=PRESENTATION_STYLE_ASSIGNMENT((#5980));
#6000=CARTESIAN_POINT('',(18.,0.,15.5));
#6010=DIRECTION('',(0.,1.,0.));
#6020=DIRECTION('',(1.,0.,0.));
#6030=AXIS2_PLACEMENT_3D('',#6000,#6010,#6020);
#6040=CYLINDRICAL_SURFACE('',#6030,0.5);
#6050=CARTESIAN_POINT('',(18.,-15.5,15.5));
#6060=DIRECTION('',(0.,1.,0.));
#6070=DIRECTION('',(1.,0.,0.));
#6080=AXIS2_PLACEMENT_3D('',#6050,#6060,#6070);
#6090=CIRCLE('',#6080,0.5);
#6100=CARTESIAN_POINT('',(18.,-15.5,16.));
#6110=VERTEX_POINT('',#6100);
#6120=CARTESIAN_POINT('',(18.5,-15.5,15.5));
#6130=VERTEX_POINT('',#6120);
#6140=EDGE_CURVE('',#6110,#6130,#6090,.T.);
#6150=ORIENTED_EDGE('',*,*,#6140,.T.);
#6160=CARTESIAN_POINT('',(18.,0.,16.));
#6170=DIRECTION('',(0.,-1.,0.));
#6180=VECTOR('',#6170,1.);
#6190=LINE('',#6160,#6180);
#6200=CARTESIAN_POINT('',(18.,-10.8888983512628,16.));
#6210=VERTEX_POINT('',#6200);
#6220=EDGE_CURVE('',#6210,#6110,#6190,.T.);
#6230=ORIENTED_EDGE('',*,*,#6220,.T.);
#6240=CARTESIAN_POINT('',(18.,-10.8888983512628,16.));
#6250=CARTESIAN_POINT('',(18.1308996938996,-10.8888983512628,16.));
#6260=CARTESIAN_POINT('',(18.2617873809112,-10.8888983512631,
15.9588866847169));
#6270=CARTESIAN_POINT('',(18.3765953656491,-10.8888983512621,
15.8765953656495));
#6280=CARTESIAN_POINT('',(18.4588866847173,-10.8888983512633,
15.7617873809111));
#6290=CARTESIAN_POINT('',(18.5,-10.8888983512628,15.6308996938996));
#6300=CARTESIAN_POINT('',(18.5,-10.8888983512628,15.5));
#6310=B_SPLINE_CURVE_WITH_KNOTS('',6,(#6240,#6250,#6260,#6270,#6280,
#6290,#6300),.UNSPECIFIED.,.F.,.F.,(7,7),(0.,1.),.UNSPECIFIED.);
#6320=CARTESIAN_POINT('',(18.5,-10.8888983512628,15.5));
#6330=VERTEX_POINT('',#6320);
#6340=EDGE_CURVE('',#6210,#6330,#6310,.T.);
#6350=ORIENTED_EDGE('',*,*,#6340,.F.);
#6360=CARTESIAN_POINT('',(18.5,0.,15.5));
#6370=DIRECTION('',(0.,-1.,0.));
#6380=VECTOR('',#6370,1.);
#6390=LINE('',#6360,#6380);
#6400=EDGE_CURVE('',#6330,#6130,#6390,.T.);
#6410=ORIENTED_EDGE('',*,*,#6400,.F.);
#6420=EDGE_LOOP('',(#6410,#6350,#6230,#6150));
#6430=FACE_OUTER_BOUND('',#6420,.T.);
#6440=ADVANCED_FACE('',(#6430),#6040,.T.);
#6450=CARTESIAN_POINT('',(17.7017453735733,0.,3.3));
#6460=DIRECTION('',(-0.00872653549837393,0.,-0.999961923064171));
#6470=DIRECTION('',(-0.999961923064171,0.,0.00872653549837393));
#6480=AXIS2_PLACEMENT_3D('',#6450,#6460,#6470);
#6490=PLANE('',#6480);
#6500=CARTESIAN_POINT('',(0.,8.95448079154085,3.45448079154085));
#6510=DIRECTION('',(-0.99992385047757,0.00872620324394422,
0.00872620324394422));
#6520=VECTOR('',#6510,1.);
#6530=LINE('',#6500,#6520);
#6540=CARTESIAN_POINT('',(18.5,8.79303373741181,3.29303373741181));
#6550=VERTEX_POINT('',#6540);
#6560=CARTESIAN_POINT('',(17.7017453735582,8.80000000000013,
3.30000000000013));
#6570=VERTEX_POINT('',#6560);
#6580=EDGE_CURVE('',#6550,#6570,#6530,.T.);
#6590=ORIENTED_EDGE('',*,*,#6580,.F.);
#6600=CARTESIAN_POINT('',(17.7017453735582,0.,3.30000000000013));
#6610=DIRECTION('',(0.,1.,0.));
#6620=VECTOR('',#6610,1.);
#6630=LINE('',#6600,#6620);
#6640=CARTESIAN_POINT('',(17.7017453735582,12.1999999999999,
3.30000000000013));
#6650=VERTEX_POINT('',#6640);
#6660=EDGE_CURVE('',#6570,#6650,#6630,.T.);
#6670=ORIENTED_EDGE('',*,*,#6660,.F.);
#6680=CARTESIAN_POINT('',(0.,12.0455192084592,3.45448079154085));
#6690=DIRECTION('',(0.99992385047757,0.00872620324394422,
-0.00872620324394422));
#6700=VECTOR('',#6690,1.);
#6710=LINE('',#6680,#6700);
#6720=CARTESIAN_POINT('',(18.5,12.2069662625882,3.29303373741181));
#6730=VERTEX_POINT('',#6720);
#6740=EDGE_CURVE('',#6650,#6730,#6710,.T.);
#6750=ORIENTED_EDGE('',*,*,#6740,.F.);
#6760=CARTESIAN_POINT('',(18.5,0.,3.29303373741181));
#6770=DIRECTION('',(0.,1.,0.));
#6780=VECTOR('',#6770,1.);
#6790=LINE('',#6760,#6780);
#6800=EDGE_CURVE('',#6550,#6730,#6790,.T.);
#6810=ORIENTED_EDGE('',*,*,#6800,.T.);
#6820=EDGE_LOOP('',(#6810,#6750,#6670,#6590));
#6830=FACE_OUTER_BOUND('',#6820,.T.);
#6840=ADVANCED_FACE('',(#6830),#6490,.F.);
#6850=CARTESIAN_POINT('',(8.52486096467959,2.07216982404081,16.));
#6860=DIRECTION('',(0.866025403784439,-0.5,0.));
#6870=DIRECTION('',(-0.5,-0.866025403784439,0.));
#6880=AXIS2_PLACEMENT_3D('',#6850,#6860,#6870);
#6890=PLANE('',#6880);
#6900=CARTESIAN_POINT('',(11.1686533321762,6.65135252920778,16.));
#6910=DIRECTION('',(0.,0.,-1.));
#6920=VECTOR('',#6910,1.);
#6930=LINE('',#6900,#6920);
#6940=CARTESIAN_POINT('',(11.1686533321762,6.65135252920779,16.));
#6950=VERTEX_POINT('',#6940);
#6960=CARTESIAN_POINT('',(11.1686533321762,6.65135252920778,15.5));
#6970=VERTEX_POINT('',#6960);
#6980=EDGE_CURVE('',#6950,#6970,#6930,.T.);
#6990=ORIENTED_EDGE('',*,*,#6980,.F.);
#7000=CARTESIAN_POINT('',(-0.978560398820912,-14.3882388232775,15.5));
#7010=DIRECTION('',(0.5,0.866025403784439,0.));
#7020=VECTOR('',#7010,1.66666666665794);
#7030=LINE('',#7000,#7020);
#7040=CARTESIAN_POINT('',(8.52486096467959,2.07216982404082,15.5));
#7050=VERTEX_POINT('',#7040);
#7060=EDGE_CURVE('',#7050,#6970,#7030,.T.);
#7070=ORIENTED_EDGE('',*,*,#7060,.T.);
#7080=CARTESIAN_POINT('',(8.52486096467959,2.07216982404081,16.));
#7090=DIRECTION('',(0.,0.,-1.));
#7100=VECTOR('',#7090,1.);
#7110=LINE('',#7080,#7100);
#7120=CARTESIAN_POINT('',(8.52486096467959,2.07216982404082,16.));
#7130=VERTEX_POINT('',#7120);
#7140=EDGE_CURVE('',#7130,#7050,#7110,.T.);
#7150=ORIENTED_EDGE('',*,*,#7140,.T.);
#7160=CARTESIAN_POINT('',(7.32849315896301,0.,16.));
#7170=DIRECTION('',(0.5,0.866025403784439,0.));
#7180=VECTOR('',#7170,1.);
#7190=LINE('',#7160,#7180);
#7200=EDGE_CURVE('',#7130,#6950,#7190,.T.);
#7210=ORIENTED_EDGE('',*,*,#7200,.F.);
#7220=EDGE_LOOP('',(#7210,#7150,#7070,#6990));
#7230=FACE_OUTER_BOUND('',#7220,.T.);
#7240=ADVANCED_FACE('',(#7230),#6890,.T.);
#7250=CARTESIAN_POINT('',(-18.5026180603372,0.,3.5));
#7260=DIRECTION('',(1.,0.,0.));
#7270=DIRECTION('',(0.,-1.,0.));
#7280=AXIS2_PLACEMENT_3D('',#7250,#7260,#7270);
#7290=PLANE('',#7280);
#7300=CARTESIAN_POINT('',(-18.5026180603372,0.,3.29301088994525));
#7310=DIRECTION('',(0.,-1.,0.));
#7320=VECTOR('',#7310,1.);
#7330=LINE('',#7300,#7320);
#7340=CARTESIAN_POINT('',(-18.5026180603372,-8.79301088994525,
3.29301088994525));
#7350=VERTEX_POINT('',#7340);
#7360=CARTESIAN_POINT('',(-18.5026180603372,-12.2069891100547,
3.29301088994525));
#7370=VERTEX_POINT('',#7360);
#7380=EDGE_CURVE('',#7350,#7370,#7330,.T.);
#7390=ORIENTED_EDGE('',*,*,#7380,.F.);
#7400=CARTESIAN_POINT('',(-18.5026180603372,-12.2069891100547,0.));
#7410=DIRECTION('',(0.,4.44089209850063E-15,-1.));
#7420=VECTOR('',#7410,1.);
#7430=LINE('',#7400,#7420);
#7440=CARTESIAN_POINT('',(-18.5026180603372,-12.2069891100548,
4.70709573156476));
#7450=VERTEX_POINT('',#7440);
#7460=EDGE_CURVE('',#7450,#7370,#7430,.T.);
#7470=ORIENTED_EDGE('',*,*,#7460,.T.);
#7480=CARTESIAN_POINT('',(-18.5026180603372,0.,4.70709573156476));
#7490=DIRECTION('',(0.,1.,0.));
#7500=VECTOR('',#7490,1.);
#7510=LINE('',#7480,#7500);
#7520=CARTESIAN_POINT('',(-18.5026180603372,-8.79301088994525,
4.70709573156476));
#7530=VERTEX_POINT('',#7520);
#7540=EDGE_CURVE('',#7450,#7530,#7510,.T.);
#7550=ORIENTED_EDGE('',*,*,#7540,.F.);
#7560=CARTESIAN_POINT('',(-18.5026180603372,-8.79301088994525,0.));
#7570=DIRECTION('',(0.,0.,1.));
#7580=VECTOR('',#7570,1.);
#7590=LINE('',#7560,#7580);
#7600=EDGE_CURVE('',#7350,#7530,#7590,.T.);
#7610=ORIENTED_EDGE('',*,*,#7600,.T.);
#7620=EDGE_LOOP('',(#7610,#7550,#7470,#7390));
#7630=FACE_BOUND('',#7620,.T.);
#7640=CARTESIAN_POINT('',(-18.5026180603372,12.2069891100548,
3.29301088994525));
#7650=VERTEX_POINT('',#7640);
#7660=CARTESIAN_POINT('',(-18.5026180603372,8.79301088994525,
3.29301088994525));
#7670=VERTEX_POINT('',#7660);
#7680=EDGE_CURVE('',#7650,#7670,#7330,.T.);
#7690=ORIENTED_EDGE('',*,*,#7680,.F.);
#7700=CARTESIAN_POINT('',(-18.5026180603372,8.79301088994525,0.));
#7710=DIRECTION('',(0.,0.,1.));
#7720=VECTOR('',#7710,1.);
#7730=LINE('',#7700,#7720);
#7740=CARTESIAN_POINT('',(-18.5026180603372,8.79301088994525,
4.70709573156476));
#7750=VERTEX_POINT('',#7740);
#7760=EDGE_CURVE('',#7670,#7750,#7730,.T.);
#7770=ORIENTED_EDGE('',*,*,#7760,.F.);
#7780=CARTESIAN_POINT('',(-18.5026180603372,0.,4.70709573156476));
#7790=DIRECTION('',(0.,1.,0.));
#7800=VECTOR('',#7790,1.);
#7810=LINE('',#7780,#7800);
#7820=CARTESIAN_POINT('',(-18.5026180603372,12.2069891100548,
4.70709573156476));
#7830=VERTEX_POINT('',#7820);
#7840=EDGE_CURVE('',#7750,#7830,#7810,.T.);
#7850=ORIENTED_EDGE('',*,*,#7840,.F.);
#7860=CARTESIAN_POINT('',(-18.5026180603372,12.2069891100548,0.));
#7870=DIRECTION('',(0.,0.,1.));
#7880=VECTOR('',#7870,1.);
#7890=LINE('',#7860,#7880);
#7900=EDGE_CURVE('',#7650,#7830,#7890,.T.);
#7910=ORIENTED_EDGE('',*,*,#7900,.T.);
#7920=EDGE_LOOP('',(#7910,#7850,#7770,#7690));
#7930=FACE_BOUND('',#7920,.T.);
#7940=CARTESIAN_POINT('',(-18.5026180603372,-10.5246982526107,
15.4463287004143));
#7950=CARTESIAN_POINT('',(-18.5026180603372,-9.27754332643745,
15.0713480885233));
#7960=CARTESIAN_POINT('',(-18.5026180603372,-8.01801457325739,
14.7360892483455));
#7970=CARTESIAN_POINT('',(-18.5026180603372,-4.52911338167792,
13.9790351451995));
#7980=CARTESIAN_POINT('',(-18.5026180603372,-2.26877672597317,
13.6896960523922));
#7990=CARTESIAN_POINT('',(-18.5026180603372,2.2682365136457,
13.6896519011266));
#8000=CARTESIAN_POINT('',(-18.5026180603372,4.52859489440494,
13.9789525891131));
#8010=CARTESIAN_POINT('',(-18.5026180603372,8.01767750253874,
14.7359988533713));
#8020=CARTESIAN_POINT('',(-18.5026180603372,9.27737773850896,
15.0712979633982));
#8030=CARTESIAN_POINT('',(-18.5026180603372,10.5246986141855,
15.4463287481784));
#8040=B_SPLINE_CURVE_WITH_KNOTS('',3,(#7940,#7950,#7960,#7970,#7980,
#7990,#8000,#8010,#8020,#8030),.UNSPECIFIED.,.F.,.F.,(4,2,2,2,4),(
22.4396631465404,26.3331197974748,33.0902127593362,39.8473195462878,
43.7413353128009),.UNSPECIFIED.);
#8050=CARTESIAN_POINT('',(-18.5026180603372,-10.5246982525146,
15.4463287003854));
#8060=VERTEX_POINT('',#8050);
#8070=CARTESIAN_POINT('',(-18.5026180603372,10.5246986140894,
15.4463287481495));
#8080=VERTEX_POINT('',#8070);
#8090=EDGE_CURVE('',#8060,#8080,#8040,.T.);
#8100=ORIENTED_EDGE('',*,*,#8090,.T.);
#8110=CARTESIAN_POINT('',(-18.5026180603372,-10.5246982525146,
15.4463287003854));
#8120=CARTESIAN_POINT('',(-18.5026180603372,-10.5841981183273,
15.4642184553962));
#8130=CARTESIAN_POINT('',(-18.5026180603385,-10.6447587070401,
15.4785306663216));
#8140=CARTESIAN_POINT('',(-18.5026180603349,-10.7061127836619,
15.4892651297017));
#8150=CARTESIAN_POINT('',(-18.5026180603386,-10.7679931132046,
15.4964216420819));
#8160=CARTESIAN_POINT('',(-18.5026180603372,-10.8301324606755,15.5));
#8170=CARTESIAN_POINT('',(-18.5026180603372,-10.8922635910859,15.5));
#8180=B_SPLINE_CURVE_WITH_KNOTS('',6,(#8110,#8120,#8130,#8140,#8150,
#8160,#8170),.UNSPECIFIED.,.F.,.F.,(7,7),(0.,1.),.UNSPECIFIED.);
#8190=CARTESIAN_POINT('',(-18.5026180603372,-10.8922635910859,15.5));
#8200=VERTEX_POINT('',#8190);
#8210=EDGE_CURVE('',#8060,#8200,#8180,.T.);
#8220=ORIENTED_EDGE('',*,*,#8210,.F.);
#8230=CARTESIAN_POINT('',(-18.5026180603372,0.,15.5));
#8240=DIRECTION('',(0.,1.,0.));
#8250=VECTOR('',#8240,1.);
#8260=LINE('',#8230,#8250);
#8270=CARTESIAN_POINT('',(-18.5026180603372,-15.5,15.5));
#8280=VERTEX_POINT('',#8270);
#8290=EDGE_CURVE('',#8280,#8200,#8260,.T.);
#8300=ORIENTED_EDGE('',*,*,#8290,.T.);
#8310=CARTESIAN_POINT('',(-18.5026180603372,-15.5,0.));
#8320=DIRECTION('',(0.,0.,-1.));
#8330=VECTOR('',#8320,1.);
#8340=LINE('',#8310,#8330);
#8350=CARTESIAN_POINT('',(-18.5,-15.5,3.5));
#8360=VERTEX_POINT('',#8350);
#8370=EDGE_CURVE('',#8280,#8360,#8340,.T.);
#8380=ORIENTED_EDGE('',*,*,#8370,.F.);
#8390=CARTESIAN_POINT('',(-18.5,0.,3.5));
#8400=DIRECTION('',(0.,-1.,0.));
#8410=VECTOR('',#8400,1.);
#8420=LINE('',#8390,#8410);
#8430=CARTESIAN_POINT('',(-18.5,-14.4836634939895,3.5));
#8440=VERTEX_POINT('',#8430);
#8450=EDGE_CURVE('',#8440,#8360,#8420,.T.);
#8460=ORIENTED_EDGE('',*,*,#8450,.T.);
#8470=CARTESIAN_POINT('',(-18.5,0.,3.5));
#8480=DIRECTION('',(0.,-1.,0.));
#8490=VECTOR('',#8480,1.);
#8500=LINE('',#8470,#8490);
#8510=CARTESIAN_POINT('',(-18.5026180603372,-14.3069307951916,3.5));
#8520=VERTEX_POINT('',#8510);
#8530=EDGE_CURVE('',#8520,#8440,#8500,.T.);
#8540=ORIENTED_EDGE('',*,*,#8530,.T.);
#8550=CARTESIAN_POINT('',(-18.5026180603372,-14.3069307951916,3.1));
#8560=DIRECTION('',(1.,0.,0.));
#8570=DIRECTION('',(0.,-1.,0.));
#8580=AXIS2_PLACEMENT_3D('',#8550,#8560,#8570);
#8590=CIRCLE('',#8580,0.4);
#8600=CARTESIAN_POINT('',(-18.5026180603372,-13.920560464676,
3.20352761804101));
#8610=VERTEX_POINT('',#8600);
#8620=EDGE_CURVE('',#8610,#8520,#8590,.T.);
#8630=ORIENTED_EDGE('',*,*,#8620,.T.);
#8640=CARTESIAN_POINT('',(-18.5026180603372,-13.0621778264911,0.));
#8650=DIRECTION('',(0.,0.25881904510252,-0.965925826289069));
#8660=VECTOR('',#8650,1.);
#8670=LINE('',#8640,#8660);
#8680=CARTESIAN_POINT('',(-18.5026180603372,-13.7619998726029,
2.61177143234622));
#8690=VERTEX_POINT('',#8680);
#8700=EDGE_CURVE('',#8610,#8690,#8670,.T.);
#8710=ORIENTED_EDGE('',*,*,#8700,.F.);
#8720=CARTESIAN_POINT('',(-18.5026180603372,-12.3131111331693,3.));
#8730=DIRECTION('',(-1.,0.,0.));
#8740=DIRECTION('',(0.,-1.,0.));
#8750=AXIS2_PLACEMENT_3D('',#8720,#8730,#8740);
#8760=CIRCLE('',#8750,1.5);
#8770=CARTESIAN_POINT('',(-18.5026180603372,-12.3131111331693,1.5));
#8780=VERTEX_POINT('',#8770);
#8790=EDGE_CURVE('',#8780,#8690,#8760,.T.);
#8800=ORIENTED_EDGE('',*,*,#8790,.T.);
#8810=CARTESIAN_POINT('',(-18.5026180603372,0.,1.5));
#8820=DIRECTION('',(0.,1.,-1.28197512425571E-16));
#8830=VECTOR('',#8820,1.);
#8840=LINE('',#8810,#8830);
#8850=CARTESIAN_POINT('',(-18.5026180603372,-8.68688886683069,1.5));
#8860=VERTEX_POINT('',#8850);
#8870=EDGE_CURVE('',#8780,#8860,#8840,.T.);
#8880=ORIENTED_EDGE('',*,*,#8870,.F.);
#8890=CARTESIAN_POINT('',(-18.5026180603372,-8.68688886683069,3.));
#8900=DIRECTION('',(-1.,0.,0.));
#8910=DIRECTION('',(0.,1.,0.));
#8920=AXIS2_PLACEMENT_3D('',#8890,#8900,#8910);
#8930=CIRCLE('',#8920,1.5);
#8940=CARTESIAN_POINT('',(-18.5026180603372,-7.23800012739709,
2.61177143234622));
#8950=VERTEX_POINT('',#8940);
#8960=EDGE_CURVE('',#8950,#8860,#8930,.T.);
#8970=ORIENTED_EDGE('',*,*,#8960,.T.);
#8980=CARTESIAN_POINT('',(-18.5026180603372,-7.93782217350893,0.));
#8990=DIRECTION('',(0.,0.258819045102521,0.965925826289068));
#9000=VECTOR('',#8990,1.);
#9010=LINE('',#8980,#9000);
#9020=CARTESIAN_POINT('',(-18.5026180603372,-7.07943953532405,
3.20352761804101));
#9030=VERTEX_POINT('',#9020);
#9040=EDGE_CURVE('',#8950,#9030,#9010,.T.);
#9050=ORIENTED_EDGE('',*,*,#9040,.F.);
#9060=CARTESIAN_POINT('',(-18.5026180603372,-6.69306920480842,3.1));
#9070=DIRECTION('',(-1.,0.,0.));
#9080=DIRECTION('',(0.,1.,0.));
#9090=AXIS2_PLACEMENT_3D('',#9060,#9070,#9080);
#9100=CIRCLE('',#9090,0.4);
#9110=CARTESIAN_POINT('',(-18.5026180603372,-6.69306920480842,3.5));
#9120=VERTEX_POINT('',#9110);
#9130=EDGE_CURVE('',#9030,#9120,#9100,.T.);
#9140=ORIENTED_EDGE('',*,*,#9130,.F.);
#9150=CARTESIAN_POINT('',(-18.5,0.,3.5));
#9160=DIRECTION('',(0.,-1.,0.));
#9170=VECTOR('',#9160,1.);
#9180=LINE('',#9150,#9170);
#9190=CARTESIAN_POINT('',(-18.5,-6.51633650601052,3.5));
#9200=VERTEX_POINT('',#9190);
#9210=EDGE_CURVE('',#9200,#9120,#9180,.T.);
#9220=ORIENTED_EDGE('',*,*,#9210,.T.);
#9230=CARTESIAN_POINT('',(-18.5,0.,3.5));
#9240=DIRECTION('',(0.,-1.,0.));
#9250=VECTOR('',#9240,1.);
#9260=LINE('',#9230,#9250);
#9270=CARTESIAN_POINT('',(-18.5,6.51633650601052,3.5));
#9280=VERTEX_POINT('',#9270);
#9290=EDGE_CURVE('',#9280,#9200,#9260,.T.);
#9300=ORIENTED_EDGE('',*,*,#9290,.T.);
#9310=CARTESIAN_POINT('',(-18.5026180603372,6.69306920480841,3.5));
#9320=VERTEX_POINT('',#9310);
#9330=EDGE_CURVE('',#9320,#9280,#9180,.T.);
#9340=ORIENTED_EDGE('',*,*,#9330,.T.);
#9350=CARTESIAN_POINT('',(-18.5026180603372,6.69306920480841,3.1));
#9360=DIRECTION('',(1.,0.,0.));
#9370=DIRECTION('',(0.,-1.,0.));
#9380=AXIS2_PLACEMENT_3D('',#9350,#9360,#9370);
#9390=CIRCLE('',#9380,0.4);
#9400=CARTESIAN_POINT('',(-18.5026180603372,7.07943953532404,
3.20352761804101));
#9410=VERTEX_POINT('',#9400);
#9420=EDGE_CURVE('',#9410,#9320,#9390,.T.);
#9430=ORIENTED_EDGE('',*,*,#9420,.T.);
#9440=CARTESIAN_POINT('',(-18.5026180603372,7.93782217350893,0.));
#9450=DIRECTION('',(0.,0.258819045102521,-0.965925826289068));
#9460=VECTOR('',#9450,1.);
#9470=LINE('',#9440,#9460);
#9480=CARTESIAN_POINT('',(-18.5026180603372,7.23800012739708,
2.61177143234622));
#9490=VERTEX_POINT('',#9480);
#9500=EDGE_CURVE('',#9410,#9490,#9470,.T.);
#9510=ORIENTED_EDGE('',*,*,#9500,.F.);
#9520=CARTESIAN_POINT('',(-18.5026180603372,8.68688886683068,3.));
#9530=DIRECTION('',(-1.,0.,0.));
#9540=DIRECTION('',(0.,1.,0.));
#9550=AXIS2_PLACEMENT_3D('',#9520,#9530,#9540);
#9560=CIRCLE('',#9550,1.5);
#9570=CARTESIAN_POINT('',(-18.5026180603372,8.68688886683068,1.5));
#9580=VERTEX_POINT('',#9570);
#9590=EDGE_CURVE('',#9580,#9490,#9560,.T.);
#9600=ORIENTED_EDGE('',*,*,#9590,.T.);
#9610=CARTESIAN_POINT('',(-18.5026180603372,0.,1.5));
#9620=DIRECTION('',(0.,1.,1.28197512425571E-16));
#9630=VECTOR('',#9620,1.);
#9640=LINE('',#9610,#9630);
#9650=CARTESIAN_POINT('',(-18.5026180603372,12.3131111331693,1.5));
#9660=VERTEX_POINT('',#9650);
#9670=EDGE_CURVE('',#9580,#9660,#9640,.T.);
#9680=ORIENTED_EDGE('',*,*,#9670,.F.);
#9690=CARTESIAN_POINT('',(-18.5026180603372,12.3131111331693,3.));
#9700=DIRECTION('',(-1.,0.,0.));
#9710=DIRECTION('',(0.,-1.,0.));
#9720=AXIS2_PLACEMENT_3D('',#9690,#9700,#9710);
#9730=CIRCLE('',#9720,1.5);
#9740=CARTESIAN_POINT('',(-18.5026180603372,13.7619998726029,
2.61177143234622));
#9750=VERTEX_POINT('',#9740);
#9760=EDGE_CURVE('',#9750,#9660,#9730,.T.);
#9770=ORIENTED_EDGE('',*,*,#9760,.T.);
#9780=CARTESIAN_POINT('',(-18.5026180603372,13.0621778264911,0.));
#9790=DIRECTION('',(0.,0.25881904510252,0.965925826289069));
#9800=VECTOR('',#9790,1.);
#9810=LINE('',#9780,#9800);
#9820=CARTESIAN_POINT('',(-18.5026180603372,13.920560464676,
3.20352761804101));
#9830=VERTEX_POINT('',#9820);
#9840=EDGE_CURVE('',#9750,#9830,#9810,.T.);
#9850=ORIENTED_EDGE('',*,*,#9840,.F.);
#9860=CARTESIAN_POINT('',(-18.5026180603372,14.3069307951916,3.1));
#9870=DIRECTION('',(-1.,0.,0.));
#9880=DIRECTION('',(0.,1.,0.));
#9890=AXIS2_PLACEMENT_3D('',#9860,#9870,#9880);
#9900=CIRCLE('',#9890,0.4);
#9910=CARTESIAN_POINT('',(-18.5026180603372,14.3069307951916,3.5));
#9920=VERTEX_POINT('',#9910);
#9930=EDGE_CURVE('',#9830,#9920,#9900,.T.);
#9940=ORIENTED_EDGE('',*,*,#9930,.F.);
#9950=CARTESIAN_POINT('',(-18.5,1.,3.5));
#9960=DIRECTION('',(0.,-1.,0.));
#9970=VECTOR('',#9960,1.);
#9980=LINE('',#9950,#9970);
#9990=CARTESIAN_POINT('',(-18.5,14.4836634939895,3.5));
#10000=VERTEX_POINT('',#9990);
#10010=EDGE_CURVE('',#10000,#9920,#9980,.T.);
#10020=ORIENTED_EDGE('',*,*,#10010,.T.);
#10030=CARTESIAN_POINT('',(-18.5,0.,3.5));
#10040=DIRECTION('',(0.,-1.,0.));
#10050=VECTOR('',#10040,1.);
#10060=LINE('',#10030,#10050);
#10070=CARTESIAN_POINT('',(-18.5,16.0000380769358,3.5));
#10080=VERTEX_POINT('',#10070);
#10090=EDGE_CURVE('',#10080,#10000,#10060,.T.);
#10100=ORIENTED_EDGE('',*,*,#10090,.T.);
#10110=CARTESIAN_POINT('',(-18.5026180603372,16.,0.));
#10120=DIRECTION('',(0.,0.,1.));
#10130=VECTOR('',#10120,1.);
#10140=LINE('',#10110,#10130);
#10150=CARTESIAN_POINT('',(-18.5026180603372,16.,15.5));
#10160=VERTEX_POINT('',#10150);
#10170=EDGE_CURVE('',#10080,#10160,#10140,.T.);
#10180=ORIENTED_EDGE('',*,*,#10170,.F.);
#10190=CARTESIAN_POINT('',(-18.5026180603372,0.,15.5));
#10200=DIRECTION('',(0.,1.,0.));
#10210=VECTOR('',#10200,1.);
#10220=LINE('',#10190,#10210);
#10230=CARTESIAN_POINT('',(-18.5026180603372,10.8922635910859,15.5));
#10240=VERTEX_POINT('',#10230);
#10250=EDGE_CURVE('',#10240,#10160,#10220,.T.);
#10260=ORIENTED_EDGE('',*,*,#10250,.T.);
#10270=CARTESIAN_POINT('',(-18.5026180603372,10.8922635910859,15.5));
#10280=CARTESIAN_POINT('',(-18.5026180603372,10.8301325213639,15.5));
#10290=CARTESIAN_POINT('',(-18.5026180603385,10.767993233641,
15.4964216494929));
#10300=CARTESIAN_POINT('',(-18.5026180603349,10.7061129634821,
15.4892651487648));
#10310=CARTESIAN_POINT('',(-18.5026180603386,10.644758946461,
15.4785306981078));
#10320=CARTESIAN_POINT('',(-18.5026180603372,10.5841984181397,
15.4642184978059));
#10330=CARTESIAN_POINT('',(-18.5026180603372,10.5246986140894,
15.4463287481495));
#10340=B_SPLINE_CURVE_WITH_KNOTS('',6,(#10270,#10280,#10290,#10300,
#10310,#10320,#10330),.UNSPECIFIED.,.F.,.F.,(7,7),(0.,1.),.UNSPECIFIED.)
;
#10350=EDGE_CURVE('',#10240,#8080,#10340,.T.);
#10360=ORIENTED_EDGE('',*,*,#10350,.F.);
#10370=EDGE_LOOP('',(#10360,#10260,#10180,#10100,#10020,#9940,#9850,
#9770,#9680,#9600,#9510,#9430,#9340,#9300,#9220,#9140,#9050,#8970,#8880,
#8800,#8710,#8630,#8540,#8460,#8380,#8300,#8220,#8100));
#10380=FACE_OUTER_BOUND('',#10370,.T.);
#10390=ADVANCED_FACE('',(#7630,#7930,#10380),#7290,.F.);
#10400=COLOUR_RGB('',0.,0.239215701818466,0.501960813999176);
#10410=FILL_AREA_STYLE_COLOUR('',#10400);
#10420=FILL_AREA_STYLE('',(#10410));
#10430=SURFACE_STYLE_FILL_AREA(#10420);
#10440=SURFACE_SIDE_STYLE('',(#10430));
#10450=SURFACE_STYLE_USAGE(.BOTH.,#10440);
#10460=PRESENTATION_STYLE_ASSIGNMENT((#10450));
#10470=CARTESIAN_POINT('',(17.7017453735733,12.2,0.));
#10480=DIRECTION('',(0.00872653549837393,-0.999961923064171,0.));
#10490=DIRECTION('',(-0.999961923064171,-0.00872653549837393,0.));
#10500=AXIS2_PLACEMENT_3D('',#10470,#10480,#10490);
#10510=PLANE('',#10500);
#10520=CARTESIAN_POINT('',(0.,12.0455192084592,4.54562582996929));
#10530=DIRECTION('',(0.99992385047757,0.00872620324394422,
0.00872620324394422));
#10540=VECTOR('',#10530,1.);
#10550=LINE('',#10520,#10540);
#10560=CARTESIAN_POINT('',(17.6895277586511,12.1998933784899,4.7));
#10570=VERTEX_POINT('',#10560);
#10580=CARTESIAN_POINT('',(18.5,12.2069662625882,4.70707288409833));
#10590=VERTEX_POINT('',#10580);
#10600=EDGE_CURVE('',#10570,#10590,#10550,.T.);
#10610=ORIENTED_EDGE('',*,*,#10600,.F.);
#10620=CARTESIAN_POINT('',(18.5,12.2069662625882,0.));
#10630=DIRECTION('',(0.,0.,-1.));
#10640=VECTOR('',#10630,1.);
#10650=LINE('',#10620,#10640);
#10660=EDGE_CURVE('',#10590,#6730,#10650,.T.);
#10670=ORIENTED_EDGE('',*,*,#10660,.F.);
#10680=ORIENTED_EDGE('',*,*,#6740,.T.);
#10690=CARTESIAN_POINT('',(17.7305440372677,12.2002513221306,0.));
#10700=DIRECTION('',(0.00872653547306858,7.61553213448366E-5,
-0.999961920164465));
#10710=VECTOR('',#10700,1.);
#10720=LINE('',#10690,#10710);
#10730=EDGE_CURVE('',#10570,#6650,#10720,.T.);
#10740=ORIENTED_EDGE('',*,*,#10730,.T.);
#10750=EDGE_LOOP('',(#10740,#10680,#10670,#10610));
#10760=FACE_OUTER_BOUND('',#10750,.T.);
#10770=ADVANCED_FACE('',(#10760),#10510,.T.);
#10780=CARTESIAN_POINT('',(1.03055620108356,11.929739555252,16.));
#10790=CARTESIAN_POINT('',(1.05271847738007,11.8898573297563,16.));
#10800=CARTESIAN_POINT('',(1.06357749917346,11.8422257114353,16.));
#10810=CARTESIAN_POINT('',(1.06357749917346,11.7868447002891,16.));
#10820=B_SPLINE_CURVE_WITH_KNOTS('',3,(#10780,#10790,#10800,#10810),
.UNSPECIFIED.,.F.,.F.,(4,4),(0.,0.3036132832245),.UNSPECIFIED.);
#10830=DIRECTION('',(0.,0.,-1.));
#10840=VECTOR('',#10830,1.);
#10850=SURFACE_OF_LINEAR_EXTRUSION('',#10820,#10840);
#10860=CARTESIAN_POINT('',(1.06357749917346,11.7868447002891,16.));
#10870=DIRECTION('',(0.,0.,-1.));
#10880=VECTOR('',#10870,1.);
#10890=LINE('',#10860,#10880);
#10900=CARTESIAN_POINT('',(1.06357749917346,11.7868447002891,16.));
#10910=VERTEX_POINT('',#10900);
#10920=CARTESIAN_POINT('',(1.06357749917346,11.7868447002891,15.8));
#10930=VERTEX_POINT('',#10920);
#10940=EDGE_CURVE('',#10910,#10930,#10890,.T.);
#10950=ORIENTED_EDGE('',*,*,#10940,.F.);
#10960=CARTESIAN_POINT('',(1.03055620108356,11.929739555252,15.8));
#10970=CARTESIAN_POINT('',(1.05271847738007,11.8898573297563,15.8));
#10980=CARTESIAN_POINT('',(1.06357749917346,11.8422257114353,15.8));
#10990=CARTESIAN_POINT('',(1.06357749917346,11.7868447002891,15.8));
#11000=B_SPLINE_CURVE_WITH_KNOTS('',3,(#10960,#10970,#10980,#10990),
.UNSPECIFIED.,.F.,.F.,(4,4),(0.,0.3036132832245),.UNSPECIFIED.);
#11010=CARTESIAN_POINT('',(1.03055620108356,11.929739555252,15.8));
#11020=VERTEX_POINT('',#11010);
#11030=EDGE_CURVE('',#11020,#10930,#11000,.T.);
#11040=ORIENTED_EDGE('',*,*,#11030,.T.);
#11050=CARTESIAN_POINT('',(1.03055620108356,11.929739555252,16.));
#11060=DIRECTION('',(0.,0.,-1.));
#11070=VECTOR('',#11060,1.);
#11080=LINE('',#11050,#11070);
#11090=CARTESIAN_POINT('',(1.03055620108356,11.929739555252,16.));
#11100=VERTEX_POINT('',#11090);
#11110=EDGE_CURVE('',#11100,#11020,#11080,.T.);
#11120=ORIENTED_EDGE('',*,*,#11110,.T.);
#11130=CARTESIAN_POINT('',(1.03055620108356,11.929739555252,16.));
#11140=CARTESIAN_POINT('',(1.05271847738007,11.8898573297563,16.));
#11150=CARTESIAN_POINT('',(1.06357749917346,11.8422257114353,16.));
#11160=CARTESIAN_POINT('',(1.06357749917346,11.7868447002891,16.));
#11170=B_SPLINE_CURVE_WITH_KNOTS('',3,(#11130,#11140,#11150,#11160),
.UNSPECIFIED.,.F.,.F.,(4,4),(0.,0.3036132832245),.UNSPECIFIED.);
#11180=EDGE_CURVE('',#11100,#10910,#11170,.T.);
#11190=ORIENTED_EDGE('',*,*,#11180,.F.);
#11200=EDGE_LOOP('',(#11190,#11120,#11040,#10950));
#11210=FACE_OUTER_BOUND('',#11200,.T.);
#11220=ADVANCED_FACE('',(#11210),#10850,.F.);
#11230=CARTESIAN_POINT('',(-4.9461501902372,10.6373192058776,16.));
#11240=DIRECTION('',(-0.,1.,0.));
#11250=DIRECTION('',(1.,0.,0.));
#11260=AXIS2_PLACEMENT_3D('',#11230,#11240,#11250);
#11270=PLANE('',#11260);
#11280=CARTESIAN_POINT('',(-7.2729949657861,10.6373192058776,16.));
#11290=DIRECTION('',(0.,0.,-1.));
#11300=VECTOR('',#11290,1.);
#11310=LINE('',#11280,#11300);
#11320=CARTESIAN_POINT('',(-7.2729949657861,10.6373192058776,16.));
#11330=VERTEX_POINT('',#11320);
#11340=CARTESIAN_POINT('',(-7.2729949657861,10.6373192058776,15.8));
#11350=VERTEX_POINT('',#11340);
#11360=EDGE_CURVE('',#11330,#11350,#11310,.T.);
#11370=ORIENTED_EDGE('',*,*,#11360,.F.);
#11380=CARTESIAN_POINT('',(-7.2108618527965,10.6373192058776,15.8));
#11390=DIRECTION('',(1.,0.,0.));
#11400=VECTOR('',#11390,1.);
#11410=LINE('',#11380,#11400);
#11420=CARTESIAN_POINT('',(-4.9461501902372,10.6373192058776,15.8));
#11430=VERTEX_POINT('',#11420);
#11440=EDGE_CURVE('',#11350,#11430,#11410,.T.);
#11450=ORIENTED_EDGE('',*,*,#11440,.F.);
#11460=CARTESIAN_POINT('',(-4.9461501902372,10.6373192058776,16.));
#11470=DIRECTION('',(0.,0.,-1.));
#11480=VECTOR('',#11470,1.);
#11490=LINE('',#11460,#11480);
#11500=CARTESIAN_POINT('',(-4.9461501902372,10.6373192058776,16.));
#11510=VERTEX_POINT('',#11500);
#11520=EDGE_CURVE('',#11510,#11430,#11490,.T.);
#11530=ORIENTED_EDGE('',*,*,#11520,.T.);
#11540=CARTESIAN_POINT('',(0.,10.6373192058776,16.));
#11550=DIRECTION('',(-1.,0.,0.));
#11560=VECTOR('',#11550,1.);
#11570=LINE('',#11540,#11560);
#11580=EDGE_CURVE('',#11510,#11330,#11570,.T.);
#11590=ORIENTED_EDGE('',*,*,#11580,.F.);
#11600=EDGE_LOOP('',(#11590,#11530,#11450,#11370));
#11610=FACE_OUTER_BOUND('',#11600,.T.);
#11620=ADVANCED_FACE('',(#11610),#11270,.T.);
#11630=CARTESIAN_POINT('',(-12.5020824098068,10.6374432240672,16.));
#11640=DIRECTION('',(-0.173653562217081,-0.98480680355556,-0.));
#11650=DIRECTION('',(-0.98480680355556,0.173653562217081,0.));
#11660=AXIS2_PLACEMENT_3D('',#11630,#11640,#11650);
#11670=PLANE('',#11660);
#11680=CARTESIAN_POINT('',(-11.7287824908297,10.501085224602,16.));
#11690=DIRECTION('',(0.,0.,-1.));
#11700=VECTOR('',#11690,1.);
#11710=LINE('',#11680,#11700);
#11720=CARTESIAN_POINT('',(-11.7287824908297,10.501085224602,16.));
#11730=VERTEX_POINT('',#11720);
#11740=CARTESIAN_POINT('',(-11.7287824908297,10.501085224602,15.8));
#11750=VERTEX_POINT('',#11740);
#11760=EDGE_CURVE('',#11730,#11750,#11710,.T.);
#11770=ORIENTED_EDGE('',*,*,#11760,.F.);
#11780=CARTESIAN_POINT('',(-7.2108618527965,9.70442844910454,15.8));
#11790=DIRECTION('',(-0.98480680355556,0.173653562217081,0.));
#11800=VECTOR('',#11790,1.);
#11810=LINE('',#11780,#11800);
#11820=CARTESIAN_POINT('',(-12.5020824098068,10.6374432240672,15.8));
#11830=VERTEX_POINT('',#11820);
#11840=EDGE_CURVE('',#11750,#11830,#11810,.T.);
#11850=ORIENTED_EDGE('',*,*,#11840,.F.);
#11860=CARTESIAN_POINT('',(-12.5020824098068,10.6374432240672,16.));
#11870=DIRECTION('',(0.,0.,-1.));
#11880=VECTOR('',#11870,1.);
#11890=LINE('',#11860,#11880);
#11900=CARTESIAN_POINT('',(-12.5020824098068,10.6374432240672,16.));
#11910=VERTEX_POINT('',#11900);
#11920=EDGE_CURVE('',#11910,#11830,#11890,.T.);
#11930=ORIENTED_EDGE('',*,*,#11920,.T.);
#11940=CARTESIAN_POINT('',(0.,8.43291829820749,16.));
#11950=DIRECTION('',(0.98480680355556,-0.173653562217081,0.));
#11960=VECTOR('',#11950,1.);
#11970=LINE('',#11940,#11960);
#11980=EDGE_CURVE('',#11910,#11730,#11970,.T.);
#11990=ORIENTED_EDGE('',*,*,#11980,.F.);
#12000=EDGE_LOOP('',(#11990,#11930,#11850,#11770));
#12010=FACE_OUTER_BOUND('',#12000,.T.);
#12020=ADVANCED_FACE('',(#12010),#11670,.T.);
#12030=CARTESIAN_POINT('',(17.7017453735733,8.8,0.));
#12040=DIRECTION('',(-0.00872653549837393,-0.999961923064171,-0.));
#12050=DIRECTION('',(-0.999961923064171,0.00872653549837393,0.));
#12060=AXIS2_PLACEMENT_3D('',#12030,#12040,#12050);
#12070=PLANE('',#12060);
#12080=ORIENTED_EDGE('',*,*,#6580,.T.);
#12090=CARTESIAN_POINT('',(18.5,8.79303373741181,0.));
#12100=DIRECTION('',(0.,0.,-1.));
#12110=VECTOR('',#12100,1.);
#12120=LINE('',#12090,#12110);
#12130=CARTESIAN_POINT('',(18.5,8.79303373741181,4.70707288409833));
#12140=VERTEX_POINT('',#12130);
#12150=EDGE_CURVE('',#12140,#6550,#12120,.T.);
#12160=ORIENTED_EDGE('',*,*,#12150,.T.);
#12170=CARTESIAN_POINT('',(0.,8.95448079154085,4.54562582996929));
#12180=DIRECTION('',(0.99992385047757,-0.00872620324394422,
0.00872620324394422));
#12190=VECTOR('',#12180,1.);
#12200=LINE('',#12170,#12190);
#12210=CARTESIAN_POINT('',(17.6895277586511,8.80010662151015,4.7));
#12220=VERTEX_POINT('',#12210);
#12230=EDGE_CURVE('',#12220,#12140,#12200,.T.);
#12240=ORIENTED_EDGE('',*,*,#12230,.T.);
#12250=CARTESIAN_POINT('',(17.7305440372677,8.79974867786939,0.));
#12260=DIRECTION('',(0.00872653547306858,-7.61553213448366E-5,
-0.999961920164465));
#12270=VECTOR('',#12260,1.);
#12280=LINE('',#12250,#12270);
#12290=EDGE_CURVE('',#12220,#6570,#12280,.T.);
#12300=ORIENTED_EDGE('',*,*,#12290,.F.);
#12310=EDGE_LOOP('',(#12300,#12240,#12160,#12080));
#12320=FACE_OUTER_BOUND('',#12310,.T.);
#12330=ADVANCED_FACE('',(#12320),#12070,.F.);
#12340=CARTESIAN_POINT('',(-1.5,0.,2.3));
#12350=DIRECTION('',(0.999961923064171,-1.13864692383004E-16,
-0.00872653549837393));
#12360=DIRECTION('',(-1.13869028166683E-16,-1.,0.));
#12370=AXIS2_PLACEMENT_3D('',#12340,#12350,#12360);
#12380=PLANE('',#12370);
#12390=CARTESIAN_POINT('',(-1.52007179591874,-2.59127313220924,0.));
#12400=DIRECTION('',(0.00872620324394422,-0.00872620324394422,
0.99992385047757));
#12410=VECTOR('',#12400,1.);
#12420=LINE('',#12390,#12410);
#12430=CARTESIAN_POINT('',(-1.51134492812799,-2.6,1.));
#12440=VERTEX_POINT('',#12430);
#12450=CARTESIAN_POINT('',(-1.50259521374076,-2.60874971438723,
2.00261796064951));
#12460=VERTEX_POINT('',#12450);
#12470=EDGE_CURVE('',#12440,#12460,#12420,.T.);
#12480=ORIENTED_EDGE('',*,*,#12470,.F.);
#12490=CARTESIAN_POINT('',(-1.50259521374076,3.41594077149013E-17,
2.00261796064951));
#12500=DIRECTION('',(-1.13869028166683E-16,-1.,0.));
#12510=VECTOR('',#12500,1.);
#12520=LINE('',#12490,#12510);
#12530=EDGE_CURVE('',#5480,#12460,#12520,.T.);
#12540=ORIENTED_EDGE('',*,*,#12530,.T.);
#12550=ORIENTED_EDGE('',*,*,#5490,.F.);
#12560=CARTESIAN_POINT('',(-1.51134492812799,0.,1.));
#12570=DIRECTION('',(-1.13869028166683E-16,-1.,0.));
#12580=VECTOR('',#12570,1.);
#12590=LINE('',#12560,#12580);
#12600=EDGE_CURVE('',#5400,#12440,#12590,.T.);
#12610=ORIENTED_EDGE('',*,*,#12600,.F.);
#12620=EDGE_LOOP('',(#12610,#12550,#12540,#12480));
#12630=FACE_OUTER_BOUND('',#12620,.T.);
#12640=ADVANCED_FACE('',(#12630),#12380,.T.);
#12650=CARTESIAN_POINT('',(-9.30000035230264,0.,6.4));
#12660=DIRECTION('',(0.999847695156391,0.,0.0174524064372835));
#12670=DIRECTION('',(0.,-1.,0.));
#12680=AXIS2_PLACEMENT_3D('',#12650,#12660,#12670);
#12690=PLANE('',#12680);
#12700=CARTESIAN_POINT('',(-9.18828793676205,-15.4,0.));
#12710=DIRECTION('',(-0.0174524064372835,0.,0.999847695156391));
#12720=VECTOR('',#12710,1.);
#12730=LINE('',#12700,#12720);
#12740=CARTESIAN_POINT('',(-9.30000035230264,-15.4,6.4));
#12750=VERTEX_POINT('',#12740);
#12760=CARTESIAN_POINT('',(-9.31396440424522,-15.4,7.2));
#12770=VERTEX_POINT('',#12760);
#12780=EDGE_CURVE('',#12750,#12770,#12730,.T.);
#12790=ORIENTED_EDGE('',*,*,#12780,.T.);
#12800=CARTESIAN_POINT('',(-9.30000035230264,0.,6.4));
#12810=DIRECTION('',(0.,-1.,0.));
#12820=VECTOR('',#12810,1.);
#12830=LINE('',#12800,#12820);
#12840=CARTESIAN_POINT('',(-9.30000035230264,-15.9930185057674,6.4));
#12850=VERTEX_POINT('',#12840);
#12860=EDGE_CURVE('',#12750,#12850,#12830,.T.);
#12870=ORIENTED_EDGE('',*,*,#12860,.F.);
#12880=CARTESIAN_POINT('',(-9.18828793676205,-15.9371665519065,0.));
#12890=DIRECTION('',(0.0174517421055201,0.00872520650594019,
-0.999809635615156));
#12900=VECTOR('',#12890,1.);
#12910=LINE('',#12880,#12900);
#12920=CARTESIAN_POINT('',(-9.31396440424522,-16.,7.2));
#12930=VERTEX_POINT('',#12920);
#12940=EDGE_CURVE('',#12930,#12850,#12910,.T.);
#12950=ORIENTED_EDGE('',*,*,#12940,.T.);
#12960=CARTESIAN_POINT('',(-9.31396440424522,0.,7.2));
#12970=DIRECTION('',(0.,-1.,0.));
#12980=VECTOR('',#12970,1.);
#12990=LINE('',#12960,#12980);
#13000=EDGE_CURVE('',#12770,#12930,#12990,.T.);
#13010=ORIENTED_EDGE('',*,*,#13000,.T.);
#13020=EDGE_LOOP('',(#13010,#12950,#12870,#12790));
#13030=FACE_OUTER_BOUND('',#13020,.T.);
#13040=ADVANCED_FACE('',(#13030),#12690,.T.);
#13050=CARTESIAN_POINT('',(-1.52007179591874,8.19127313220924,0.));
#13060=DIRECTION('',(0.00872620324394422,0.00872620324394422,
0.99992385047757));
#13070=VECTOR('',#13060,1.);
#13080=LINE('',#13050,#13070);
#13090=CARTESIAN_POINT('',(-1.51134492812798,8.2,1.));
#13100=VERTEX_POINT('',#13090);
#13110=EDGE_CURVE('',#13100,#220,#13080,.T.);
#13120=ORIENTED_EDGE('',*,*,#13110,.F.);
#13130=ORIENTED_EDGE('',*,*,#230,.T.);
#13140=CARTESIAN_POINT('',(-1.52007179591874,8.99127313220924,0.));
#13150=DIRECTION('',(-0.00872620324394422,-0.00872620324394422,
-0.99992385047757));
#13160=VECTOR('',#13150,1.);
#13170=LINE('',#13140,#13160);
#13180=CARTESIAN_POINT('',(-1.51134492812798,9.,1.));
#13190=VERTEX_POINT('',#13180);
#13200=EDGE_CURVE('',#140,#13190,#13170,.T.);
#13210=ORIENTED_EDGE('',*,*,#13200,.F.);
#13220=CARTESIAN_POINT('',(-1.51134492812799,0.,1.));
#13230=DIRECTION('',(-1.13869028166683E-16,-1.,0.));
#13240=VECTOR('',#13230,1.);
#13250=LINE('',#13220,#13240);
#13260=EDGE_CURVE('',#13190,#13100,#13250,.T.);
#13270=ORIENTED_EDGE('',*,*,#13260,.F.);
#13280=EDGE_LOOP('',(#13270,#13210,#13130,#13120));
#13290=FACE_OUTER_BOUND('',#13280,.T.);
#13300=ADVANCED_FACE('',(#13290),#12380,.T.);
#13310=CARTESIAN_POINT('',(18.5,-10.8888983512628,15.5));
#13320=CARTESIAN_POINT('',(18.5,-10.8267481468942,15.5));
#13330=CARTESIAN_POINT('',(18.5000000000007,-10.7645897606089,
15.4964214640656));
#13340=CARTESIAN_POINT('',(18.4999999999986,-10.7026903242734,
15.4892646887409));
#13350=CARTESIAN_POINT('',(18.5000000000009,-10.6413169697615,
15.4785299705766));
#13360=CARTESIAN_POINT('',(18.5,-10.5807368289368,15.4642176061142));
#13370=CARTESIAN_POINT('',(18.5,-10.5212170336709,15.4463278919025));
#13380=CARTESIAN_POINT('',(18.5,-10.8888983512628,15.6308996938996));
#13390=CARTESIAN_POINT('',(18.5,-10.8242193660141,15.6252795328462));
#13400=CARTESIAN_POINT('',(18.5000000000007,-10.7548657564333,
15.615769315153));
#13410=CARTESIAN_POINT('',(18.4999999999986,-10.6836788235439,
15.6014408757072));
#13420=CARTESIAN_POINT('',(18.5000000000009,-10.6136551317794,
15.582344774586));
#13430=CARTESIAN_POINT('',(18.5,-10.5476341244298,15.5595038629086));
#13440=CARTESIAN_POINT('',(18.5,-10.4878876683665,15.5348931513738));
#13450=CARTESIAN_POINT('',(18.4588866847173,-10.8888983512633,
15.7617873809111));
#13460=CARTESIAN_POINT('',(18.4624115032237,-10.8195927357487,
15.751052223485));
#13470=CARTESIAN_POINT('',(18.4659541070169,-10.7437131910129,
15.7363242619051));
#13480=CARTESIAN_POINT('',(18.4692657160071,-10.6653675515504,
15.7154796061963));
#13490=CARTESIAN_POINT('',(18.4727846653672,-10.58831959145,
15.6905419539061));
#13500=CARTESIAN_POINT('',(18.4757154488781,-10.5170579272253,
15.6606120249238));
#13510=CARTESIAN_POINT('',(18.478662276512,-10.4543263148054,
15.6301618052093));
#13520=CARTESIAN_POINT('',(18.3765953656491,-10.8888983512621,
15.8765953656495));
#13530=CARTESIAN_POINT('',(18.3865600659968,-10.8140042868318,
15.8633012612044));
#13540=CARTESIAN_POINT('',(18.3963153660161,-10.7326767650124,
15.8462004348253));
#13550=CARTESIAN_POINT('',(18.4053245657588,-10.6492332334652,
15.8219494724672));
#13560=CARTESIAN_POINT('',(18.414596403365,-10.5669368106987,
15.7947817466647));
#13570=CARTESIAN_POINT('',(18.4223641216901,-10.4909626636146,
15.7606102204131));
#13580=CARTESIAN_POINT('',(18.43001215135,-10.4235792615456,
15.725725056318));
#13590=CARTESIAN_POINT('',(18.2617873809111,-10.8888983512631,
15.9588866847169));
#13600=CARTESIAN_POINT('',(18.279510331093,-10.8085900500032,
15.9460842367175));
#13610=CARTESIAN_POINT('',(18.2963812029572,-10.7241295246543,
15.9285555206713));
#13620=CARTESIAN_POINT('',(18.3118174664373,-10.6387911284499,
15.9030029677727));
#13630=CARTESIAN_POINT('',(18.3272956522744,-10.5543173140806,
15.8754655311553));
#13640=CARTESIAN_POINT('',(18.3405933583826,-10.4751211886945,
15.8401275559171));
#13650=CARTESIAN_POINT('',(18.3536946366011,-10.4021879269921,
15.8042632274891));
#13660=CARTESIAN_POINT('',(18.1308996938996,-10.8888983512628,16.));
#13670=CARTESIAN_POINT('',(18.1562505054443,-10.8044860559953,
15.9919560460743));
#13680=CARTESIAN_POINT('',(18.1811695699281,-10.7186168922207,
15.9780877147522));
#13690=CARTESIAN_POINT('',(18.2047680353063,-10.6331447014218,
15.955896663159));
#13700=CARTESIAN_POINT('',(18.2278691252763,-10.5485901927918,
15.9303815415956));
#13710=CARTESIAN_POINT('',(18.2482179383787,-10.4677408938404,
15.8963808237863));
#13720=CARTESIAN_POINT('',(18.2670771270479,-10.3907009217775,
15.8593620518241));
#13730=CARTESIAN_POINT('',(18.,-10.8888983512628,16.));
#13740=CARTESIAN_POINT('',(18.030952852369,-10.8028283355455,16.));
#13750=CARTESIAN_POINT('',(18.0622845783631,-10.7171101866222,
15.9926765920318));
#13760=CARTESIAN_POINT('',(18.0933690823034,-10.6322325787157,
15.978108654113));
#13770=CARTESIAN_POINT('',(18.1235688437227,-10.5486698039451,
15.9565034641304));
#13780=CARTESIAN_POINT('',(18.1522592987437,-10.4668628520955,
15.9281965813733));
#13790=CARTESIAN_POINT('',(18.178852410365,-10.3872047367507,
15.893638328983));
#13800=B_SPLINE_SURFACE_WITH_KNOTS('',6,6,((#13310,#13380,#13450,#13520,
#13590,#13660,#13730),(#13320,#13390,#13460,#13530,#13600,#13670,#13740)
,(#13330,#13400,#13470,#13540,#13610,#13680,#13750),(#13340,#13410,
#13480,#13550,#13620,#13690,#13760),(#13350,#13420,#13490,#13560,#13630,
#13700,#13770),(#13360,#13430,#13500,#13570,#13640,#13710,#13780),(
#13370,#13440,#13510,#13580,#13650,#13720,#13790)),.UNSPECIFIED.,.F.,.F.
,.F.,(7,7),(7,7),(0.,1.),(0.,1.),.UNSPECIFIED.);
#13810=ORIENTED_EDGE('',*,*,#6340,.T.);
#13820=CARTESIAN_POINT('',(18.1791682879146,-10.3869676338718,
15.8944271909607));
#13830=CARTESIAN_POINT('',(18.1525751762934,-10.4666257492166,
15.928985443351));
#13840=CARTESIAN_POINT('',(18.1238215457624,-10.548480121642,
15.9571345537125));
#13850=CARTESIAN_POINT('',(18.0935270210783,-10.6321140272763,
15.9785030851018));
#13860=CARTESIAN_POINT('',(18.0623477538731,-10.7170627660465,
15.9928343644273));
#13870=CARTESIAN_POINT('',(18.030952852369,-10.8028283355455,16.));
#13880=CARTESIAN_POINT('',(18.,-10.8888983512628,16.));
#13890=B_SPLINE_CURVE_WITH_KNOTS('',6,(#13820,#13830,#13840,#13850,
#13860,#13870,#13880),.UNSPECIFIED.,.F.,.F.,(7,7),(0.,1.),.UNSPECIFIED.)
;
#13900=CARTESIAN_POINT('',(18.1788524106355,-10.3872047367614,
15.8936383288779));
#13910=VERTEX_POINT('',#13900);
#13920=EDGE_CURVE('',#13910,#6210,#13890,.T.);
#13930=ORIENTED_EDGE('',*,*,#13920,.T.);
#13940=CARTESIAN_POINT('',(18.5,-10.5212170336709,15.4463278919025));
#13950=CARTESIAN_POINT('',(18.5,-10.4878876683665,15.5348931513738));
#13960=CARTESIAN_POINT('',(18.478662276512,-10.4543263148054,
15.6301618052093));
#13970=CARTESIAN_POINT('',(18.43001215135,-10.4235792615456,
15.725725056318));
#13980=CARTESIAN_POINT('',(18.3536946366011,-10.4021879269921,
15.8042632274891));
#13990=CARTESIAN_POINT('',(18.2670771270479,-10.3907009217775,
15.8593620518241));
#14000=CARTESIAN_POINT('',(18.178852410365,-10.3872047367507,
15.893638328983));
#14010=B_SPLINE_CURVE_WITH_KNOTS('',6,(#13940,#13950,#13960,#13970,
#13980,#13990,#14000),.UNSPECIFIED.,.F.,.F.,(7,7),(0.,1.),.UNSPECIFIED.)
;
#14020=CARTESIAN_POINT('',(18.5,-10.5212170336709,15.4463278919025));
#14030=VERTEX_POINT('',#14020);
#14040=EDGE_CURVE('',#14030,#13910,#14010,.T.);
#14050=ORIENTED_EDGE('',*,*,#14040,.T.);
#14060=CARTESIAN_POINT('',(18.5,-10.8888983512628,15.5));
#14070=CARTESIAN_POINT('',(18.5,-10.8267481468942,15.5));
#14080=CARTESIAN_POINT('',(18.5000000000007,-10.7645897606089,
15.4964214640656));
#14090=CARTESIAN_POINT('',(18.4999999999986,-10.7026903242734,
15.4892646887409));
#14100=CARTESIAN_POINT('',(18.5000000000009,-10.6413169697615,
15.4785299705766));
#14110=CARTESIAN_POINT('',(18.5,-10.5807368289368,15.4642176061142));
#14120=CARTESIAN_POINT('',(18.5,-10.5212170336709,15.4463278919025));
#14130=B_SPLINE_CURVE_WITH_KNOTS('',6,(#14060,#14070,#14080,#14090,
#14100,#14110,#14120),.UNSPECIFIED.,.F.,.F.,(7,7),(0.,1.),.UNSPECIFIED.)
;
#14140=EDGE_CURVE('',#6330,#14030,#14130,.T.);
#14150=ORIENTED_EDGE('',*,*,#14140,.T.);
#14160=EDGE_LOOP('',(#14150,#14050,#13930,#13810));
#14170=FACE_OUTER_BOUND('',#14160,.T.);
#14180=ADVANCED_FACE('',(#14170),#13800,.T.);
#14190=CARTESIAN_POINT('',(18.5,-9.68997048196844,1.5));
#14200=DIRECTION('',(0.,1.28197512425571E-16,1.));
#14210=DIRECTION('',(0.,1.,-1.28197512425571E-16));
#14220=AXIS2_PLACEMENT_3D('',#14190,#14200,#14210);
#14230=PLANE('',#14220);
#14240=CARTESIAN_POINT('',(17.7174537355815,0.,1.5));
#14250=DIRECTION('',(-1.11876274204211E-18,-1.,1.28197512425571E-16));
#14260=VECTOR('',#14250,1.);
#14270=LINE('',#14240,#14260);
#14280=CARTESIAN_POINT('',(17.7174537355815,-8.68688886683069,1.5));
#14290=VERTEX_POINT('',#14280);
#14300=CARTESIAN_POINT('',(17.7174537355815,-12.3131111331693,1.5));
#14310=VERTEX_POINT('',#14300);
#14320=EDGE_CURVE('',#14290,#14310,#14270,.T.);
#14330=ORIENTED_EDGE('',*,*,#14320,.F.);
#14340=CARTESIAN_POINT('',(18.5,-12.3131111331693,1.5));
#14350=DIRECTION('',(-1.,0.,0.));
#14360=VECTOR('',#14350,1.);
#14370=LINE('',#14340,#14360);
#14380=CARTESIAN_POINT('',(18.5,-12.3131111331693,1.5));
#14390=VERTEX_POINT('',#14380);
#14400=EDGE_CURVE('',#14390,#14310,#14370,.T.);
#14410=ORIENTED_EDGE('',*,*,#14400,.T.);
#14420=CARTESIAN_POINT('',(18.5,0.,1.5));
#14430=DIRECTION('',(0.,-1.,1.28197512425571E-16));
#14440=VECTOR('',#14430,1.);
#14450=LINE('',#14420,#14440);
#14460=CARTESIAN_POINT('',(18.5,-8.68688886683069,1.5));
#14470=VERTEX_POINT('',#14460);
#14480=EDGE_CURVE('',#14470,#14390,#14450,.T.);
#14490=ORIENTED_EDGE('',*,*,#14480,.T.);
#14500=CARTESIAN_POINT('',(0.,-8.68688886683069,1.5));
#14510=DIRECTION('',(1.,0.,0.));
#14520=VECTOR('',#14510,1.);
#14530=LINE('',#14500,#14520);
#14540=EDGE_CURVE('',#14290,#14470,#14530,.T.);
#14550=ORIENTED_EDGE('',*,*,#14540,.T.);
#14560=EDGE_LOOP('',(#14550,#14490,#14410,#14330));
#14570=FACE_OUTER_BOUND('',#14560,.T.);
#14580=ADVANCED_FACE('',(#14570),#14230,.F.);
#14590=CARTESIAN_POINT('',(-12.8052749039915,17.,15.4523675627081));
#14600=CARTESIAN_POINT('',(-11.9927759191796,17.,15.2448838990668));
#14610=CARTESIAN_POINT('',(-11.176514427925,17.,15.051082811577));
#14620=CARTESIAN_POINT('',(-8.65558527382449,17.,14.5040940151027));
#14630=CARTESIAN_POINT('',(-6.93825860499069,17.,14.2055488594578));
#14640=CARTESIAN_POINT('',(-3.48012741447023,17.,13.7984805864172));
#14650=CARTESIAN_POINT('',(-1.74060449615966,17.,13.6909830056252));
#14660=CARTESIAN_POINT('',(1.74060449615965,17.,13.6909830056252));
#14670=CARTESIAN_POINT('',(3.48012803821163,17.,13.7984806598399));
#14680=CARTESIAN_POINT('',(6.93825922795944,17.,14.2055489327896));
#14690=CARTESIAN_POINT('',(8.65558741526482,17.,14.5040944797504));
#14700=CARTESIAN_POINT('',(11.1765149045953,17.,15.0510829150044));
#14710=CARTESIAN_POINT('',(11.9927763845861,17.,15.2448839776065));
#14720=CARTESIAN_POINT('',(12.8052750469844,17.,15.4523675308221));
#14730=CARTESIAN_POINT('',(-12.739073550663,17.,15.650548517817));
#14740=CARTESIAN_POINT('',(-11.9314802514031,17.,15.4430788164539));
#14750=CARTESIAN_POINT('',(-11.1197833638153,17.,15.2490851737646));
#14760=CARTESIAN_POINT('',(-8.61804138920588,17.,14.7021951570654));
#14770=CARTESIAN_POINT('',(-6.90795674551842,17.,14.4024662120614));
#14780=CARTESIAN_POINT('',(-3.46426898437728,17.,13.9935900055158));
#14790=CARTESIAN_POINT('',(-1.73292311216749,17.,13.8856085328214));
#14800=CARTESIAN_POINT('',(1.7329231121704,17.,13.8856085328318));
#14810=CARTESIAN_POINT('',(3.46426960551702,17.,13.993590079272));
#14820=CARTESIAN_POINT('',(6.90795736590436,17.,14.4024662856616));
#14830=CARTESIAN_POINT('',(8.61804352340809,17.,14.7021956235477));
#14840=CARTESIAN_POINT('',(11.1197838305967,17.,15.2490852756397));
#14850=CARTESIAN_POINT('',(11.9314807074818,17.,15.4430788937185));
#14860=CARTESIAN_POINT('',(12.7390736901229,17.,15.6505484857701));
#14870=CARTESIAN_POINT('',(-12.6966615943495,16.8844843711644,
15.8185679322616));
#14880=CARTESIAN_POINT('',(-11.8909534586873,16.8858331138512,
15.6107994550281));
#14890=CARTESIAN_POINT('',(-11.0812847506087,16.8871521579573,
15.4165157232038));
#14900=CARTESIAN_POINT('',(-8.58643679395755,16.8910357017633,
14.8688514225788));
#14910=CARTESIAN_POINT('',(-6.88237379337535,16.8933953081379,
14.5687821958305));
#14920=CARTESIAN_POINT('',(-3.45076845400959,16.8967304158559,
14.1592945209802));
#14930=CARTESIAN_POINT('',(-1.72644289112348,16.8976766344154,
14.0511625706667));
#14940=CARTESIAN_POINT('',(1.72644289112187,16.8976766343767,
14.0511625706856));
#14950=CARTESIAN_POINT('',(3.45076907138742,16.8967304152206,
14.1592945946665));
#14960=CARTESIAN_POINT('',(6.88237441313212,16.8933953074323,
14.5687822698284));
#14970=CARTESIAN_POINT('',(8.58643891214705,16.8910356983733,
14.8688518875966));
#14980=CARTESIAN_POINT('',(11.0812852209119,16.887152157142,
15.4165158265092));
#14990=CARTESIAN_POINT('',(11.8909539205858,16.8858331131311,
15.6107995342554));
#15000=CARTESIAN_POINT('',(12.696661741152,16.8844843710504,
15.8185679022795));
#15010=CARTESIAN_POINT('',(-12.6922579532445,16.6921651813342,
15.8999762407734));
#15020=CARTESIAN_POINT('',(-11.8846185816943,16.6953335317609,
15.6923330560828));
#15030=CARTESIAN_POINT('',(-11.0736131878954,16.6984476815889,
15.4983783547968));
#15040=CARTESIAN_POINT('',(-8.57070520584512,16.7076869988977,
14.9511377717878));
#15050=CARTESIAN_POINT('',(-6.86944278011621,16.7133192697969,
14.6528036548641));
#15060=CARTESIAN_POINT('',(-3.44363606819461,16.7213188600009,
14.245653035847));
#15070=CARTESIAN_POINT('',(-1.72310352141811,16.72360679775,
14.1381966011252));
#15080=CARTESIAN_POINT('',(1.7231035214181,16.72360679775,
14.1381966011252));
#15090=CARTESIAN_POINT('',(3.44363668453359,16.7213188585617,
14.2456531090977));
#15100=CARTESIAN_POINT('',(6.86944339883597,16.7133192683521,
14.6528037283978));
#15110=CARTESIAN_POINT('',(8.57070732189038,16.7076869910865,
14.9511382344439));
#15120=CARTESIAN_POINT('',(11.073613666025,16.698447679824,
15.498378459336));
#15130=CARTESIAN_POINT('',(11.8846190503927,16.6953335301926,
15.6923331361896));
#15140=CARTESIAN_POINT('',(12.6922581017351,16.6921651811633,
15.8999762105875));
#15150=(BOUNDED_SURFACE() B_SPLINE_SURFACE(3,3,((#14590,#14730,#14870,
#15010),(#14600,#14740,#14880,#15020),(#14610,#14750,#14890,#15030),(
#14620,#14760,#14900,#15040),(#14630,#14770,#14910,#15050),(#14640,
#14780,#14920,#15060),(#14650,#14790,#14930,#15070),(#14660,#14800,
#14940,#15080),(#14670,#14810,#14950,#15090),(#14680,#14820,#14960,
#15100),(#14690,#14830,#14970,#15110),(#14700,#14840,#14980,#15120),(
#14710,#14850,#14990,#15130),(#14720,#14860,#15000,#15140)),
.UNSPECIFIED.,.F.,.F.,.F.) B_SPLINE_SURFACE_WITH_KNOTS((4,2,2,2,2,2,4),(
4,4),(7.94660724004979,10.4560077220738,15.6568065328345,
20.8508094188374,26.0448123048402,31.2456148655433,33.7550217749919),(0.
,1.),.UNSPECIFIED.) GEOMETRIC_REPRESENTATION_ITEM() 
RATIONAL_B_SPLINE_SURFACE(((1.,0.887991045067691,0.887991045067691,1.),(
1.,0.889258593386374,0.889258593386374,1.),(1.,0.890498644063478,
0.890498644063478,1.),(1.,0.894158391378462,0.894158391378462,1.),(1.,
0.896382225901794,0.896382225901794,1.),(1.,0.899530135115637,
0.899530135115637,1.),(1.,0.900425414773773,0.900425414773773,1.),(1.,
0.900425414749227,0.900425414749227,1.),(1.,0.899530134525181,
0.899530134525181,1.),(1.,0.896382225290288,0.896382225290288,1.),(1.,
0.894158388232401,0.894158388232401,1.),(1.,0.890498643439208,
0.890498643439208,1.),(1.,0.889258592881168,0.889258592881168,1.),(1.,
0.88799104515483,0.88799104515483,1.))) REPRESENTATION_ITEM('') SURFACE(
));
#15160=CARTESIAN_POINT('',(12.7810691237779,17.,15.4461905242981));
#15170=CARTESIAN_POINT('',(12.7517245962339,17.,15.5341818317465));
#15180=CARTESIAN_POINT('',(12.7226950779133,16.9795416699978,
15.6284930983079));
#15190=CARTESIAN_POINT('',(12.6967107785208,16.9331935037206,
15.7228606533085));
#15200=CARTESIAN_POINT('',(12.6791088965524,16.8607085708149,
15.80135689824));
#15210=CARTESIAN_POINT('',(12.6701629218821,16.7776288512201,
15.8576418738948));
#15220=CARTESIAN_POINT('',(12.6681971788045,16.6922605985341,
15.893794032928));
#15230=B_SPLINE_CURVE_WITH_KNOTS('',6,(#15160,#15170,#15180,#15190,
#15200,#15210,#15220),.UNSPECIFIED.,.F.,.F.,(7,7),(0.,1.),.UNSPECIFIED.)
;
#15240=CARTESIAN_POINT('',(12.7810691237779,17.,15.4461905242981));
#15250=VERTEX_POINT('',#15240);
#15260=CARTESIAN_POINT('',(12.6680356873514,16.6925324499636,
15.8944271909986));
#15270=VERTEX_POINT('',#15260);
#15280=EDGE_CURVE('',#15250,#15270,#15230,.T.);
#15290=ORIENTED_EDGE('',*,*,#15280,.F.);
#15300=CARTESIAN_POINT('',(-12.6681968474824,16.6922595524981,
15.8937944648442));
#15310=CARTESIAN_POINT('',(-11.8685113024755,16.6953953695877,
15.6884825930621));
#15320=CARTESIAN_POINT('',(-11.0655239403832,16.6984775425048,
15.4966097062662));
#15330=CARTESIAN_POINT('',(-8.57070520584512,16.7076869988977,
14.9511377717878));
#15340=CARTESIAN_POINT('',(-6.86944278011621,16.7133192697969,
14.6528036548641));
#15350=CARTESIAN_POINT('',(-3.44363606819461,16.7213188600009,
14.245653035847));
#15360=CARTESIAN_POINT('',(-1.72310352141811,16.72360679775,
14.1381966011252));
#15370=CARTESIAN_POINT('',(1.7231035214181,16.72360679775,
14.1381966011252));
#15380=CARTESIAN_POINT('',(3.44363668453359,16.7213188585617,
14.2456531090977));
#15390=CARTESIAN_POINT('',(6.86944339883597,16.7133192683521,
14.6528037283978));
#15400=CARTESIAN_POINT('',(8.57070732189038,16.7076869910865,
14.9511382344439));
#15410=CARTESIAN_POINT('',(11.0655244343914,16.6984775406812,
15.4966098142771));
#15420=CARTESIAN_POINT('',(11.8685118123855,16.6953953678581,
15.6884826834556));
#15430=CARTESIAN_POINT('',(12.6681970667751,16.6922595520453,
15.8937944536709));
#15440=B_SPLINE_CURVE_WITH_KNOTS('',3,(#15300,#15310,#15320,#15330,
#15340,#15350,#15360,#15370,#15380,#15390,#15400,#15410,#15420,#15430),
.UNSPECIFIED.,.F.,.F.,(4,2,2,2,2,2,4),(7.97152613874487,10.4560077220738
,15.6568065328345,20.8508094188374,26.0448123048402,31.2456148655433,
33.730102876011),.UNSPECIFIED.);
#15450=CARTESIAN_POINT('',(-12.6680351162966,16.6925315824411,
15.8944274179264));
#15460=VERTEX_POINT('',#15450);
#15470=EDGE_CURVE('',#15460,#15270,#15440,.T.);
#15480=ORIENTED_EDGE('',*,*,#15470,.T.);
#15490=CARTESIAN_POINT('',(-12.6681965938932,16.6922597553842,
15.8937943130542));
#15500=CARTESIAN_POINT('',(-12.6701623411491,16.7776281661627,
15.8576422759116));
#15510=CARTESIAN_POINT('',(-12.6791083335429,16.8607080953375,
15.8013573661059));
#15520=CARTESIAN_POINT('',(-12.6967102620372,16.9331932723921,
15.7228610900593));
#15530=CARTESIAN_POINT('',(-12.7226946541066,16.9795416034391,
15.6284933915487));
#15540=CARTESIAN_POINT('',(-12.7517242773124,17.,15.5341819750562));
#15550=CARTESIAN_POINT('',(-12.7810689095474,17.,15.4461905371795));
#15560=B_SPLINE_CURVE_WITH_KNOTS('',6,(#15490,#15500,#15510,#15520,
#15530,#15540,#15550),.UNSPECIFIED.,.F.,.F.,(7,7),(0.,1.),.UNSPECIFIED.)
;
#15570=CARTESIAN_POINT('',(-12.7810689095474,17.,15.4461905371795));
#15580=VERTEX_POINT('',#15570);
#15590=EDGE_CURVE('',#15460,#15580,#15560,.T.);
#15600=ORIENTED_EDGE('',*,*,#15590,.F.);
#15610=CARTESIAN_POINT('',(-12.7810689096445,17.,15.4461905372043));
#15620=CARTESIAN_POINT('',(-11.976564191484,17.,15.2410364798167));
#15630=CARTESIAN_POINT('',(-11.1683669370725,17.,15.0493149768052));
#15640=CARTESIAN_POINT('',(-8.65558527382449,17.,14.5040940151027));
#15650=CARTESIAN_POINT('',(-6.93825860499069,17.,14.2055488594578));
#15660=CARTESIAN_POINT('',(-3.48012741447023,17.,13.7984805864172));
#15670=CARTESIAN_POINT('',(-1.74060449615966,17.,13.6909830056252));
#15680=CARTESIAN_POINT('',(1.74060449615965,17.,13.6909830056252));
#15690=CARTESIAN_POINT('',(3.48012803821163,17.,13.7984806598399));
#15700=CARTESIAN_POINT('',(6.93825922795944,17.,14.2055489327896));
#15710=CARTESIAN_POINT('',(8.65558741526482,17.,14.5040944797504));
#15720=CARTESIAN_POINT('',(11.1683674297844,17.,15.0493150837134));
#15730=CARTESIAN_POINT('',(11.9765646984049,17.,15.2410365686445));
#15740=CARTESIAN_POINT('',(12.781069123875,17.,15.4461905243229));
#15750=B_SPLINE_CURVE_WITH_KNOTS('',3,(#15610,#15620,#15630,#15640,
#15650,#15660,#15670,#15680,#15690,#15700,#15710,#15720,#15730,#15740),
.UNSPECIFIED.,.F.,.F.,(4,2,2,2,2,2,4),(7.97152613874487,10.4560077220738
,15.6568065328345,20.8508094188374,26.0448123048402,31.2456148655433,
33.730102876011),.UNSPECIFIED.);
#15760=EDGE_CURVE('',#15580,#15250,#15750,.T.);
#15770=ORIENTED_EDGE('',*,*,#15760,.F.);
#15780=EDGE_LOOP('',(#15770,#15600,#15480,#15290));
#15790=FACE_OUTER_BOUND('',#15780,.T.);
#15800=ADVANCED_FACE('',(#15790),#15150,.F.);
#15810=CARTESIAN_POINT('',(-13.7976229251895,8.6333557869523,16.));
#15820=DIRECTION('',(-0.,1.,0.));
#15830=DIRECTION('',(1.,0.,0.));
#15840=AXIS2_PLACEMENT_3D('',#15810,#15820,#15830);
#15850=PLANE('',#15840);
#15860=CARTESIAN_POINT('',(-13.9546609577705,8.6333557869523,16.));
#15870=DIRECTION('',(0.,0.,-1.));
#15880=VECTOR('',#15870,1.);
#15890=LINE('',#15860,#15880);
#15900=CARTESIAN_POINT('',(-13.9546609577705,8.6333557869523,16.));
#15910=VERTEX_POINT('',#15900);
#15920=CARTESIAN_POINT('',(-13.9546609577705,8.6333557869523,15.8));
#15930=VERTEX_POINT('',#15920);
#15940=EDGE_CURVE('',#15910,#15930,#15890,.T.);
#15950=ORIENTED_EDGE('',*,*,#15940,.F.);
#15960=CARTESIAN_POINT('',(-7.2108618527965,8.6333557869523,15.8));
#15970=DIRECTION('',(-1.,0.,0.));
#15980=VECTOR('',#15970,1.);
#15990=LINE('',#15960,#15980);
#16000=CARTESIAN_POINT('',(-13.7976229251895,8.6333557869523,15.8));
#16010=VERTEX_POINT('',#16000);
#16020=EDGE_CURVE('',#16010,#15930,#15990,.T.);
#16030=ORIENTED_EDGE('',*,*,#16020,.T.);
#16040=CARTESIAN_POINT('',(-13.7976229251895,8.6333557869523,16.));
#16050=DIRECTION('',(0.,0.,-1.));
#16060=VECTOR('',#16050,1.);
#16070=LINE('',#16040,#16060);
#16080=CARTESIAN_POINT('',(-13.7976229251895,8.6333557869523,16.));
#16090=VERTEX_POINT('',#16080);
#16100=EDGE_CURVE('',#16090,#16010,#16070,.T.);
#16110=ORIENTED_EDGE('',*,*,#16100,.T.);
#16120=CARTESIAN_POINT('',(0.,8.6333557869523,16.));
#16130=DIRECTION('',(-1.,0.,0.));
#16140=VECTOR('',#16130,1.);
#16150=LINE('',#16120,#16140);
#16160=EDGE_CURVE('',#16090,#15910,#16150,.T.);
#16170=ORIENTED_EDGE('',*,*,#16160,.F.);
#16180=EDGE_LOOP('',(#16170,#16110,#16030,#15950));
#16190=FACE_OUTER_BOUND('',#16180,.T.);
#16200=ADVANCED_FACE('',(#16190),#15850,.T.);
#16210=CARTESIAN_POINT('',(18.5,-13.7619998726029,2.61177143234622));
#16220=DIRECTION('',(0.,0.965925826289069,0.25881904510252));
#16230=DIRECTION('',(0.,0.25881904510252,-0.965925826289069));
#16240=AXIS2_PLACEMENT_3D('',#16210,#16220,#16230);
#16250=PLANE('',#16240);
#16260=CARTESIAN_POINT('',(18.5,-13.0621778264911,0.));
#16270=DIRECTION('',(0.,-0.25881904510252,0.965925826289069));
#16280=VECTOR('',#16270,1.);
#16290=LINE('',#16260,#16280);
#16300=CARTESIAN_POINT('',(18.5,-13.7619998726029,2.61177143234622));
#16310=VERTEX_POINT('',#16300);
#16320=CARTESIAN_POINT('',(18.5,-13.920560464676,3.20352761804101));
#16330=VERTEX_POINT('',#16320);
#16340=EDGE_CURVE('',#16310,#16330,#16290,.T.);
#16350=ORIENTED_EDGE('',*,*,#16340,.T.);
#16360=CARTESIAN_POINT('',(18.5,-13.7619998726029,2.61177143234622));
#16370=DIRECTION('',(-1.,0.,0.));
#16380=VECTOR('',#16370,1.);
#16390=LINE('',#16360,#16380);
#16400=CARTESIAN_POINT('',(17.7077514532779,-13.7619998726029,
2.61177143234622));
#16410=VERTEX_POINT('',#16400);
#16420=EDGE_CURVE('',#16310,#16410,#16390,.T.);
#16430=ORIENTED_EDGE('',*,*,#16420,.F.);
#16440=CARTESIAN_POINT('',(17.7305440372677,-13.0621778264911,0.));
#16450=DIRECTION('',(-0.00842920751166139,-0.258809850193415,
0.965891510421118));
#16460=VECTOR('',#16450,1.);
#16470=LINE('',#16440,#16460);
#16480=CARTESIAN_POINT('',(17.702587275281,-13.920560464676,
3.20352761804101));
#16490=VERTEX_POINT('',#16480);
#16500=EDGE_CURVE('',#16410,#16490,#16470,.T.);
#16510=ORIENTED_EDGE('',*,*,#16500,.F.);
#16520=CARTESIAN_POINT('',(0.,-13.920560464676,3.20352761804101));
#16530=DIRECTION('',(1.,0.,0.));
#16540=VECTOR('',#16530,1.);
#16550=LINE('',#16520,#16540);
#16560=EDGE_CURVE('',#16490,#16330,#16550,.T.);
#16570=ORIENTED_EDGE('',*,*,#16560,.F.);
#16580=EDGE_LOOP('',(#16570,#16510,#16430,#16350));
#16590=FACE_OUTER_BOUND('',#16580,.T.);
#16600=ADVANCED_FACE('',(#16590),#16250,.F.);
#16610=CARTESIAN_POINT('',(0.849999647697355,-15.4,7.15));
#16620=DIRECTION('',(-0.,-1.,-0.));
#16630=DIRECTION('',(-1.,0.,0.));
#16640=AXIS2_PLACEMENT_3D('',#16610,#16620,#16630);
#16650=PLANE('',#16640);
#16660=CARTESIAN_POINT('',(-8.61171276784324,-15.4,0.));
#16670=DIRECTION('',(-0.0174524064372835,0.,-0.999847695156391));
#16680=VECTOR('',#16670,1.);
#16690=LINE('',#16660,#16680);
#16700=CARTESIAN_POINT('',(-8.48603630036007,-15.4,7.2));
#16710=VERTEX_POINT('',#16700);
#16720=CARTESIAN_POINT('',(-8.50000035230265,-15.4,6.4));
#16730=VERTEX_POINT('',#16720);
#16740=EDGE_CURVE('',#16710,#16730,#16690,.T.);
#16750=ORIENTED_EDGE('',*,*,#16740,.F.);
#16760=CARTESIAN_POINT('',(0.,-15.4,6.4));
#16770=DIRECTION('',(-1.,0.,0.));
#16780=VECTOR('',#16770,1.);
#16790=LINE('',#16760,#16780);
#16800=EDGE_CURVE('',#16730,#12750,#16790,.T.);
#16810=ORIENTED_EDGE('',*,*,#16800,.F.);
#16820=ORIENTED_EDGE('',*,*,#12780,.F.);
#16830=CARTESIAN_POINT('',(0.,-15.4,7.2));
#16840=DIRECTION('',(-1.,0.,0.));
#16850=VECTOR('',#16840,1.);
#16860=LINE('',#16830,#16850);
#16870=EDGE_CURVE('',#16710,#12770,#16860,.T.);
#16880=ORIENTED_EDGE('',*,*,#16870,.T.);
#16890=EDGE_LOOP('',(#16880,#16820,#16810,#16750));
#16900=FACE_OUTER_BOUND('',#16890,.T.);
#16910=ADVANCED_FACE('',(#16900),#16650,.T.);
#16920=CARTESIAN_POINT('',(0.,8.68688886683068,3.));
#16930=DIRECTION('',(-1.,0.,0.));
#16940=DIRECTION('',(0.,1.,0.));
#16950=AXIS2_PLACEMENT_3D('',#16920,#16930,#16940);
#16960=CYLINDRICAL_SURFACE('',#16950,1.5);
#16970=ORIENTED_EDGE('',*,*,#9590,.F.);
#16980=CARTESIAN_POINT('',(0.,7.23800012739708,2.61177143234622));
#16990=DIRECTION('',(-1.,0.,0.));
#17000=VECTOR('',#16990,1.);
#17010=LINE('',#16980,#17000);
#17020=CARTESIAN_POINT('',(-17.7077514532779,7.23800012739708,
2.61177143234622));
#17030=VERTEX_POINT('',#17020);
#17040=EDGE_CURVE('',#17030,#9490,#17010,.T.);
#17050=ORIENTED_EDGE('',*,*,#17040,.T.);
#17060=CARTESIAN_POINT('',(-17.7043634338954,8.68688886683068,3.));
#17070=DIRECTION('',(0.999961923064171,0.,-0.00872653549837393));
#17080=DIRECTION('',(-0.00872653549837393,0.,-0.999961923064171));
#17090=AXIS2_PLACEMENT_3D('',#17060,#17070,#17080);
#17100=ELLIPSE('',#17090,1.50005711757861,1.5);
#17110=CARTESIAN_POINT('',(-17.7174537355815,8.68688886683068,1.5));
#17120=VERTEX_POINT('',#17110);
#17130=EDGE_CURVE('',#17030,#17120,#17100,.T.);
#17140=ORIENTED_EDGE('',*,*,#17130,.F.);
#17150=CARTESIAN_POINT('',(0.,8.68688886683068,1.5));
#17160=DIRECTION('',(-1.,0.,0.));
#17170=VECTOR('',#17160,1.);
#17180=LINE('',#17150,#17170);
#17190=EDGE_CURVE('',#17120,#9580,#17180,.T.);
#17200=ORIENTED_EDGE('',*,*,#17190,.F.);
#17210=EDGE_LOOP('',(#17200,#17140,#17050,#16970));
#17220=FACE_OUTER_BOUND('',#17210,.T.);
#17230=ADVANCED_FACE('',(#17220),#16960,.T.);
#17240=CARTESIAN_POINT('',(-15.2229329737149,11.1172075905348,16.));
#17250=DIRECTION('',(-0.984811369974542,0.17362766360481,0.));
#17260=DIRECTION('',(0.17362766360481,0.984811369974542,0.));
#17270=AXIS2_PLACEMENT_3D('',#17240,#17250,#17260);
#17280=PLANE('',#17270);
#17290=CARTESIAN_POINT('',(-15.2502014731532,10.9625414058299,16.));
#17300=DIRECTION('',(0.,0.,-1.));
#17310=VECTOR('',#17300,1.);
#17320=LINE('',#17290,#17310);
#17330=CARTESIAN_POINT('',(-15.2502014731532,10.9625414058299,16.));
#17340=VERTEX_POINT('',#17330);
#17350=CARTESIAN_POINT('',(-15.2502014731532,10.9625414058299,15.8));
#17360=VERTEX_POINT('',#17350);
#17370=EDGE_CURVE('',#17340,#17360,#17320,.T.);
#17380=ORIENTED_EDGE('',*,*,#17370,.F.);
#17390=CARTESIAN_POINT('',(-17.1120876179717,0.401973999999999,15.8));
#17400=DIRECTION('',(0.17362766360481,0.984811369974542,0.));
#17410=VECTOR('',#17400,1.);
#17420=LINE('',#17390,#17410);
#17430=CARTESIAN_POINT('',(-15.2229329737149,11.1172075905348,15.8));
#17440=VERTEX_POINT('',#17430);
#17450=EDGE_CURVE('',#17360,#17440,#17420,.T.);
#17460=ORIENTED_EDGE('',*,*,#17450,.F.);
#17470=CARTESIAN_POINT('',(-15.2229329737149,11.1172075905348,16.));
#17480=DIRECTION('',(0.,0.,-1.));
#17490=VECTOR('',#17480,1.);
#17500=LINE('',#17470,#17490);
#17510=CARTESIAN_POINT('',(-15.2229329737149,11.1172075905348,16.));
#17520=VERTEX_POINT('',#17510);
#17530=EDGE_CURVE('',#17520,#17440,#17500,.T.);
#17540=ORIENTED_EDGE('',*,*,#17530,.T.);
#17550=CARTESIAN_POINT('',(-17.1829578460964,0.,16.));
#17560=DIRECTION('',(-0.17362766360481,-0.984811369974542,0.));
#17570=VECTOR('',#17560,1.);
#17580=LINE('',#17550,#17570);
#17590=EDGE_CURVE('',#17520,#17340,#17580,.T.);
#17600=ORIENTED_EDGE('',*,*,#17590,.F.);
#17610=EDGE_LOOP('',(#17600,#17540,#17460,#17380));
#17620=FACE_OUTER_BOUND('',#17610,.T.);
#17630=ADVANCED_FACE('',(#17620),#17280,.T.);
#17640=CARTESIAN_POINT('',(18.5,-12.3131111331693,3.));
#17650=DIRECTION('',(-1.,0.,0.));
#17660=DIRECTION('',(0.,-1.,0.));
#17670=AXIS2_PLACEMENT_3D('',#17640,#17650,#17660);
#17680=CYLINDRICAL_SURFACE('',#17670,1.5);
#17690=CARTESIAN_POINT('',(18.5,-12.3131111331693,3.));
#17700=DIRECTION('',(-1.,0.,0.));
#17710=DIRECTION('',(0.,-1.,0.));
#17720=AXIS2_PLACEMENT_3D('',#17690,#17700,#17710);
#17730=CIRCLE('',#17720,1.5);
#17740=EDGE_CURVE('',#14390,#16310,#17730,.T.);
#17750=ORIENTED_EDGE('',*,*,#17740,.T.);
#17760=ORIENTED_EDGE('',*,*,#14400,.F.);
#17770=CARTESIAN_POINT('',(17.7043634338954,-12.3131111331693,3.));
#17780=DIRECTION('',(-0.999961923064171,0.,-0.00872653549837394));
#17790=DIRECTION('',(-0.00872653549837394,0.,0.999961923064171));
#17800=AXIS2_PLACEMENT_3D('',#17770,#17780,#17790);
#17810=ELLIPSE('',#17800,1.50005711757861,1.5);
#17820=EDGE_CURVE('',#14310,#16410,#17810,.T.);
#17830=ORIENTED_EDGE('',*,*,#17820,.F.);
#17840=ORIENTED_EDGE('',*,*,#16420,.T.);
#17850=EDGE_LOOP('',(#17840,#17830,#17760,#17750));
#17860=FACE_OUTER_BOUND('',#17850,.T.);
#17870=ADVANCED_FACE('',(#17860),#17680,.T.);
#17880=CARTESIAN_POINT('',(0.,-16.0000000000004,7.2));
#17890=DIRECTION('',(0.,-0.999961923064171,0.00872653549837393));
#17900=DIRECTION('',(-1.,0.,0.));
#17910=AXIS2_PLACEMENT_3D('',#17880,#17890,#17900);
#17920=PLANE('',#17910);
#17930=CARTESIAN_POINT('',(16.,-16.0628334480939,0.));
#17940=DIRECTION('',(0.,-0.00872653549837393,-0.999961923064171));
#17950=VECTOR('',#17940,1.);
#17960=LINE('',#17930,#17950);
#17970=CARTESIAN_POINT('',(16.,-15.9275289196763,15.5043632677492));
#17980=VERTEX_POINT('',#17970);
#17990=CARTESIAN_POINT('',(16.,-16.0000000000004,7.2));
#18000=VERTEX_POINT('',#17990);
#18010=EDGE_CURVE('',#17980,#18000,#17960,.T.);
#18020=ORIENTED_EDGE('',*,*,#18010,.F.);
#18030=CARTESIAN_POINT('',(0.,-16.0000000000004,7.2));
#18040=DIRECTION('',(1.,0.,0.));
#18050=VECTOR('',#18040,1.);
#18060=LINE('',#18030,#18050);
#18070=CARTESIAN_POINT('',(15.8060912165109,-16.,7.2));
#18080=VERTEX_POINT('',#18070);
#18090=EDGE_CURVE('',#18080,#18000,#18060,.T.);
#18100=ORIENTED_EDGE('',*,*,#18090,.T.);
#18110=CARTESIAN_POINT('',(0.,-16.,7.2));
#18120=DIRECTION('',(-1.,0.,0.));
#18130=VECTOR('',#18120,1.);
#18140=LINE('',#18110,#18130);
#18150=EDGE_CURVE('',#18080,#1110,#18140,.T.);
#18160=ORIENTED_EDGE('',*,*,#18150,.F.);
#18170=CARTESIAN_POINT('',(13.5860355957548,-16.,7.2));
#18180=VERTEX_POINT('',#18170);
#18190=EDGE_CURVE('',#18180,#1110,#18060,.T.);
#18200=ORIENTED_EDGE('',*,*,#18190,.T.);
#18210=CARTESIAN_POINT('',(1.71396369963993,-16.,7.2));
#18220=VERTEX_POINT('',#18210);
#18230=EDGE_CURVE('',#18180,#18220,#18140,.T.);
#18240=ORIENTED_EDGE('',*,*,#18230,.F.);
#18250=CARTESIAN_POINT('',(0.886035595754781,-16.0000000000004,7.2));
#18260=VERTEX_POINT('',#18250);
#18270=EDGE_CURVE('',#18260,#18220,#18060,.T.);
#18280=ORIENTED_EDGE('',*,*,#18270,.T.);
#18290=CARTESIAN_POINT('',(0.,-16.0000000000004,7.2));
#18300=DIRECTION('',(-1.,0.,0.));
#18310=VECTOR('',#18300,1.);
#18320=LINE('',#18290,#18310);
#18330=CARTESIAN_POINT('',(-8.48603630036007,-16.0000000000004,7.2));
#18340=VERTEX_POINT('',#18330);
#18350=EDGE_CURVE('',#18260,#18340,#18320,.T.);
#18360=ORIENTED_EDGE('',*,*,#18350,.F.);
#18370=EDGE_CURVE('',#12930,#18340,#18060,.T.);
#18380=ORIENTED_EDGE('',*,*,#18370,.T.);
#18390=CARTESIAN_POINT('',(-10.9860363003601,-16.,7.2));
#18400=VERTEX_POINT('',#18390);
#18410=EDGE_CURVE('',#12930,#18400,#18140,.T.);
#18420=ORIENTED_EDGE('',*,*,#18410,.F.);
#18430=EDGE_CURVE('',#3130,#18400,#18060,.T.);
#18440=ORIENTED_EDGE('',*,*,#18430,.T.);
#18450=CARTESIAN_POINT('',(-13.5860363003601,-16.0000000000004,7.2));
#18460=VERTEX_POINT('',#18450);
#18470=EDGE_CURVE('',#3130,#18460,#18140,.T.);
#18480=ORIENTED_EDGE('',*,*,#18470,.F.);
#18490=CARTESIAN_POINT('',(-14.4139644042452,-16.,7.2));
#18500=VERTEX_POINT('',#18490);
#18510=EDGE_CURVE('',#18500,#18460,#18060,.T.);
#18520=ORIENTED_EDGE('',*,*,#18510,.T.);
#18530=CARTESIAN_POINT('',(-15.8060912166527,-16.,7.2));
#18540=VERTEX_POINT('',#18530);
#18550=EDGE_CURVE('',#18500,#18540,#18140,.T.);
#18560=ORIENTED_EDGE('',*,*,#18550,.F.);
#18570=CARTESIAN_POINT('',(-16.,-16.0000000000004,7.2));
#18580=VERTEX_POINT('',#18570);
#18590=EDGE_CURVE('',#18580,#18540,#18060,.T.);
#18600=ORIENTED_EDGE('',*,*,#18590,.T.);
#18610=CARTESIAN_POINT('',(-16.,-16.0628334480939,0.));
#18620=DIRECTION('',(0.,0.00872653549837393,0.999961923064171));
#18630=VECTOR('',#18620,1.);
#18640=LINE('',#18610,#18630);
#18650=CARTESIAN_POINT('',(-16.,-15.9275289196763,15.5043632677492));
#18660=VERTEX_POINT('',#18650);
#18670=EDGE_CURVE('',#18580,#18660,#18640,.T.);
#18680=ORIENTED_EDGE('',*,*,#18670,.F.);
#18690=CARTESIAN_POINT('',(0.,-15.9275289196763,15.5043632677492));
#18700=DIRECTION('',(1.,0.,0.));
#18710=VECTOR('',#18700,1.);
#18720=LINE('',#18690,#18710);
#18730=EDGE_CURVE('',#18660,#17980,#18720,.T.);
#18740=ORIENTED_EDGE('',*,*,#18730,.F.);
#18750=EDGE_LOOP('',(#18740,#18680,#18600,#18560,#18520,#18480,#18440,
#18420,#18380,#18360,#18280,#18240,#18200,#18160,#18100,#18020));
#18760=FACE_OUTER_BOUND('',#18750,.T.);
#18770=ADVANCED_FACE('',(#18760),#17920,.T.);
#18780=CARTESIAN_POINT('',(-12.7190677347857,10.04128778666,16.));
#18790=DIRECTION('',(0.865986672364705,-0.500067078787142,0.));
#18800=DIRECTION('',(-0.500067078787142,-0.865986672364705,0.));
#18810=AXIS2_PLACEMENT_3D('',#18780,#18790,#18800);
#18820=PLANE('',#18810);
#18830=CARTESIAN_POINT('',(-12.6405332162215,10.1772892338301,16.));
#18840=DIRECTION('',(0.,0.,-1.));
#18850=VECTOR('',#18840,1.);
#18860=LINE('',#18830,#18850);
#18870=CARTESIAN_POINT('',(-12.6405332162215,10.1772892338301,16.));
#18880=VERTEX_POINT('',#18870);
#18890=CARTESIAN_POINT('',(-12.6405332162215,10.1772892338301,15.8));
#18900=VERTEX_POINT('',#18890);
#18910=EDGE_CURVE('',#18880,#18900,#18860,.T.);
#18920=ORIENTED_EDGE('',*,*,#18910,.F.);
#18930=CARTESIAN_POINT('',(-18.2853237068841,0.401973999999999,15.8));
#18940=DIRECTION('',(-0.500067078787142,-0.865986672364705,0.));
#18950=VECTOR('',#18940,1.);
#18960=LINE('',#18930,#18950);
#18970=CARTESIAN_POINT('',(-12.7190677347857,10.04128778666,15.8));
#18980=VERTEX_POINT('',#18970);
#18990=EDGE_CURVE('',#18900,#18980,#18960,.T.);
#19000=ORIENTED_EDGE('',*,*,#18990,.F.);
#19010=CARTESIAN_POINT('',(-12.7190677347857,10.04128778666,16.));
#19020=DIRECTION('',(0.,0.,-1.));
#19030=VECTOR('',#19020,1.);
#19040=LINE('',#19010,#19030);
#19050=CARTESIAN_POINT('',(-12.7190677347857,10.04128778666,16.));
#19060=VERTEX_POINT('',#19050);
#19070=EDGE_CURVE('',#19060,#18980,#19040,.T.);
#19080=ORIENTED_EDGE('',*,*,#19070,.T.);
#19090=CARTESIAN_POINT('',(-18.5174450204599,0.,16.));
#19100=DIRECTION('',(0.500067078787142,0.865986672364705,0.));
#19110=VECTOR('',#19100,1.);
#19120=LINE('',#19090,#19110);
#19130=EDGE_CURVE('',#19060,#18880,#19120,.T.);
#19140=ORIENTED_EDGE('',*,*,#19130,.F.);
#19150=EDGE_LOOP('',(#19140,#19080,#19000,#18920));
#19160=FACE_OUTER_BOUND('',#19150,.T.);
#19170=ADVANCED_FACE('',(#19160),#18820,.T.);
#19180=CARTESIAN_POINT('',(2.42986186727023E-13,-8.95,7.2));
#19190=DIRECTION('',(0.,0.,-1.));
#19200=DIRECTION('',(1.,0.,0.));
#19210=AXIS2_PLACEMENT_3D('',#19180,#19190,#19200);
#19220=PLANE('',#19210);
#19230=ORIENTED_EDGE('',*,*,#18430,.F.);
#19240=CARTESIAN_POINT('',(-10.9860363003601,0.,7.2));
#19250=DIRECTION('',(0.,1.,0.));
#19260=VECTOR('',#19250,1.);
#19270=LINE('',#19240,#19260);
#19280=CARTESIAN_POINT('',(-10.9860363003601,-15.4,7.2));
#19290=VERTEX_POINT('',#19280);
#19300=EDGE_CURVE('',#18400,#19290,#19270,.T.);
#19310=ORIENTED_EDGE('',*,*,#19300,.F.);
#19320=CARTESIAN_POINT('',(0.,-15.4,7.2));
#19330=DIRECTION('',(-1.,0.,0.));
#19340=VECTOR('',#19330,1.);
#19350=LINE('',#19320,#19340);
#19360=EDGE_CURVE('',#19290,#2970,#19350,.T.);
#19370=ORIENTED_EDGE('',*,*,#19360,.F.);
#19380=ORIENTED_EDGE('',*,*,#3200,.F.);
#19390=EDGE_LOOP('',(#19380,#19370,#19310,#19230));
#19400=FACE_OUTER_BOUND('',#19390,.T.);
#19410=ADVANCED_FACE('',(#19400),#19220,.T.);
#19420=CARTESIAN_POINT('',(-18.5026180603372,10.8922635910859,15.5));
#19430=CARTESIAN_POINT('',(-18.5026180603372,10.8301325213639,15.5));
#19440=CARTESIAN_POINT('',(-18.5026180603385,10.767993233641,
15.4964216494929));
#19450=CARTESIAN_POINT('',(-18.5026180603349,10.7061129634821,
15.4892651487648));
#19460=CARTESIAN_POINT('',(-18.5026180603386,10.644758946461,
15.4785306981078));
#19470=CARTESIAN_POINT('',(-18.5026180603372,10.5841984181397,
15.4642184978059));
#19480=CARTESIAN_POINT('',(-18.5026180603372,10.5246986140894,
15.4463287481495));
#19490=CARTESIAN_POINT('',(-18.5026180603372,10.8922635910859,
15.6308996938996));
#19500=CARTESIAN_POINT('',(-18.5026180603372,10.8276030972159,
15.625280381481));
#19510=CARTESIAN_POINT('',(-18.5026180603385,10.7582664717898,
15.6157710218704));
#19520=CARTESIAN_POINT('',(-18.5026180603349,10.6870958996841,
15.6014429106678));
#19530=CARTESIAN_POINT('',(-18.5026180603386,10.6170889351149,
15.5823465180151));
#19540=CARTESIAN_POINT('',(-18.5026180603372,10.5510859414753,
15.5595052051738));
#19550=CARTESIAN_POINT('',(-18.5026180603372,10.4913590760662,
15.5348951688424));
#19560=CARTESIAN_POINT('',(-18.4615047450545,10.8922635910861,
15.7617873809111));
#19570=CARTESIAN_POINT('',(-18.4650290284335,10.8229751849016,
15.751053980336));
#19580=CARTESIAN_POINT('',(-18.468571340539,10.7471105047628,
15.7363279595782));
#19590=CARTESIAN_POINT('',(-18.4718825554884,10.6687789614308,
15.715483495624));
#19600=CARTESIAN_POINT('',(-18.4754015183726,10.5917451127741,
15.6905466393746));
#19610=CARTESIAN_POINT('',(-18.4783318028667,10.5204998302498,
15.6606155849876));
#19620=CARTESIAN_POINT('',(-18.4812781328207,10.4577867364284,
15.6301660682365));
#19630=CARTESIAN_POINT('',(-18.3792134259863,10.8922635910857,
15.8765953656495));
#19640=CARTESIAN_POINT('',(-18.3891764433035,10.8173851318562,
15.8633037234143));
#19650=CARTESIAN_POINT('',(-18.3989301073392,10.7360706606046,
15.8462055779772));
#19660=CARTESIAN_POINT('',(-18.4079373070949,10.652639588871,
15.8219543273451));
#19670=CARTESIAN_POINT('',(-18.4172082951115,10.5703550257782,
15.7947889916542));
#19680=CARTESIAN_POINT('',(-18.4249746109751,10.4943955646034,
15.7606161234188));
#19690=CARTESIAN_POINT('',(-18.4326222081187,10.4270288606809,
15.7257323781972));
#19700=CARTESIAN_POINT('',(-18.2644054412484,10.892263591086,
15.9588866847169));
#19710=CARTESIAN_POINT('',(-18.2821251335555,10.811969285517,
15.9460865401436));
#19720=CARTESIAN_POINT('',(-18.2989930683337,10.7275206379249,
15.9285609835047));
#19730=CARTESIAN_POINT('',(-18.3144259278305,10.6421939257409,
15.9030082648169));
#19740=CARTESIAN_POINT('',(-18.3299020226655,10.5577308114315,
15.8754745772872));
#19750=CARTESIAN_POINT('',(-18.3431964400596,10.4785482492715,
15.8401349485817));
#19760=CARTESIAN_POINT('',(-18.3562950216298,10.4056301107024,
15.8042709105917));
#19770=CARTESIAN_POINT('',(-18.1335177542368,10.8922635910859,16.));
#19780=CARTESIAN_POINT('',(-18.1588639114556,10.8078639933188,
15.9919575183831));
#19790=CARTESIAN_POINT('',(-18.1837783933285,10.7220063736021,
15.9780912504396));
#19800=CARTESIAN_POINT('',(-18.2073718316287,10.6365458597323,
15.9558996566358));
#19810=CARTESIAN_POINT('',(-18.2304690742559,10.5520021532431,
15.9303875585396));
#19820=CARTESIAN_POINT('',(-18.2508132676061,10.4711656631491,
15.8963856031946));
#19830=CARTESIAN_POINT('',(-18.2696686932572,10.3941393053371,
15.8593671673044));
#19840=CARTESIAN_POINT('',(-18.0026180603372,10.8922635910859,16.));
#19850=CARTESIAN_POINT('',(-18.0335653684386,10.8062056026979,16.));
#19860=CARTESIAN_POINT('',(-18.0648914225051,10.7204992311461,
15.9926767797215));
#19870=CARTESIAN_POINT('',(-18.0959702087437,10.635633326186,
15.9781091233385));
#19880=CARTESIAN_POINT('',(-18.1261642908207,10.552082365531,
15.9565042148945));
#19890=CARTESIAN_POINT('',(-18.1548491863749,10.4702875289998,
15.9281975198348));
#19900=CARTESIAN_POINT('',(-18.1814369326112,10.3906420180144,
15.8936392674571));
#19910=B_SPLINE_SURFACE_WITH_KNOTS('',6,6,((#19420,#19490,#19560,#19630,
#19700,#19770,#19840),(#19430,#19500,#19570,#19640,#19710,#19780,#19850)
,(#19440,#19510,#19580,#19650,#19720,#19790,#19860),(#19450,#19520,
#19590,#19660,#19730,#19800,#19870),(#19460,#19530,#19600,#19670,#19740,
#19810,#19880),(#19470,#19540,#19610,#19680,#19750,#19820,#19890),(
#19480,#19550,#19620,#19690,#19760,#19830,#19900)),.UNSPECIFIED.,.F.,.F.
,.F.,(7,7),(7,7),(0.,1.),(0.,1.),.UNSPECIFIED.);
#19920=CARTESIAN_POINT('',(-18.0026180603372,10.8922635910859,16.));
#19930=CARTESIAN_POINT('',(-18.1335177542368,10.8922635910859,16.));
#19940=CARTESIAN_POINT('',(-18.2644054412484,10.892263591086,
15.9588866847169));
#19950=CARTESIAN_POINT('',(-18.3792134259863,10.8922635910857,
15.8765953656495));
#19960=CARTESIAN_POINT('',(-18.4615047450545,10.8922635910861,
15.7617873809111));
#19970=CARTESIAN_POINT('',(-18.5026180603372,10.8922635910859,
15.6308996938996));
#19980=CARTESIAN_POINT('',(-18.5026180603372,10.8922635910859,15.5));
#19990=B_SPLINE_CURVE_WITH_KNOTS('',6,(#19920,#19930,#19940,#19950,
#19960,#19970,#19980),.UNSPECIFIED.,.F.,.F.,(7,7),(0.,1.),.UNSPECIFIED.)
;
#20000=CARTESIAN_POINT('',(-18.0026180603372,10.8922635910859,16.));
#20010=VERTEX_POINT('',#20000);
#20020=EDGE_CURVE('',#20010,#10240,#19990,.T.);
#20030=ORIENTED_EDGE('',*,*,#20020,.T.);
#20040=CARTESIAN_POINT('',(-18.1817523780303,10.3904051172187,
15.8944271909999));
#20050=CARTESIAN_POINT('',(-18.1551646317941,10.4700506282041,
15.9289854433776));
#20060=CARTESIAN_POINT('',(-18.1264166471561,10.5518928448944,
15.9571345537287));
#20070=CARTESIAN_POINT('',(-18.0961279314533,10.6355148757881,
15.9785030851099));
#20080=CARTESIAN_POINT('',(-18.0649545115889,10.720451850987,
15.9928343644301));
#20090=CARTESIAN_POINT('',(-18.0335653684386,10.8062056026979,16.));
#20100=CARTESIAN_POINT('',(-18.0026180603372,10.8922635910859,16.));
#20110=B_SPLINE_CURVE_WITH_KNOTS('',6,(#20040,#20050,#20060,#20070,
#20080,#20090,#20100),.UNSPECIFIED.,.F.,.F.,(7,7),(0.,1.),.UNSPECIFIED.)
;
#20120=EDGE_CURVE('',#1420,#20010,#20110,.T.);
#20130=ORIENTED_EDGE('',*,*,#20120,.T.);
#20140=CARTESIAN_POINT('',(-18.5026180603372,10.5246986140894,
15.4463287481495));
#20150=CARTESIAN_POINT('',(-18.5026180603372,10.4913590760662,
15.5348951688424));
#20160=CARTESIAN_POINT('',(-18.4812781328207,10.4577867364284,
15.6301660682365));
#20170=CARTESIAN_POINT('',(-18.4326222081187,10.4270288606809,
15.7257323781972));
#20180=CARTESIAN_POINT('',(-18.3562950216298,10.4056301107024,
15.8042709105917));
#20190=CARTESIAN_POINT('',(-18.2696686932572,10.3941393053371,
15.8593671673044));
#20200=CARTESIAN_POINT('',(-18.1814369326112,10.3906420180144,
15.8936392674571));
#20210=B_SPLINE_CURVE_WITH_KNOTS('',6,(#20140,#20150,#20160,#20170,
#20180,#20190,#20200),.UNSPECIFIED.,.F.,.F.,(7,7),(0.,1.),.UNSPECIFIED.)
;
#20220=EDGE_CURVE('',#8080,#1420,#20210,.T.);
#20230=ORIENTED_EDGE('',*,*,#20220,.T.);
#20240=ORIENTED_EDGE('',*,*,#10350,.T.);
#20250=EDGE_LOOP('',(#20240,#20230,#20130,#20030));
#20260=FACE_OUTER_BOUND('',#20250,.T.);
#20270=ADVANCED_FACE('',(#20260),#19910,.T.);
#20280=CARTESIAN_POINT('',(15.2249998238487,-15.3504363433895,3.5));
#20290=DIRECTION('',(0.,0.,1.));
#20300=DIRECTION('',(1.,0.,0.));
#20310=AXIS2_PLACEMENT_3D('',#20280,#20290,#20300);
#20320=PLANE('',#20310);
#20330=CARTESIAN_POINT('',(18.5276,-14.4836634939895,3.5));
#20340=DIRECTION('',(-1.,0.,0.));
#20350=VECTOR('',#20340,1.);
#20360=LINE('',#20330,#20350);
#20370=CARTESIAN_POINT('',(18.5,-14.4836634939895,3.5));
#20380=VERTEX_POINT('',#20370);
#20390=CARTESIAN_POINT('',(17.7,-14.4836634939895,3.5));
#20400=VERTEX_POINT('',#20390);
#20410=EDGE_CURVE('',#20380,#20400,#20360,.T.);
#20420=ORIENTED_EDGE('',*,*,#20410,.T.);
#20430=CARTESIAN_POINT('',(18.5,0.,3.5));
#20440=DIRECTION('',(0.,-1.,0.));
#20450=VECTOR('',#20440,1.);
#20460=LINE('',#20430,#20450);
#20470=CARTESIAN_POINT('',(18.5,-14.3069307951916,3.5));
#20480=VERTEX_POINT('',#20470);
#20490=EDGE_CURVE('',#20480,#20380,#20460,.T.);
#20500=ORIENTED_EDGE('',*,*,#20490,.T.);
#20510=CARTESIAN_POINT('',(0.,-14.3069307951916,3.5));
#20520=DIRECTION('',(1.,0.,0.));
#20530=VECTOR('',#20520,1.);
#20540=LINE('',#20510,#20530);
#20550=CARTESIAN_POINT('',(17.7,-14.3069307951916,3.5));
#20560=VERTEX_POINT('',#20550);
#20570=EDGE_CURVE('',#20560,#20480,#20540,.T.);
#20580=ORIENTED_EDGE('',*,*,#20570,.T.);
#20590=CARTESIAN_POINT('',(17.7,0.,3.5));
#20600=DIRECTION('',(0.,1.,0.));
#20610=VECTOR('',#20600,1.);
#20620=LINE('',#20590,#20610);
#20630=EDGE_CURVE('',#20400,#20560,#20620,.T.);
#20640=ORIENTED_EDGE('',*,*,#20630,.T.);
#20650=EDGE_LOOP('',(#20640,#20580,#20500,#20420));
#20660=FACE_OUTER_BOUND('',#20650,.T.);
#20670=ADVANCED_FACE('',(#20660),#20320,.F.);
#20680=CARTESIAN_POINT('',(-13.9546609577705,9.4185769544047,16.));
#20690=DIRECTION('',(-0.,-1.,-0.));
#20700=DIRECTION('',(-1.,0.,0.));
#20710=AXIS2_PLACEMENT_3D('',#20680,#20690,#20700);
#20720=PLANE('',#20710);
#20730=CARTESIAN_POINT('',(-13.7976229251895,9.4185769544047,16.));
#20740=DIRECTION('',(0.,0.,-1.));
#20750=VECTOR('',#20740,1.);
#20760=LINE('',#20730,#20750);
#20770=CARTESIAN_POINT('',(-13.7976229251895,9.4185769544047,16.));
#20780=VERTEX_POINT('',#20770);
#20790=CARTESIAN_POINT('',(-13.7976229251895,9.4185769544047,15.8));
#20800=VERTEX_POINT('',#20790);
#20810=EDGE_CURVE('',#20780,#20800,#20760,.T.);
#20820=ORIENTED_EDGE('',*,*,#20810,.F.);
#20830=CARTESIAN_POINT('',(-7.2108618527965,9.4185769544047,15.8));
#20840=DIRECTION('',(-1.,0.,0.));
#20850=VECTOR('',#20840,1.);
#20860=LINE('',#20830,#20850);
#20870=CARTESIAN_POINT('',(-13.9546609577705,9.4185769544047,15.8));
#20880=VERTEX_POINT('',#20870);
#20890=EDGE_CURVE('',#20800,#20880,#20860,.T.);
#20900=ORIENTED_EDGE('',*,*,#20890,.F.);
#20910=CARTESIAN_POINT('',(-13.9546609577705,9.4185769544047,16.));
#20920=DIRECTION('',(0.,0.,-1.));
#20930=VECTOR('',#20920,1.);
#20940=LINE('',#20910,#20930);
#20950=CARTESIAN_POINT('',(-13.9546609577705,9.4185769544047,16.));
#20960=VERTEX_POINT('',#20950);
#20970=EDGE_CURVE('',#20960,#20880,#20940,.T.);
#20980=ORIENTED_EDGE('',*,*,#20970,.T.);
#20990=CARTESIAN_POINT('',(0.,9.4185769544047,16.));
#21000=DIRECTION('',(1.,0.,0.));
#21010=VECTOR('',#21000,1.);
#21020=LINE('',#20990,#21010);
#21030=EDGE_CURVE('',#20960,#20780,#21020,.T.);
#21040=ORIENTED_EDGE('',*,*,#21030,.F.);
#21050=EDGE_LOOP('',(#21040,#20980,#20900,#20820));
#21060=FACE_OUTER_BOUND('',#21050,.T.);
#21070=ADVANCED_FACE('',(#21060),#20720,.T.);
#21080=CARTESIAN_POINT('',(15.9999999998582,0.,3.5));
#21090=DIRECTION('',(0.998629534754574,0.,0.0523359562429438));
#21100=DIRECTION('',(0.,-1.,0.));
#21110=AXIS2_PLACEMENT_3D('',#21080,#21090,#21100);
#21120=PLANE('',#21110);
#21130=CARTESIAN_POINT('',(16.1834272273488,-15.9371665519065,0.));
#21140=DIRECTION('',(-0.0523339689081494,-0.00871457699362754,
0.998591614147717));
#21150=VECTOR('',#21140,1.);
#21160=LINE('',#21130,#21150);
#21170=CARTESIAN_POINT('',(16.,-15.9677105891742,3.5));
#21180=VERTEX_POINT('',#21170);
#21190=EDGE_CURVE('',#21180,#18080,#21160,.T.);
#21200=ORIENTED_EDGE('',*,*,#21190,.F.);
#21210=CARTESIAN_POINT('',(15.8060912165109,0.,7.2));
#21220=DIRECTION('',(0.,-1.,0.));
#21230=VECTOR('',#21220,1.);
#21240=LINE('',#21210,#21230);
#21250=CARTESIAN_POINT('',(15.8060912165109,-15.4177086852549,7.2));
#21260=VERTEX_POINT('',#21250);
#21270=EDGE_CURVE('',#21260,#18080,#21240,.T.);
#21280=ORIENTED_EDGE('',*,*,#21270,.T.);
#21290=CARTESIAN_POINT('',(16.1834272273488,-15.4805421333484,0.));
#21300=DIRECTION('',(-0.0523339689081494,0.00871457699362754,
0.998591614147717));
#21310=VECTOR('',#21300,1.);
#21320=LINE('',#21290,#21310);
#21330=CARTESIAN_POINT('',(15.9999999998581,-15.4499980960807,3.5));
#21340=VERTEX_POINT('',#21330);
#21350=EDGE_CURVE('',#21340,#21260,#21320,.T.);
#21360=ORIENTED_EDGE('',*,*,#21350,.T.);
#21370=CARTESIAN_POINT('',(15.9999999998582,0.,3.5));
#21380=DIRECTION('',(0.,-1.,0.));
#21390=VECTOR('',#21380,1.);
#21400=LINE('',#21370,#21390);
#21410=CARTESIAN_POINT('',(15.9999999998585,-15.5000000000001,
3.49999999999259));
#21420=VERTEX_POINT('',#21410);
#21430=EDGE_CURVE('',#21340,#21420,#21400,.T.);
#21440=ORIENTED_EDGE('',*,*,#21430,.F.);
#21450=CARTESIAN_POINT('',(15.9999999998581,0.,3.5));
#21460=DIRECTION('',(0.,1.,0.));
#21470=VECTOR('',#21460,1.);
#21480=LINE('',#21450,#21470);
#21490=EDGE_CURVE('',#21180,#21420,#21480,.T.);
#21500=ORIENTED_EDGE('',*,*,#21490,.T.);
#21510=EDGE_LOOP('',(#21500,#21440,#21360,#21280,#21200));
#21520=FACE_OUTER_BOUND('',#21510,.T.);
#21530=ADVANCED_FACE('',(#21520),#21120,.T.);
#21540=CARTESIAN_POINT('',(-4.8412152995619,12.3000000692974,16.));
#21550=DIRECTION('',(-1.,0.,0.));
#21560=DIRECTION('',(0.,1.,0.));
#21570=AXIS2_PLACEMENT_3D('',#21540,#21550,#21560);
#21580=PLANE('',#21570);
#21590=CARTESIAN_POINT('',(-4.8412152995619,11.8697034582065,16.));
#21600=DIRECTION('',(0.,0.,-1.));
#21610=VECTOR('',#21600,1.);
#21620=LINE('',#21590,#21610);
#21630=CARTESIAN_POINT('',(-4.8412152995619,11.8697034582065,16.));
#21640=VERTEX_POINT('',#21630);
#21650=CARTESIAN_POINT('',(-4.8412152995619,11.8697034582065,15.8));
#21660=VERTEX_POINT('',#21650);
#21670=EDGE_CURVE('',#21640,#21660,#21620,.T.);
#21680=ORIENTED_EDGE('',*,*,#21670,.F.);
#21690=CARTESIAN_POINT('',(-4.8412152995619,0.401973999999999,15.8));
#21700=DIRECTION('',(0.,1.,0.));
#21710=VECTOR('',#21700,1.);
#21720=LINE('',#21690,#21710);
#21730=CARTESIAN_POINT('',(-4.8412152995619,12.3000000692974,15.8));
#21740=VERTEX_POINT('',#21730);
#21750=EDGE_CURVE('',#21660,#21740,#21720,.T.);
#21760=ORIENTED_EDGE('',*,*,#21750,.F.);
#21770=CARTESIAN_POINT('',(-4.8412152995619,12.3000000692974,16.));
#21780=DIRECTION('',(0.,0.,-1.));
#21790=VECTOR('',#21780,1.);
#21800=LINE('',#21770,#21790);
#21810=CARTESIAN_POINT('',(-4.8412152995619,12.3000000692974,16.));
#21820=VERTEX_POINT('',#21810);
#21830=EDGE_CURVE('',#21820,#21740,#21800,.T.);
#21840=ORIENTED_EDGE('',*,*,#21830,.T.);
#21850=CARTESIAN_POINT('',(-4.8412152995619,0.,16.));
#21860=DIRECTION('',(0.,-1.,0.));
#21870=VECTOR('',#21860,1.);
#21880=LINE('',#21850,#21870);
#21890=EDGE_CURVE('',#21820,#21640,#21880,.T.);
#21900=ORIENTED_EDGE('',*,*,#21890,.F.);
#21910=EDGE_LOOP('',(#21900,#21840,#21760,#21680));
#21920=FACE_OUTER_BOUND('',#21910,.T.);
#21930=ADVANCED_FACE('',(#21920),#21580,.T.);
#21940=CARTESIAN_POINT('',(18.5,10.8888983512628,15.5));
#21950=CARTESIAN_POINT('',(18.5,10.8888983512628,15.6308996938996));
#21960=CARTESIAN_POINT('',(18.4588866847173,10.8888983512632,
15.7617873809106));
#21970=CARTESIAN_POINT('',(18.3765953656487,10.8888983512621,
15.87659536565));
#21980=CARTESIAN_POINT('',(18.2617873809115,10.8888983512633,
15.9588866847167));
#21990=CARTESIAN_POINT('',(18.1308996938996,10.8888983512628,16.));
#22000=CARTESIAN_POINT('',(18.,10.8888983512628,16.));
#22010=CARTESIAN_POINT('',(18.5,10.826748050211,15.5));
#22020=CARTESIAN_POINT('',(18.5,10.8242192690985,15.6252795655435));
#22030=CARTESIAN_POINT('',(18.4624114864931,10.819592638704,
15.7510523154416));
#22040=CARTESIAN_POINT('',(18.3865599814074,10.8140041902375,
15.8633013332689));
#22050=CARTESIAN_POINT('',(18.2795101829691,10.8085899549147,
15.9460843964355));
#22060=CARTESIAN_POINT('',(18.1562502893819,10.8044859639436,
15.991956085303));
#22070=CARTESIAN_POINT('',(18.0309526077954,10.8028282485383,16.));
#22080=CARTESIAN_POINT('',(18.5000000000009,10.7645895651372,
15.4964214733794));
#22090=CARTESIAN_POINT('',(18.5000000000009,10.7548655531326,
15.6157693793643));
#22100=CARTESIAN_POINT('',(18.4659666739091,10.7437035118968,
15.7363558682709));
#22110=CARTESIAN_POINT('',(18.3963467201875,10.7326528779728,
15.8462792300953));
#22120=CARTESIAN_POINT('',(18.2964313749742,10.7240914274965,
15.9286816815912));
#22130=CARTESIAN_POINT('',(18.1812322616701,10.7185693150449,
15.9782453297214));
#22140=CARTESIAN_POINT('',(18.0623472667065,10.7170625922184,
15.9928343903244));
#22150=CARTESIAN_POINT('',(18.4999999999986,10.7026900292932,
15.489264709498));
#22160=CARTESIAN_POINT('',(18.4999999999986,10.6836785096604,
15.601440972187));
#22170=CARTESIAN_POINT('',(18.4692972555388,10.6653434803159,
15.7155588384675));
#22180=CARTESIAN_POINT('',(18.4054033253964,10.6491735554701,
15.8221472241971));
#22190=CARTESIAN_POINT('',(18.3119434612943,10.6386958713367,
15.9033192491984));
#22200=CARTESIAN_POINT('',(18.204925423137,10.6330257720334,
15.9562916306286));
#22210=CARTESIAN_POINT('',(18.0935262968425,10.6321137640719,
15.9785031627925));
#22220=CARTESIAN_POINT('',(18.5000000000007,10.6413165759364,
15.4785299977226));
#22230=CARTESIAN_POINT('',(18.5000000000007,10.6136547059265,
15.5823448962903));
#22240=CARTESIAN_POINT('',(18.4728350250893,10.5882812400578,
15.690668220916));
#22250=CARTESIAN_POINT('',(18.4147222357384,10.5668415948211,
15.7950971563612));
#22260=CARTESIAN_POINT('',(18.3274970167173,10.5541652371799,
15.8759701860622));
#22270=CARTESIAN_POINT('',(18.2281208365769,10.5484001950426,
15.9310124280546));
#22280=CARTESIAN_POINT('',(18.1238205935321,10.548479763773,
15.9571347081669));
#22290=CARTESIAN_POINT('',(18.5,10.5807363383173,15.4642176274112));
#22300=CARTESIAN_POINT('',(18.5,10.5476335918415,15.5595039965682));
#22310=CARTESIAN_POINT('',(18.475778465424,10.517009932551,
15.6607700600609));
#22320=CARTESIAN_POINT('',(18.4225215883574,10.4908435162047,
15.7610050161965));
#22330=CARTESIAN_POINT('',(18.3408452748088,10.4749309267985,
15.8407590473846));
#22340=CARTESIAN_POINT('',(18.2485327658976,10.4675032584563,
15.8971700483108));
#22350=CARTESIAN_POINT('',(18.1525740084931,10.4666252888473,
15.928985697682));
#22360=CARTESIAN_POINT('',(18.5,10.5212164496913,15.446327887928));
#22370=CARTESIAN_POINT('',(18.5,10.4878870337146,15.5348932867828));
#22380=CARTESIAN_POINT('',(18.4787252789485,10.4542782060962,
15.6303198802534));
#22390=CARTESIAN_POINT('',(18.4301695906772,10.4234599819525,
15.7261199572955));
#22400=CARTESIAN_POINT('',(18.3539464330324,10.4019975349328,
15.80489484033));
#22410=CARTESIAN_POINT('',(18.2673917870777,10.3904631667043,
15.8601513924139));
#22420=CARTESIAN_POINT('',(18.1791669199151,10.3869670609334,
15.8944275656468));
#22430=B_SPLINE_SURFACE_WITH_KNOTS('',6,6,((#21940,#22010,#22080,#22150,
#22220,#22290,#22360),(#21950,#22020,#22090,#22160,#22230,#22300,#22370)
,(#21960,#22030,#22100,#22170,#22240,#22310,#22380),(#21970,#22040,
#22110,#22180,#22250,#22320,#22390),(#21980,#22050,#22120,#22190,#22260,
#22330,#22400),(#21990,#22060,#22130,#22200,#22270,#22340,#22410),(
#22000,#22070,#22140,#22210,#22280,#22350,#22420)),.UNSPECIFIED.,.F.,.F.
,.F.,(7,7),(7,7),(0.,1.),(0.,1.),.UNSPECIFIED.);
#22440=CARTESIAN_POINT('',(18.5,10.5212164496913,15.446327887928));
#22450=CARTESIAN_POINT('',(18.5,10.5807363383173,15.4642176274112));
#22460=CARTESIAN_POINT('',(18.5000000000007,10.6413165759364,
15.4785299977226));
#22470=CARTESIAN_POINT('',(18.4999999999986,10.7026900292932,
15.489264709498));
#22480=CARTESIAN_POINT('',(18.5000000000009,10.7645895651372,
15.4964214733794));
#22490=CARTESIAN_POINT('',(18.5,10.826748050211,15.5));
#22500=CARTESIAN_POINT('',(18.5,10.8888983512628,15.5));
#22510=B_SPLINE_CURVE_WITH_KNOTS('',6,(#22440,#22450,#22460,#22470,
#22480,#22490,#22500),.UNSPECIFIED.,.F.,.F.,(7,7),(0.,1.),.UNSPECIFIED.)
;
#22520=CARTESIAN_POINT('',(18.5,10.5212164496913,15.446327887928));
#22530=VERTEX_POINT('',#22520);
#22540=CARTESIAN_POINT('',(18.5,10.8888983512628,15.5));
#22550=VERTEX_POINT('',#22540);
#22560=EDGE_CURVE('',#22530,#22550,#22510,.T.);
#22570=ORIENTED_EDGE('',*,*,#22560,.T.);
#22580=CARTESIAN_POINT('',(18.1788515781529,10.3872041784242,
15.8936386662686));
#22590=CARTESIAN_POINT('',(18.2670764453155,10.3907002841951,
15.8593624930357));
#22600=CARTESIAN_POINT('',(18.3536941596226,10.4021872289254,
15.8042637208275));
#22610=CARTESIAN_POINT('',(18.4300119197961,10.4235785406979,
15.7257255076064));
#22620=CARTESIAN_POINT('',(18.4786622105961,10.4543256295943,
15.6301621003778));
#22630=CARTESIAN_POINT('',(18.5,10.4878870337146,15.5348932867828));
#22640=CARTESIAN_POINT('',(18.5,10.5212164496913,15.446327887928));
#22650=B_SPLINE_CURVE_WITH_KNOTS('',6,(#22580,#22590,#22600,#22610,
#22620,#22630,#22640),.UNSPECIFIED.,.F.,.F.,(7,7),(0.,1.),.UNSPECIFIED.)
;
#22660=CARTESIAN_POINT('',(18.1788515872825,10.387204178786,
15.8936386627217));
#22670=VERTEX_POINT('',#22660);
#22680=EDGE_CURVE('',#22670,#22530,#22650,.T.);
#22690=ORIENTED_EDGE('',*,*,#22680,.T.);
#22700=CARTESIAN_POINT('',(18.,10.8888983512628,16.));
#22710=CARTESIAN_POINT('',(18.0309526077954,10.8028282485383,16.));
#22720=CARTESIAN_POINT('',(18.0623472667065,10.7170625922184,
15.9928343903244));
#22730=CARTESIAN_POINT('',(18.0935262968426,10.6321137640719,
15.9785031627925));
#22740=CARTESIAN_POINT('',(18.1238205935321,10.548479763773,
15.9571347081669));
#22750=CARTESIAN_POINT('',(18.1525740084931,10.4666252888473,
15.928985697682));
#22760=CARTESIAN_POINT('',(18.1791669199151,10.3869670609334,
15.8944275656468));
#22770=B_SPLINE_CURVE_WITH_KNOTS('',6,(#22700,#22710,#22720,#22730,
#22740,#22750,#22760),.UNSPECIFIED.,.F.,.F.,(7,7),(0.,1.),.UNSPECIFIED.)
;
#22780=CARTESIAN_POINT('',(18.,10.8888983512628,16.));
#22790=VERTEX_POINT('',#22780);
#22800=EDGE_CURVE('',#22790,#22670,#22770,.T.);
#22810=ORIENTED_EDGE('',*,*,#22800,.T.);
#22820=CARTESIAN_POINT('',(18.5,10.8888983512628,15.5));
#22830=CARTESIAN_POINT('',(18.5,10.8888983512628,15.6308996938996));
#22840=CARTESIAN_POINT('',(18.4588866847173,10.8888983512632,
15.7617873809106));
#22850=CARTESIAN_POINT('',(18.3765953656487,10.8888983512621,
15.87659536565));
#22860=CARTESIAN_POINT('',(18.2617873809115,10.8888983512633,
15.9588866847167));
#22870=CARTESIAN_POINT('',(18.1308996938996,10.8888983512628,16.));
#22880=CARTESIAN_POINT('',(18.,10.8888983512628,16.));
#22890=B_SPLINE_CURVE_WITH_KNOTS('',6,(#22820,#22830,#22840,#22850,
#22860,#22870,#22880),.UNSPECIFIED.,.F.,.F.,(7,7),(0.,1.),.UNSPECIFIED.)
;
#22900=EDGE_CURVE('',#22550,#22790,#22890,.T.);
#22910=ORIENTED_EDGE('',*,*,#22900,.T.);
#22920=EDGE_LOOP('',(#22910,#22810,#22690,#22570));
#22930=FACE_OUTER_BOUND('',#22920,.T.);
#22940=ADVANCED_FACE('',(#22930),#22430,.T.);
#22950=CARTESIAN_POINT('',(0.461938332629783,11.1405354668226,16.));
#22960=DIRECTION('',(1.,0.,0.));
#22970=DIRECTION('',(0.,-1.,0.));
#22980=AXIS2_PLACEMENT_3D('',#22950,#22960,#22970);
#22990=PLANE('',#22980);
#23000=CARTESIAN_POINT('',(0.461938332629783,12.0377374629063,16.));
#23010=DIRECTION('',(0.,0.,-1.));
#23020=VECTOR('',#23010,1.);
#23030=LINE('',#23000,#23020);
#23040=CARTESIAN_POINT('',(0.461938332629783,12.0377374629063,16.));
#23050=VERTEX_POINT('',#23040);
#23060=CARTESIAN_POINT('',(0.461938332629783,12.0377374629063,15.8));
#23070=VERTEX_POINT('',#23060);
#23080=EDGE_CURVE('',#23050,#23070,#23030,.T.);
#23090=ORIENTED_EDGE('',*,*,#23080,.F.);
#23100=CARTESIAN_POINT('',(0.461938332629784,-25.5779633885803,15.8));
#23110=DIRECTION('',(0.,1.,0.));
#23120=VECTOR('',#23110,3.18399680751);
#23130=LINE('',#23100,#23120);
#23140=CARTESIAN_POINT('',(0.461938332629783,11.1405354668226,15.8));
#23150=VERTEX_POINT('',#23140);
#23160=EDGE_CURVE('',#23150,#23070,#23130,.T.);
#23170=ORIENTED_EDGE('',*,*,#23160,.T.);
#23180=CARTESIAN_POINT('',(0.461938332629783,11.1405354668226,16.));
#23190=DIRECTION('',(0.,0.,-1.));
#23200=VECTOR('',#23190,1.);
#23210=LINE('',#23180,#23200);
#23220=CARTESIAN_POINT('',(0.461938332629783,11.1405354668226,16.));
#23230=VERTEX_POINT('',#23220);
#23240=EDGE_CURVE('',#23230,#23150,#23210,.T.);
#23250=ORIENTED_EDGE('',*,*,#23240,.T.);
#23260=CARTESIAN_POINT('',(0.461938332629783,0.,16.));
#23270=DIRECTION('',(0.,1.,0.));
#23280=VECTOR('',#23270,1.);
#23290=LINE('',#23260,#23280);
#23300=EDGE_CURVE('',#23230,#23050,#23290,.T.);
#23310=ORIENTED_EDGE('',*,*,#23300,.F.);
#23320=EDGE_LOOP('',(#23310,#23250,#23170,#23090));
#23330=FACE_OUTER_BOUND('',#23320,.T.);
#23340=ADVANCED_FACE('',(#23330),#22990,.T.);
#23350=CARTESIAN_POINT('',(32.,-6.45735040875045E-15,13.756366214462));
#23360=DIRECTION('',(0.,0.,1.));
#23370=DIRECTION('',(1.,0.,0.));
#23380=AXIS2_PLACEMENT_3D('',#23350,#23360,#23370);
#23390=CONICAL_SURFACE('',#23380,13.0127324299067,1.10714871770649);
#23400=CARTESIAN_POINT('',(18.1788515789264,10.3872040537222,
15.893638628478));
#23410=CARTESIAN_POINT('',(18.1865156896078,9.15165630863337,
15.5192096441654));
#23420=CARTESIAN_POINT('',(18.1942868113274,7.9056441477517,
15.1843751571804));
#23430=CARTESIAN_POINT('',(18.2139100041713,4.4583852176129,
14.4275407458839));
#23440=CARTESIAN_POINT('',(18.2236067977892,2.23686858568003,
14.1381966006977));
#23450=CARTESIAN_POINT('',(18.2236067977892,-2.23686858568005,
14.1381966006977));
#23460=CARTESIAN_POINT('',(18.2139099448832,-4.45839563289997,
14.4275430325261));
#23470=CARTESIAN_POINT('',(18.1942867868652,-7.90564844509147,
15.1843761006472));
#23480=CARTESIAN_POINT('',(18.1865156708045,-9.15165990206957,
15.5192105012464));
#23490=CARTESIAN_POINT('',(18.1788515779224,-10.3872046395231,
15.8936386330872));
#23500=B_SPLINE_CURVE_WITH_KNOTS('',3,(#23400,#23410,#23420,#23430,
#23440,#23450,#23460,#23470,#23480,#23490),.UNSPECIFIED.,.F.,.F.,(4,2,2,
2,4),(22.4489045972152,26.3376850735534,33.0960577761284,
39.8544304787035,43.7432427377105),.UNSPECIFIED.);
#23510=EDGE_CURVE('',#22670,#13910,#23500,.T.);
#23520=ORIENTED_EDGE('',*,*,#23510,.F.);
#23530=CARTESIAN_POINT('',(32.,-6.45735040875045E-15,15.8944271909607));
#23540=DIRECTION('',(0.,0.,-1.));
#23550=DIRECTION('',(-1.,0.,0.));
#23560=AXIS2_PLACEMENT_3D('',#23530,#23540,#23550);
#23570=CIRCLE('',#23560,17.2888543819677);
#23580=EDGE_CURVE('',#13910,#22670,#23570,.T.);
#23590=ORIENTED_EDGE('',*,*,#23580,.F.);
#23600=EDGE_LOOP('',(#23590,#23520));
#23610=FACE_OUTER_BOUND('',#23600,.T.);
#23620=ADVANCED_FACE('',(#23610),#23390,.F.);
#23630=COLOUR_RGB('',0.,0.239215701818466,0.501960813999176);
#23640=FILL_AREA_STYLE_COLOUR('',#23630);
#23650=FILL_AREA_STYLE('',(#23640));
#23660=SURFACE_STYLE_FILL_AREA(#23650);
#23670=SURFACE_SIDE_STYLE('',(#23660));
#23680=SURFACE_STYLE_USAGE(.BOTH.,#23670);
#23690=PRESENTATION_STYLE_ASSIGNMENT((#23680));
#23700=CARTESIAN_POINT('',(7.64999964769735,-15.6,7.8));
#23710=DIRECTION('',(0.,0.,1.));
#23720=DIRECTION('',(1.,0.,0.));
#23730=AXIS2_PLACEMENT_3D('',#23700,#23710,#23720);
#23740=PLANE('',#23730);
#23750=CARTESIAN_POINT('',(16.,0.,7.8));
#23760=DIRECTION('',(0.,1.,0.));
#23770=VECTOR('',#23760,1.);
#23780=LINE('',#23750,#23770);
#23790=CARTESIAN_POINT('',(16.,-15.4624744684997,7.8));
#23800=VERTEX_POINT('',#23790);
#23810=CARTESIAN_POINT('',(16.,-15.0366528447212,7.8));
#23820=VERTEX_POINT('',#23810);
#23830=EDGE_CURVE('',#23800,#23820,#23780,.T.);
#23840=ORIENTED_EDGE('',*,*,#23830,.T.);
#23850=CARTESIAN_POINT('',(0.,-15.4633471552788,7.8));
#23860=DIRECTION('',(-1.,0.,0.));
#23870=VECTOR('',#23860,1.);
#23880=LINE('',#23850,#23870);
#23890=CARTESIAN_POINT('',(17.,-15.4624744684997,7.8));
#23900=VERTEX_POINT('',#23890);
#23910=EDGE_CURVE('',#23900,#23800,#23880,.T.);
#23920=ORIENTED_EDGE('',*,*,#23910,.T.);
#23930=CARTESIAN_POINT('',(17.,0.,7.8));
#23940=DIRECTION('',(0.,1.,0.));
#23950=VECTOR('',#23940,1.);
#23960=LINE('',#23930,#23950);
#23970=CARTESIAN_POINT('',(17.,-15.0366528447212,7.8));
#23980=VERTEX_POINT('',#23970);
#23990=EDGE_CURVE('',#23900,#23980,#23960,.T.);
#24000=ORIENTED_EDGE('',*,*,#23990,.F.);
#24010=CARTESIAN_POINT('',(0.,-15.0366528447212,7.8));
#24020=DIRECTION('',(-1.,0.,0.));
#24030=VECTOR('',#24020,1.);
#24040=LINE('',#24010,#24030);
#24050=EDGE_CURVE('',#23980,#23820,#24040,.T.);
#24060=ORIENTED_EDGE('',*,*,#24050,.F.);
#24070=EDGE_LOOP('',(#24060,#24000,#23920,#23840));
#24080=FACE_OUTER_BOUND('',#24070,.T.);
#24090=ADVANCED_FACE('',(#24080),#23740,.F.);
#24100=CARTESIAN_POINT('',(-17.5026180603372,16.,0.));
#24110=DIRECTION('',(0.,0.,1.));
#24120=DIRECTION('',(1.,0.,0.));
#24130=AXIS2_PLACEMENT_3D('',#24100,#24110,#24120);
#24140=CYLINDRICAL_SURFACE('',#24130,1.);
#24150=ORIENTED_EDGE('',*,*,#10170,.T.);
#24160=CARTESIAN_POINT('',(-17.5026180603372,16.,3.5));
#24170=DIRECTION('',(0.,0.,1.));
#24180=DIRECTION('',(1.,0.,0.));
#24190=AXIS2_PLACEMENT_3D('',#24160,#24170,#24180);
#24200=CIRCLE('',#24190,1.);
#24210=CARTESIAN_POINT('',(-17.5000380769358,17.,3.5));
#24220=VERTEX_POINT('',#24210);
#24230=EDGE_CURVE('',#24220,#10080,#24200,.T.);
#24240=ORIENTED_EDGE('',*,*,#24230,.T.);
#24250=CARTESIAN_POINT('',(-17.5026180603372,17.,0.));
#24260=DIRECTION('',(0.,0.,1.));
#24270=VECTOR('',#24260,1.);
#24280=LINE('',#24250,#24270);
#24290=CARTESIAN_POINT('',(-17.5026180603372,17.,15.5));
#24300=VERTEX_POINT('',#24290);
#24310=EDGE_CURVE('',#24220,#24300,#24280,.T.);
#24320=ORIENTED_EDGE('',*,*,#24310,.F.);
#24330=CARTESIAN_POINT('',(-17.5026180603372,16.,15.5));
#24340=DIRECTION('',(0.,0.,1.));
#24350=DIRECTION('',(1.,0.,0.));
#24360=AXIS2_PLACEMENT_3D('',#24330,#24340,#24350);
#24370=CIRCLE('',#24360,1.);
#24380=EDGE_CURVE('',#24300,#10160,#24370,.T.);
#24390=ORIENTED_EDGE('',*,*,#24380,.F.);
#24400=EDGE_LOOP('',(#24390,#24320,#24240,#24150));
#24410=FACE_OUTER_BOUND('',#24400,.T.);
#24420=ADVANCED_FACE('',(#24410),#24140,.T.);
#24430=COLOUR_RGB('',0.,0.239215701818466,0.501960813999176);
#24440=FILL_AREA_STYLE_COLOUR('',#24430);
#24450=FILL_AREA_STYLE('',(#24440));
#24460=SURFACE_STYLE_FILL_AREA(#24450);
#24470=SURFACE_SIDE_STYLE('',(#24460));
#24480=SURFACE_STYLE_USAGE(.BOTH.,#24470);
#24490=PRESENTATION_STYLE_ASSIGNMENT((#24480));
#24500=CARTESIAN_POINT('',(0.,-15.5,3.5));
#24510=DIRECTION('',(0.,-0.999961923064171,0.00872653549837393));
#24520=DIRECTION('',(-1.,0.,0.));
#24530=AXIS2_PLACEMENT_3D('',#24500,#24510,#24520);
#24540=PLANE('',#24530);
#24550=ORIENTED_EDGE('',*,*,#23910,.F.);
#24560=CARTESIAN_POINT('',(16.,-15.5305440372677,0.));
#24570=DIRECTION('',(0.,0.00872653549837393,0.999961923064171));
#24580=VECTOR('',#24570,1.);
#24590=LINE('',#24560,#24580);
#24600=CARTESIAN_POINT('',(16.,-15.4677105891742,7.2));
#24610=VERTEX_POINT('',#24600);
#24620=EDGE_CURVE('',#24610,#23800,#24590,.T.);
#24630=ORIENTED_EDGE('',*,*,#24620,.T.);
#24640=CARTESIAN_POINT('',(16.,-15.5305440372677,0.));
#24650=DIRECTION('',(0.,-0.00872653549837393,-0.999961923064171));
#24660=VECTOR('',#24650,1.);
#24670=LINE('',#24640,#24660);
#24680=EDGE_CURVE('',#24610,#21420,#24670,.T.);
#24690=ORIENTED_EDGE('',*,*,#24680,.F.);
#24700=CARTESIAN_POINT('',(0.,-15.5,3.5));
#24710=DIRECTION('',(-1.,0.,0.));
#24720=VECTOR('',#24710,1.);
#24730=LINE('',#24700,#24720);
#24740=CARTESIAN_POINT('',(17.0375255315003,-15.5,3.5));
#24750=VERTEX_POINT('',#24740);
#24760=EDGE_CURVE('',#24750,#21420,#24730,.T.);
#24770=ORIENTED_EDGE('',*,*,#24760,.T.);
#24780=CARTESIAN_POINT('',(17.0680695687679,-15.5305440372677,0.));
#24790=DIRECTION('',(0.00872620324394422,-0.00872620324394422,
-0.99992385047757));
#24800=VECTOR('',#24790,1.);
#24810=LINE('',#24780,#24800);
#24820=EDGE_CURVE('',#23900,#24750,#24810,.T.);
#24830=ORIENTED_EDGE('',*,*,#24820,.T.);
#24840=EDGE_LOOP('',(#24830,#24770,#24690,#24630,#24550));
#24850=FACE_OUTER_BOUND('',#24840,.T.);
#24860=ADVANCED_FACE('',(#24850),#24540,.F.);
#24870=CARTESIAN_POINT('',(-10.7865077885226,12.3000000692974,16.));
#24880=DIRECTION('',(-0.,-1.,-0.));
#24890=DIRECTION('',(-1.,0.,0.));
#24900=AXIS2_PLACEMENT_3D('',#24870,#24880,#24890);
#24910=PLANE('',#24900);
#24920=CARTESIAN_POINT('',(-10.3097353608791,12.3000000692974,16.));
#24930=DIRECTION('',(0.,0.,-1.));
#24940=VECTOR('',#24930,1.);
#24950=LINE('',#24920,#24940);
#24960=CARTESIAN_POINT('',(-10.3097353608791,12.3000000692974,16.));
#24970=VERTEX_POINT('',#24960);
#24980=CARTESIAN_POINT('',(-10.3097353608791,12.3000000692974,15.8));
#24990=VERTEX_POINT('',#24980);
#25000=EDGE_CURVE('',#24970,#24990,#24950,.T.);
#25010=ORIENTED_EDGE('',*,*,#25000,.F.);
#25020=CARTESIAN_POINT('',(-7.2108618527965,12.3000000692974,15.8));
#25030=DIRECTION('',(-1.,0.,0.));
#25040=VECTOR('',#25030,1.);
#25050=LINE('',#25020,#25040);
#25060=CARTESIAN_POINT('',(-10.7865077885226,12.3000000692974,15.8));
#25070=VERTEX_POINT('',#25060);
#25080=EDGE_CURVE('',#24990,#25070,#25050,.T.);
#25090=ORIENTED_EDGE('',*,*,#25080,.F.);
#25100=CARTESIAN_POINT('',(-10.7865077885226,12.3000000692974,16.));
#25110=DIRECTION('',(0.,0.,-1.));
#25120=VECTOR('',#25110,1.);
#25130=LINE('',#25100,#25120);
#25140=CARTESIAN_POINT('',(-10.7865077885226,12.3000000692974,16.));
#25150=VERTEX_POINT('',#25140);
#25160=EDGE_CURVE('',#25150,#25070,#25130,.T.);
#25170=ORIENTED_EDGE('',*,*,#25160,.T.);
#25180=CARTESIAN_POINT('',(0.,12.3000000692974,16.));
#25190=DIRECTION('',(1.,0.,0.));
#25200=VECTOR('',#25190,1.);
#25210=LINE('',#25180,#25200);
#25220=EDGE_CURVE('',#25150,#24970,#25210,.T.);
#25230=ORIENTED_EDGE('',*,*,#25220,.F.);
#25240=EDGE_LOOP('',(#25230,#25170,#25090,#25010));
#25250=FACE_OUTER_BOUND('',#25240,.T.);
#25260=ADVANCED_FACE('',(#25250),#24910,.T.);
#25270=CARTESIAN_POINT('',(11.7409243823437,4.85350505042374,16.));
#25280=DIRECTION('',(-0.988685996664259,0.15,0.));
#25290=DIRECTION('',(0.15,0.988685996664259,0.));
#25300=AXIS2_PLACEMENT_3D('',#25270,#25280,#25290);
#25310=PLANE('',#25300);
#25320=CARTESIAN_POINT('',(11.5068931321008,3.31094891777729,16.));
#25330=DIRECTION('',(0.,0.,-1.));
#25340=VECTOR('',#25330,1.);
#25350=LINE('',#25320,#25340);
#25360=CARTESIAN_POINT('',(11.5068931321008,3.31094891777729,16.));
#25370=VERTEX_POINT('',#25360);
#25380=CARTESIAN_POINT('',(11.5068931321008,3.31094891777729,15.5));
#25390=VERTEX_POINT('',#25380);
#25400=EDGE_CURVE('',#25370,#25390,#25350,.T.);
#25410=ORIENTED_EDGE('',*,*,#25400,.F.);
#25420=CARTESIAN_POINT('',(8.82163393947996,-14.3882388232775,15.5));
#25430=DIRECTION('',(-0.15,-0.988685996664259,0.));
#25440=VECTOR('',#25430,1.66666666665794);
#25450=LINE('',#25420,#25440);
#25460=CARTESIAN_POINT('',(11.7409243823437,4.85350505042374,15.5));
#25470=VERTEX_POINT('',#25460);
#25480=EDGE_CURVE('',#25470,#25390,#25450,.T.);
#25490=ORIENTED_EDGE('',*,*,#25480,.T.);
#25500=CARTESIAN_POINT('',(11.7409243823437,4.85350505042374,16.));
#25510=DIRECTION('',(0.,0.,-1.));
#25520=VECTOR('',#25510,1.);
#25530=LINE('',#25500,#25520);
#25540=CARTESIAN_POINT('',(11.7409243823437,4.85350505042374,16.));
#25550=VERTEX_POINT('',#25540);
#25560=EDGE_CURVE('',#25550,#25470,#25530,.T.);
#25570=ORIENTED_EDGE('',*,*,#25560,.T.);
#25580=CARTESIAN_POINT('',(11.0045674803345,0.,16.));
#25590=DIRECTION('',(-0.15,-0.988685996664259,0.));
#25600=VECTOR('',#25590,1.);
#25610=LINE('',#25580,#25600);
#25620=EDGE_CURVE('',#25550,#25370,#25610,.T.);
#25630=ORIENTED_EDGE('',*,*,#25620,.F.);
#25640=EDGE_LOOP('',(#25630,#25570,#25490,#25410));
#25650=FACE_OUTER_BOUND('',#25640,.T.);
#25660=ADVANCED_FACE('',(#25650),#25310,.T.);
#25670=CARTESIAN_POINT('',(0.,-14.3069307951916,3.1));
#25680=DIRECTION('',(1.,0.,0.));
#25690=DIRECTION('',(0.,-1.,0.));
#25700=AXIS2_PLACEMENT_3D('',#25670,#25680,#25690);
#25710=CYLINDRICAL_SURFACE('',#25700,0.4);
#25720=CARTESIAN_POINT('',(18.5,-14.3069307951916,3.1));
#25730=DIRECTION('',(1.,0.,0.));
#25740=DIRECTION('',(0.,-1.,0.));
#25750=AXIS2_PLACEMENT_3D('',#25720,#25730,#25740);
#25760=CIRCLE('',#25750,0.4);
#25770=EDGE_CURVE('',#16330,#20480,#25760,.T.);
#25780=ORIENTED_EDGE('',*,*,#25770,.T.);
#25790=ORIENTED_EDGE('',*,*,#16560,.T.);
#25800=CARTESIAN_POINT('',(17.7034907471163,-14.3069307951916,3.1));
#25810=DIRECTION('',(-0.999961923064171,0.,-0.00872653549837394));
#25820=DIRECTION('',(-0.00872653549837394,0.,0.999961923064171));
#25830=AXIS2_PLACEMENT_3D('',#25800,#25810,#25820);
#25840=ELLIPSE('',#25830,0.400015231354295,0.4);
#25850=EDGE_CURVE('',#20560,#16490,#25840,.T.);
#25860=ORIENTED_EDGE('',*,*,#25850,.T.);
#25870=ORIENTED_EDGE('',*,*,#20570,.F.);
#25880=EDGE_LOOP('',(#25870,#25860,#25790,#25780));
#25890=FACE_OUTER_BOUND('',#25880,.T.);
#25900=ADVANCED_FACE('',(#25890),#25710,.F.);
#25910=CARTESIAN_POINT('',(0.,6.69306920480841,3.1));
#25920=DIRECTION('',(1.,0.,0.));
#25930=DIRECTION('',(0.,-1.,0.));
#25940=AXIS2_PLACEMENT_3D('',#25910,#25920,#25930);
#25950=CYLINDRICAL_SURFACE('',#25940,0.4);
#25960=CARTESIAN_POINT('',(18.5,6.69306920480841,3.1));
#25970=DIRECTION('',(1.,0.,0.));
#25980=DIRECTION('',(0.,-1.,0.));
#25990=AXIS2_PLACEMENT_3D('',#25960,#25970,#25980);
#26000=CIRCLE('',#25990,0.4);
#26010=CARTESIAN_POINT('',(18.5,7.07943953532404,3.20352761804101));
#26020=VERTEX_POINT('',#26010);
#26030=CARTESIAN_POINT('',(18.5,6.69306920480841,3.5));
#26040=VERTEX_POINT('',#26030);
#26050=EDGE_CURVE('',#26020,#26040,#26000,.T.);
#26060=ORIENTED_EDGE('',*,*,#26050,.T.);
#26070=CARTESIAN_POINT('',(0.,7.07943953532404,3.20352761804101));
#26080=DIRECTION('',(1.,0.,0.));
#26090=VECTOR('',#26080,1.);
#26100=LINE('',#26070,#26090);
#26110=CARTESIAN_POINT('',(17.702587275281,7.07943953532404,
3.20352761804101));
#26120=VERTEX_POINT('',#26110);
#26130=EDGE_CURVE('',#26120,#26020,#26100,.T.);
#26140=ORIENTED_EDGE('',*,*,#26130,.T.);
#26150=CARTESIAN_POINT('',(17.7034907471163,6.69306920480842,3.1));
#26160=DIRECTION('',(-0.999961923064171,0.,-0.00872653549837394));
#26170=DIRECTION('',(-0.00872653549837394,0.,0.999961923064171));
#26180=AXIS2_PLACEMENT_3D('',#26150,#26160,#26170);
#26190=ELLIPSE('',#26180,0.400015231354295,0.4);
#26200=CARTESIAN_POINT('',(17.7,6.69306920480841,3.5));
#26210=VERTEX_POINT('',#26200);
#26220=EDGE_CURVE('',#26210,#26120,#26190,.T.);
#26230=ORIENTED_EDGE('',*,*,#26220,.T.);
#26240=CARTESIAN_POINT('',(0.,6.69306920480841,3.5));
#26250=DIRECTION('',(1.,0.,0.));
#26260=VECTOR('',#26250,1.);
#26270=LINE('',#26240,#26260);
#26280=EDGE_CURVE('',#26210,#26040,#26270,.T.);
#26290=ORIENTED_EDGE('',*,*,#26280,.F.);
#26300=EDGE_LOOP('',(#26290,#26230,#26140,#26060));
#26310=FACE_OUTER_BOUND('',#26300,.T.);
#26320=ADVANCED_FACE('',(#26310),#25950,.F.);
#26330=CARTESIAN_POINT('',(11.1,11.25,16.));
#26340=DIRECTION('',(0.,0.,1.));
#26350=DIRECTION('',(1.,0.,0.));
#26360=AXIS2_PLACEMENT_3D('',#26330,#26340,#26350);
#26370=PLANE('',#26360);
#26380=ORIENTED_EDGE('',*,*,#1860,.F.);
#26390=EDGE_CURVE('',#1760,#1890,#1830,.T.);
#26400=ORIENTED_EDGE('',*,*,#26390,.F.);
#26410=ORIENTED_EDGE('',*,*,#1900,.F.);
#26420=EDGE_LOOP('',(#26410,#26400,#26380));
#26430=FACE_OUTER_BOUND('',#26420,.T.);
#26440=CARTESIAN_POINT('',(0.610065261729592,0.,16.));
#26450=DIRECTION('',(0.,-1.,0.));
#26460=VECTOR('',#26450,1.);
#26470=LINE('',#26440,#26460);
#26480=CARTESIAN_POINT('',(0.610065261729592,11.5150730003145,16.));
#26490=VERTEX_POINT('',#26480);
#26500=CARTESIAN_POINT('',(0.610065261729589,11.1405354668226,16.));
#26510=VERTEX_POINT('',#26500);
#26520=EDGE_CURVE('',#26490,#26510,#26470,.T.);
#26530=ORIENTED_EDGE('',*,*,#26520,.T.);
#26540=CARTESIAN_POINT('',(0.,11.5150730003145,16.));
#26550=DIRECTION('',(-1.,0.,0.));
#26560=VECTOR('',#26550,1.);
#26570=LINE('',#26540,#26560);
#26580=CARTESIAN_POINT('',(0.640766677890898,11.5150730003145,16.));
#26590=VERTEX_POINT('',#26580);
#26600=EDGE_CURVE('',#26590,#26490,#26570,.T.);
#26610=ORIENTED_EDGE('',*,*,#26600,.T.);
#26620=CARTESIAN_POINT('',(0.715348413935487,11.5050530847506,16.));
#26630=CARTESIAN_POINT('',(0.699898987474893,11.5117659345865,16.));
#26640=CARTESIAN_POINT('',(0.675021955730043,11.5150730003145,16.));
#26650=CARTESIAN_POINT('',(0.640766677890898,11.5150730003145,16.));
#26660=B_SPLINE_CURVE_WITH_KNOTS('',3,(#26620,#26630,#26640,#26650),
.UNSPECIFIED.,.F.,.F.,(4,4),(0.,0.154370355791625),.UNSPECIFIED.);
#26670=CARTESIAN_POINT('',(0.715348413935492,11.5050530847506,16.));
#26680=VERTEX_POINT('',#26670);
#26690=EDGE_CURVE('',#26680,#26590,#26660,.T.);
#26700=ORIENTED_EDGE('',*,*,#26690,.T.);
#26710=CARTESIAN_POINT('',(0.663788225228442,11.3984466967465,16.));
#26720=DIRECTION('',(0.,0.,1.));
#26730=DIRECTION('',(0.807614231128347,0.589711161229775,0.));
#26740=AXIS2_PLACEMENT_3D('',#26710,#26720,#26730);
#26750=CIRCLE('',#26740,0.118420331965407);
#26760=CARTESIAN_POINT('',(0.759426170578649,11.468280488223,16.));
#26770=VERTEX_POINT('',#26760);
#26780=EDGE_CURVE('',#26770,#26680,#26750,.T.);
#26790=ORIENTED_EDGE('',*,*,#26780,.T.);
#26800=CARTESIAN_POINT('',(0.838351515340594,11.3358497815337,16.));
#26810=CARTESIAN_POINT('',(0.799752628784096,11.4062359864308,16.));
#26820=CARTESIAN_POINT('',(0.773394821340146,11.4505111798338,16.));
#26830=CARTESIAN_POINT('',(0.759426170578649,11.468280488223,16.));
#26840=B_SPLINE_CURVE_WITH_KNOTS('',3,(#26800,#26810,#26820,#26830),
.UNSPECIFIED.,.F.,.F.,(4,4),(0.,0.312818181191557),.UNSPECIFIED.);
#26850=CARTESIAN_POINT('',(0.838351515340594,11.3358497815337,16.));
#26860=VERTEX_POINT('',#26850);
#26870=EDGE_CURVE('',#26860,#26770,#26840,.T.);
#26880=ORIENTED_EDGE('',*,*,#26870,.T.);
#26890=CARTESIAN_POINT('',(7.09498429847648,0.,16.));
#26900=DIRECTION('',(-0.483217712690014,0.875500223953502,0.));
#26910=VECTOR('',#26900,1.);
#26920=LINE('',#26890,#26910);
#26930=CARTESIAN_POINT('',(0.946151986234949,11.1405354668226,16.));
#26940=VERTEX_POINT('',#26930);
#26950=EDGE_CURVE('',#26940,#26860,#26920,.T.);
#26960=ORIENTED_EDGE('',*,*,#26950,.T.);
#26970=CARTESIAN_POINT('',(0.,11.1405354668226,16.));
#26980=DIRECTION('',(-1.,0.,0.));
#26990=VECTOR('',#26980,1.);
#27000=LINE('',#26970,#26990);
#27010=CARTESIAN_POINT('',(1.12290724551732,11.1405354668226,16.));
#27020=VERTEX_POINT('',#27010);
#27030=EDGE_CURVE('',#27020,#26940,#27000,.T.);
#27040=ORIENTED_EDGE('',*,*,#27030,.T.);
#27050=CARTESIAN_POINT('',(6.8031351428706,0.,16.));
#27060=DIRECTION('',(0.454234366652644,-0.890882225746856,0.));
#27070=VECTOR('',#27060,1.);
#27080=LINE('',#27050,#27070);
#27090=CARTESIAN_POINT('',(1.03366583005167,11.315563154456,16.));
#27100=VERTEX_POINT('',#27090);
#27110=EDGE_CURVE('',#27100,#27020,#27080,.T.);
#27120=ORIENTED_EDGE('',*,*,#27110,.T.);
#27130=CARTESIAN_POINT('',(0.948471868163543,11.4616169975771,16.));
#27140=CARTESIAN_POINT('',(0.96935080552083,11.4344694430936,16.));
#27150=CARTESIAN_POINT('',(0.997781698943521,11.3858012817832,16.));
#27160=CARTESIAN_POINT('',(1.03366583005167,11.315563154456,16.));
#27170=B_SPLINE_CURVE_WITH_KNOTS('',3,(#27130,#27140,#27150,#27160),
.UNSPECIFIED.,.F.,.F.,(4,4),(0.,0.343372109962867),.UNSPECIFIED.);
#27180=CARTESIAN_POINT('',(0.948471868163544,11.4616169975771,16.));
#27190=VERTEX_POINT('',#27180);
#27200=EDGE_CURVE('',#27190,#27100,#27170,.T.);
#27210=ORIENTED_EDGE('',*,*,#27200,.T.);
#27220=CARTESIAN_POINT('',(0.656288252853245,11.2334958284843,16.));
#27230=DIRECTION('',(0.,0.,-1.));
#27240=DIRECTION('',(0.575701448572917,0.817659979521467,0.));
#27250=AXIS2_PLACEMENT_3D('',#27220,#27230,#27240);
#27260=CIRCLE('',#27250,0.370689267236111);
#27270=CARTESIAN_POINT('',(0.869694600971507,11.5365936071414,16.));
#27280=VERTEX_POINT('',#27270);
#27290=EDGE_CURVE('',#27280,#27190,#27260,.T.);
#27300=ORIENTED_EDGE('',*,*,#27290,.T.);
#27310=CARTESIAN_POINT('',(1.01323112540411,11.6172465235523,16.));
#27320=CARTESIAN_POINT('',(0.979370721084729,11.5744027466584,16.));
#27330=CARTESIAN_POINT('',(0.931541666003854,11.5474526289348,16.));
#27340=CARTESIAN_POINT('',(0.869694600971507,11.5365936071414,16.));
#27350=B_SPLINE_CURVE_WITH_KNOTS('',3,(#27310,#27320,#27330,#27340),
.UNSPECIFIED.,.F.,.F.,(4,4),(0.,0.349076105484002),.UNSPECIFIED.);
#27360=CARTESIAN_POINT('',(1.01323112540411,11.6172465235523,16.));
#27370=VERTEX_POINT('',#27360);
#27380=EDGE_CURVE('',#27370,#27280,#27350,.T.);
#27390=ORIENTED_EDGE('',*,*,#27380,.T.);
#27400=CARTESIAN_POINT('',(1.06357749917346,11.7868447002891,16.));
#27410=CARTESIAN_POINT('',(1.06357749917346,11.7166559321518,16.));
#27420=CARTESIAN_POINT('',(1.04684473377365,11.6600409412563,16.));
#27430=CARTESIAN_POINT('',(1.01323112540411,11.6172465235523,16.));
#27440=B_SPLINE_CURVE_WITH_KNOTS('',3,(#27400,#27410,#27420,#27430),
.UNSPECIFIED.,.F.,.F.,(4,4),(0.,0.37205221474141),.UNSPECIFIED.);
#27450=EDGE_CURVE('',#10910,#27370,#27440,.T.);
#27460=ORIENTED_EDGE('',*,*,#27450,.T.);
#27470=ORIENTED_EDGE('',*,*,#11180,.T.);
#27480=CARTESIAN_POINT('',(0.946151986234955,12.0135021006311,16.));
#27490=CARTESIAN_POINT('',(0.980407264074097,11.9974110047008,16.));
#27500=CARTESIAN_POINT('',(1.00864072073691,11.9694243439879,16.));
#27510=CARTESIAN_POINT('',(1.03055620108356,11.929739555252,16.));
#27520=B_SPLINE_CURVE_WITH_KNOTS('',3,(#27480,#27490,#27500,#27510),
.UNSPECIFIED.,.F.,.F.,(4,4),(0.,0.249060745147822),.UNSPECIFIED.);
#27530=CARTESIAN_POINT('',(0.946151986234955,12.0135021006311,16.));
#27540=VERTEX_POINT('',#27530);
#27550=EDGE_CURVE('',#27540,#11100,#27520,.T.);
#27560=ORIENTED_EDGE('',*,*,#27550,.T.);
#27570=CARTESIAN_POINT('',(0.77467816027936,12.0377374629063,16.));
#27580=CARTESIAN_POINT('',(0.854689407220644,12.0377374629063,16.));
#27590=CARTESIAN_POINT('',(0.911896708395813,12.0295931965612,16.));
#27600=CARTESIAN_POINT('',(0.946151986234955,12.0135021006311,16.));
#27610=B_SPLINE_CURVE_WITH_KNOTS('',3,(#27570,#27580,#27590,#27600),
.UNSPECIFIED.,.F.,.F.,(4,4),(0.,0.355844032150619),.UNSPECIFIED.);
#27620=CARTESIAN_POINT('',(0.77467816027936,12.0377374629063,16.));
#27630=VERTEX_POINT('',#27620);
#27640=EDGE_CURVE('',#27630,#27540,#27610,.T.);
#27650=ORIENTED_EDGE('',*,*,#27640,.T.);
#27660=CARTESIAN_POINT('',(0.,12.0377374629063,16.));
#27670=DIRECTION('',(1.,0.,0.));
#27680=VECTOR('',#27670,1.);
#27690=LINE('',#27660,#27680);
#27700=EDGE_CURVE('',#23050,#27630,#27690,.T.);
#27710=ORIENTED_EDGE('',*,*,#27700,.T.);
#27720=ORIENTED_EDGE('',*,*,#23300,.T.);
#27730=CARTESIAN_POINT('',(0.,11.1405354668226,16.));
#27740=DIRECTION('',(-1.,0.,0.));
#27750=VECTOR('',#27740,1.);
#27760=LINE('',#27730,#27750);
#27770=EDGE_CURVE('',#26510,#23230,#27760,.T.);
#27780=ORIENTED_EDGE('',*,*,#27770,.T.);
#27790=EDGE_LOOP('',(#27780,#27720,#27710,#27650,#27560,#27470,#27460,
#27390,#27300,#27210,#27120,#27040,#26960,#26880,#26790,#26700,#26610,
#26530));
#27800=FACE_BOUND('',#27790,.T.);
#27810=ADVANCED_FACE('',(#26430,#27800),#26370,.T.);
#27820=CARTESIAN_POINT('',(1.40165656858926E-15,-8.90043634338974,15.8))
;
#27830=DIRECTION('',(0.,0.,1.));
#27840=DIRECTION('',(1.,0.,0.));
#27850=AXIS2_PLACEMENT_3D('',#27820,#27830,#27840);
#27860=PLANE('',#27850);
#27870=CARTESIAN_POINT('',(-22.7034457060641,0.401973999999999,15.8));
#27880=DIRECTION('',(-0.642780855680309,-0.766050110352378,0.));
#27890=VECTOR('',#27880,1.);
#27900=LINE('',#27870,#27890);
#27910=CARTESIAN_POINT('',(-12.5435974987754,12.5102264029431,15.8));
#27920=VERTEX_POINT('',#27910);
#27930=CARTESIAN_POINT('',(-13.0483360281737,11.908691676562,15.8));
#27940=VERTEX_POINT('',#27930);
#27950=EDGE_CURVE('',#27920,#27940,#27900,.T.);
#27960=ORIENTED_EDGE('',*,*,#27950,.T.);
#27970=CARTESIAN_POINT('',(-7.2108618527965,8.03443938461053,15.8));
#27980=DIRECTION('',(-0.765967310122071,0.642879522013541,0.));
#27990=VECTOR('',#27980,1.);
#28000=LINE('',#27970,#27990);
#28010=CARTESIAN_POINT('',(-12.4232998548634,12.409260094335,15.8));
#28020=VERTEX_POINT('',#28010);
#28030=EDGE_CURVE('',#28020,#27920,#28000,.T.);
#28040=ORIENTED_EDGE('',*,*,#28030,.T.);
#28050=CARTESIAN_POINT('',(-22.4986884416747,0.401973999999999,15.8));
#28060=DIRECTION('',(0.642790576798972,0.766041953406238,0.));
#28070=VECTOR('',#28060,1.);
#28080=LINE('',#28050,#28070);
#28090=CARTESIAN_POINT('',(-12.9280383842617,11.8077408702276,15.8));
#28100=VERTEX_POINT('',#28090);
#28110=EDGE_CURVE('',#28100,#28020,#28080,.T.);
#28120=ORIENTED_EDGE('',*,*,#28110,.T.);
#28130=CARTESIAN_POINT('',(-7.2108618527965,7.01002778093614,15.8));
#28140=DIRECTION('',(0.766015916844473,-0.642821604444749,0.));
#28150=VECTOR('',#28140,1.);
#28160=LINE('',#28130,#28150);
#28170=EDGE_CURVE('',#27940,#28100,#28160,.T.);
#28180=ORIENTED_EDGE('',*,*,#28170,.T.);
#28190=EDGE_LOOP('',(#28180,#28120,#28040,#27960));
#28200=FACE_OUTER_BOUND('',#28190,.T.);
#28210=ADVANCED_FACE('',(#28200),#27860,.T.);
#28220=CARTESIAN_POINT('',(0.846940014395362,11.8791957447228,16.));
#28230=CARTESIAN_POINT('',(0.833168800393748,11.88378614939,16.));
#28240=CARTESIAN_POINT('',(0.792842342188304,11.8858592353688,16.));
#28250=CARTESIAN_POINT('',(0.726404872488753,11.8858592353688,16.));
#28260=B_SPLINE_CURVE_WITH_KNOTS('',3,(#28220,#28230,#28240,#28250),
.UNSPECIFIED.,.F.,.F.,(4,4),(0.,0.245817066945136),.UNSPECIFIED.);
#28270=DIRECTION('',(0.,0.,-1.));
#28280=VECTOR('',#28270,1.);
#28290=SURFACE_OF_LINEAR_EXTRUSION('',#28260,#28280);
#28300=CARTESIAN_POINT('',(0.726404872488753,11.8858592353688,16.));
#28310=DIRECTION('',(0.,0.,-1.));
#28320=VECTOR('',#28310,1.);
#28330=LINE('',#28300,#28320);
#28340=CARTESIAN_POINT('',(0.726404872488753,11.8858592353688,16.));
#28350=VERTEX_POINT('',#28340);
#28360=CARTESIAN_POINT('',(0.726404872488753,11.8858592353688,15.8));
#28370=VERTEX_POINT('',#28360);
#28380=EDGE_CURVE('',#28350,#28370,#28330,.T.);
#28390=ORIENTED_EDGE('',*,*,#28380,.F.);
#28400=CARTESIAN_POINT('',(0.846940014395362,11.8791957447228,15.8));
#28410=CARTESIAN_POINT('',(0.833168800393748,11.88378614939,15.8));
#28420=CARTESIAN_POINT('',(0.792842342188304,11.8858592353688,15.8));
#28430=CARTESIAN_POINT('',(0.726404872488753,11.8858592353688,15.8));
#28440=B_SPLINE_CURVE_WITH_KNOTS('',3,(#28400,#28410,#28420,#28430),
.UNSPECIFIED.,.F.,.F.,(4,4),(0.,0.245817066945136),.UNSPECIFIED.);
#28450=CARTESIAN_POINT('',(0.84694001439536,11.8791957447228,15.8));
#28460=VERTEX_POINT('',#28450);
#28470=EDGE_CURVE('',#28460,#28370,#28440,.T.);
#28480=ORIENTED_EDGE('',*,*,#28470,.T.);
#28490=CARTESIAN_POINT('',(0.84694001439536,11.8791957447228,16.));
#28500=DIRECTION('',(0.,0.,-1.));
#28510=VECTOR('',#28500,1.);
#28520=LINE('',#28490,#28510);
#28530=CARTESIAN_POINT('',(0.846940014395362,11.8791957447228,16.));
#28540=VERTEX_POINT('',#28530);
#28550=EDGE_CURVE('',#28540,#28460,#28520,.T.);
#28560=ORIENTED_EDGE('',*,*,#28550,.T.);
#28570=CARTESIAN_POINT('',(0.846940014395362,11.8791957447228,16.));
#28580=CARTESIAN_POINT('',(0.833168800393748,11.88378614939,16.));
#28590=CARTESIAN_POINT('',(0.792842342188304,11.8858592353688,16.));
#28600=CARTESIAN_POINT('',(0.726404872488753,11.8858592353688,16.));
#28610=B_SPLINE_CURVE_WITH_KNOTS('',3,(#28570,#28580,#28590,#28600),
.UNSPECIFIED.,.F.,.F.,(4,4),(0.,0.245817066945136),.UNSPECIFIED.);
#28620=EDGE_CURVE('',#28540,#28350,#28610,.T.);
#28630=ORIENTED_EDGE('',*,*,#28620,.F.);
#28640=EDGE_LOOP('',(#28630,#28560,#28480,#28390));
#28650=FACE_OUTER_BOUND('',#28640,.T.);
#28660=ADVANCED_FACE('',(#28650),#28290,.F.);
#28670=CARTESIAN_POINT('',(1.12290724551733,11.1405354668226,16.));
#28680=DIRECTION('',(-0.,1.,0.));
#28690=DIRECTION('',(1.,0.,0.));
#28700=AXIS2_PLACEMENT_3D('',#28670,#28680,#28690);
#28710=PLANE('',#28700);
#28720=CARTESIAN_POINT('',(0.94615198623495,11.1405354668226,16.));
#28730=DIRECTION('',(0.,0.,-1.));
#28740=VECTOR('',#28730,1.);
#28750=LINE('',#28720,#28740);
#28760=CARTESIAN_POINT('',(0.94615198623495,11.1405354668226,15.8));
#28770=VERTEX_POINT('',#28760);
#28780=EDGE_CURVE('',#26940,#28770,#28750,.T.);
#28790=ORIENTED_EDGE('',*,*,#28780,.F.);
#28800=CARTESIAN_POINT('',(-22.290130924827,11.1405354668226,15.8));
#28810=DIRECTION('',(-1.,0.,0.));
#28820=VECTOR('',#28810,3.18399680751);
#28830=LINE('',#28800,#28820);
#28840=CARTESIAN_POINT('',(1.12290724551733,11.1405354668226,15.8));
#28850=VERTEX_POINT('',#28840);
#28860=EDGE_CURVE('',#28850,#28770,#28830,.T.);
#28870=ORIENTED_EDGE('',*,*,#28860,.T.);
#28880=CARTESIAN_POINT('',(1.12290724551733,11.1405354668226,16.));
#28890=DIRECTION('',(0.,0.,-1.));
#28900=VECTOR('',#28890,1.);
#28910=LINE('',#28880,#28900);
#28920=EDGE_CURVE('',#27020,#28850,#28910,.T.);
#28930=ORIENTED_EDGE('',*,*,#28920,.T.);
#28940=ORIENTED_EDGE('',*,*,#27030,.F.);
#28950=EDGE_LOOP('',(#28940,#28930,#28870,#28790));
#28960=FACE_OUTER_BOUND('',#28950,.T.);
#28970=ADVANCED_FACE('',(#28960),#28710,.T.);
#28980=CARTESIAN_POINT('',(-1.20260663682151,0.,2.));
#28990=DIRECTION('',(-1.13869028166683E-16,-1.,0.));
#29000=DIRECTION('',(-1.,1.13869028166683E-16,0.));
#29010=AXIS2_PLACEMENT_3D('',#28980,#28990,#29000);
#29020=CYLINDRICAL_SURFACE('',#29010,0.3);
#29030=ORIENTED_EDGE('',*,*,#5560,.T.);
#29040=ORIENTED_EDGE('',*,*,#12530,.F.);
#29050=CARTESIAN_POINT('',(-1.20260663682151,-2.60872686779076,2.));
#29060=DIRECTION('',(0.,0.999961923064171,0.00872653549837393));
#29070=DIRECTION('',(1.3048595079685E-14,0.00872653549837393,
-0.999961923064171));
#29080=AXIS2_PLACEMENT_3D('',#29050,#29060,#29070);
#29090=ELLIPSE('',#29080,0.300011423515721,0.3);
#29100=EDGE_CURVE('',#12460,#4600,#29090,.T.);
#29110=ORIENTED_EDGE('',*,*,#29100,.F.);
#29120=ORIENTED_EDGE('',*,*,#4610,.T.);
#29130=EDGE_LOOP('',(#29120,#29110,#29040,#29030));
#29140=FACE_OUTER_BOUND('',#29130,.T.);
#29150=ADVANCED_FACE('',(#29140),#29020,.F.);
#29160=CARTESIAN_POINT('',(16.,-16.5,16.));
#29170=DIRECTION('',(1.,0.,0.));
#29180=DIRECTION('',(0.,-1.,0.));
#29190=AXIS2_PLACEMENT_3D('',#29160,#29170,#29180);
#29200=PLANE('',#29190);
#29210=CARTESIAN_POINT('',(16.,-15.4275479581442,15.5));
#29220=DIRECTION('',(-1.,0.,0.));
#29230=DIRECTION('',(0.,1.,0.));
#29240=AXIS2_PLACEMENT_3D('',#29210,#29220,#29230);
#29250=CIRCLE('',#29240,0.5);
#29260=CARTESIAN_POINT('',(16.,-15.4275479581442,16.));
#29270=VERTEX_POINT('',#29260);
#29280=EDGE_CURVE('',#17980,#29270,#29250,.T.);
#29290=ORIENTED_EDGE('',*,*,#29280,.F.);
#29300=CARTESIAN_POINT('',(16.,0.,16.));
#29310=DIRECTION('',(0.,-1.,0.));
#29320=VECTOR('',#29310,1.);
#29330=LINE('',#29300,#29320);
#29340=CARTESIAN_POINT('',(16.,-16.5,16.));
#29350=VERTEX_POINT('',#29340);
#29360=EDGE_CURVE('',#29270,#29350,#29330,.T.);
#29370=ORIENTED_EDGE('',*,*,#29360,.F.);
#29380=CARTESIAN_POINT('',(16.,-16.5,0.));
#29390=DIRECTION('',(0.,0.,1.));
#29400=VECTOR('',#29390,1.);
#29410=LINE('',#29380,#29400);
#29420=CARTESIAN_POINT('',(16.,-16.5,0.));
#29430=VERTEX_POINT('',#29420);
#29440=EDGE_CURVE('',#29430,#29350,#29410,.T.);
#29450=ORIENTED_EDGE('',*,*,#29440,.T.);
#29460=CARTESIAN_POINT('',(16.,0.,0.));
#29470=DIRECTION('',(0.,1.,0.));
#29480=VECTOR('',#29470,1.);
#29490=LINE('',#29460,#29480);
#29500=CARTESIAN_POINT('',(16.,-15.4415109466091,1.11022302462516E-16));
#29510=VERTEX_POINT('',#29500);
#29520=EDGE_CURVE('',#29430,#29510,#29490,.T.);
#29530=ORIENTED_EDGE('',*,*,#29520,.F.);
#29540=CARTESIAN_POINT('',(16.,-15.4415109466091,0.5));
#29550=DIRECTION('',(1.,0.,0.));
#29560=DIRECTION('',(0.,-1.,0.));
#29570=AXIS2_PLACEMENT_3D('',#29540,#29550,#29560);
#29580=CIRCLE('',#29570,0.5);
#29590=CARTESIAN_POINT('',(16.,-15.9414919081411,0.495636732250813));
#29600=VERTEX_POINT('',#29590);
#29610=EDGE_CURVE('',#29600,#29510,#29580,.T.);
#29620=ORIENTED_EDGE('',*,*,#29610,.T.);
#29630=CARTESIAN_POINT('',(16.,-15.9371665519065,0.));
#29640=DIRECTION('',(0.,0.00872653549837393,-0.999961923064171));
#29650=VECTOR('',#29640,1.);
#29660=LINE('',#29630,#29650);
#29670=EDGE_CURVE('',#21180,#29600,#29660,.T.);
#29680=ORIENTED_EDGE('',*,*,#29670,.T.);
#29690=ORIENTED_EDGE('',*,*,#21490,.F.);
#29700=ORIENTED_EDGE('',*,*,#24680,.T.);
#29710=CARTESIAN_POINT('',(16.,0.,7.2));
#29720=DIRECTION('',(0.,1.,0.));
#29730=VECTOR('',#29720,1.);
#29740=LINE('',#29710,#29730);
#29750=EDGE_CURVE('',#18000,#24610,#29740,.T.);
#29760=ORIENTED_EDGE('',*,*,#29750,.T.);
#29770=ORIENTED_EDGE('',*,*,#18010,.T.);
#29780=EDGE_LOOP('',(#29770,#29760,#29700,#29690,#29680,#29620,#29530,
#29450,#29370,#29290));
#29790=FACE_OUTER_BOUND('',#29780,.T.);
#29800=ADVANCED_FACE('',(#29790),#29200,.F.);
#29810=CARTESIAN_POINT('',(1.40165656858926E-15,-8.90043634338974,15.8))
;
#29820=DIRECTION('',(0.,0.,1.));
#29830=DIRECTION('',(1.,0.,0.));
#29840=AXIS2_PLACEMENT_3D('',#29810,#29820,#29830);
#29850=PLANE('',#29840);
#29860=CARTESIAN_POINT('',(-7.2108618527965,15.5319308628247,15.8));
#29870=DIRECTION('',(-0.939680965708063,-0.342052163691391,0.));
#29880=VECTOR('',#29870,1.);
#29890=LINE('',#29860,#29880);
#29900=CARTESIAN_POINT('',(-14.5433908060754,12.8628256182496,15.8));
#29910=VERTEX_POINT('',#29900);
#29920=CARTESIAN_POINT('',(-14.6909569494257,12.8091102398791,15.8));
#29930=VERTEX_POINT('',#29920);
#29940=EDGE_CURVE('',#29910,#29930,#29890,.T.);
#29950=ORIENTED_EDGE('',*,*,#29940,.T.);
#29960=CARTESIAN_POINT('',(-10.0079832502514,0.401973999999999,15.8));
#29970=DIRECTION('',(-0.342022039355291,0.939691930685396,0.));
#29980=VECTOR('',#29970,1.);
#29990=LINE('',#29960,#29980);
#30000=CARTESIAN_POINT('',(-14.2748294164966,12.1249638969507,15.8));
#30010=VERTEX_POINT('',#30000);
#30020=EDGE_CURVE('',#30010,#29910,#29990,.T.);
#30030=ORIENTED_EDGE('',*,*,#30020,.T.);
#30040=CARTESIAN_POINT('',(-7.2108618527965,14.6970525171613,15.8));
#30050=DIRECTION('',(0.939649233335846,0.342139325847464,0.));
#30060=VECTOR('',#30050,1.);
#30070=LINE('',#30040,#30060);
#30080=CARTESIAN_POINT('',(-14.4223955598469,12.0712330163065,15.8));
#30090=VERTEX_POINT('',#30080);
#30100=EDGE_CURVE('',#30090,#30010,#30070,.T.);
#30110=ORIENTED_EDGE('',*,*,#30100,.T.);
#30120=CARTESIAN_POINT('',(-10.1751951901151,0.401973999999999,15.8));
#30130=DIRECTION('',(0.342015694262415,-0.939694240100576,0.));
#30140=VECTOR('',#30130,1.);
#30150=LINE('',#30120,#30140);
#30160=EDGE_CURVE('',#29930,#30090,#30150,.T.);
#30170=ORIENTED_EDGE('',*,*,#30160,.T.);
#30180=EDGE_LOOP('',(#30170,#30110,#30030,#29950));
#30190=FACE_OUTER_BOUND('',#30180,.T.);
#30200=ADVANCED_FACE('',(#30190),#29850,.T.);
#30210=CARTESIAN_POINT('',(-12.9280383842617,9.79224375966951,16.));
#30220=DIRECTION('',(-0.766041953406238,-0.642790576798972,-0.));
#30230=DIRECTION('',(-0.642790576798972,0.766041953406238,0.));
#30240=AXIS2_PLACEMENT_3D('',#30210,#30220,#30230);
#30250=PLANE('',#30240);
#30260=ORIENTED_EDGE('',*,*,#3540,.F.);
#30270=CARTESIAN_POINT('',(-5.04860451216543,0.401973999999999,15.8));
#30280=DIRECTION('',(-0.642790576798972,0.766041953406238,0.));
#30290=VECTOR('',#30280,1.);
#30300=LINE('',#30270,#30290);
#30310=CARTESIAN_POINT('',(-12.9280383842617,9.79224375966951,15.8));
#30320=VERTEX_POINT('',#30310);
#30330=EDGE_CURVE('',#3450,#30320,#30300,.T.);
#30340=ORIENTED_EDGE('',*,*,#30330,.F.);
#30350=CARTESIAN_POINT('',(-12.9280383842617,9.79224375966951,16.));
#30360=DIRECTION('',(0.,0.,-1.));
#30370=VECTOR('',#30360,1.);
#30380=LINE('',#30350,#30370);
#30390=CARTESIAN_POINT('',(-12.9280383842617,9.79224375966951,16.));
#30400=VERTEX_POINT('',#30390);
#30410=EDGE_CURVE('',#30400,#30320,#30380,.T.);
#30420=ORIENTED_EDGE('',*,*,#30410,.T.);
#30430=CARTESIAN_POINT('',(-4.71130562380916,0.,16.));
#30440=DIRECTION('',(0.642790576798972,-0.766041953406238,0.));
#30450=VECTOR('',#30440,1.);
#30460=LINE('',#30430,#30450);
#30470=EDGE_CURVE('',#30400,#3530,#30460,.T.);
#30480=ORIENTED_EDGE('',*,*,#30470,.F.);
#30490=EDGE_LOOP('',(#30480,#30420,#30340,#30260));
#30500=FACE_OUTER_BOUND('',#30490,.T.);
#30510=ADVANCED_FACE('',(#30500),#30250,.T.);
#30520=CARTESIAN_POINT('',(1.40165656858926E-15,-8.90043634338974,15.8))
;
#30530=DIRECTION('',(0.,0.,1.));
#30540=DIRECTION('',(1.,0.,0.));
#30550=AXIS2_PLACEMENT_3D('',#30520,#30530,#30540);
#30560=PLANE('',#30550);
#30570=CARTESIAN_POINT('',(0.727675590634519,11.5553133609335,15.8));
#30580=DIRECTION('',(0.,0.,-1.));
#30590=DIRECTION('',(-1.,0.,0.));
#30600=AXIS2_PLACEMENT_3D('',#30570,#30580,#30590);
#30610=CIRCLE('',#30600,0.750000275741731);
#30620=CARTESIAN_POINT('',(0.727589473276051,10.8053130901359,15.8));
#30630=VERTEX_POINT('',#30620);
#30640=CARTESIAN_POINT('',(-0.0223246851072123,11.5553133609335,15.8));
#30650=VERTEX_POINT('',#30640);
#30660=EDGE_CURVE('',#30630,#30650,#30610,.T.);
#30670=ORIENTED_EDGE('',*,*,#30660,.F.);
#30680=CARTESIAN_POINT('',(1.47767586637625,11.5553133609335,15.8));
#30690=VERTEX_POINT('',#30680);
#30700=EDGE_CURVE('',#30650,#30690,#30610,.T.);
#30710=ORIENTED_EDGE('',*,*,#30700,.F.);
#30720=EDGE_CURVE('',#30690,#30630,#30610,.T.);
#30730=ORIENTED_EDGE('',*,*,#30720,.F.);
#30740=EDGE_LOOP('',(#30730,#30710,#30670));
#30750=FACE_OUTER_BOUND('',#30740,.T.);
#30760=EDGE_CURVE('',#1680,#1970,#1640,.T.);
#30770=ORIENTED_EDGE('',*,*,#30760,.T.);
#30780=ORIENTED_EDGE('',*,*,#1690,.T.);
#30790=ORIENTED_EDGE('',*,*,#2000,.T.);
#30800=EDGE_LOOP('',(#30790,#30780,#30770));
#30810=FACE_BOUND('',#30800,.T.);
#30820=ADVANCED_FACE('',(#30750,#30810),#30560,.T.);
#30830=CARTESIAN_POINT('',(0.,16.5,15.5));
#30840=DIRECTION('',(-1.,0.,0.));
#30850=DIRECTION('',(0.,1.,0.));
#30860=AXIS2_PLACEMENT_3D('',#30830,#30840,#30850);
#30870=CYLINDRICAL_SURFACE('',#30860,0.5);
#30880=CARTESIAN_POINT('',(-13.213974684585,17.,15.5));
#30890=CARTESIAN_POINT('',(-13.213974684585,17.,15.6308996938996));
#30900=CARTESIAN_POINT('',(-13.2139746845855,16.9588866847165,
15.7617873809106));
#30910=CARTESIAN_POINT('',(-13.2139746845841,16.8765953656502,
15.87659536565));
#30920=CARTESIAN_POINT('',(-13.2139746845856,16.7617873809107,
15.9588866847167));
#30930=CARTESIAN_POINT('',(-13.213974684585,16.6308996938996,16.));
#30940=CARTESIAN_POINT('',(-13.213974684585,16.5,16.));
#30950=B_SPLINE_CURVE_WITH_KNOTS('',6,(#30880,#30890,#30900,#30910,
#30920,#30930,#30940),.UNSPECIFIED.,.F.,.F.,(7,7),(0.,1.),.UNSPECIFIED.)
;
#30960=CARTESIAN_POINT('',(-13.213974684585,17.,15.5));
#30970=VERTEX_POINT('',#30960);
#30980=CARTESIAN_POINT('',(-13.213974684585,16.5,16.));
#30990=VERTEX_POINT('',#30980);
#31000=EDGE_CURVE('',#30970,#30990,#30950,.T.);
#31010=ORIENTED_EDGE('',*,*,#31000,.F.);
#31020=CARTESIAN_POINT('',(0.,16.5,16.));
#31030=DIRECTION('',(1.,0.,0.));
#31040=VECTOR('',#31030,1.);
#31050=LINE('',#31020,#31040);
#31060=CARTESIAN_POINT('',(-17.5026180603372,16.5,16.));
#31070=VERTEX_POINT('',#31060);
#31080=EDGE_CURVE('',#31070,#30990,#31050,.T.);
#31090=ORIENTED_EDGE('',*,*,#31080,.T.);
#31100=CARTESIAN_POINT('',(-17.5026180603372,16.5,15.5));
#31110=DIRECTION('',(-1.,0.,0.));
#31120=DIRECTION('',(0.,1.,0.));
#31130=AXIS2_PLACEMENT_3D('',#31100,#31110,#31120);
#31140=CIRCLE('',#31130,0.5);
#31150=EDGE_CURVE('',#31070,#24300,#31140,.T.);
#31160=ORIENTED_EDGE('',*,*,#31150,.F.);
#31170=CARTESIAN_POINT('',(0.,17.,15.5));
#31180=DIRECTION('',(1.,0.,0.));
#31190=VECTOR('',#31180,1.);
#31200=LINE('',#31170,#31190);
#31210=EDGE_CURVE('',#24300,#30970,#31200,.T.);
#31220=ORIENTED_EDGE('',*,*,#31210,.F.);
#31230=EDGE_LOOP('',(#31220,#31160,#31090,#31010));
#31240=FACE_OUTER_BOUND('',#31230,.T.);
#31250=ADVANCED_FACE('',(#31240),#30870,.T.);
#31260=CARTESIAN_POINT('',(1.20260663682151,0.,2.));
#31270=DIRECTION('',(1.81260901979617E-16,1.,0.));
#31280=DIRECTION('',(1.,-1.81260901979617E-16,0.));
#31290=AXIS2_PLACEMENT_3D('',#31260,#31270,#31280);
#31300=CYLINDRICAL_SURFACE('',#31290,0.3);
#31310=CARTESIAN_POINT('',(1.20260663682151,-2.60872686779076,2.));
#31320=DIRECTION('',(0.,0.999961923064171,0.00872653549837393));
#31330=DIRECTION('',(2.07712329839883E-14,0.00872653549837393,
-0.999961923064171));
#31340=AXIS2_PLACEMENT_3D('',#31310,#31320,#31330);
#31350=ELLIPSE('',#31340,0.300011423515721,0.3);
#31360=EDGE_CURVE('',#4680,#5000,#31350,.T.);
#31370=ORIENTED_EDGE('',*,*,#31360,.F.);
#31380=ORIENTED_EDGE('',*,*,#5010,.F.);
#31390=ORIENTED_EDGE('',*,*,#5640,.T.);
#31400=ORIENTED_EDGE('',*,*,#4750,.T.);
#31410=EDGE_LOOP('',(#31400,#31390,#31380,#31370));
#31420=FACE_OUTER_BOUND('',#31410,.T.);
#31430=ADVANCED_FACE('',(#31420),#31300,.F.);
#31440=CARTESIAN_POINT('',(-7.7617506509997,9.3000000628734,16.));
#31450=DIRECTION('',(1.,0.,0.));
#31460=DIRECTION('',(0.,-1.,0.));
#31470=AXIS2_PLACEMENT_3D('',#31440,#31450,#31460);
#31480=PLANE('',#31470);
#31490=CARTESIAN_POINT('',(-7.7617506509997,12.3000000692974,16.));
#31500=DIRECTION('',(0.,0.,-1.));
#31510=VECTOR('',#31500,1.);
#31520=LINE('',#31490,#31510);
#31530=CARTESIAN_POINT('',(-7.7617506509997,12.3000000692974,16.));
#31540=VERTEX_POINT('',#31530);
#31550=CARTESIAN_POINT('',(-7.7617506509997,12.3000000692974,15.8));
#31560=VERTEX_POINT('',#31550);
#31570=EDGE_CURVE('',#31540,#31560,#31520,.T.);
#31580=ORIENTED_EDGE('',*,*,#31570,.F.);
#31590=CARTESIAN_POINT('',(-7.7617506509997,0.401973999999999,15.8));
#31600=DIRECTION('',(0.,-1.,0.));
#31610=VECTOR('',#31600,1.);
#31620=LINE('',#31590,#31610);
#31630=CARTESIAN_POINT('',(-7.7617506509997,9.3000000628734,15.8));
#31640=VERTEX_POINT('',#31630);
#31650=EDGE_CURVE('',#31560,#31640,#31620,.T.);
#31660=ORIENTED_EDGE('',*,*,#31650,.F.);
#31670=CARTESIAN_POINT('',(-7.7617506509997,9.3000000628734,16.));
#31680=DIRECTION('',(0.,0.,-1.));
#31690=VECTOR('',#31680,1.);
#31700=LINE('',#31670,#31690);
#31710=CARTESIAN_POINT('',(-7.7617506509997,9.3000000628734,16.));
#31720=VERTEX_POINT('',#31710);
#31730=EDGE_CURVE('',#31720,#31640,#31700,.T.);
#31740=ORIENTED_EDGE('',*,*,#31730,.T.);
#31750=CARTESIAN_POINT('',(-7.7617506509997,0.,16.));
#31760=DIRECTION('',(0.,1.,0.));
#31770=VECTOR('',#31760,1.);
#31780=LINE('',#31750,#31770);
#31790=EDGE_CURVE('',#31720,#31540,#31780,.T.);
#31800=ORIENTED_EDGE('',*,*,#31790,.F.);
#31810=EDGE_LOOP('',(#31800,#31740,#31660,#31580));
#31820=FACE_OUTER_BOUND('',#31810,.T.);
#31830=ADVANCED_FACE('',(#31820),#31480,.T.);
#31840=CARTESIAN_POINT('',(-14.8242454986983,11.8077408702276,16.));
#31850=DIRECTION('',(0.766041953406239,0.642790576798971,0.));
#31860=DIRECTION('',(0.642790576798971,-0.766041953406239,0.));
#31870=AXIS2_PLACEMENT_3D('',#31840,#31850,#31860);
#31880=PLANE('',#31870);
#31890=CARTESIAN_POINT('',(-15.3289840280966,12.409260094335,16.));
#31900=DIRECTION('',(0.,0.,-1.));
#31910=VECTOR('',#31900,1.);
#31920=LINE('',#31890,#31910);
#31930=CARTESIAN_POINT('',(-15.3289840280966,12.409260094335,16.));
#31940=VERTEX_POINT('',#31930);
#31950=CARTESIAN_POINT('',(-15.3289840280966,12.409260094335,15.8));
#31960=VERTEX_POINT('',#31950);
#31970=EDGE_CURVE('',#31940,#31960,#31920,.T.);
#31980=ORIENTED_EDGE('',*,*,#31970,.F.);
#31990=CARTESIAN_POINT('',(-5.25359544128528,0.401973999999999,15.8));
#32000=DIRECTION('',(0.642790576798971,-0.766041953406239,0.));
#32010=VECTOR('',#32000,1.);
#32020=LINE('',#31990,#32010);
#32030=CARTESIAN_POINT('',(-14.8242454986983,11.8077408702276,15.8));
#32040=VERTEX_POINT('',#32030);
#32050=EDGE_CURVE('',#31960,#32040,#32020,.T.);
#32060=ORIENTED_EDGE('',*,*,#32050,.F.);
#32070=CARTESIAN_POINT('',(-14.8242454986983,11.8077408702276,16.));
#32080=DIRECTION('',(0.,0.,-1.));
#32090=VECTOR('',#32080,1.);
#32100=LINE('',#32070,#32090);
#32110=CARTESIAN_POINT('',(-14.8242454986983,11.8077408702276,16.));
#32120=VERTEX_POINT('',#32110);
#32130=EDGE_CURVE('',#32120,#32040,#32100,.T.);
#32140=ORIENTED_EDGE('',*,*,#32130,.T.);
#32150=CARTESIAN_POINT('',(-4.91629655292901,0.,16.));
#32160=DIRECTION('',(-0.642790576798971,0.766041953406239,0.));
#32170=VECTOR('',#32160,1.);
#32180=LINE('',#32150,#32170);
#32190=EDGE_CURVE('',#32120,#31940,#32180,.T.);
#32200=ORIENTED_EDGE('',*,*,#32190,.F.);
#32210=EDGE_LOOP('',(#32200,#32140,#32060,#31980));
#32220=FACE_OUTER_BOUND('',#32210,.T.);
#32230=ADVANCED_FACE('',(#32220),#31880,.T.);
#32240=CARTESIAN_POINT('',(17.6895277586511,0.,4.7));
#32250=DIRECTION('',(0.00872653549837393,0.,-0.999961923064171));
#32260=DIRECTION('',(-0.999961923064171,0.,-0.00872653549837393));
#32270=AXIS2_PLACEMENT_3D('',#32240,#32250,#32260);
#32280=PLANE('',#32270);
#32290=ORIENTED_EDGE('',*,*,#12230,.F.);
#32300=CARTESIAN_POINT('',(18.5,0.,4.70707288409833));
#32310=DIRECTION('',(0.,1.,0.));
#32320=VECTOR('',#32310,1.);
#32330=LINE('',#32300,#32320);
#32340=EDGE_CURVE('',#12140,#10590,#32330,.T.);
#32350=ORIENTED_EDGE('',*,*,#32340,.F.);
#32360=ORIENTED_EDGE('',*,*,#10600,.T.);
#32370=CARTESIAN_POINT('',(17.6895277586511,0.,4.7));
#32380=DIRECTION('',(0.,1.,0.));
#32390=VECTOR('',#32380,1.);
#32400=LINE('',#32370,#32390);
#32410=EDGE_CURVE('',#12220,#10570,#32400,.T.);
#32420=ORIENTED_EDGE('',*,*,#32410,.T.);
#32430=EDGE_LOOP('',(#32420,#32360,#32350,#32290));
#32440=FACE_OUTER_BOUND('',#32430,.T.);
#32450=ADVANCED_FACE('',(#32440),#32280,.T.);
#32460=CARTESIAN_POINT('',(-8.50000035230265,0.,6.4));
#32470=DIRECTION('',(-0.999847695156391,0.,0.0174524064372835));
#32480=DIRECTION('',(0.,1.,0.));
#32490=AXIS2_PLACEMENT_3D('',#32460,#32470,#32480);
#32500=PLANE('',#32490);
#32510=CARTESIAN_POINT('',(-8.61171276784324,-15.9371665519065,0.));
#32520=DIRECTION('',(0.0174517421055201,-0.00872520650594019,
0.999809635615156));
#32530=VECTOR('',#32520,1.);
#32540=LINE('',#32510,#32530);
#32550=CARTESIAN_POINT('',(-8.50000035230265,-15.9930185057674,6.4));
#32560=VERTEX_POINT('',#32550);
#32570=EDGE_CURVE('',#32560,#18340,#32540,.T.);
#32580=ORIENTED_EDGE('',*,*,#32570,.T.);
#32590=CARTESIAN_POINT('',(-8.50000035230265,0.,6.4));
#32600=DIRECTION('',(0.,1.,0.));
#32610=VECTOR('',#32600,1.);
#32620=LINE('',#32590,#32610);
#32630=EDGE_CURVE('',#32560,#16730,#32620,.T.);
#32640=ORIENTED_EDGE('',*,*,#32630,.F.);
#32650=ORIENTED_EDGE('',*,*,#16740,.T.);
#32660=CARTESIAN_POINT('',(-8.48603630036007,0.,7.2));
#32670=DIRECTION('',(0.,1.,0.));
#32680=VECTOR('',#32670,1.);
#32690=LINE('',#32660,#32680);
#32700=EDGE_CURVE('',#18340,#16710,#32690,.T.);
#32710=ORIENTED_EDGE('',*,*,#32700,.T.);
#32720=EDGE_LOOP('',(#32710,#32650,#32640,#32580));
#32730=FACE_OUTER_BOUND('',#32720,.T.);
#32740=ADVANCED_FACE('',(#32730),#32500,.T.);
#32750=CARTESIAN_POINT('',(17.7602153877562,23.9906770090669,-3.4));
#32760=DIRECTION('',(-0.999961923064171,0.,-0.00872653549837394));
#32770=DIRECTION('',(-0.00872653549837394,0.,0.999961923064171));
#32780=AXIS2_PLACEMENT_3D('',#32750,#32760,#32770);
#32790=PLANE('',#32780);
#32800=CARTESIAN_POINT('',(17.7305440372677,-12.2002513221306,0.));
#32810=DIRECTION('',(-0.00872653547306858,7.61553213403956E-5,
0.999961920164465));
#32820=VECTOR('',#32810,1.);
#32830=LINE('',#32800,#32820);
#32840=CARTESIAN_POINT('',(17.7017453735582,-12.1999999999999,
3.30000000000013));
#32850=VERTEX_POINT('',#32840);
#32860=CARTESIAN_POINT('',(17.6895277586511,-12.1998933784899,4.7));
#32870=VERTEX_POINT('',#32860);
#32880=EDGE_CURVE('',#32850,#32870,#32830,.T.);
#32890=ORIENTED_EDGE('',*,*,#32880,.F.);
#32900=CARTESIAN_POINT('',(17.6895277586511,0.,4.7));
#32910=DIRECTION('',(0.,1.,0.));
#32920=VECTOR('',#32910,1.);
#32930=LINE('',#32900,#32920);
#32940=CARTESIAN_POINT('',(17.6895277586511,-8.80010662151014,4.7));
#32950=VERTEX_POINT('',#32940);
#32960=EDGE_CURVE('',#32870,#32950,#32930,.T.);
#32970=ORIENTED_EDGE('',*,*,#32960,.F.);
#32980=CARTESIAN_POINT('',(17.7305440372677,-8.79974867786939,0.));
#32990=DIRECTION('',(0.00872653547306858,7.61553213448366E-5,
-0.999961920164465));
#33000=VECTOR('',#32990,1.);
#33010=LINE('',#32980,#33000);
#33020=CARTESIAN_POINT('',(17.7017453735582,-8.80000000000013,
3.30000000000013));
#33030=VERTEX_POINT('',#33020);
#33040=EDGE_CURVE('',#32950,#33030,#33010,.T.);
#33050=ORIENTED_EDGE('',*,*,#33040,.F.);
#33060=CARTESIAN_POINT('',(17.7017453735582,0.,3.30000000000013));
#33070=DIRECTION('',(0.,1.,0.));
#33080=VECTOR('',#33070,1.);
#33090=LINE('',#33060,#33080);
#33100=EDGE_CURVE('',#32850,#33030,#33090,.T.);
#33110=ORIENTED_EDGE('',*,*,#33100,.T.);
#33120=EDGE_LOOP('',(#33110,#33050,#32970,#32890));
#33130=FACE_OUTER_BOUND('',#33120,.T.);
#33140=CARTESIAN_POINT('',(17.7013090301686,0.,3.35));
#33150=DIRECTION('',(0.,-1.,0.));
#33160=VECTOR('',#33150,1.);
#33170=LINE('',#33140,#33160);
#33180=CARTESIAN_POINT('',(17.7013090301686,-9.00087268677907,3.35));
#33190=VERTEX_POINT('',#33180);
#33200=CARTESIAN_POINT('',(17.7013090301686,-11.9991273132209,3.35));
#33210=VERTEX_POINT('',#33200);
#33220=EDGE_CURVE('',#33190,#33210,#33170,.T.);
#33230=ORIENTED_EDGE('',*,*,#33220,.T.);
#33240=CARTESIAN_POINT('',(17.7305440372677,-9.00112781682089,0.));
#33250=DIRECTION('',(-0.00872653547306858,7.61553213448366E-5,
0.999961920164465));
#33260=VECTOR('',#33250,1.);
#33270=LINE('',#33240,#33260);
#33280=CARTESIAN_POINT('',(17.6907561186896,-9.00078059291579,
4.55924388131036));
#33290=VERTEX_POINT('',#33280);
#33300=EDGE_CURVE('',#33190,#33290,#33270,.T.);
#33310=ORIENTED_EDGE('',*,*,#33300,.F.);
#33320=CARTESIAN_POINT('',(17.6907561186896,0.,4.55924388131036));
#33330=DIRECTION('',(0.,-1.,0.));
#33340=VECTOR('',#33330,1.);
#33350=LINE('',#33320,#33340);
#33360=CARTESIAN_POINT('',(17.6907561186896,-11.9992194070842,
4.55924388131036));
#33370=VERTEX_POINT('',#33360);
#33380=EDGE_CURVE('',#33290,#33370,#33350,.T.);
#33390=ORIENTED_EDGE('',*,*,#33380,.F.);
#33400=CARTESIAN_POINT('',(17.7305440372677,-11.9988721831791,0.));
#33410=DIRECTION('',(0.00872653547306858,7.61553213492777E-5,
-0.999961920164465));
#33420=VECTOR('',#33410,1.);
#33430=LINE('',#33400,#33420);
#33440=EDGE_CURVE('',#33370,#33210,#33430,.T.);
#33450=ORIENTED_EDGE('',*,*,#33440,.F.);
#33460=EDGE_LOOP('',(#33450,#33390,#33310,#33230));
#33470=FACE_BOUND('',#33460,.T.);
#33480=ADVANCED_FACE('',(#33130,#33470),#32790,.F.);
#33490=CARTESIAN_POINT('',(-4.8299606488557,9.7302811716906,16.));
#33500=DIRECTION('',(-1.,0.,0.));
#33510=DIRECTION('',(0.,1.,0.));
#33520=AXIS2_PLACEMENT_3D('',#33490,#33500,#33510);
#33530=PLANE('',#33520);
#33540=CARTESIAN_POINT('',(-4.8299606488557,9.3000000628734,16.));
#33550=DIRECTION('',(0.,0.,-1.));
#33560=VECTOR('',#33550,1.);
#33570=LINE('',#33540,#33560);
#33580=CARTESIAN_POINT('',(-4.8299606488557,9.3000000628734,16.));
#33590=VERTEX_POINT('',#33580);
#33600=CARTESIAN_POINT('',(-4.8299606488557,9.3000000628734,15.8));
#33610=VERTEX_POINT('',#33600);
#33620=EDGE_CURVE('',#33590,#33610,#33570,.T.);
#33630=ORIENTED_EDGE('',*,*,#33620,.F.);
#33640=CARTESIAN_POINT('',(-4.8299606488557,0.401973999999999,15.8));
#33650=DIRECTION('',(0.,1.,0.));
#33660=VECTOR('',#33650,1.);
#33670=LINE('',#33640,#33660);
#33680=CARTESIAN_POINT('',(-4.8299606488557,9.7302811716906,15.8));
#33690=VERTEX_POINT('',#33680);
#33700=EDGE_CURVE('',#33610,#33690,#33670,.T.);
#33710=ORIENTED_EDGE('',*,*,#33700,.F.);
#33720=CARTESIAN_POINT('',(-4.8299606488557,9.7302811716906,16.));
#33730=DIRECTION('',(0.,0.,-1.));
#33740=VECTOR('',#33730,1.);
#33750=LINE('',#33720,#33740);
#33760=CARTESIAN_POINT('',(-4.8299606488557,9.7302811716906,16.));
#33770=VERTEX_POINT('',#33760);
#33780=EDGE_CURVE('',#33770,#33690,#33750,.T.);
#33790=ORIENTED_EDGE('',*,*,#33780,.T.);
#33800=CARTESIAN_POINT('',(-4.8299606488557,0.,16.));
#33810=DIRECTION('',(0.,-1.,0.));
#33820=VECTOR('',#33810,1.);
#33830=LINE('',#33800,#33820);
#33840=EDGE_CURVE('',#33770,#33590,#33830,.T.);
#33850=ORIENTED_EDGE('',*,*,#33840,.F.);
#33860=EDGE_LOOP('',(#33850,#33790,#33710,#33630));
#33870=FACE_OUTER_BOUND('',#33860,.T.);
#33880=ADVANCED_FACE('',(#33870),#33530,.T.);
#33890=CARTESIAN_POINT('',(-4.51586908142,9.3000000628734,16.));
#33900=DIRECTION('',(1.,0.,0.));
#33910=DIRECTION('',(0.,-1.,0.));
#33920=AXIS2_PLACEMENT_3D('',#33890,#33900,#33910);
#33930=PLANE('',#33920);
#33940=CARTESIAN_POINT('',(-4.51586908142,12.3000000692974,16.));
#33950=DIRECTION('',(0.,0.,-1.));
#33960=VECTOR('',#33950,1.);
#33970=LINE('',#33940,#33960);
#33980=CARTESIAN_POINT('',(-4.51586908142,12.3000000692974,16.));
#33990=VERTEX_POINT('',#33980);
#34000=CARTESIAN_POINT('',(-4.51586908142,12.3000000692974,15.8));
#34010=VERTEX_POINT('',#34000);
#34020=EDGE_CURVE('',#33990,#34010,#33970,.T.);
#34030=ORIENTED_EDGE('',*,*,#34020,.F.);
#34040=CARTESIAN_POINT('',(-4.51586908142,0.401973999999999,15.8));
#34050=DIRECTION('',(0.,-1.,0.));
#34060=VECTOR('',#34050,1.);
#34070=LINE('',#34040,#34060);
#34080=CARTESIAN_POINT('',(-4.51586908142,9.3000000628734,15.8));
#34090=VERTEX_POINT('',#34080);
#34100=EDGE_CURVE('',#34010,#34090,#34070,.T.);
#34110=ORIENTED_EDGE('',*,*,#34100,.F.);
#34120=CARTESIAN_POINT('',(-4.51586908142,9.3000000628734,16.));
#34130=DIRECTION('',(0.,0.,-1.));
#34140=VECTOR('',#34130,1.);
#34150=LINE('',#34120,#34140);
#34160=CARTESIAN_POINT('',(-4.51586908142,9.3000000628734,16.));
#34170=VERTEX_POINT('',#34160);
#34180=EDGE_CURVE('',#34170,#34090,#34150,.T.);
#34190=ORIENTED_EDGE('',*,*,#34180,.T.);
#34200=CARTESIAN_POINT('',(-4.51586908142,0.,16.));
#34210=DIRECTION('',(0.,1.,0.));
#34220=VECTOR('',#34210,1.);
#34230=LINE('',#34200,#34220);
#34240=EDGE_CURVE('',#34170,#33990,#34230,.T.);
#34250=ORIENTED_EDGE('',*,*,#34240,.F.);
#34260=EDGE_LOOP('',(#34250,#34190,#34110,#34030));
#34270=FACE_OUTER_BOUND('',#34260,.T.);
#34280=ADVANCED_FACE('',(#34270),#33930,.T.);
#34290=CARTESIAN_POINT('',(0.,6.69306920480841,3.1));
#34300=DIRECTION('',(1.,0.,0.));
#34310=DIRECTION('',(0.,-1.,0.));
#34320=AXIS2_PLACEMENT_3D('',#34290,#34300,#34310);
#34330=CYLINDRICAL_SURFACE('',#34320,0.4);
#34340=CARTESIAN_POINT('',(-17.7034907471163,6.69306920480841,3.1));
#34350=DIRECTION('',(0.999961923064171,0.,-0.00872653549837393));
#34360=DIRECTION('',(-0.00872653549837393,0.,-0.999961923064171));
#34370=AXIS2_PLACEMENT_3D('',#34340,#34350,#34360);
#34380=ELLIPSE('',#34370,0.400015231354295,0.4);
#34390=CARTESIAN_POINT('',(-17.702587275281,7.07943953532404,
3.20352761804101));
#34400=VERTEX_POINT('',#34390);
#34410=CARTESIAN_POINT('',(-17.7,6.69306920480841,3.5));
#34420=VERTEX_POINT('',#34410);
#34430=EDGE_CURVE('',#34400,#34420,#34380,.T.);
#34440=ORIENTED_EDGE('',*,*,#34430,.T.);
#34450=CARTESIAN_POINT('',(0.,7.07943953532404,3.20352761804101));
#34460=DIRECTION('',(1.,0.,0.));
#34470=VECTOR('',#34460,1.);
#34480=LINE('',#34450,#34470);
#34490=EDGE_CURVE('',#9410,#34400,#34480,.T.);
#34500=ORIENTED_EDGE('',*,*,#34490,.T.);
#34510=ORIENTED_EDGE('',*,*,#9420,.F.);
#34520=CARTESIAN_POINT('',(0.,6.69306920480841,3.5));
#34530=DIRECTION('',(1.,0.,0.));
#34540=VECTOR('',#34530,1.);
#34550=LINE('',#34520,#34540);
#34560=EDGE_CURVE('',#9320,#34420,#34550,.T.);
#34570=ORIENTED_EDGE('',*,*,#34560,.F.);
#34580=EDGE_LOOP('',(#34570,#34510,#34500,#34440));
#34590=FACE_OUTER_BOUND('',#34580,.T.);
#34600=ADVANCED_FACE('',(#34590),#34330,.F.);
#34610=CARTESIAN_POINT('',(21.4000114230807,-15.0366528447212,17.61104))
;
#34620=DIRECTION('',(0.,1.,-0.));
#34630=DIRECTION('',(-1.,0.,0.));
#34640=AXIS2_PLACEMENT_3D('',#34610,#34620,#34630);
#34650=PLANE('',#34640);
#34660=CARTESIAN_POINT('',(17.0680695687679,-15.0366528447212,0.));
#34670=DIRECTION('',(0.00872653549837393,0.,-0.999961923064171));
#34680=VECTOR('',#34670,1.);
#34690=LINE('',#34660,#34680);
#34700=CARTESIAN_POINT('',(17.0375255315003,-15.0366528447212,3.5));
#34710=VERTEX_POINT('',#34700);
#34720=EDGE_CURVE('',#23980,#34710,#34690,.T.);
#34730=ORIENTED_EDGE('',*,*,#34720,.F.);
#34740=CARTESIAN_POINT('',(0.,-15.0366528447212,3.5));
#34750=DIRECTION('',(1.,0.,0.));
#34760=VECTOR('',#34750,1.);
#34770=LINE('',#34740,#34760);
#34780=CARTESIAN_POINT('',(16.6913957389392,-15.0366528447212,3.5));
#34790=VERTEX_POINT('',#34780);
#34800=EDGE_CURVE('',#34790,#34710,#34770,.T.);
#34810=ORIENTED_EDGE('',*,*,#34800,.T.);
#34820=CARTESIAN_POINT('',(16.8350951888751,-15.3000171350198,3.5));
#34830=DIRECTION('',(0.,0.,1.));
#34840=DIRECTION('',(-1.09920040670929E-5,0.999999999939588,0.));
#34850=AXIS2_PLACEMENT_3D('',#34820,#34830,#34840);
#34860=CONICAL_SURFACE('',#34850,0.300017135037965,0.00872664625997165);
#34870=CARTESIAN_POINT('',(16.6913957389392,-15.0366528447212,3.5));
#34880=CARTESIAN_POINT('',(16.6850187448149,-15.0366528447212,
3.84999888952877));
#34890=CARTESIAN_POINT('',(16.67896405915,-15.0366528447384,
4.19998479301137));
#34900=CARTESIAN_POINT('',(16.6731333884474,-15.0366528447384,
4.54997918834884));
#34910=CARTESIAN_POINT('',(16.6673027268489,-15.0366528447384,
4.8999730372008));
#34920=CARTESIAN_POINT('',(16.6616980349956,-15.0366528447212,
5.24997068800141));
#34930=CARTESIAN_POINT('',(16.6562608796462,-15.0366528447212,
5.59997102823767));
#34940=CARTESIAN_POINT('',(16.6508237242439,-15.0366528447212,
5.9499713718737));
#34950=CARTESIAN_POINT('',(16.6455549103174,-15.0366528447212,
6.29997444330749));
#34960=CARTESIAN_POINT('',(16.6404164359898,-15.0366528447212,
6.64997949071197));
#34970=CARTESIAN_POINT('',(16.6352779616661,-15.0366528447212,
6.99998453785171));
#34980=CARTESIAN_POINT('',(16.6302702240025,-15.0366528447543,
7.34999157645609));
#34990=CARTESIAN_POINT('',(16.6253669697141,-15.0366528447543,
7.69999999999811));
#35000=B_SPLINE_CURVE_WITH_KNOTS('',3,(#34870,#34880,#34890,#34900,
#34910,#34920,#34930,#34940,#34950,#34960,#34970,#34980,#34990),
.UNSPECIFIED.,.F.,.F.,(4,3,3,3,4),(0.,1.05013810190716,2.10026555202524,
3.15039358461299,4.20052195672529),.UNSPECIFIED.);
#35010=SURFACE_CURVE('',#35000,(#34650,#34860),.CURVE_3D.);
#35020=CARTESIAN_POINT('',(16.6253669697141,-15.0366528447543,
7.69999999999811));
#35030=VERTEX_POINT('',#35020);
#35040=EDGE_CURVE('',#34790,#35030,#35010,.T.);
#35050=ORIENTED_EDGE('',*,*,#35040,.F.);
#35060=CARTESIAN_POINT('',(0.,-15.0366528447212,7.7));
#35070=DIRECTION('',(1.,0.,0.));
#35080=VECTOR('',#35070,1.);
#35090=LINE('',#35060,#35080);
#35100=CARTESIAN_POINT('',(16.,-15.0366528447212,7.7));
#35110=VERTEX_POINT('',#35100);
#35120=EDGE_CURVE('',#35110,#35030,#35090,.T.);
#35130=ORIENTED_EDGE('',*,*,#35120,.T.);
#35140=CARTESIAN_POINT('',(16.,-15.0366528447212,0.));
#35150=DIRECTION('',(0.,0.,1.));
#35160=VECTOR('',#35150,1.);
#35170=LINE('',#35140,#35160);
#35180=EDGE_CURVE('',#35110,#23820,#35170,.T.);
#35190=ORIENTED_EDGE('',*,*,#35180,.F.);
#35200=ORIENTED_EDGE('',*,*,#24050,.T.);
#35210=EDGE_LOOP('',(#35200,#35190,#35130,#35050,#34810,#34730));
#35220=FACE_OUTER_BOUND('',#35210,.T.);
#35230=ADVANCED_FACE('',(#35220),#34650,.F.);
#35240=CARTESIAN_POINT('',(-18.5,-7.23800012739708,2.61177143234622));
#35250=DIRECTION('',(0.,-0.965925826289068,0.258819045102521));
#35260=DIRECTION('',(0.,-0.258819045102521,-0.965925826289068));
#35270=AXIS2_PLACEMENT_3D('',#35240,#35250,#35260);
#35280=PLANE('',#35270);
#35290=CARTESIAN_POINT('',(18.5,-7.93782217350893,0.));
#35300=DIRECTION('',(0.,-0.258819045102521,-0.965925826289068));
#35310=VECTOR('',#35300,1.);
#35320=LINE('',#35290,#35310);
#35330=CARTESIAN_POINT('',(18.5,-7.07943953532405,3.20352761804101));
#35340=VERTEX_POINT('',#35330);
#35350=CARTESIAN_POINT('',(18.5,-7.23800012739709,2.61177143234622));
#35360=VERTEX_POINT('',#35350);
#35370=EDGE_CURVE('',#35340,#35360,#35320,.T.);
#35380=ORIENTED_EDGE('',*,*,#35370,.T.);
#35390=CARTESIAN_POINT('',(0.,-7.07943953532405,3.20352761804101));
#35400=DIRECTION('',(-1.,0.,0.));
#35410=VECTOR('',#35400,1.);
#35420=LINE('',#35390,#35410);
#35430=CARTESIAN_POINT('',(17.702587275281,-7.07943953532404,
3.20352761804101));
#35440=VERTEX_POINT('',#35430);
#35450=EDGE_CURVE('',#35340,#35440,#35420,.T.);
#35460=ORIENTED_EDGE('',*,*,#35450,.F.);
#35470=CARTESIAN_POINT('',(17.7305440372677,-7.93782217350893,0.));
#35480=DIRECTION('',(0.00842920751166141,-0.258809850193416,
-0.965891510421117));
#35490=VECTOR('',#35480,1.);
#35500=LINE('',#35470,#35490);
#35510=CARTESIAN_POINT('',(17.7077514532779,-7.23800012739709,
2.61177143234622));
#35520=VERTEX_POINT('',#35510);
#35530=EDGE_CURVE('',#35440,#35520,#35500,.T.);
#35540=ORIENTED_EDGE('',*,*,#35530,.F.);
#35550=CARTESIAN_POINT('',(0.,-7.23800012739709,2.61177143234622));
#35560=DIRECTION('',(1.,0.,0.));
#35570=VECTOR('',#35560,1.);
#35580=LINE('',#35550,#35570);
#35590=EDGE_CURVE('',#35520,#35360,#35580,.T.);
#35600=ORIENTED_EDGE('',*,*,#35590,.F.);
#35610=EDGE_LOOP('',(#35600,#35540,#35460,#35380));
#35620=FACE_OUTER_BOUND('',#35610,.T.);
#35630=ADVANCED_FACE('',(#35620),#35280,.F.);
#35640=CARTESIAN_POINT('',(-4.9461501902372,11.0676158169685,16.));
#35650=DIRECTION('',(-1.,0.,0.));
#35660=DIRECTION('',(0.,1.,0.));
#35670=AXIS2_PLACEMENT_3D('',#35640,#35650,#35660);
#35680=PLANE('',#35670);
#35690=ORIENTED_EDGE('',*,*,#11520,.F.);
#35700=CARTESIAN_POINT('',(-4.9461501902372,0.401973999999999,15.8));
#35710=DIRECTION('',(0.,1.,0.));
#35720=VECTOR('',#35710,1.);
#35730=LINE('',#35700,#35720);
#35740=CARTESIAN_POINT('',(-4.9461501902372,11.0676158169685,15.8));
#35750=VERTEX_POINT('',#35740);
#35760=EDGE_CURVE('',#11430,#35750,#35730,.T.);
#35770=ORIENTED_EDGE('',*,*,#35760,.F.);
#35780=CARTESIAN_POINT('',(-4.9461501902372,11.0676158169685,16.));
#35790=DIRECTION('',(0.,0.,-1.));
#35800=VECTOR('',#35790,1.);
#35810=LINE('',#35780,#35800);
#35820=CARTESIAN_POINT('',(-4.9461501902372,11.0676158169685,16.));
#35830=VERTEX_POINT('',#35820);
#35840=EDGE_CURVE('',#35830,#35750,#35810,.T.);
#35850=ORIENTED_EDGE('',*,*,#35840,.T.);
#35860=CARTESIAN_POINT('',(-4.9461501902372,0.,16.));
#35870=DIRECTION('',(0.,-1.,0.));
#35880=VECTOR('',#35870,1.);
#35890=LINE('',#35860,#35880);
#35900=EDGE_CURVE('',#35830,#11510,#35890,.T.);
#35910=ORIENTED_EDGE('',*,*,#35900,.F.);
#35920=EDGE_LOOP('',(#35910,#35850,#35770,#35690));
#35930=FACE_OUTER_BOUND('',#35920,.T.);
#35940=ADVANCED_FACE('',(#35930),#35680,.T.);
#35950=CARTESIAN_POINT('',(1.52007179591875,8.99127313220924,0.));
#35960=DIRECTION('',(-0.00872620324394422,0.00872620324394422,
0.99992385047757));
#35970=VECTOR('',#35960,1.);
#35980=LINE('',#35950,#35970);
#35990=CARTESIAN_POINT('',(1.51134492812799,9.,1.));
#36000=VERTEX_POINT('',#35990);
#36010=CARTESIAN_POINT('',(1.50259521374076,9.00874971438723,
2.00261796064951));
#36020=VERTEX_POINT('',#36010);
#36030=EDGE_CURVE('',#36000,#36020,#35980,.T.);
#36040=ORIENTED_EDGE('',*,*,#36030,.F.);
#36050=CARTESIAN_POINT('',(1.50259521374076,-5.43762000359653E-17,
2.00261796064951));
#36060=DIRECTION('',(1.81260901979617E-16,1.,0.));
#36070=VECTOR('',#36060,1.);
#36080=LINE('',#36050,#36070);
#36090=CARTESIAN_POINT('',(1.50259521374076,8.20874971438723,
2.00261796064951));
#36100=VERTEX_POINT('',#36090);
#36110=EDGE_CURVE('',#36100,#36020,#36080,.T.);
#36120=ORIENTED_EDGE('',*,*,#36110,.T.);
#36130=CARTESIAN_POINT('',(1.52007179591875,8.19127313220924,0.));
#36140=DIRECTION('',(0.00872620324394422,-0.00872620324394422,
-0.99992385047757));
#36150=VECTOR('',#36140,1.);
#36160=LINE('',#36130,#36150);
#36170=CARTESIAN_POINT('',(1.51134492812799,8.2,1.));
#36180=VERTEX_POINT('',#36170);
#36190=EDGE_CURVE('',#36100,#36180,#36160,.T.);
#36200=ORIENTED_EDGE('',*,*,#36190,.F.);
#36210=CARTESIAN_POINT('',(1.51134492812799,0.,1.));
#36220=DIRECTION('',(1.81260901979617E-16,1.,0.));
#36230=VECTOR('',#36220,1.);
#36240=LINE('',#36210,#36230);
#36250=EDGE_CURVE('',#36180,#36000,#36240,.T.);
#36260=ORIENTED_EDGE('',*,*,#36250,.F.);
#36270=EDGE_LOOP('',(#36260,#36200,#36120,#36040));
#36280=FACE_OUTER_BOUND('',#36270,.T.);
#36290=ADVANCED_FACE('',(#36280),#4840,.T.);
#36300=CARTESIAN_POINT('',(-11.7287824908297,10.501085224602,16.));
#36310=DIRECTION('',(-0.984811369974541,0.173627663604816,0.));
#36320=DIRECTION('',(0.173627663604816,0.984811369974541,0.));
#36330=AXIS2_PLACEMENT_3D('',#36300,#36310,#36320);
#36340=PLANE('',#36330);
#36350=CARTESIAN_POINT('',(-11.756050990268,10.3464190398971,16.));
#36360=DIRECTION('',(0.,0.,-1.));
#36370=VECTOR('',#36360,1.);
#36380=LINE('',#36350,#36370);
#36390=CARTESIAN_POINT('',(-11.756050990268,10.3464190398971,16.));
#36400=VERTEX_POINT('',#36390);
#36410=CARTESIAN_POINT('',(-11.756050990268,10.3464190398971,15.8));
#36420=VERTEX_POINT('',#36410);
#36430=EDGE_CURVE('',#36400,#36420,#36380,.T.);
#36440=ORIENTED_EDGE('',*,*,#36430,.F.);
#36450=CARTESIAN_POINT('',(-13.5093113716631,0.401973999999999,15.8));
#36460=DIRECTION('',(0.173627663604816,0.984811369974541,0.));
#36470=VECTOR('',#36460,1.);
#36480=LINE('',#36450,#36470);
#36490=EDGE_CURVE('',#36420,#11750,#36480,.T.);
#36500=ORIENTED_EDGE('',*,*,#36490,.F.);
#36510=ORIENTED_EDGE('',*,*,#11760,.T.);
#36520=CARTESIAN_POINT('',(-13.5801815997878,0.,16.));
#36530=DIRECTION('',(-0.173627663604816,-0.984811369974541,0.));
#36540=VECTOR('',#36530,1.);
#36550=LINE('',#36520,#36540);
#36560=EDGE_CURVE('',#11730,#36400,#36550,.T.);
#36570=ORIENTED_EDGE('',*,*,#36560,.F.);
#36580=EDGE_LOOP('',(#36570,#36510,#36500,#36440));
#36590=FACE_OUTER_BOUND('',#36580,.T.);
#36600=ADVANCED_FACE('',(#36590),#36340,.T.);
#36610=CARTESIAN_POINT('',(-18.0026180603372,-15.5,15.5));
#36620=DIRECTION('',(0.,-1.,0.));
#36630=DIRECTION('',(-1.,0.,0.));
#36640=AXIS2_PLACEMENT_3D('',#36610,#36620,#36630);
#36650=SPHERICAL_SURFACE('',#36640,0.5);
#36660=CARTESIAN_POINT('',(-18.0026180603372,-15.5,15.5));
#36670=DIRECTION('',(0.,0.,-1.));
#36680=DIRECTION('',(1.,-0.,0.));
#36690=AXIS2_PLACEMENT_3D('',#36660,#36670,#36680);
#36700=CIRCLE('',#36690,0.5);
#36710=EDGE_CURVE('',#710,#8280,#36700,.T.);
#36720=ORIENTED_EDGE('',*,*,#36710,.F.);
#36730=CARTESIAN_POINT('',(-18.0026180603372,-15.5,15.5));
#36740=DIRECTION('',(0.,-1.,0.));
#36750=DIRECTION('',(-1.,0.,0.));
#36760=AXIS2_PLACEMENT_3D('',#36730,#36740,#36750);
#36770=CIRCLE('',#36760,0.5);
#36780=CARTESIAN_POINT('',(-18.0026180603372,-15.5,16.));
#36790=VERTEX_POINT('',#36780);
#36800=EDGE_CURVE('',#36790,#8280,#36770,.T.);
#36810=ORIENTED_EDGE('',*,*,#36800,.T.);
#36820=CARTESIAN_POINT('',(-18.0026180603372,-15.5,15.5));
#36830=DIRECTION('',(1.,0.,0.));
#36840=DIRECTION('',(0.,-1.,0.));
#36850=AXIS2_PLACEMENT_3D('',#36820,#36830,#36840);
#36860=CIRCLE('',#36850,0.5);
#36870=EDGE_CURVE('',#36790,#710,#36860,.T.);
#36880=ORIENTED_EDGE('',*,*,#36870,.F.);
#36890=EDGE_LOOP('',(#36880,#36810,#36720));
#36900=FACE_OUTER_BOUND('',#36890,.T.);
#36910=ADVANCED_FACE('',(#36900),#36650,.T.);
#36920=CARTESIAN_POINT('',(32.,-6.45735040875045E-15,15.));
#36930=DIRECTION('',(0.,0.,-1.));
#36940=DIRECTION('',(-1.,0.,0.));
#36950=AXIS2_PLACEMENT_3D('',#36920,#36930,#36940);
#36960=TOROIDAL_SURFACE('',#36950,17.736067977546,1.);
#36970=ORIENTED_EDGE('',*,*,#22800,.F.);
#36980=ORIENTED_EDGE('',*,*,#23580,.T.);
#36990=ORIENTED_EDGE('',*,*,#13920,.F.);
#37000=CARTESIAN_POINT('',(32.,-6.45735040875045E-15,16.));
#37010=DIRECTION('',(0.,0.,-1.));
#37020=DIRECTION('',(-1.,0.,0.));
#37030=AXIS2_PLACEMENT_3D('',#37000,#37010,#37020);
#37040=CIRCLE('',#37030,17.736067977546);
#37050=EDGE_CURVE('',#6210,#22790,#37040,.T.);
#37060=ORIENTED_EDGE('',*,*,#37050,.F.);
#37070=EDGE_LOOP('',(#37060,#36990,#36980,#36970));
#37080=FACE_OUTER_BOUND('',#37070,.T.);
#37090=ADVANCED_FACE('',(#37080),#36960,.T.);
#37100=CARTESIAN_POINT('',(-13.7976229251895,12.9666288429448,16.));
#37110=DIRECTION('',(-1.,0.,0.));
#37120=DIRECTION('',(0.,1.,0.));
#37130=AXIS2_PLACEMENT_3D('',#37100,#37110,#37120);
#37140=PLANE('',#37130);
#37150=CARTESIAN_POINT('',(-13.7976229251895,12.1814076754924,16.));
#37160=DIRECTION('',(0.,0.,-1.));
#37170=VECTOR('',#37160,1.);
#37180=LINE('',#37150,#37170);
#37190=CARTESIAN_POINT('',(-13.7976229251895,12.1814076754924,16.));
#37200=VERTEX_POINT('',#37190);
#37210=CARTESIAN_POINT('',(-13.7976229251895,12.1814076754924,15.8));
#37220=VERTEX_POINT('',#37210);
#37230=EDGE_CURVE('',#37200,#37220,#37180,.T.);
#37240=ORIENTED_EDGE('',*,*,#37230,.F.);
#37250=CARTESIAN_POINT('',(-13.7976229251895,0.401973999999999,15.8));
#37260=DIRECTION('',(0.,1.,0.));
#37270=VECTOR('',#37260,1.);
#37280=LINE('',#37250,#37270);
#37290=CARTESIAN_POINT('',(-13.7976229251895,12.9666288429448,15.8));
#37300=VERTEX_POINT('',#37290);
#37310=EDGE_CURVE('',#37220,#37300,#37280,.T.);
#37320=ORIENTED_EDGE('',*,*,#37310,.F.);
#37330=CARTESIAN_POINT('',(-13.7976229251895,12.9666288429448,16.));
#37340=DIRECTION('',(0.,0.,-1.));
#37350=VECTOR('',#37340,1.);
#37360=LINE('',#37330,#37350);
#37370=CARTESIAN_POINT('',(-13.7976229251895,12.9666288429448,16.));
#37380=VERTEX_POINT('',#37370);
#37390=EDGE_CURVE('',#37380,#37300,#37360,.T.);
#37400=ORIENTED_EDGE('',*,*,#37390,.T.);
#37410=CARTESIAN_POINT('',(-13.7976229251895,0.,16.));
#37420=DIRECTION('',(0.,-1.,0.));
#37430=VECTOR('',#37420,1.);
#37440=LINE('',#37410,#37430);
#37450=EDGE_CURVE('',#37380,#37200,#37440,.T.);
#37460=ORIENTED_EDGE('',*,*,#37450,.F.);
#37470=EDGE_LOOP('',(#37460,#37400,#37320,#37240));
#37480=FACE_OUTER_BOUND('',#37470,.T.);
#37490=ADVANCED_FACE('',(#37480),#37140,.T.);
#37500=CARTESIAN_POINT('',(1.40165656858926E-15,-8.90043634338974,15.8))
;
#37510=DIRECTION('',(0.,0.,1.));
#37520=DIRECTION('',(1.,0.,0.));
#37530=AXIS2_PLACEMENT_3D('',#37500,#37510,#37520);
#37540=PLANE('',#37530);
#37550=CARTESIAN_POINT('',(-17.9094437048595,0.401973999999999,15.8));
#37560=DIRECTION('',(-0.173627663604813,-0.984811369974542,0.));
#37570=VECTOR('',#37560,1.);
#37580=LINE('',#37550,#37570);
#37590=CARTESIAN_POINT('',(-15.9962483949657,11.25356559,15.8));
#37600=VERTEX_POINT('',#37590);
#37610=CARTESIAN_POINT('',(-16.023516894404,11.0988994052951,15.8));
#37620=VERTEX_POINT('',#37610);
#37630=EDGE_CURVE('',#37600,#37620,#37580,.T.);
#37640=ORIENTED_EDGE('',*,*,#37630,.T.);
#37650=CARTESIAN_POINT('',(-7.2108618527965,9.70444643305749,15.8));
#37660=DIRECTION('',(-0.984807398879302,0.173650186042465,0.));
#37670=VECTOR('',#37660,1.);
#37680=LINE('',#37650,#37670);
#37690=EDGE_CURVE('',#17440,#37600,#37680,.T.);
#37700=ORIENTED_EDGE('',*,*,#37690,.T.);
#37710=ORIENTED_EDGE('',*,*,#17450,.T.);
#37720=CARTESIAN_POINT('',(-7.2108618527965,9.54497201883891,15.8));
#37730=DIRECTION('',(0.984807398879302,-0.173650186042467,0.));
#37740=VECTOR('',#37730,1.);
#37750=LINE('',#37720,#37740);
#37760=EDGE_CURVE('',#37620,#17360,#37750,.T.);
#37770=ORIENTED_EDGE('',*,*,#37760,.T.);
#37780=EDGE_LOOP('',(#37770,#37710,#37700,#37640));
#37790=FACE_OUTER_BOUND('',#37780,.T.);
#37800=ADVANCED_FACE('',(#37790),#37540,.T.);
#37810=CARTESIAN_POINT('',(-17.7017453735582,-8.8,0.));
#37820=DIRECTION('',(-0.00872653549837393,-0.999961923064171,-0.));
#37830=DIRECTION('',(-0.999961923064171,0.00872653549837393,0.));
#37840=AXIS2_PLACEMENT_3D('',#37810,#37820,#37830);
#37850=PLANE('',#37840);
#37860=ORIENTED_EDGE('',*,*,#7600,.F.);
#37870=CARTESIAN_POINT('',(0.,-8.95448079154072,4.54562582996929));
#37880=DIRECTION('',(-0.99992385047757,0.00872620324394422,
0.00872620324394422));
#37890=VECTOR('',#37880,1.);
#37900=LINE('',#37870,#37890);
#37910=CARTESIAN_POINT('',(-17.6895277586511,-8.80010662151001,
4.70000000000001));
#37920=VERTEX_POINT('',#37910);
#37930=EDGE_CURVE('',#37920,#7530,#37900,.T.);
#37940=ORIENTED_EDGE('',*,*,#37930,.T.);
#37950=CARTESIAN_POINT('',(-17.7305440372677,-8.79974867786926,0.));
#37960=DIRECTION('',(0.00872653547306858,-7.61553213448366E-5,
0.999961920164465));
#37970=VECTOR('',#37960,1.);
#37980=LINE('',#37950,#37970);
#37990=CARTESIAN_POINT('',(-17.7017453735582,-8.8,3.3));
#38000=VERTEX_POINT('',#37990);
#38010=EDGE_CURVE('',#38000,#37920,#37980,.T.);
#38020=ORIENTED_EDGE('',*,*,#38010,.T.);
#38030=CARTESIAN_POINT('',(0.,-8.95448079154072,3.45448079154072));
#38040=DIRECTION('',(-0.99992385047757,0.00872620324394422,
-0.00872620324394422));
#38050=VECTOR('',#38040,1.);
#38060=LINE('',#38030,#38050);
#38070=EDGE_CURVE('',#38000,#7350,#38060,.T.);
#38080=ORIENTED_EDGE('',*,*,#38070,.F.);
#38090=EDGE_LOOP('',(#38080,#38020,#37940,#37860));
#38100=FACE_OUTER_BOUND('',#38090,.T.);
#38110=ADVANCED_FACE('',(#38100),#37850,.T.);
#38120=CARTESIAN_POINT('',(-17.7017453735582,0.,3.3));
#38130=DIRECTION('',(0.00872653549837393,0.,-0.999961923064171));
#38140=DIRECTION('',(-0.999961923064171,0.,-0.00872653549837393));
#38150=AXIS2_PLACEMENT_3D('',#38120,#38130,#38140);
#38160=PLANE('',#38150);
#38170=ORIENTED_EDGE('',*,*,#7380,.T.);
#38180=ORIENTED_EDGE('',*,*,#38070,.T.);
#38190=CARTESIAN_POINT('',(-17.7017453735582,0.,3.3));
#38200=DIRECTION('',(0.,-1.,0.));
#38210=VECTOR('',#38200,1.);
#38220=LINE('',#38190,#38210);
#38230=CARTESIAN_POINT('',(-17.7017453735582,-12.2,3.3));
#38240=VERTEX_POINT('',#38230);
#38250=EDGE_CURVE('',#38000,#38240,#38220,.T.);
#38260=ORIENTED_EDGE('',*,*,#38250,.F.);
#38270=CARTESIAN_POINT('',(0.,-12.0455192084593,3.45448079154072));
#38280=DIRECTION('',(-0.99992385047757,-0.00872620324394418,
-0.00872620324394422));
#38290=VECTOR('',#38280,1.);
#38300=LINE('',#38270,#38290);
#38310=EDGE_CURVE('',#38240,#7370,#38300,.T.);
#38320=ORIENTED_EDGE('',*,*,#38310,.F.);
#38330=EDGE_LOOP('',(#38320,#38260,#38180,#38170));
#38340=FACE_OUTER_BOUND('',#38330,.T.);
#38350=ADVANCED_FACE('',(#38340),#38160,.F.);
#38360=CARTESIAN_POINT('',(-17.6895277586511,0.,4.7));
#38370=DIRECTION('',(0.00872653549837393,-0.,0.999961923064171));
#38380=DIRECTION('',(0.999961923064171,0.,-0.00872653549837393));
#38390=AXIS2_PLACEMENT_3D('',#38360,#38370,#38380);
#38400=PLANE('',#38390);
#38410=ORIENTED_EDGE('',*,*,#7540,.T.);
#38420=CARTESIAN_POINT('',(0.,-12.0455192084593,4.54562582996929));
#38430=DIRECTION('',(0.99992385047757,0.00872620324394426,
-0.00872620324394422));
#38440=VECTOR('',#38430,1.);
#38450=LINE('',#38420,#38440);
#38460=CARTESIAN_POINT('',(-17.6895277586511,-12.19989337849,4.7));
#38470=VERTEX_POINT('',#38460);
#38480=EDGE_CURVE('',#7450,#38470,#38450,.T.);
#38490=ORIENTED_EDGE('',*,*,#38480,.F.);
#38500=CARTESIAN_POINT('',(-17.6895277586511,0.,4.7));
#38510=DIRECTION('',(0.,1.,0.));
#38520=VECTOR('',#38510,1.);
#38530=LINE('',#38500,#38520);
#38540=EDGE_CURVE('',#38470,#37920,#38530,.T.);
#38550=ORIENTED_EDGE('',*,*,#38540,.F.);
#38560=ORIENTED_EDGE('',*,*,#37930,.F.);
#38570=EDGE_LOOP('',(#38560,#38550,#38490,#38410));
#38580=FACE_OUTER_BOUND('',#38570,.T.);
#38590=ADVANCED_FACE('',(#38580),#38400,.F.);
#38600=CARTESIAN_POINT('',(11.7,11.25,16.));
#38610=DIRECTION('',(0.,0.,1.));
#38620=DIRECTION('',(1.,0.,0.));
#38630=AXIS2_PLACEMENT_3D('',#38600,#38610,#38620);
#38640=PLANE('',#38630);
#38650=CARTESIAN_POINT('',(11.3508722986056,2.59819067063803,16.));
#38660=DIRECTION('',(0.,0.,1.));
#38670=DIRECTION('',(1.,0.,0.));
#38680=AXIS2_PLACEMENT_3D('',#38650,#38660,#38670);
#38690=CIRCLE('',#38680,0.315612507958347);
#38700=CARTESIAN_POINT('',(11.6664848065639,2.59819067063803,16.));
#38710=VERTEX_POINT('',#38700);
#38720=CARTESIAN_POINT('',(11.0352597906472,2.59819067063803,16.));
#38730=VERTEX_POINT('',#38720);
#38740=EDGE_CURVE('',#38710,#38730,#38690,.T.);
#38750=ORIENTED_EDGE('',*,*,#38740,.F.);
#38760=EDGE_CURVE('',#38730,#38710,#38690,.T.);
#38770=ORIENTED_EDGE('',*,*,#38760,.F.);
#38780=EDGE_LOOP('',(#38770,#38750));
#38790=FACE_BOUND('',#38780,.T.);
#38800=CARTESIAN_POINT('',(11.3508722986056,4.91268239566592,16.));
#38810=DIRECTION('',(0.,0.,1.));
#38820=DIRECTION('',(1.,0.,0.));
#38830=AXIS2_PLACEMENT_3D('',#38800,#38810,#38820);
#38840=CIRCLE('',#38830,0.394515634947934);
#38850=CARTESIAN_POINT('',(10.9608202148674,4.85350505042374,16.));
#38860=VERTEX_POINT('',#38850);
#38870=EDGE_CURVE('',#25550,#38860,#38840,.T.);
#38880=ORIENTED_EDGE('',*,*,#38870,.F.);
#38890=CARTESIAN_POINT('',(11.6971771168766,0.,16.));
#38900=DIRECTION('',(-0.15,0.988685996664259,0.));
#38910=VECTOR('',#38900,1.);
#38920=LINE('',#38890,#38910);
#38930=CARTESIAN_POINT('',(11.1948514651103,3.31094891777731,16.));
#38940=VERTEX_POINT('',#38930);
#38950=EDGE_CURVE('',#38940,#38860,#38920,.T.);
#38960=ORIENTED_EDGE('',*,*,#38950,.T.);
#38970=CARTESIAN_POINT('',(11.3508722986056,3.33461985587417,16.));
#38980=DIRECTION('',(0.,0.,1.));
#38990=DIRECTION('',(1.,0.,0.));
#39000=AXIS2_PLACEMENT_3D('',#38970,#38980,#38990);
#39010=CIRCLE('',#39000,0.157806253979174);
#39020=EDGE_CURVE('',#38940,#25370,#39010,.T.);
#39030=ORIENTED_EDGE('',*,*,#39020,.F.);
#39040=ORIENTED_EDGE('',*,*,#25620,.T.);
#39050=EDGE_LOOP('',(#39040,#39030,#38960,#38880));
#39060=FACE_BOUND('',#39050,.T.);
#39070=CARTESIAN_POINT('',(0.,2.07216982404079,16.));
#39080=DIRECTION('',(1.,0.,0.));
#39090=VECTOR('',#39080,1.);
#39100=LINE('',#39070,#39090);
#39110=CARTESIAN_POINT('',(9.07151786396767,2.07216982404079,16.));
#39120=VERTEX_POINT('',#39110);
#39130=CARTESIAN_POINT('',(13.6302267332435,2.07216982404079,16.));
#39140=VERTEX_POINT('',#39130);
#39150=EDGE_CURVE('',#39120,#39140,#39100,.T.);
#39160=ORIENTED_EDGE('',*,*,#39150,.T.);
#39170=CARTESIAN_POINT('',(9.07151786396767,2.17737399336024,16.));
#39180=DIRECTION('',(0.,0.,1.));
#39190=DIRECTION('',(1.,0.,0.));
#39200=AXIS2_PLACEMENT_3D('',#39170,#39180,#39190);
#39210=CIRCLE('',#39200,0.105204169319449);
#39220=CARTESIAN_POINT('',(8.98040838075299,2.22997607801997,16.));
#39230=VERTEX_POINT('',#39220);
#39240=EDGE_CURVE('',#39230,#39120,#39210,.T.);
#39250=ORIENTED_EDGE('',*,*,#39240,.T.);
#39260=CARTESIAN_POINT('',(7.69293109182173,0.,16.));
#39270=DIRECTION('',(-0.5,-0.866025403784439,0.));
#39280=VECTOR('',#39270,1.);
#39290=LINE('',#39260,#39280);
#39300=CARTESIAN_POINT('',(11.2597628153909,6.17793376727026,16.));
#39310=VERTEX_POINT('',#39300);
#39320=EDGE_CURVE('',#39310,#39230,#39290,.T.);
#39330=ORIENTED_EDGE('',*,*,#39320,.T.);
#39340=CARTESIAN_POINT('',(11.3508722986056,6.12533168261052,16.));
#39350=DIRECTION('',(0.,0.,1.));
#39360=DIRECTION('',(1.,0.,0.));
#39370=AXIS2_PLACEMENT_3D('',#39340,#39350,#39360);
#39380=CIRCLE('',#39370,0.105204169319449);
#39390=CARTESIAN_POINT('',(11.4419817818203,6.17793376727023,16.));
#39400=VERTEX_POINT('',#39390);
#39410=EDGE_CURVE('',#39400,#39310,#39380,.T.);
#39420=ORIENTED_EDGE('',*,*,#39410,.T.);
#39430=CARTESIAN_POINT('',(15.0088135053894,0.,16.));
#39440=DIRECTION('',(-0.5,0.866025403784439,0.));
#39450=VECTOR('',#39440,1.);
#39460=LINE('',#39430,#39450);
#39470=CARTESIAN_POINT('',(13.7213362164582,2.22997607801996,16.));
#39480=VERTEX_POINT('',#39470);
#39490=EDGE_CURVE('',#39480,#39400,#39460,.T.);
#39500=ORIENTED_EDGE('',*,*,#39490,.T.);
#39510=CARTESIAN_POINT('',(13.6302267332435,2.17737399336024,16.));
#39520=DIRECTION('',(0.,0.,1.));
#39530=DIRECTION('',(1.,0.,0.));
#39540=AXIS2_PLACEMENT_3D('',#39510,#39520,#39530);
#39550=CIRCLE('',#39540,0.105204169319449);
#39560=EDGE_CURVE('',#39140,#39480,#39550,.T.);
#39570=ORIENTED_EDGE('',*,*,#39560,.T.);
#39580=EDGE_LOOP('',(#39570,#39500,#39420,#39330,#39250,#39160));
#39590=FACE_OUTER_BOUND('',#39580,.T.);
#39600=ADVANCED_FACE('',(#38790,#39060,#39590),#38640,.T.);
#39610=CARTESIAN_POINT('',(-18.5,13.5634010342928,1.87059047744874));
#39620=DIRECTION('',(0.,-0.965925826289069,0.25881904510252));
#39630=DIRECTION('',(0.,-0.25881904510252,-0.965925826289069));
#39640=AXIS2_PLACEMENT_3D('',#39610,#39620,#39630);
#39650=PLANE('',#39640);
#39660=CARTESIAN_POINT('',(-17.7305440372677,13.0621778264911,0.));
#39670=DIRECTION('',(0.00842920751166139,0.258809850193415,
0.965891510421118));
#39680=VECTOR('',#39670,1.);
#39690=LINE('',#39660,#39680);
#39700=CARTESIAN_POINT('',(-17.7077514532779,13.7619998726029,
2.61177143234622));
#39710=VERTEX_POINT('',#39700);
#39720=CARTESIAN_POINT('',(-17.702587275281,13.920560464676,
3.20352761804101));
#39730=VERTEX_POINT('',#39720);
#39740=EDGE_CURVE('',#39710,#39730,#39690,.T.);
#39750=ORIENTED_EDGE('',*,*,#39740,.F.);
#39760=CARTESIAN_POINT('',(0.,13.920560464676,3.20352761804101));
#39770=DIRECTION('',(-1.,0.,0.));
#39780=VECTOR('',#39770,1.);
#39790=LINE('',#39760,#39780);
#39800=EDGE_CURVE('',#39730,#9830,#39790,.T.);
#39810=ORIENTED_EDGE('',*,*,#39800,.F.);
#39820=ORIENTED_EDGE('',*,*,#9840,.T.);
#39830=CARTESIAN_POINT('',(1.40165656858926E-15,13.7619998726029,
2.61177143234622));
#39840=DIRECTION('',(-1.,0.,0.));
#39850=VECTOR('',#39840,1.);
#39860=LINE('',#39830,#39850);
#39870=EDGE_CURVE('',#39710,#9750,#39860,.T.);
#39880=ORIENTED_EDGE('',*,*,#39870,.T.);
#39890=EDGE_LOOP('',(#39880,#39820,#39810,#39750));
#39900=FACE_OUTER_BOUND('',#39890,.T.);
#39910=ADVANCED_FACE('',(#39900),#39650,.F.);
#39920=CARTESIAN_POINT('',(-16.7340321749318,-14.6,3.5));
#39930=DIRECTION('',(0.,0.,-1.));
#39940=DIRECTION('',(1.,0.,0.));
#39950=AXIS2_PLACEMENT_3D('',#39920,#39930,#39940);
#39960=PLANE('',#39950);
#39970=CARTESIAN_POINT('',(18.5,1.,3.5));
#39980=DIRECTION('',(0.,-1.,0.));
#39990=VECTOR('',#39980,1.);
#40000=LINE('',#39970,#39990);
#40010=CARTESIAN_POINT('',(18.5,14.4836634939895,3.5));
#40020=VERTEX_POINT('',#40010);
#40030=CARTESIAN_POINT('',(18.5,14.3069307951916,3.5));
#40040=VERTEX_POINT('',#40030);
#40050=EDGE_CURVE('',#40020,#40040,#40000,.T.);
#40060=ORIENTED_EDGE('',*,*,#40050,.T.);
#40070=CARTESIAN_POINT('',(0.,14.4836634939895,3.5));
#40080=DIRECTION('',(-1.,0.,0.));
#40090=VECTOR('',#40080,1.);
#40100=LINE('',#40070,#40090);
#40110=CARTESIAN_POINT('',(17.7,14.4836634939895,3.5));
#40120=VERTEX_POINT('',#40110);
#40130=EDGE_CURVE('',#40020,#40120,#40100,.T.);
#40140=ORIENTED_EDGE('',*,*,#40130,.F.);
#40150=CARTESIAN_POINT('',(17.7,0.,3.5));
#40160=DIRECTION('',(0.,1.,0.));
#40170=VECTOR('',#40160,1.);
#40180=LINE('',#40150,#40170);
#40190=CARTESIAN_POINT('',(17.7,14.3069307951916,3.5));
#40200=VERTEX_POINT('',#40190);
#40210=EDGE_CURVE('',#40200,#40120,#40180,.T.);
#40220=ORIENTED_EDGE('',*,*,#40210,.T.);
#40230=CARTESIAN_POINT('',(0.,14.3069307951916,3.5));
#40240=DIRECTION('',(-1.,0.,0.));
#40250=VECTOR('',#40240,1.);
#40260=LINE('',#40230,#40250);
#40270=EDGE_CURVE('',#40040,#40200,#40260,.T.);
#40280=ORIENTED_EDGE('',*,*,#40270,.T.);
#40290=EDGE_LOOP('',(#40280,#40220,#40140,#40060));
#40300=FACE_OUTER_BOUND('',#40290,.T.);
#40310=ADVANCED_FACE('',(#40300),#39960,.T.);
#40320=CARTESIAN_POINT('',(0.,-15.5,15.5));
#40330=DIRECTION('',(1.,0.,0.));
#40340=DIRECTION('',(0.,-1.,0.));
#40350=AXIS2_PLACEMENT_3D('',#40320,#40330,#40340);
#40360=CYLINDRICAL_SURFACE('',#40350,0.5);
#40370=CARTESIAN_POINT('',(0.,-15.5,16.));
#40380=DIRECTION('',(-1.,0.,0.));
#40390=VECTOR('',#40380,1.);
#40400=LINE('',#40370,#40390);
#40410=CARTESIAN_POINT('',(-17.,-15.5,16.));
#40420=VERTEX_POINT('',#40410);
#40430=EDGE_CURVE('',#40420,#36790,#40400,.T.);
#40440=ORIENTED_EDGE('',*,*,#40430,.T.);
#40450=CARTESIAN_POINT('',(-17.,-15.5,15.5));
#40460=DIRECTION('',(1.,0.,0.));
#40470=DIRECTION('',(0.,-1.,0.));
#40480=AXIS2_PLACEMENT_3D('',#40450,#40460,#40470);
#40490=CIRCLE('',#40480,0.5);
#40500=EDGE_CURVE('',#40420,#550,#40490,.T.);
#40510=ORIENTED_EDGE('',*,*,#40500,.F.);
#40520=ORIENTED_EDGE('',*,*,#780,.F.);
#40530=ORIENTED_EDGE('',*,*,#36870,.T.);
#40540=EDGE_LOOP('',(#40530,#40520,#40510,#40440));
#40550=FACE_OUTER_BOUND('',#40540,.T.);
#40560=ADVANCED_FACE('',(#40550),#40360,.T.);
#40570=ORIENTED_EDGE('',*,*,#18190,.F.);
#40580=ORIENTED_EDGE('',*,*,#1120,.F.);
#40590=CARTESIAN_POINT('',(0.,-15.0366528447212,7.2));
#40600=DIRECTION('',(1.,0.,0.));
#40610=VECTOR('',#40600,1.);
#40620=LINE('',#40590,#40610);
#40630=CARTESIAN_POINT('',(13.5860355957548,-15.0366528447212,7.2));
#40640=VERTEX_POINT('',#40630);
#40650=EDGE_CURVE('',#40640,#1030,#40620,.T.);
#40660=ORIENTED_EDGE('',*,*,#40650,.T.);
#40670=CARTESIAN_POINT('',(13.5860355957548,0.,7.2));
#40680=DIRECTION('',(0.,-1.,0.));
#40690=VECTOR('',#40680,1.);
#40700=LINE('',#40670,#40690);
#40710=EDGE_CURVE('',#40640,#18180,#40700,.T.);
#40720=ORIENTED_EDGE('',*,*,#40710,.F.);
#40730=EDGE_LOOP('',(#40720,#40660,#40580,#40570));
#40740=FACE_OUTER_BOUND('',#40730,.T.);
#40750=ADVANCED_FACE('',(#40740),#19220,.T.);
#40760=CARTESIAN_POINT('',(18.5,14.,3.5));
#40770=DIRECTION('',(0.,-0.965925826289069,0.25881904510252));
#40780=DIRECTION('',(0.,0.25881904510252,0.965925826289069));
#40790=AXIS2_PLACEMENT_3D('',#40760,#40770,#40780);
#40800=PLANE('',#40790);
#40810=CARTESIAN_POINT('',(18.5,13.0621778264911,0.));
#40820=DIRECTION('',(0.,-0.25881904510252,-0.965925826289069));
#40830=VECTOR('',#40820,1.);
#40840=LINE('',#40810,#40830);
#40850=CARTESIAN_POINT('',(18.5,13.920560464676,3.20352761804101));
#40860=VERTEX_POINT('',#40850);
#40870=CARTESIAN_POINT('',(18.5,13.7619998726029,2.61177143234622));
#40880=VERTEX_POINT('',#40870);
#40890=EDGE_CURVE('',#40860,#40880,#40840,.T.);
#40900=ORIENTED_EDGE('',*,*,#40890,.T.);
#40910=CARTESIAN_POINT('',(0.,13.920560464676,3.20352761804101));
#40920=DIRECTION('',(-1.,0.,0.));
#40930=VECTOR('',#40920,1.);
#40940=LINE('',#40910,#40930);
#40950=CARTESIAN_POINT('',(17.702587275281,13.920560464676,
3.20352761804102));
#40960=VERTEX_POINT('',#40950);
#40970=EDGE_CURVE('',#40860,#40960,#40940,.T.);
#40980=ORIENTED_EDGE('',*,*,#40970,.F.);
#40990=CARTESIAN_POINT('',(17.7305440372677,13.0621778264911,0.));
#41000=DIRECTION('',(0.00842920751166139,-0.258809850193415,
-0.965891510421118));
#41010=VECTOR('',#41000,1.);
#41020=LINE('',#40990,#41010);
#41030=CARTESIAN_POINT('',(17.7077514532779,13.7619998726029,
2.61177143234622));
#41040=VERTEX_POINT('',#41030);
#41050=EDGE_CURVE('',#40960,#41040,#41020,.T.);
#41060=ORIENTED_EDGE('',*,*,#41050,.F.);
#41070=CARTESIAN_POINT('',(0.,13.7619998726029,2.61177143234622));
#41080=DIRECTION('',(1.,0.,0.));
#41090=VECTOR('',#41080,1.);
#41100=LINE('',#41070,#41090);
#41110=EDGE_CURVE('',#41040,#40880,#41100,.T.);
#41120=ORIENTED_EDGE('',*,*,#41110,.F.);
#41130=EDGE_LOOP('',(#41120,#41060,#40980,#40900));
#41140=FACE_OUTER_BOUND('',#41130,.T.);
#41150=ADVANCED_FACE('',(#41140),#40800,.F.);
#41160=CARTESIAN_POINT('',(0.,8.68688886683068,3.));
#41170=DIRECTION('',(1.,0.,0.));
#41180=DIRECTION('',(0.,-1.,0.));
#41190=AXIS2_PLACEMENT_3D('',#41160,#41170,#41180);
#41200=CYLINDRICAL_SURFACE('',#41190,1.5);
#41210=CARTESIAN_POINT('',(18.5,8.68688886683068,3.));
#41220=DIRECTION('',(1.,0.,0.));
#41230=DIRECTION('',(0.,-1.,0.));
#41240=AXIS2_PLACEMENT_3D('',#41210,#41220,#41230);
#41250=CIRCLE('',#41240,1.5);
#41260=CARTESIAN_POINT('',(18.5,7.23800012739708,2.61177143234622));
#41270=VERTEX_POINT('',#41260);
#41280=CARTESIAN_POINT('',(18.5,8.68688886683068,1.5));
#41290=VERTEX_POINT('',#41280);
#41300=EDGE_CURVE('',#41270,#41290,#41250,.T.);
#41310=ORIENTED_EDGE('',*,*,#41300,.F.);
#41320=CARTESIAN_POINT('',(0.,8.68688886683068,1.5));
#41330=DIRECTION('',(-1.,0.,0.));
#41340=VECTOR('',#41330,1.);
#41350=LINE('',#41320,#41340);
#41360=CARTESIAN_POINT('',(17.7174537355815,8.68688886683068,1.5));
#41370=VERTEX_POINT('',#41360);
#41380=EDGE_CURVE('',#41290,#41370,#41350,.T.);
#41390=ORIENTED_EDGE('',*,*,#41380,.F.);
#41400=CARTESIAN_POINT('',(17.7043634338954,8.68688886683068,3.));
#41410=DIRECTION('',(-0.999961923064171,0.,-0.00872653549837394));
#41420=DIRECTION('',(-0.00872653549837394,0.,0.999961923064171));
#41430=AXIS2_PLACEMENT_3D('',#41400,#41410,#41420);
#41440=ELLIPSE('',#41430,1.50005711757861,1.5);
#41450=CARTESIAN_POINT('',(17.7077514532779,7.23800012739708,
2.61177143234622));
#41460=VERTEX_POINT('',#41450);
#41470=EDGE_CURVE('',#41370,#41460,#41440,.T.);
#41480=ORIENTED_EDGE('',*,*,#41470,.F.);
#41490=CARTESIAN_POINT('',(0.,7.23800012739708,2.61177143234622));
#41500=DIRECTION('',(-1.,0.,0.));
#41510=VECTOR('',#41500,1.);
#41520=LINE('',#41490,#41510);
#41530=EDGE_CURVE('',#41270,#41460,#41520,.T.);
#41540=ORIENTED_EDGE('',*,*,#41530,.T.);
#41550=EDGE_LOOP('',(#41540,#41480,#41390,#41310));
#41560=FACE_OUTER_BOUND('',#41550,.T.);
#41570=ADVANCED_FACE('',(#41560),#41200,.T.);
#41580=CARTESIAN_POINT('',(18.5,12.3131111331693,1.5));
#41590=DIRECTION('',(0.,-1.28197512425571E-16,1.));
#41600=DIRECTION('',(0.,1.,1.28197512425571E-16));
#41610=AXIS2_PLACEMENT_3D('',#41580,#41590,#41600);
#41620=PLANE('',#41610);
#41630=CARTESIAN_POINT('',(17.7174537355815,0.,1.5));
#41640=DIRECTION('',(1.11876274204211E-18,-1.,-1.28197512425571E-16));
#41650=VECTOR('',#41640,1.);
#41660=LINE('',#41630,#41650);
#41670=CARTESIAN_POINT('',(17.7174537355815,12.3131111331693,1.5));
#41680=VERTEX_POINT('',#41670);
#41690=EDGE_CURVE('',#41680,#41370,#41660,.T.);
#41700=ORIENTED_EDGE('',*,*,#41690,.F.);
#41710=ORIENTED_EDGE('',*,*,#41380,.T.);
#41720=CARTESIAN_POINT('',(18.5,0.,1.5));
#41730=DIRECTION('',(0.,-1.,-1.28197512425571E-16));
#41740=VECTOR('',#41730,1.);
#41750=LINE('',#41720,#41740);
#41760=CARTESIAN_POINT('',(18.5,12.3131111331693,1.5));
#41770=VERTEX_POINT('',#41760);
#41780=EDGE_CURVE('',#41770,#41290,#41750,.T.);
#41790=ORIENTED_EDGE('',*,*,#41780,.T.);
#41800=CARTESIAN_POINT('',(0.,12.3131111331693,1.5));
#41810=DIRECTION('',(1.,0.,0.));
#41820=VECTOR('',#41810,1.);
#41830=LINE('',#41800,#41820);
#41840=EDGE_CURVE('',#41680,#41770,#41830,.T.);
#41850=ORIENTED_EDGE('',*,*,#41840,.T.);
#41860=EDGE_LOOP('',(#41850,#41790,#41710,#41700));
#41870=FACE_OUTER_BOUND('',#41860,.T.);
#41880=ADVANCED_FACE('',(#41870),#41620,.F.);
#41890=CARTESIAN_POINT('',(-16.,0.,3.5));
#41900=DIRECTION('',(-0.998629534754574,0.,0.0523359562429438));
#41910=DIRECTION('',(0.,1.,0.));
#41920=AXIS2_PLACEMENT_3D('',#41890,#41900,#41910);
#41930=PLANE('',#41920);
#41940=CARTESIAN_POINT('',(-16.1834272274906,-15.4805421333484,0.));
#41950=DIRECTION('',(-0.0523339689081494,-0.00871457699362754,
-0.998591614147717));
#41960=VECTOR('',#41950,1.);
#41970=LINE('',#41940,#41960);
#41980=CARTESIAN_POINT('',(-15.8060912166527,-15.4177086852549,7.2));
#41990=VERTEX_POINT('',#41980);
#42000=CARTESIAN_POINT('',(-16.,-15.4499980960807,3.5));
#42010=VERTEX_POINT('',#42000);
#42020=EDGE_CURVE('',#41990,#42010,#41970,.T.);
#42030=ORIENTED_EDGE('',*,*,#42020,.T.);
#42040=CARTESIAN_POINT('',(-15.8060912166527,0.,7.2));
#42050=DIRECTION('',(0.,1.,0.));
#42060=VECTOR('',#42050,1.);
#42070=LINE('',#42040,#42060);
#42080=EDGE_CURVE('',#18540,#41990,#42070,.T.);
#42090=ORIENTED_EDGE('',*,*,#42080,.T.);
#42100=CARTESIAN_POINT('',(-16.1834272274906,-15.9371665519065,0.));
#42110=DIRECTION('',(-0.0523339689081494,0.00871457699362754,
-0.998591614147717));
#42120=VECTOR('',#42110,1.);
#42130=LINE('',#42100,#42120);
#42140=CARTESIAN_POINT('',(-16.,-15.9677105891742,3.5));
#42150=VERTEX_POINT('',#42140);
#42160=EDGE_CURVE('',#18540,#42150,#42130,.T.);
#42170=ORIENTED_EDGE('',*,*,#42160,.F.);
#42180=CARTESIAN_POINT('',(-16.,0.,3.5));
#42190=DIRECTION('',(0.,-1.,0.));
#42200=VECTOR('',#42190,1.);
#42210=LINE('',#42180,#42200);
#42220=EDGE_CURVE('',#42010,#42150,#42210,.T.);
#42230=ORIENTED_EDGE('',*,*,#42220,.T.);
#42240=EDGE_LOOP('',(#42230,#42170,#42090,#42030));
#42250=FACE_OUTER_BOUND('',#42240,.T.);
#42260=ADVANCED_FACE('',(#42250),#41930,.T.);
#42270=CARTESIAN_POINT('',(-18.5,7.,3.5));
#42280=DIRECTION('',(-0.,0.965925826289068,0.258819045102521));
#42290=DIRECTION('',(0.,-0.258819045102521,0.965925826289068));
#42300=AXIS2_PLACEMENT_3D('',#42270,#42280,#42290);
#42310=PLANE('',#42300);
#42320=CARTESIAN_POINT('',(17.7305440372677,7.93782217350893,0.));
#42330=DIRECTION('',(-0.00842920751166141,-0.258809850193416,
0.965891510421117));
#42340=VECTOR('',#42330,1.);
#42350=LINE('',#42320,#42340);
#42360=EDGE_CURVE('',#41460,#26120,#42350,.T.);
#42370=ORIENTED_EDGE('',*,*,#42360,.F.);
#42380=ORIENTED_EDGE('',*,*,#26130,.F.);
#42390=CARTESIAN_POINT('',(18.5,7.93782217350893,0.));
#42400=DIRECTION('',(0.,-0.258819045102521,0.965925826289068));
#42410=VECTOR('',#42400,1.);
#42420=LINE('',#42390,#42410);
#42430=EDGE_CURVE('',#41270,#26020,#42420,.T.);
#42440=ORIENTED_EDGE('',*,*,#42430,.T.);
#42450=ORIENTED_EDGE('',*,*,#41530,.F.);
#42460=EDGE_LOOP('',(#42450,#42440,#42380,#42370));
#42470=FACE_OUTER_BOUND('',#42460,.T.);
#42480=ADVANCED_FACE('',(#42470),#42310,.F.);
#42490=CARTESIAN_POINT('',(1.40165656858926E-15,12.3131111331693,3.));
#42500=DIRECTION('',(-1.,0.,0.));
#42510=DIRECTION('',(0.,-1.,0.));
#42520=AXIS2_PLACEMENT_3D('',#42490,#42500,#42510);
#42530=CYLINDRICAL_SURFACE('',#42520,1.5);
#42540=ORIENTED_EDGE('',*,*,#9760,.F.);
#42550=CARTESIAN_POINT('',(1.40165656858926E-15,12.3131111331693,1.5));
#42560=DIRECTION('',(-1.,0.,0.));
#42570=VECTOR('',#42560,1.);
#42580=LINE('',#42550,#42570);
#42590=CARTESIAN_POINT('',(-17.7174537355815,12.3131111331693,1.5));
#42600=VERTEX_POINT('',#42590);
#42610=EDGE_CURVE('',#42600,#9660,#42580,.T.);
#42620=ORIENTED_EDGE('',*,*,#42610,.T.);
#42630=CARTESIAN_POINT('',(-17.7043634338954,12.3131111331693,3.));
#42640=DIRECTION('',(0.999961923064171,0.,-0.00872653549837393));
#42650=DIRECTION('',(-0.00872653549837393,0.,-0.999961923064171));
#42660=AXIS2_PLACEMENT_3D('',#42630,#42640,#42650);
#42670=ELLIPSE('',#42660,1.50005711757861,1.5);
#42680=EDGE_CURVE('',#42600,#39710,#42670,.T.);
#42690=ORIENTED_EDGE('',*,*,#42680,.F.);
#42700=ORIENTED_EDGE('',*,*,#39870,.F.);
#42710=EDGE_LOOP('',(#42700,#42690,#42620,#42540));
#42720=FACE_OUTER_BOUND('',#42710,.T.);
#42730=ADVANCED_FACE('',(#42720),#42530,.T.);
#42740=CARTESIAN_POINT('',(-18.5,9.42264349398948,1.5));
#42750=DIRECTION('',(0.,-1.28197512425571E-16,1.));
#42760=DIRECTION('',(0.,-1.,-1.28197512425571E-16));
#42770=AXIS2_PLACEMENT_3D('',#42740,#42750,#42760);
#42780=PLANE('',#42770);
#42790=CARTESIAN_POINT('',(-17.7174537355815,0.,1.5));
#42800=DIRECTION('',(1.11876274204211E-18,1.,1.28197512425571E-16));
#42810=VECTOR('',#42800,1.);
#42820=LINE('',#42790,#42810);
#42830=EDGE_CURVE('',#17120,#42600,#42820,.T.);
#42840=ORIENTED_EDGE('',*,*,#42830,.F.);
#42850=ORIENTED_EDGE('',*,*,#42610,.F.);
#42860=ORIENTED_EDGE('',*,*,#9670,.T.);
#42870=ORIENTED_EDGE('',*,*,#17190,.T.);
#42880=EDGE_LOOP('',(#42870,#42860,#42850,#42840));
#42890=FACE_OUTER_BOUND('',#42880,.T.);
#42900=ADVANCED_FACE('',(#42890),#42780,.F.);
#42910=CARTESIAN_POINT('',(0.,-8.68688886683069,3.));
#42920=DIRECTION('',(-1.,0.,0.));
#42930=DIRECTION('',(0.,1.,0.));
#42940=AXIS2_PLACEMENT_3D('',#42910,#42920,#42930);
#42950=CYLINDRICAL_SURFACE('',#42940,1.5);
#42960=ORIENTED_EDGE('',*,*,#8960,.F.);
#42970=CARTESIAN_POINT('',(0.,-8.68688886683069,1.5));
#42980=DIRECTION('',(1.,0.,0.));
#42990=VECTOR('',#42980,1.);
#43000=LINE('',#42970,#42990);
#43010=CARTESIAN_POINT('',(-17.7174537355815,-8.68688886683069,1.5));
#43020=VERTEX_POINT('',#43010);
#43030=EDGE_CURVE('',#8860,#43020,#43000,.T.);
#43040=ORIENTED_EDGE('',*,*,#43030,.F.);
#43050=CARTESIAN_POINT('',(-17.7043634338954,-8.68688886683069,3.));
#43060=DIRECTION('',(0.999961923064171,0.,-0.00872653549837393));
#43070=DIRECTION('',(-0.00872653549837393,0.,-0.999961923064171));
#43080=AXIS2_PLACEMENT_3D('',#43050,#43060,#43070);
#43090=ELLIPSE('',#43080,1.50005711757861,1.5);
#43100=CARTESIAN_POINT('',(-17.7077514532779,-7.23800012739708,
2.61177143234622));
#43110=VERTEX_POINT('',#43100);
#43120=EDGE_CURVE('',#43020,#43110,#43090,.T.);
#43130=ORIENTED_EDGE('',*,*,#43120,.F.);
#43140=CARTESIAN_POINT('',(0.,-7.23800012739709,2.61177143234622));
#43150=DIRECTION('',(1.,0.,0.));
#43160=VECTOR('',#43150,1.);
#43170=LINE('',#43140,#43160);
#43180=EDGE_CURVE('',#8950,#43110,#43170,.T.);
#43190=ORIENTED_EDGE('',*,*,#43180,.T.);
#43200=EDGE_LOOP('',(#43190,#43130,#43040,#42960));
#43210=FACE_OUTER_BOUND('',#43200,.T.);
#43220=ADVANCED_FACE('',(#43210),#42950,.T.);
#43230=CARTESIAN_POINT('',(-13.6000003523026,0.,6.4));
#43240=DIRECTION('',(-0.999847695156391,0.,0.0174524064372835));
#43250=DIRECTION('',(0.,1.,0.));
#43260=AXIS2_PLACEMENT_3D('',#43230,#43240,#43250);
#43270=PLANE('',#43260);
#43280=CARTESIAN_POINT('',(-13.7117127678432,-15.9371665519065,0.));
#43290=DIRECTION('',(0.0174517421055201,-0.00872520650594019,
0.999809635615156));
#43300=VECTOR('',#43290,1.);
#43310=LINE('',#43280,#43300);
#43320=CARTESIAN_POINT('',(-13.6000003523026,-15.9930185057674,6.4));
#43330=VERTEX_POINT('',#43320);
#43340=EDGE_CURVE('',#43330,#18460,#43310,.T.);
#43350=ORIENTED_EDGE('',*,*,#43340,.T.);
#43360=CARTESIAN_POINT('',(-13.6000003523026,0.,6.4));
#43370=DIRECTION('',(0.,1.,0.));
#43380=VECTOR('',#43370,1.);
#43390=LINE('',#43360,#43380);
#43400=CARTESIAN_POINT('',(-13.6000003523026,-15.4,6.4));
#43410=VERTEX_POINT('',#43400);
#43420=EDGE_CURVE('',#43330,#43410,#43390,.T.);
#43430=ORIENTED_EDGE('',*,*,#43420,.F.);
#43440=CARTESIAN_POINT('',(-13.7117127678432,-15.4,0.));
#43450=DIRECTION('',(-0.0174524064372835,0.,-0.999847695156391));
#43460=VECTOR('',#43450,1.);
#43470=LINE('',#43440,#43460);
#43480=CARTESIAN_POINT('',(-13.5860363003601,-15.4,7.2));
#43490=VERTEX_POINT('',#43480);
#43500=EDGE_CURVE('',#43490,#43410,#43470,.T.);
#43510=ORIENTED_EDGE('',*,*,#43500,.T.);
#43520=CARTESIAN_POINT('',(-13.5860363003601,0.,7.2));
#43530=DIRECTION('',(0.,1.,0.));
#43540=VECTOR('',#43530,1.);
#43550=LINE('',#43520,#43540);
#43560=EDGE_CURVE('',#18460,#43490,#43550,.T.);
#43570=ORIENTED_EDGE('',*,*,#43560,.T.);
#43580=EDGE_LOOP('',(#43570,#43510,#43430,#43350));
#43590=FACE_OUTER_BOUND('',#43580,.T.);
#43600=ADVANCED_FACE('',(#43590),#43270,.T.);
#43610=CARTESIAN_POINT('',(-17.7305440372677,-7.93782217350893,0.));
#43620=DIRECTION('',(0.00842920751166141,0.258809850193416,
0.965891510421117));
#43630=VECTOR('',#43620,1.);
#43640=LINE('',#43610,#43630);
#43650=CARTESIAN_POINT('',(-17.702587275281,-7.07943953532405,
3.20352761804101));
#43660=VERTEX_POINT('',#43650);
#43670=EDGE_CURVE('',#43110,#43660,#43640,.T.);
#43680=ORIENTED_EDGE('',*,*,#43670,.F.);
#43690=CARTESIAN_POINT('',(0.,-7.07943953532405,3.20352761804101));
#43700=DIRECTION('',(-1.,0.,0.));
#43710=VECTOR('',#43700,1.);
#43720=LINE('',#43690,#43710);
#43730=EDGE_CURVE('',#43660,#9030,#43720,.T.);
#43740=ORIENTED_EDGE('',*,*,#43730,.F.);
#43750=ORIENTED_EDGE('',*,*,#9040,.T.);
#43760=ORIENTED_EDGE('',*,*,#43180,.F.);
#43770=EDGE_LOOP('',(#43760,#43750,#43740,#43680));
#43780=FACE_OUTER_BOUND('',#43770,.T.);
#43790=ADVANCED_FACE('',(#43780),#35280,.F.);
#43800=CARTESIAN_POINT('',(1.40165656858926E-15,-8.90043634338974,15.8))
;
#43810=DIRECTION('',(0.,0.,1.));
#43820=DIRECTION('',(1.,0.,0.));
#43830=AXIS2_PLACEMENT_3D('',#43800,#43810,#43820);
#43840=PLANE('',#43830);
#43850=CARTESIAN_POINT('',(-7.2108618527965,12.3000000692974,15.8));
#43860=DIRECTION('',(-1.,0.,0.));
#43870=VECTOR('',#43860,1.);
#43880=LINE('',#43850,#43870);
#43890=CARTESIAN_POINT('',(-3.8876859465486,12.3000000692974,15.8));
#43900=VERTEX_POINT('',#43890);
#43910=EDGE_CURVE('',#43900,#34010,#43880,.T.);
#43920=ORIENTED_EDGE('',*,*,#43910,.T.);
#43930=CARTESIAN_POINT('',(3.59750282654208,0.401973999999999,15.8));
#43940=DIRECTION('',(-0.532499366164188,0.846430401766582,0.));
#43950=VECTOR('',#43940,1.);
#43960=LINE('',#43930,#43950);
#43970=CARTESIAN_POINT('',(-2.4186129793681,9.9648460750453,15.8));
#43980=VERTEX_POINT('',#43970);
#43990=EDGE_CURVE('',#43980,#43900,#43960,.T.);
#44000=ORIENTED_EDGE('',*,*,#43990,.T.);
#44010=CARTESIAN_POINT('',(-8.2643996689668,0.401973999999999,15.8));
#44020=DIRECTION('',(-0.521567539089902,-0.853209998867631,0.));
#44030=VECTOR('',#44020,1.);
#44040=LINE('',#44010,#44030);
#44050=CARTESIAN_POINT('',(-0.9911326125247,12.3000000692974,15.8));
#44060=VERTEX_POINT('',#44050);
#44070=EDGE_CURVE('',#44060,#43980,#44040,.T.);
#44080=ORIENTED_EDGE('',*,*,#44070,.T.);
#44090=CARTESIAN_POINT('',(-7.2108618527965,12.3000000692974,15.8));
#44100=DIRECTION('',(-1.,0.,0.));
#44110=VECTOR('',#44100,1.);
#44120=LINE('',#44090,#44110);
#44130=EDGE_CURVE('',#4200,#44060,#44120,.T.);
#44140=ORIENTED_EDGE('',*,*,#44130,.T.);
#44150=ORIENTED_EDGE('',*,*,#4210,.T.);
#44160=CARTESIAN_POINT('',(-7.2108618527965,9.3000000628734,15.8));
#44170=DIRECTION('',(1.,0.,0.));
#44180=VECTOR('',#44170,1.);
#44190=LINE('',#44160,#44180);
#44200=CARTESIAN_POINT('',(-0.8277076431793,9.3000000628734,15.8));
#44210=VERTEX_POINT('',#44200);
#44220=EDGE_CURVE('',#44210,#4120,#44190,.T.);
#44230=ORIENTED_EDGE('',*,*,#44220,.T.);
#44240=CARTESIAN_POINT('',(-0.8277076431793,0.401973999999999,15.8));
#44250=DIRECTION('',(0.,-1.,0.));
#44260=VECTOR('',#44250,1.);
#44270=LINE('',#44240,#44260);
#44280=CARTESIAN_POINT('',(-0.827707643179297,11.6605622837198,15.8));
#44290=VERTEX_POINT('',#44280);
#44300=EDGE_CURVE('',#44290,#44210,#44270,.T.);
#44310=ORIENTED_EDGE('',*,*,#44300,.T.);
#44320=CARTESIAN_POINT('',(-7.71016594404918,0.401973999999999,15.8));
#44330=DIRECTION('',(0.521571939383105,0.853207308951433,0.));
#44340=VECTOR('',#44330,1.);
#44350=LINE('',#44320,#44340);
#44360=CARTESIAN_POINT('',(-2.2707367905438,9.3000000628734,15.8));
#44370=VERTEX_POINT('',#44360);
#44380=EDGE_CURVE('',#44370,#44290,#44350,.T.);
#44390=ORIENTED_EDGE('',*,*,#44380,.T.);
#44400=CARTESIAN_POINT('',(-7.2108618527965,9.3000000628734,15.8));
#44410=DIRECTION('',(1.,0.,0.));
#44420=VECTOR('',#44410,1.);
#44430=LINE('',#44400,#44420);
#44440=CARTESIAN_POINT('',(-2.5848283579795,9.3000000628734,15.8));
#44450=VERTEX_POINT('',#44440);
#44460=EDGE_CURVE('',#44450,#44370,#44430,.T.);
#44470=ORIENTED_EDGE('',*,*,#44460,.T.);
#44480=CARTESIAN_POINT('',(3.01307302720357,0.401973999999999,15.8));
#44490=DIRECTION('',(0.532502641586581,-0.846428341150811,0.));
#44500=VECTOR('',#44490,1.);
#44510=LINE('',#44480,#44500);
#44520=CARTESIAN_POINT('',(-4.0623500643265,11.648563523876,15.8));
#44530=VERTEX_POINT('',#44520);
#44540=EDGE_CURVE('',#44530,#44450,#44510,.T.);
#44550=ORIENTED_EDGE('',*,*,#44540,.T.);
#44560=CARTESIAN_POINT('',(-4.0623500643265,0.401973999999999,15.8));
#44570=DIRECTION('',(0.,1.,0.));
#44580=VECTOR('',#44570,1.);
#44590=LINE('',#44560,#44580);
#44600=CARTESIAN_POINT('',(-4.0623500643265,9.3000000628734,15.8));
#44610=VERTEX_POINT('',#44600);
#44620=EDGE_CURVE('',#44610,#44530,#44590,.T.);
#44630=ORIENTED_EDGE('',*,*,#44620,.T.);
#44640=CARTESIAN_POINT('',(-7.2108618527965,9.3000000628734,15.8));
#44650=DIRECTION('',(1.,0.,0.));
#44660=VECTOR('',#44650,1.);
#44670=LINE('',#44640,#44660);
#44680=EDGE_CURVE('',#34090,#44610,#44670,.T.);
#44690=ORIENTED_EDGE('',*,*,#44680,.T.);
#44700=ORIENTED_EDGE('',*,*,#34100,.T.);
#44710=EDGE_LOOP('',(#44700,#44690,#44630,#44550,#44470,#44390,#44310,
#44230,#44150,#44140,#44080,#44000,#43920));
#44720=FACE_OUTER_BOUND('',#44710,.T.);
#44730=ADVANCED_FACE('',(#44720),#43840,.T.);
#44740=CARTESIAN_POINT('',(-18.5,-12.5804381211483,1.5));
#44750=DIRECTION('',(-0.,1.28197512425571E-16,1.));
#44760=DIRECTION('',(0.,-1.,1.28197512425571E-16));
#44770=AXIS2_PLACEMENT_3D('',#44740,#44750,#44760);
#44780=PLANE('',#44770);
#44790=CARTESIAN_POINT('',(-17.7174537355815,0.,1.5));
#44800=DIRECTION('',(-1.11876274204211E-18,1.,-1.28197512425571E-16));
#44810=VECTOR('',#44800,1.);
#44820=LINE('',#44790,#44810);
#44830=CARTESIAN_POINT('',(-17.7174537355815,-12.3131111331693,1.5));
#44840=VERTEX_POINT('',#44830);
#44850=EDGE_CURVE('',#44840,#43020,#44820,.T.);
#44860=ORIENTED_EDGE('',*,*,#44850,.F.);
#44870=ORIENTED_EDGE('',*,*,#43030,.T.);
#44880=ORIENTED_EDGE('',*,*,#8870,.T.);
#44890=CARTESIAN_POINT('',(1.40165656858926E-15,-12.3131111331693,1.5));
#44900=DIRECTION('',(-1.,0.,0.));
#44910=VECTOR('',#44900,1.);
#44920=LINE('',#44890,#44910);
#44930=EDGE_CURVE('',#44840,#8780,#44920,.T.);
#44940=ORIENTED_EDGE('',*,*,#44930,.T.);
#44950=EDGE_LOOP('',(#44940,#44880,#44870,#44860));
#44960=FACE_OUTER_BOUND('',#44950,.T.);
#44970=ADVANCED_FACE('',(#44960),#44780,.F.);
#44980=CARTESIAN_POINT('',(1.40165656858926E-15,-12.3131111331693,3.));
#44990=DIRECTION('',(-1.,0.,0.));
#45000=DIRECTION('',(0.,-1.,0.));
#45010=AXIS2_PLACEMENT_3D('',#44980,#44990,#45000);
#45020=CYLINDRICAL_SURFACE('',#45010,1.5);
#45030=ORIENTED_EDGE('',*,*,#8790,.F.);
#45040=CARTESIAN_POINT('',(1.40165656858926E-15,-13.7619998726029,
2.61177143234622));
#45050=DIRECTION('',(-1.,0.,0.));
#45060=VECTOR('',#45050,1.);
#45070=LINE('',#45040,#45060);
#45080=CARTESIAN_POINT('',(-17.7077514532779,-13.7619998726029,
2.61177143234622));
#45090=VERTEX_POINT('',#45080);
#45100=EDGE_CURVE('',#45090,#8690,#45070,.T.);
#45110=ORIENTED_EDGE('',*,*,#45100,.T.);
#45120=CARTESIAN_POINT('',(-17.7043634338954,-12.3131111331693,3.));
#45130=DIRECTION('',(0.999961923064171,0.,-0.00872653549837393));
#45140=DIRECTION('',(-0.00872653549837393,0.,-0.999961923064171));
#45150=AXIS2_PLACEMENT_3D('',#45120,#45130,#45140);
#45160=ELLIPSE('',#45150,1.50005711757861,1.5);
#45170=EDGE_CURVE('',#45090,#44840,#45160,.T.);
#45180=ORIENTED_EDGE('',*,*,#45170,.F.);
#45190=ORIENTED_EDGE('',*,*,#44930,.F.);
#45200=EDGE_LOOP('',(#45190,#45180,#45110,#45030));
#45210=FACE_OUTER_BOUND('',#45200,.T.);
#45220=ADVANCED_FACE('',(#45210),#45020,.T.);
#45230=CARTESIAN_POINT('',(-12.5293509092451,10.4827770393623,16.));
#45240=DIRECTION('',(0.984811369974542,-0.173627663604813,0.));
#45250=DIRECTION('',(-0.173627663604813,-0.984811369974542,0.));
#45260=AXIS2_PLACEMENT_3D('',#45230,#45240,#45250);
#45270=PLANE('',#45260);
#45280=ORIENTED_EDGE('',*,*,#11920,.F.);
#45290=CARTESIAN_POINT('',(-14.3066519562771,0.401973999999999,15.8));
#45300=DIRECTION('',(-0.173627663604813,-0.984811369974542,0.));
#45310=VECTOR('',#45300,1.);
#45320=LINE('',#45290,#45310);
#45330=CARTESIAN_POINT('',(-12.5293509092451,10.4827770393623,15.8));
#45340=VERTEX_POINT('',#45330);
#45350=EDGE_CURVE('',#11830,#45340,#45320,.T.);
#45360=ORIENTED_EDGE('',*,*,#45350,.F.);
#45370=CARTESIAN_POINT('',(-12.5293509092451,10.4827770393623,16.));
#45380=DIRECTION('',(0.,0.,-1.));
#45390=VECTOR('',#45380,1.);
#45400=LINE('',#45370,#45390);
#45410=CARTESIAN_POINT('',(-12.5293509092451,10.4827770393623,16.));
#45420=VERTEX_POINT('',#45410);
#45430=EDGE_CURVE('',#45420,#45340,#45400,.T.);
#45440=ORIENTED_EDGE('',*,*,#45430,.T.);
#45450=CARTESIAN_POINT('',(-14.3775221844018,0.,16.));
#45460=DIRECTION('',(0.173627663604813,0.984811369974542,0.));
#45470=VECTOR('',#45460,1.);
#45480=LINE('',#45450,#45470);
#45490=EDGE_CURVE('',#45420,#11910,#45480,.T.);
#45500=ORIENTED_EDGE('',*,*,#45490,.F.);
#45510=EDGE_LOOP('',(#45500,#45440,#45360,#45280));
#45520=FACE_OUTER_BOUND('',#45510,.T.);
#45530=ADVANCED_FACE('',(#45520),#45270,.T.);
#45540=CARTESIAN_POINT('',(-16.7340321749318,-15.6,3.5));
#45550=DIRECTION('',(0.,0.,-1.));
#45560=DIRECTION('',(1.,0.,0.));
#45570=AXIS2_PLACEMENT_3D('',#45540,#45550,#45560);
#45580=PLANE('',#45570);
#45590=ORIENTED_EDGE('',*,*,#8530,.F.);
#45600=CARTESIAN_POINT('',(0.,-14.4836634939895,3.5));
#45610=DIRECTION('',(1.,0.,0.));
#45620=VECTOR('',#45610,1.);
#45630=LINE('',#45600,#45620);
#45640=CARTESIAN_POINT('',(-17.7,-14.4836634939895,3.5));
#45650=VERTEX_POINT('',#45640);
#45660=EDGE_CURVE('',#8440,#45650,#45630,.T.);
#45670=ORIENTED_EDGE('',*,*,#45660,.F.);
#45680=CARTESIAN_POINT('',(-17.7,0.,3.5));
#45690=DIRECTION('',(0.,-1.,0.));
#45700=VECTOR('',#45690,1.);
#45710=LINE('',#45680,#45700);
#45720=CARTESIAN_POINT('',(-17.7,-14.3069307951916,3.5));
#45730=VERTEX_POINT('',#45720);
#45740=EDGE_CURVE('',#45730,#45650,#45710,.T.);
#45750=ORIENTED_EDGE('',*,*,#45740,.T.);
#45760=CARTESIAN_POINT('',(0.,-14.3069307951916,3.5));
#45770=DIRECTION('',(1.,0.,0.));
#45780=VECTOR('',#45770,1.);
#45790=LINE('',#45760,#45780);
#45800=EDGE_CURVE('',#8520,#45730,#45790,.T.);
#45810=ORIENTED_EDGE('',*,*,#45800,.T.);
#45820=EDGE_LOOP('',(#45810,#45750,#45670,#45590));
#45830=FACE_OUTER_BOUND('',#45820,.T.);
#45840=ADVANCED_FACE('',(#45830),#45580,.T.);
#45850=CARTESIAN_POINT('',(-8.0758422184354,9.3000000628734,16.));
#45860=DIRECTION('',(-0.,1.,0.));
#45870=DIRECTION('',(1.,0.,0.));
#45880=AXIS2_PLACEMENT_3D('',#45850,#45860,#45870);
#45890=PLANE('',#45880);
#45900=CARTESIAN_POINT('',(-10.7865077885226,9.3000000628734,16.));
#45910=DIRECTION('',(0.,0.,-1.));
#45920=VECTOR('',#45910,1.);
#45930=LINE('',#45900,#45920);
#45940=CARTESIAN_POINT('',(-10.7865077885226,9.3000000628734,16.));
#45950=VERTEX_POINT('',#45940);
#45960=CARTESIAN_POINT('',(-10.7865077885226,9.3000000628734,15.8));
#45970=VERTEX_POINT('',#45960);
#45980=EDGE_CURVE('',#45950,#45970,#45930,.T.);
#45990=ORIENTED_EDGE('',*,*,#45980,.F.);
#46000=CARTESIAN_POINT('',(-7.2108618527965,9.3000000628734,15.8));
#46010=DIRECTION('',(1.,0.,0.));
#46020=VECTOR('',#46010,1.);
#46030=LINE('',#46000,#46020);
#46040=CARTESIAN_POINT('',(-8.0758422184354,9.3000000628734,15.8));
#46050=VERTEX_POINT('',#46040);
#46060=EDGE_CURVE('',#45970,#46050,#46030,.T.);
#46070=ORIENTED_EDGE('',*,*,#46060,.F.);
#46080=CARTESIAN_POINT('',(-8.0758422184354,9.3000000628734,16.));
#46090=DIRECTION('',(0.,0.,-1.));
#46100=VECTOR('',#46090,1.);
#46110=LINE('',#46080,#46100);
#46120=CARTESIAN_POINT('',(-8.0758422184354,9.3000000628734,16.));
#46130=VERTEX_POINT('',#46120);
#46140=EDGE_CURVE('',#46130,#46050,#46110,.T.);
#46150=ORIENTED_EDGE('',*,*,#46140,.T.);
#46160=CARTESIAN_POINT('',(0.,9.3000000628734,16.));
#46170=DIRECTION('',(-1.,0.,0.));
#46180=VECTOR('',#46170,1.);
#46190=LINE('',#46160,#46180);
#46200=EDGE_CURVE('',#46130,#45950,#46190,.T.);
#46210=ORIENTED_EDGE('',*,*,#46200,.F.);
#46220=EDGE_LOOP('',(#46210,#46150,#46070,#45990));
#46230=FACE_OUTER_BOUND('',#46220,.T.);
#46240=ADVANCED_FACE('',(#46230),#45890,.T.);
#46250=CARTESIAN_POINT('',(-18.5,-14.,3.5));
#46260=DIRECTION('',(-0.,0.965925826289069,0.25881904510252));
#46270=DIRECTION('',(0.,-0.25881904510252,0.965925826289069));
#46280=AXIS2_PLACEMENT_3D('',#46250,#46260,#46270);
#46290=PLANE('',#46280);
#46300=ORIENTED_EDGE('',*,*,#8700,.T.);
#46310=CARTESIAN_POINT('',(0.,-13.920560464676,3.20352761804101));
#46320=DIRECTION('',(1.,0.,0.));
#46330=VECTOR('',#46320,1.);
#46340=LINE('',#46310,#46330);
#46350=CARTESIAN_POINT('',(-17.702587275281,-13.920560464676,
3.20352761804101));
#46360=VERTEX_POINT('',#46350);
#46370=EDGE_CURVE('',#8610,#46360,#46340,.T.);
#46380=ORIENTED_EDGE('',*,*,#46370,.F.);
#46390=CARTESIAN_POINT('',(-17.7305440372677,-13.0621778264911,0.));
#46400=DIRECTION('',(-0.00842920751166139,0.258809850193415,
-0.965891510421118));
#46410=VECTOR('',#46400,1.);
#46420=LINE('',#46390,#46410);
#46430=EDGE_CURVE('',#46360,#45090,#46420,.T.);
#46440=ORIENTED_EDGE('',*,*,#46430,.F.);
#46450=ORIENTED_EDGE('',*,*,#45100,.F.);
#46460=EDGE_LOOP('',(#46450,#46440,#46380,#46300));
#46470=FACE_OUTER_BOUND('',#46460,.T.);
#46480=ADVANCED_FACE('',(#46470),#46290,.F.);
#46490=ORIENTED_EDGE('',*,*,#9500,.T.);
#46500=ORIENTED_EDGE('',*,*,#34490,.F.);
#46510=CARTESIAN_POINT('',(-17.7305440372677,7.93782217350893,0.));
#46520=DIRECTION('',(-0.00842920751166141,0.258809850193416,
-0.965891510421117));
#46530=VECTOR('',#46520,1.);
#46540=LINE('',#46510,#46530);
#46550=EDGE_CURVE('',#34400,#17030,#46540,.T.);
#46560=ORIENTED_EDGE('',*,*,#46550,.F.);
#46570=ORIENTED_EDGE('',*,*,#17040,.F.);
#46580=EDGE_LOOP('',(#46570,#46560,#46500,#46490));
#46590=FACE_OUTER_BOUND('',#46580,.T.);
#46600=ADVANCED_FACE('',(#46590),#42310,.F.);
#46610=CARTESIAN_POINT('',(-17.7017453735582,12.2,0.));
#46620=DIRECTION('',(-0.00872653549837393,-0.999961923064171,-0.));
#46630=DIRECTION('',(-0.999961923064171,0.00872653549837393,0.));
#46640=AXIS2_PLACEMENT_3D('',#46610,#46620,#46630);
#46650=PLANE('',#46640);
#46660=CARTESIAN_POINT('',(0.,12.0455192084593,4.54562582996929));
#46670=DIRECTION('',(-0.99992385047757,0.00872620324394422,
0.00872620324394422));
#46680=VECTOR('',#46670,1.);
#46690=LINE('',#46660,#46680);
#46700=CARTESIAN_POINT('',(-17.6895277586511,12.19989337849,4.7));
#46710=VERTEX_POINT('',#46700);
#46720=EDGE_CURVE('',#46710,#7830,#46690,.T.);
#46730=ORIENTED_EDGE('',*,*,#46720,.T.);
#46740=CARTESIAN_POINT('',(-17.7305440372677,12.2002513221307,0.));
#46750=DIRECTION('',(0.00872653547306858,-7.61553213448366E-5,
0.999961920164465));
#46760=VECTOR('',#46750,1.);
#46770=LINE('',#46740,#46760);
#46780=CARTESIAN_POINT('',(-17.7017453735582,12.2,3.3));
#46790=VERTEX_POINT('',#46780);
#46800=EDGE_CURVE('',#46790,#46710,#46770,.T.);
#46810=ORIENTED_EDGE('',*,*,#46800,.T.);
#46820=CARTESIAN_POINT('',(0.,12.0455192084593,3.45448079154072));
#46830=DIRECTION('',(-0.99992385047757,0.00872620324394422,
-0.00872620324394422));
#46840=VECTOR('',#46830,1.);
#46850=LINE('',#46820,#46840);
#46860=EDGE_CURVE('',#46790,#7650,#46850,.T.);
#46870=ORIENTED_EDGE('',*,*,#46860,.F.);
#46880=ORIENTED_EDGE('',*,*,#7900,.F.);
#46890=EDGE_LOOP('',(#46880,#46870,#46810,#46730));
#46900=FACE_OUTER_BOUND('',#46890,.T.);
#46910=ADVANCED_FACE('',(#46900),#46650,.T.);
#46920=ORIENTED_EDGE('',*,*,#7680,.T.);
#46930=ORIENTED_EDGE('',*,*,#46860,.T.);
#46940=CARTESIAN_POINT('',(-17.7017453735582,0.,3.3));
#46950=DIRECTION('',(0.,-1.,0.));
#46960=VECTOR('',#46950,1.);
#46970=LINE('',#46940,#46960);
#46980=CARTESIAN_POINT('',(-17.7017453735582,8.8,3.3));
#46990=VERTEX_POINT('',#46980);
#47000=EDGE_CURVE('',#46790,#46990,#46970,.T.);
#47010=ORIENTED_EDGE('',*,*,#47000,.F.);
#47020=CARTESIAN_POINT('',(0.,8.95448079154072,3.45448079154072));
#47030=DIRECTION('',(0.99992385047757,0.00872620324394422,
0.00872620324394422));
#47040=VECTOR('',#47030,1.);
#47050=LINE('',#47020,#47040);
#47060=EDGE_CURVE('',#7670,#46990,#47050,.T.);
#47070=ORIENTED_EDGE('',*,*,#47060,.T.);
#47080=EDGE_LOOP('',(#47070,#47010,#46930,#46920));
#47090=FACE_OUTER_BOUND('',#47080,.T.);
#47100=ADVANCED_FACE('',(#47090),#38160,.F.);
#47110=CARTESIAN_POINT('',(-17.7017453735582,8.8,0.));
#47120=DIRECTION('',(0.00872653549837393,-0.999961923064171,0.));
#47130=DIRECTION('',(-0.999961923064171,-0.00872653549837393,0.));
#47140=AXIS2_PLACEMENT_3D('',#47110,#47120,#47130);
#47150=PLANE('',#47140);
#47160=CARTESIAN_POINT('',(0.,8.95448079154072,4.54562582996929));
#47170=DIRECTION('',(-0.99992385047757,-0.00872620324394422,
0.00872620324394422));
#47180=VECTOR('',#47170,1.);
#47190=LINE('',#47160,#47180);
#47200=CARTESIAN_POINT('',(-17.6895277586511,8.80010662151001,4.7));
#47210=VERTEX_POINT('',#47200);
#47220=EDGE_CURVE('',#47210,#7750,#47190,.T.);
#47230=ORIENTED_EDGE('',*,*,#47220,.F.);
#47240=ORIENTED_EDGE('',*,*,#7760,.T.);
#47250=ORIENTED_EDGE('',*,*,#47060,.F.);
#47260=CARTESIAN_POINT('',(-17.7305440372677,8.79974867786926,0.));
#47270=DIRECTION('',(0.00872653547306858,7.61553213448366E-5,
0.999961920164465));
#47280=VECTOR('',#47270,1.);
#47290=LINE('',#47260,#47280);
#47300=EDGE_CURVE('',#46990,#47210,#47290,.T.);
#47310=ORIENTED_EDGE('',*,*,#47300,.F.);
#47320=EDGE_LOOP('',(#47310,#47250,#47240,#47230));
#47330=FACE_OUTER_BOUND('',#47320,.T.);
#47340=ADVANCED_FACE('',(#47330),#47150,.F.);
#47350=CARTESIAN_POINT('',(-17.6895277586511,0.,4.7));
#47360=DIRECTION('',(0.00872653549837393,-0.,0.999961923064171));
#47370=DIRECTION('',(0.999961923064171,0.,-0.00872653549837393));
#47380=AXIS2_PLACEMENT_3D('',#47350,#47360,#47370);
#47390=PLANE('',#47380);
#47400=ORIENTED_EDGE('',*,*,#7840,.T.);
#47410=ORIENTED_EDGE('',*,*,#47220,.T.);
#47420=CARTESIAN_POINT('',(-17.6895277586511,0.,4.7));
#47430=DIRECTION('',(0.,1.,0.));
#47440=VECTOR('',#47430,1.);
#47450=LINE('',#47420,#47440);
#47460=EDGE_CURVE('',#47210,#46710,#47450,.T.);
#47470=ORIENTED_EDGE('',*,*,#47460,.F.);
#47480=ORIENTED_EDGE('',*,*,#46720,.F.);
#47490=EDGE_LOOP('',(#47480,#47470,#47410,#47400));
#47500=FACE_OUTER_BOUND('',#47490,.T.);
#47510=ADVANCED_FACE('',(#47500),#47390,.F.);
#47520=CARTESIAN_POINT('',(-17.7017453735582,-12.2,0.));
#47530=DIRECTION('',(-0.00872653549837393,0.999961923064171,
4.44072300293717E-15));
#47540=DIRECTION('',(0.,4.44089209850063E-15,-1.));
#47550=AXIS2_PLACEMENT_3D('',#47520,#47530,#47540);
#47560=PLANE('',#47550);
#47570=ORIENTED_EDGE('',*,*,#7460,.F.);
#47580=ORIENTED_EDGE('',*,*,#38310,.T.);
#47590=CARTESIAN_POINT('',(-17.7305440372677,-12.2002513221307,0.));
#47600=DIRECTION('',(-0.00872653547306858,-7.61553213403956E-5,
-0.999961920164465));
#47610=VECTOR('',#47600,1.);
#47620=LINE('',#47590,#47610);
#47630=EDGE_CURVE('',#38470,#38240,#47620,.T.);
#47640=ORIENTED_EDGE('',*,*,#47630,.T.);
#47650=ORIENTED_EDGE('',*,*,#38480,.T.);
#47660=EDGE_LOOP('',(#47650,#47640,#47580,#47570));
#47670=FACE_OUTER_BOUND('',#47660,.T.);
#47680=ADVANCED_FACE('',(#47670),#47560,.T.);
#47690=CARTESIAN_POINT('',(-14.5433908060754,8.7371590116475,16.));
#47700=DIRECTION('',(0.342052163691398,0.939680965708061,0.));
#47710=DIRECTION('',(0.939680965708061,-0.342052163691398,0.));
#47720=AXIS2_PLACEMENT_3D('',#47690,#47700,#47710);
#47730=PLANE('',#47720);
#47740=CARTESIAN_POINT('',(-14.6909569494257,8.790874390018,16.));
#47750=DIRECTION('',(0.,0.,-1.));
#47760=VECTOR('',#47750,1.);
#47770=LINE('',#47740,#47760);
#47780=CARTESIAN_POINT('',(-14.6909569494257,8.790874390018,16.));
#47790=VERTEX_POINT('',#47780);
#47800=CARTESIAN_POINT('',(-14.6909569494257,8.790874390018,15.8));
#47810=VERTEX_POINT('',#47800);
#47820=EDGE_CURVE('',#47790,#47810,#47770,.T.);
#47830=ORIENTED_EDGE('',*,*,#47820,.F.);
#47840=CARTESIAN_POINT('',(-7.2108618527965,6.06805376707231,15.8));
#47850=DIRECTION('',(0.939680965708061,-0.342052163691398,0.));
#47860=VECTOR('',#47850,1.);
#47870=LINE('',#47840,#47860);
#47880=CARTESIAN_POINT('',(-14.5433908060754,8.7371590116475,15.8));
#47890=VERTEX_POINT('',#47880);
#47900=EDGE_CURVE('',#47810,#47890,#47870,.T.);
#47910=ORIENTED_EDGE('',*,*,#47900,.F.);
#47920=CARTESIAN_POINT('',(-14.5433908060754,8.7371590116475,16.));
#47930=DIRECTION('',(0.,0.,-1.));
#47940=VECTOR('',#47930,1.);
#47950=LINE('',#47920,#47940);
#47960=CARTESIAN_POINT('',(-14.5433908060754,8.7371590116475,16.));
#47970=VERTEX_POINT('',#47960);
#47980=EDGE_CURVE('',#47970,#47890,#47950,.T.);
#47990=ORIENTED_EDGE('',*,*,#47980,.T.);
#48000=CARTESIAN_POINT('',(0.,3.44323642071872,16.));
#48010=DIRECTION('',(-0.939680965708061,0.342052163691398,0.));
#48020=VECTOR('',#48010,1.);
#48030=LINE('',#48000,#48020);
#48040=EDGE_CURVE('',#47970,#47790,#48030,.T.);
#48050=ORIENTED_EDGE('',*,*,#48040,.F.);
#48060=EDGE_LOOP('',(#48050,#47990,#47910,#47830));
#48070=FACE_OUTER_BOUND('',#48060,.T.);
#48080=ADVANCED_FACE('',(#48070),#47730,.T.);
#48090=CARTESIAN_POINT('',(0.600000000000002,-8.90043634338974,15.5));
#48100=DIRECTION('',(0.,0.,1.));
#48110=DIRECTION('',(1.,0.,0.));
#48120=AXIS2_PLACEMENT_3D('',#48090,#48100,#48110);
#48130=PLANE('',#48120);
#48140=CARTESIAN_POINT('',(-11.9824610346056,2.07216982404079,15.5));
#48150=DIRECTION('',(1.,0.,0.));
#48160=VECTOR('',#48150,1.66666666665794);
#48170=LINE('',#48140,#48160);
#48180=CARTESIAN_POINT('',(9.07151786396767,2.07216982404079,15.5));
#48190=VERTEX_POINT('',#48180);
#48200=CARTESIAN_POINT('',(13.6302267332435,2.07216982404079,15.5));
#48210=VERTEX_POINT('',#48200);
#48220=EDGE_CURVE('',#48190,#48210,#48170,.T.);
#48230=ORIENTED_EDGE('',*,*,#48220,.F.);
#48240=CARTESIAN_POINT('',(13.6302267332435,2.17737399336024,15.5));
#48250=DIRECTION('',(0.,0.,1.));
#48260=DIRECTION('',(1.,0.,0.));
#48270=AXIS2_PLACEMENT_3D('',#48240,#48250,#48260);
#48280=CIRCLE('',#48270,0.105204169319449);
#48290=CARTESIAN_POINT('',(13.7213362164582,2.22997607801996,15.5));
#48300=VERTEX_POINT('',#48290);
#48310=EDGE_CURVE('',#48210,#48300,#48280,.T.);
#48320=ORIENTED_EDGE('',*,*,#48310,.F.);
#48330=CARTESIAN_POINT('',(23.3158670631733,-14.3882388232775,15.5));
#48340=DIRECTION('',(-0.5,0.866025403784439,0.));
#48350=VECTOR('',#48340,1.66666666665794);
#48360=LINE('',#48330,#48350);
#48370=CARTESIAN_POINT('',(11.4419817818203,6.17793376727023,15.5));
#48380=VERTEX_POINT('',#48370);
#48390=EDGE_CURVE('',#48300,#48380,#48360,.T.);
#48400=ORIENTED_EDGE('',*,*,#48390,.F.);
#48410=CARTESIAN_POINT('',(11.3508722986056,6.12533168261052,15.5));
#48420=DIRECTION('',(0.,0.,1.));
#48430=DIRECTION('',(1.,0.,0.));
#48440=AXIS2_PLACEMENT_3D('',#48410,#48420,#48430);
#48450=CIRCLE('',#48440,0.105204169319449);
#48460=CARTESIAN_POINT('',(11.2597628153909,6.17793376727026,15.5));
#48470=VERTEX_POINT('',#48460);
#48480=EDGE_CURVE('',#48380,#48470,#48450,.T.);
#48490=ORIENTED_EDGE('',*,*,#48480,.F.);
#48500=CARTESIAN_POINT('',(-0.614122465962174,-14.3882388232775,15.5));
#48510=DIRECTION('',(-0.5,-0.866025403784439,0.));
#48520=VECTOR('',#48510,1.66666666665794);
#48530=LINE('',#48500,#48520);
#48540=CARTESIAN_POINT('',(8.98040838075299,2.22997607801997,15.5));
#48550=VERTEX_POINT('',#48540);
#48560=EDGE_CURVE('',#48470,#48550,#48530,.T.);
#48570=ORIENTED_EDGE('',*,*,#48560,.F.);
#48580=CARTESIAN_POINT('',(9.07151786396767,2.17737399336024,15.5));
#48590=DIRECTION('',(0.,0.,1.));
#48600=DIRECTION('',(1.,0.,0.));
#48610=AXIS2_PLACEMENT_3D('',#48580,#48590,#48600);
#48620=CIRCLE('',#48610,0.105204169319449);
#48630=EDGE_CURVE('',#48550,#48190,#48620,.T.);
#48640=ORIENTED_EDGE('',*,*,#48630,.F.);
#48650=EDGE_LOOP('',(#48640,#48570,#48490,#48400,#48320,#48230));
#48660=FACE_BOUND('',#48650,.T.);
#48670=ORIENTED_EDGE('',*,*,#7060,.F.);
#48680=CARTESIAN_POINT('',(11.3508722986056,6.54614835988831,15.5));
#48690=DIRECTION('',(0.,0.,1.));
#48700=DIRECTION('',(1.,0.,0.));
#48710=AXIS2_PLACEMENT_3D('',#48680,#48690,#48700);
#48720=CIRCLE('',#48710,0.210408338638898);
#48730=CARTESIAN_POINT('',(11.5330912650349,6.65135252920775,15.5));
#48740=VERTEX_POINT('',#48730);
#48750=EDGE_CURVE('',#48740,#6970,#48720,.T.);
#48760=ORIENTED_EDGE('',*,*,#48750,.T.);
#48770=CARTESIAN_POINT('',(23.680304996032,-14.3882388232775,15.5));
#48780=DIRECTION('',(0.5,-0.866025403784439,0.));
#48790=VECTOR('',#48780,1.66666666665794);
#48800=LINE('',#48770,#48790);
#48810=CARTESIAN_POINT('',(14.1768836325315,2.07216982404078,15.5));
#48820=VERTEX_POINT('',#48810);
#48830=EDGE_CURVE('',#48740,#48820,#48800,.T.);
#48840=ORIENTED_EDGE('',*,*,#48830,.F.);
#48850=CARTESIAN_POINT('',(13.9946646661022,1.96696565472134,15.5));
#48860=DIRECTION('',(0.,0.,1.));
#48870=DIRECTION('',(1.,0.,0.));
#48880=AXIS2_PLACEMENT_3D('',#48850,#48860,#48870);
#48890=CIRCLE('',#48880,0.210408338638898);
#48900=EDGE_CURVE('',#2250,#48820,#48890,.T.);
#48910=ORIENTED_EDGE('',*,*,#48900,.T.);
#48920=ORIENTED_EDGE('',*,*,#2260,.F.);
#48930=CARTESIAN_POINT('',(8.70707993110894,1.96696565472134,15.5));
#48940=DIRECTION('',(0.,0.,1.));
#48950=DIRECTION('',(1.,0.,0.));
#48960=AXIS2_PLACEMENT_3D('',#48930,#48940,#48950);
#48970=CIRCLE('',#48960,0.210408338638898);
#48980=EDGE_CURVE('',#7050,#2170,#48970,.T.);
#48990=ORIENTED_EDGE('',*,*,#48980,.T.);
#49000=EDGE_LOOP('',(#48990,#48920,#48910,#48840,#48760,#48670));
#49010=FACE_OUTER_BOUND('',#49000,.T.);
#49020=ADVANCED_FACE('',(#48660,#49010),#48130,.T.);
#49030=ORIENTED_EDGE('',*,*,#33100,.F.);
#49040=CARTESIAN_POINT('',(0.,-8.95448079154085,3.45448079154085));
#49050=DIRECTION('',(-0.99992385047757,-0.00872620324394422,
0.00872620324394422));
#49060=VECTOR('',#49050,1.);
#49070=LINE('',#49040,#49060);
#49080=CARTESIAN_POINT('',(18.5,-8.79303373741181,3.29303373741181));
#49090=VERTEX_POINT('',#49080);
#49100=EDGE_CURVE('',#49090,#33030,#49070,.T.);
#49110=ORIENTED_EDGE('',*,*,#49100,.T.);
#49120=CARTESIAN_POINT('',(18.5,-12.2069662625882,3.29303373741181));
#49130=VERTEX_POINT('',#49120);
#49140=EDGE_CURVE('',#49130,#49090,#6790,.T.);
#49150=ORIENTED_EDGE('',*,*,#49140,.T.);
#49160=CARTESIAN_POINT('',(0.,-12.0455192084591,3.45448079154085));
#49170=DIRECTION('',(0.99992385047757,-0.00872620324394418,
-0.00872620324394422));
#49180=VECTOR('',#49170,1.);
#49190=LINE('',#49160,#49180);
#49200=EDGE_CURVE('',#32850,#49130,#49190,.T.);
#49210=ORIENTED_EDGE('',*,*,#49200,.T.);
#49220=EDGE_LOOP('',(#49210,#49150,#49110,#49030));
#49230=FACE_OUTER_BOUND('',#49220,.T.);
#49240=ADVANCED_FACE('',(#49230),#6490,.F.);
#49250=CARTESIAN_POINT('',(17.7017453735733,-12.2,0.));
#49260=DIRECTION('',(0.00872653549837393,0.999961923064171,
4.44072300293717E-15));
#49270=DIRECTION('',(0.,4.44089209850063E-15,-1.));
#49280=AXIS2_PLACEMENT_3D('',#49250,#49260,#49270);
#49290=PLANE('',#49280);
#49300=ORIENTED_EDGE('',*,*,#32880,.T.);
#49310=ORIENTED_EDGE('',*,*,#49200,.F.);
#49320=CARTESIAN_POINT('',(18.5,-12.2069662625882,0.));
#49330=DIRECTION('',(0.,-4.44089209850063E-15,1.));
#49340=VECTOR('',#49330,1.);
#49350=LINE('',#49320,#49340);
#49360=CARTESIAN_POINT('',(18.5,-12.2069662625882,4.70707288409833));
#49370=VERTEX_POINT('',#49360);
#49380=EDGE_CURVE('',#49130,#49370,#49350,.T.);
#49390=ORIENTED_EDGE('',*,*,#49380,.F.);
#49400=CARTESIAN_POINT('',(0.,-12.0455192084592,4.54562582996929));
#49410=DIRECTION('',(-0.99992385047757,0.00872620324394426,
-0.00872620324394422));
#49420=VECTOR('',#49410,1.);
#49430=LINE('',#49400,#49420);
#49440=EDGE_CURVE('',#49370,#32870,#49430,.T.);
#49450=ORIENTED_EDGE('',*,*,#49440,.F.);
#49460=EDGE_LOOP('',(#49450,#49390,#49310,#49300));
#49470=FACE_OUTER_BOUND('',#49460,.T.);
#49480=ADVANCED_FACE('',(#49470),#49290,.T.);
#49490=ORIENTED_EDGE('',*,*,#49440,.T.);
#49500=CARTESIAN_POINT('',(18.5,-8.79303373741181,4.70707288409833));
#49510=VERTEX_POINT('',#49500);
#49520=EDGE_CURVE('',#49370,#49510,#32330,.T.);
#49530=ORIENTED_EDGE('',*,*,#49520,.F.);
#49540=CARTESIAN_POINT('',(0.,-8.95448079154085,4.54562582996929));
#49550=DIRECTION('',(0.99992385047757,0.00872620324394422,
0.00872620324394422));
#49560=VECTOR('',#49550,1.);
#49570=LINE('',#49540,#49560);
#49580=EDGE_CURVE('',#32950,#49510,#49570,.T.);
#49590=ORIENTED_EDGE('',*,*,#49580,.T.);
#49600=ORIENTED_EDGE('',*,*,#32960,.T.);
#49610=EDGE_LOOP('',(#49600,#49590,#49530,#49490));
#49620=FACE_OUTER_BOUND('',#49610,.T.);
#49630=ADVANCED_FACE('',(#49620),#32280,.T.);
#49640=CARTESIAN_POINT('',(17.7017453735733,-8.8,0.));
#49650=DIRECTION('',(0.00872653549837393,-0.999961923064171,0.));
#49660=DIRECTION('',(-0.999961923064171,-0.00872653549837393,0.));
#49670=AXIS2_PLACEMENT_3D('',#49640,#49650,#49660);
#49680=PLANE('',#49670);
#49690=ORIENTED_EDGE('',*,*,#49100,.F.);
#49700=ORIENTED_EDGE('',*,*,#33040,.T.);
#49710=ORIENTED_EDGE('',*,*,#49580,.F.);
#49720=CARTESIAN_POINT('',(18.5,-8.79303373741181,0.));
#49730=DIRECTION('',(0.,0.,-1.));
#49740=VECTOR('',#49730,1.);
#49750=LINE('',#49720,#49740);
#49760=EDGE_CURVE('',#49510,#49090,#49750,.T.);
#49770=ORIENTED_EDGE('',*,*,#49760,.F.);
#49780=EDGE_LOOP('',(#49770,#49710,#49700,#49690));
#49790=FACE_OUTER_BOUND('',#49780,.T.);
#49800=ADVANCED_FACE('',(#49790),#49680,.T.);
#49810=CARTESIAN_POINT('',(0.,12.3131111331693,3.));
#49820=DIRECTION('',(1.,0.,0.));
#49830=DIRECTION('',(0.,-1.,0.));
#49840=AXIS2_PLACEMENT_3D('',#49810,#49820,#49830);
#49850=CYLINDRICAL_SURFACE('',#49840,1.5);
#49860=CARTESIAN_POINT('',(18.5,12.3131111331693,3.));
#49870=DIRECTION('',(1.,0.,0.));
#49880=DIRECTION('',(0.,-1.,0.));
#49890=AXIS2_PLACEMENT_3D('',#49860,#49870,#49880);
#49900=CIRCLE('',#49890,1.5);
#49910=EDGE_CURVE('',#41770,#40880,#49900,.T.);
#49920=ORIENTED_EDGE('',*,*,#49910,.F.);
#49930=ORIENTED_EDGE('',*,*,#41110,.T.);
#49940=CARTESIAN_POINT('',(17.7043634338954,12.3131111331693,3.));
#49950=DIRECTION('',(-0.999961923064171,0.,-0.00872653549837394));
#49960=DIRECTION('',(-0.00872653549837394,0.,0.999961923064171));
#49970=AXIS2_PLACEMENT_3D('',#49940,#49950,#49960);
#49980=ELLIPSE('',#49970,1.50005711757861,1.5);
#49990=EDGE_CURVE('',#41040,#41680,#49980,.T.);
#50000=ORIENTED_EDGE('',*,*,#49990,.F.);
#50010=ORIENTED_EDGE('',*,*,#41840,.F.);
#50020=EDGE_LOOP('',(#50010,#50000,#49930,#49920));
#50030=FACE_OUTER_BOUND('',#50020,.T.);
#50040=ADVANCED_FACE('',(#50030),#49850,.T.);
#50050=CARTESIAN_POINT('',(-6.75,0.,1.));
#50060=DIRECTION('',(0.999961923064171,0.,0.00872653549837393));
#50070=DIRECTION('',(0.,-1.,0.));
#50080=AXIS2_PLACEMENT_3D('',#50050,#50060,#50070);
#50090=PLANE('',#50080);
#50100=CARTESIAN_POINT('',(-6.87657766062679,-1.92659669909936,
15.5043632677492));
#50110=CARTESIAN_POINT('',(-6.87657766062679,-0.217731132732911,
15.5043632677492));
#50120=CARTESIAN_POINT('',(-6.87657766062679,1.49113443363355,
15.5043632677492));
#50130=CARTESIAN_POINT('',(-6.87657766062679,4.71873174559552,
15.5043632677492));
#50140=CARTESIAN_POINT('',(-6.87657766062679,6.23746349119104,
15.5043632677492));
#50150=CARTESIAN_POINT('',(-6.87657766062679,7.7796625412522,
15.5043632677492));
#50160=CARTESIAN_POINT('',(-6.87657766062164,7.80312954498856,
15.5043632671599));
#50170=CARTESIAN_POINT('',(-6.87657766062164,7.82659669908956,
15.5043632671599));
#50180=B_SPLINE_CURVE_WITH_KNOTS('',3,(#50100,#50110,#50120,#50130,
#50140,#50150,#50160,#50170),.UNSPECIFIED.,.F.,.F.,(4,2,2,4),(
-1.92659669909936,3.2,7.75619523678657,7.82659715018349),.UNSPECIFIED.);
#50190=CARTESIAN_POINT('',(-6.87657766063168,-1.4265966990996,
15.5043632683109));
#50200=VERTEX_POINT('',#50190);
#50210=CARTESIAN_POINT('',(-6.87657766062164,7.82659669908956,
15.5043632671599));
#50220=VERTEX_POINT('',#50210);
#50230=EDGE_CURVE('',#50200,#50220,#50180,.T.);
#50240=ORIENTED_EDGE('',*,*,#50230,.F.);
#50250=CARTESIAN_POINT('',(-6.74123505454846,7.69125409301637,
-0.00436326774918697));
#50260=DIRECTION('',(0.00872620324394422,-0.00872620324394422,
-0.99992385047757));
#50270=VECTOR('',#50260,1.);
#50280=LINE('',#50250,#50270);
#50290=CARTESIAN_POINT('',(-6.75,7.70001903846795,0.99999999993372));
#50300=VERTEX_POINT('',#50290);
#50310=EDGE_CURVE('',#50220,#50300,#50280,.T.);
#50320=ORIENTED_EDGE('',*,*,#50310,.F.);
#50330=CARTESIAN_POINT('',(-6.75,0.,1.0000000000001));
#50340=DIRECTION('',(0.,1.,0.));
#50350=VECTOR('',#50340,1.);
#50360=LINE('',#50330,#50350);
#50370=CARTESIAN_POINT('',(-6.75,-1.30001903846795,0.99999999993372));
#50380=VERTEX_POINT('',#50370);
#50390=EDGE_CURVE('',#50380,#50300,#50360,.T.);
#50400=ORIENTED_EDGE('',*,*,#50390,.T.);
#50410=CARTESIAN_POINT('',(-6.74123505454846,-1.29125409301637,
-0.00436326774918697));
#50420=DIRECTION('',(0.00872620324394422,0.00872620324394422,
-0.99992385047757));
#50430=VECTOR('',#50420,1.);
#50440=LINE('',#50410,#50430);
#50450=EDGE_CURVE('',#50200,#50380,#50440,.T.);
#50460=ORIENTED_EDGE('',*,*,#50450,.T.);
#50470=EDGE_LOOP('',(#50460,#50400,#50320,#50240));
#50480=FACE_OUTER_BOUND('',#50470,.T.);
#50490=ADVANCED_FACE('',(#50480),#50090,.T.);
#50500=COLOUR_RGB('',0.,0.239215701818466,0.501960813999176);
#50510=FILL_AREA_STYLE_COLOUR('',#50500);
#50520=FILL_AREA_STYLE('',(#50510));
#50530=SURFACE_STYLE_FILL_AREA(#50520);
#50540=SURFACE_SIDE_STYLE('',(#50530));
#50550=SURFACE_STYLE_USAGE(.BOTH.,#50540);
#50560=PRESENTATION_STYLE_ASSIGNMENT((#50550));
#50570=CARTESIAN_POINT('',(9.07151786396767,2.07216982404079,16.));
#50580=DIRECTION('',(-0.,-1.,-0.));
#50590=DIRECTION('',(-1.,0.,0.));
#50600=AXIS2_PLACEMENT_3D('',#50570,#50580,#50590);
#50610=PLANE('',#50600);
#50620=CARTESIAN_POINT('',(13.6302267332435,2.07216982404079,16.));
#50630=DIRECTION('',(0.,0.,-1.));
#50640=VECTOR('',#50630,1.);
#50650=LINE('',#50620,#50640);
#50660=EDGE_CURVE('',#39140,#48210,#50650,.T.);
#50670=ORIENTED_EDGE('',*,*,#50660,.F.);
#50680=ORIENTED_EDGE('',*,*,#48220,.T.);
#50690=CARTESIAN_POINT('',(9.07151786396767,2.07216982404079,16.));
#50700=DIRECTION('',(0.,0.,-1.));
#50710=VECTOR('',#50700,1.);
#50720=LINE('',#50690,#50710);
#50730=EDGE_CURVE('',#39120,#48190,#50720,.T.);
#50740=ORIENTED_EDGE('',*,*,#50730,.T.);
#50750=ORIENTED_EDGE('',*,*,#39150,.F.);
#50760=EDGE_LOOP('',(#50750,#50740,#50680,#50670));
#50770=FACE_OUTER_BOUND('',#50760,.T.);
#50780=ADVANCED_FACE('',(#50770),#50610,.T.);
#50790=CARTESIAN_POINT('',(6.87657766063169,7.8265966990996,
15.5043632683108));
#50800=CARTESIAN_POINT('',(6.87657884983452,7.8422150749354,
15.5044995374578));
#50810=CARTESIAN_POINT('',(6.87584841038482,7.85782507648732,
15.5046293485426));
#50820=CARTESIAN_POINT('',(6.86896946094148,7.93109321343552,
15.5052085417634));
#50830=CARTESIAN_POINT('',(6.85353592706053,7.98762045544984,
15.5055670519073));
#50840=CARTESIAN_POINT('',(6.80405246354828,8.09226940436684,
15.5060483271928));
#50850=CARTESIAN_POINT('',(6.77075254850874,8.13955686595645,
15.5061703574878));
#50860=CARTESIAN_POINT('',(6.7301547072326,8.18015470723259,
15.5061703574878));
#50870=CARTESIAN_POINT('',(6.67152692013217,8.23878249433302,
15.5061703574878));
#50880=CARTESIAN_POINT('',(6.59923685444879,8.28190639920991,
15.5059159057729));
#50890=CARTESIAN_POINT('',(6.48825884764379,8.31506950511116,
15.5052370322277));
#50900=CARTESIAN_POINT('',(6.45598842664422,8.32132115346893,
15.5050100389884));
#50910=CARTESIAN_POINT('',(6.40788032057026,8.32584563016062,
15.5046298062483));
#50920=CARTESIAN_POINT('',(6.39224273604747,8.32657885191757,
15.5044997761528));
#50930=CARTESIAN_POINT('',(6.37659669908956,8.32657766062164,
15.5043632671599));
#50940=CARTESIAN_POINT('',(6.87911595390504,7.82658971180244,
15.7952228681361));
#50950=CARTESIAN_POINT('',(6.87919761290006,7.84230250344295,
15.7952947618395));
#50960=CARTESIAN_POINT('',(6.87853065554168,7.85797481036956,
15.7953663684154));
#50970=CARTESIAN_POINT('',(6.87193260816055,7.93169510410291,
15.7956799022696));
#50980=CARTESIAN_POINT('',(6.85660255574529,7.9886969140514,
15.7958646607369));
#50990=CARTESIAN_POINT('',(6.80708266614506,8.0940702568755,
15.7961213518388));
#51000=CARTESIAN_POINT('',(6.7735395647485,8.14183170810513,
15.7961861218608));
#51010=CARTESIAN_POINT('',(6.73268561360901,8.18268561360901,
15.7961835027647));
#51020=CARTESIAN_POINT('',(6.673688066053,8.241683245584,
15.7961891233526));
#51030=CARTESIAN_POINT('',(6.60064119662031,8.28507003989639,
15.7960553668016));
#51040=CARTESIAN_POINT('',(6.48896295756719,8.31803444859066,
15.7956879941547));
#51050=CARTESIAN_POINT('',(6.45647257906417,8.32418807202015,
15.7955705047489));
#51060=CARTESIAN_POINT('',(6.40806531796813,8.32851906538393,
15.7953687638418));
#51070=CARTESIAN_POINT('',(6.39234840311202,8.32919729717235,
15.7952953706193));
#51080=CARTESIAN_POINT('',(6.37659669908956,8.32911595297197,
15.7952227612178));
#51090=CARTESIAN_POINT('',(7.08568815926338,7.82686233514345,16.));
#51100=CARTESIAN_POINT('',(7.08576768503176,7.84805309900123,16.));
#51110=CARTESIAN_POINT('',(7.08475963912502,7.8715343314894,
16.0000000000004));
#51120=CARTESIAN_POINT('',(7.07500246233453,7.97547199972076,
16.0000000000004));
#51130=CARTESIAN_POINT('',(7.05389121155883,8.05408588992184,
16.0000000000004));
#51140=CARTESIAN_POINT('',(6.98285958343689,8.20468312191744,
16.0000000000004));
#51150=CARTESIAN_POINT('',(6.93689288052097,8.27005697608028,16.));
#51160=CARTESIAN_POINT('',(6.87859529605378,8.32859529605378,16.));
#51170=CARTESIAN_POINT('',(6.79407512589321,8.41252480548277,16.));
#51180=CARTESIAN_POINT('',(6.6947357599216,8.47190876877152,
16.0000000000004));
#51190=CARTESIAN_POINT('',(6.53421430915571,8.51998652486236,
16.0000000000004));
#51200=CARTESIAN_POINT('',(6.48852680347075,8.52859450790706,
16.0000000000004));
#51210=CARTESIAN_POINT('',(6.42066489533297,8.53480704416128,
16.0000000000004));
#51220=CARTESIAN_POINT('',(6.39750999574492,8.53577495909224,16.));
#51230=CARTESIAN_POINT('',(6.3765976387101,8.53568790336169,16.));
#51240=CARTESIAN_POINT('',(7.37655871346729,7.8265968371347,16.));
#51250=CARTESIAN_POINT('',(7.37655876705442,7.85783169965146,16.));
#51260=CARTESIAN_POINT('',(7.37509534822534,7.88904924733779,16.));
#51270=CARTESIAN_POINT('',(7.36132701378326,8.03557612928346,16.));
#51280=CARTESIAN_POINT('',(7.3304533603252,8.14862485945563,16.));
#51290=CARTESIAN_POINT('',(7.23147958909546,8.35791106730399,16.));
#51300=CARTESIAN_POINT('',(7.16487566233821,8.45248668746984,16.));
#51310=CARTESIAN_POINT('',(7.08368117490402,8.53368117490402,16.));
#51320=CARTESIAN_POINT('',(6.96642732658631,8.65093502322173,16.));
#51330=CARTESIAN_POINT('',(6.82184819889,8.73718951157599,16.));
#51340=CARTESIAN_POINT('',(6.59990642519375,8.80352685758896,16.));
#51350=CARTESIAN_POINT('',(6.53536988487995,8.81603411575815,16.));
#51360=CARTESIAN_POINT('',(6.43916043261098,8.82508978976369,16.));
#51370=CARTESIAN_POINT('',(6.40788771737344,8.826558353461,16.));
#51380=CARTESIAN_POINT('',(6.3765976387101,8.82655847287958,16.));
#51390=(BOUNDED_SURFACE() B_SPLINE_SURFACE(3,3,((#50790,#50940,#51090,
#51240),(#50800,#50950,#51100,#51250),(#50810,#50960,#51110,#51260),(
#50820,#50970,#51120,#51270),(#50830,#50980,#51130,#51280),(#50840,
#50990,#51140,#51290),(#50850,#51000,#51150,#51300),(#50860,#51010,
#51160,#51310),(#50870,#51020,#51170,#51320),(#50880,#51030,#51180,
#51330),(#50890,#51040,#51190,#51340),(#50900,#51050,#51200,#51350),(
#50910,#51060,#51210,#51360),(#50920,#51070,#51220,#51370),(#50930,
#51080,#51230,#51380)),.UNSPECIFIED.,.F.,.F.,.F.) 
B_SPLINE_SURFACE_WITH_KNOTS((4,2,2,3,2,2,4),(4,4),(0.,0.0705590303798394
,0.332458046611626,0.590183103018193,0.962366675773558,1.11011431288172,
1.18086324408889),(0.,1.),.UNSPECIFIED.) GEOMETRIC_REPRESENTATION_ITEM()
 RATIONAL_B_SPLINE_SURFACE(((1.,0.806790151670924,0.806790151670924,1.),
(1.,0.806855891975424,0.806855891975424,1.),(1.,0.806909873511681,
0.806909873511681,1.),(1.,0.807166583307742,0.807166583307742,1.),(1.,
0.807350900995084,0.807350900995084,1.),(1.,0.807573285858,
0.807573285858,1.),(1.,0.807630486214452,0.807630486214452,1.),(1.,
0.80763766952257,0.80763766952257,1.),(1.,0.807622331985608,
0.807622331985608,1.),(1.,0.80749952056344,0.80749952056344,1.),(1.,
0.807199317531397,0.807199317531397,1.),(1.,0.807084224103331,
0.807084224103331,1.),(1.,0.80690418598146,0.80690418598146,1.),(1.,
0.806854356028377,0.806854356028377,1.),(1.,0.806790250415102,
0.806790250415102,1.))) REPRESENTATION_ITEM('') SURFACE());
#51400=CARTESIAN_POINT('',(6.37659669908956,8.32657766062164,
15.5043632671599));
#51410=CARTESIAN_POINT('',(6.37659669908956,8.32911595297197,
15.7952227612178));
#51420=CARTESIAN_POINT('',(6.3765976387101,8.53568790336169,16.));
#51430=CARTESIAN_POINT('',(6.3765976387101,8.82655847287958,16.));
#51440=(BOUNDED_CURVE() B_SPLINE_CURVE(3,(#51400,#51410,#51420,#51430),
.UNSPECIFIED.,.F.,.F.) B_SPLINE_CURVE_WITH_KNOTS((4,4),(0.,1.),
.UNSPECIFIED.) CURVE() GEOMETRIC_REPRESENTATION_ITEM() 
RATIONAL_B_SPLINE_CURVE((1.,0.806790250415102,0.806790250415102,1.)) 
REPRESENTATION_ITEM(''));
#51450=CARTESIAN_POINT('',(6.37659669908956,8.32657766062164,
15.5043632671599));
#51460=VERTEX_POINT('',#51450);
#51470=CARTESIAN_POINT('',(6.3765976387101,8.82655847287958,16.));
#51480=VERTEX_POINT('',#51470);
#51490=EDGE_CURVE('',#51460,#51480,#51440,.T.);
#51500=ORIENTED_EDGE('',*,*,#51490,.F.);
#51510=CARTESIAN_POINT('',(7.37655871346729,7.8265968371347,16.));
#51520=CARTESIAN_POINT('',(7.37655876705442,7.85783169965146,16.));
#51530=CARTESIAN_POINT('',(7.37509534822534,7.88904924733779,16.));
#51540=CARTESIAN_POINT('',(7.36132701378326,8.03557612928346,16.));
#51550=CARTESIAN_POINT('',(7.3304533603252,8.14862485945563,16.));
#51560=CARTESIAN_POINT('',(7.23147958909546,8.35791106730399,16.));
#51570=CARTESIAN_POINT('',(7.16487566233821,8.45248668746984,16.));
#51580=CARTESIAN_POINT('',(7.08368117490402,8.53368117490402,16.));
#51590=CARTESIAN_POINT('',(6.96642732658631,8.65093502322173,16.));
#51600=CARTESIAN_POINT('',(6.82184819889,8.73718951157599,16.));
#51610=CARTESIAN_POINT('',(6.59990642519375,8.80352685758896,16.));
#51620=CARTESIAN_POINT('',(6.53536988487995,8.81603411575815,16.));
#51630=CARTESIAN_POINT('',(6.43916043261098,8.82508978976369,16.));
#51640=CARTESIAN_POINT('',(6.40788771737344,8.826558353461,16.));
#51650=CARTESIAN_POINT('',(6.3765976387101,8.82655847287958,16.));
#51660=B_SPLINE_CURVE_WITH_KNOTS('',3,(#51510,#51520,#51530,#51540,
#51550,#51560,#51570,#51580,#51590,#51600,#51610,#51620,#51630,#51640,
#51650),.UNSPECIFIED.,.F.,.F.,(4,2,2,3,2,2,4),(0.,0.0705590303798394,
0.332458046611626,0.590183103018193,0.962366675773558,1.11011431288172,
1.18086324408889),.UNSPECIFIED.);
#51670=CARTESIAN_POINT('',(7.37655871346729,7.8265968371347,16.));
#51680=VERTEX_POINT('',#51670);
#51690=EDGE_CURVE('',#51680,#51480,#51660,.T.);
#51700=ORIENTED_EDGE('',*,*,#51690,.T.);
#51710=CARTESIAN_POINT('',(7.37655871346729,7.8265968371347,16.));
#51720=CARTESIAN_POINT('',(7.08568815926338,7.82686233514345,16.));
#51730=CARTESIAN_POINT('',(6.87911595390504,7.82658971180244,
15.7952228681361));
#51740=CARTESIAN_POINT('',(6.87657766063169,7.8265966990996,
15.5043632683108));
#51750=(BOUNDED_CURVE() B_SPLINE_CURVE(3,(#51710,#51720,#51730,#51740),
.UNSPECIFIED.,.F.,.F.) B_SPLINE_CURVE_WITH_KNOTS((4,4),(0.,1.),
.UNSPECIFIED.) CURVE() GEOMETRIC_REPRESENTATION_ITEM() 
RATIONAL_B_SPLINE_CURVE((1.,0.806790151670923,0.806790151670923,1.)) 
REPRESENTATION_ITEM(''));
#51760=CARTESIAN_POINT('',(6.87657766063169,7.8265966990996,
15.5043632683108));
#51770=VERTEX_POINT('',#51760);
#51780=EDGE_CURVE('',#51680,#51770,#51750,.T.);
#51790=ORIENTED_EDGE('',*,*,#51780,.F.);
#51800=CARTESIAN_POINT('',(6.87657766063169,7.8265966990996,
15.5043632683108));
#51810=CARTESIAN_POINT('',(6.87657884983452,7.8422150749354,
15.5044995374578));
#51820=CARTESIAN_POINT('',(6.87584841038482,7.85782507648732,
15.5046293485426));
#51830=CARTESIAN_POINT('',(6.86896946094148,7.93109321343552,
15.5052085417634));
#51840=CARTESIAN_POINT('',(6.85353592706053,7.98762045544984,
15.5055670519073));
#51850=CARTESIAN_POINT('',(6.80405246354828,8.09226940436684,
15.5060483271928));
#51860=CARTESIAN_POINT('',(6.77075254850874,8.13955686595645,
15.5061703574878));
#51870=CARTESIAN_POINT('',(6.7301547072326,8.18015470723259,
15.5061703574878));
#51880=CARTESIAN_POINT('',(6.67152692013217,8.23878249433302,
15.5061703574878));
#51890=CARTESIAN_POINT('',(6.59923685444879,8.28190639920991,
15.5059159057729));
#51900=CARTESIAN_POINT('',(6.48825884764379,8.31506950511116,
15.5052370322277));
#51910=CARTESIAN_POINT('',(6.45598842664422,8.32132115346893,
15.5050100389884));
#51920=CARTESIAN_POINT('',(6.40788032057026,8.32584563016062,
15.5046298062483));
#51930=CARTESIAN_POINT('',(6.39224273604747,8.32657885191757,
15.5044997761528));
#51940=CARTESIAN_POINT('',(6.37659669908956,8.32657766062164,
15.5043632671599));
#51950=B_SPLINE_CURVE_WITH_KNOTS('',3,(#51800,#51810,#51820,#51830,
#51840,#51850,#51860,#51870,#51880,#51890,#51900,#51910,#51920,#51930,
#51940),.UNSPECIFIED.,.F.,.F.,(4,2,2,3,2,2,4),(0.,0.0705590303798394,
0.332458046611626,0.590183103018193,0.962366675773558,1.11011431288172,
1.18086324408889),.UNSPECIFIED.);
#51960=EDGE_CURVE('',#51770,#51460,#51950,.T.);
#51970=ORIENTED_EDGE('',*,*,#51960,.F.);
#51980=EDGE_LOOP('',(#51970,#51790,#51700,#51500));
#51990=FACE_OUTER_BOUND('',#51980,.T.);
#52000=ADVANCED_FACE('',(#51990),#51390,.F.);
#52010=CARTESIAN_POINT('',(-7.2729949657861,9.7302811716906,16.));
#52020=DIRECTION('',(-0.,-1.,-0.));
#52030=DIRECTION('',(-1.,0.,0.));
#52040=AXIS2_PLACEMENT_3D('',#52010,#52020,#52030);
#52050=PLANE('',#52040);
#52060=ORIENTED_EDGE('',*,*,#33780,.F.);
#52070=CARTESIAN_POINT('',(-7.2108618527965,9.7302811716906,15.8));
#52080=DIRECTION('',(-1.,0.,0.));
#52090=VECTOR('',#52080,1.);
#52100=LINE('',#52070,#52090);
#52110=CARTESIAN_POINT('',(-7.2729949657861,9.7302811716906,15.8));
#52120=VERTEX_POINT('',#52110);
#52130=EDGE_CURVE('',#33690,#52120,#52100,.T.);
#52140=ORIENTED_EDGE('',*,*,#52130,.F.);
#52150=CARTESIAN_POINT('',(-7.2729949657861,9.7302811716906,16.));
#52160=DIRECTION('',(0.,0.,-1.));
#52170=VECTOR('',#52160,1.);
#52180=LINE('',#52150,#52170);
#52190=CARTESIAN_POINT('',(-7.2729949657861,9.7302811716906,16.));
#52200=VERTEX_POINT('',#52190);
#52210=EDGE_CURVE('',#52200,#52120,#52180,.T.);
#52220=ORIENTED_EDGE('',*,*,#52210,.T.);
#52230=CARTESIAN_POINT('',(0.,9.7302811716906,16.));
#52240=DIRECTION('',(1.,0.,0.));
#52250=VECTOR('',#52240,1.);
#52260=LINE('',#52230,#52250);
#52270=EDGE_CURVE('',#52200,#33770,#52260,.T.);
#52280=ORIENTED_EDGE('',*,*,#52270,.F.);
#52290=EDGE_LOOP('',(#52280,#52220,#52140,#52060));
#52300=FACE_OUTER_BOUND('',#52290,.T.);
#52310=ADVANCED_FACE('',(#52300),#52050,.T.);
#52320=CARTESIAN_POINT('',(6.8765968429602,-1.92657766062679,
15.5043632677492));
#52330=CARTESIAN_POINT('',(4.5843978953068,-1.92657766062679,
15.5043632677492));
#52340=CARTESIAN_POINT('',(2.29219894765341,-1.92657766062679,
15.5043632677492));
#52350=CARTESIAN_POINT('',(-2.10206507906958,-1.92657766062679,
15.5043632677492));
#52360=CARTESIAN_POINT('',(-4.20413015813918,-1.92657766062679,
15.5043632677492));
#52370=CARTESIAN_POINT('',(-6.32966254777039,-1.92657766062679,
15.5043632677492));
#52380=CARTESIAN_POINT('',(-6.35312954512929,-1.92657766062164,
15.5043632671599));
#52390=CARTESIAN_POINT('',(-6.37659669908955,-1.92657766062164,
15.5043632671599));
#52400=CARTESIAN_POINT('',(6.8765968429602,-1.92911595335784,
15.7952228054336));
#52410=CARTESIAN_POINT('',(4.58439789530681,-1.92911595335784,
15.7952228054336));
#52420=CARTESIAN_POINT('',(2.29219894765341,-1.92911595335784,
15.7952228054336));
#52430=CARTESIAN_POINT('',(-2.10206507906958,-1.92911595335784,
15.7952228054336));
#52440=CARTESIAN_POINT('',(-4.20413015813918,-1.92911595335784,
15.7952228054336));
#52450=CARTESIAN_POINT('',(-6.32966254777039,-1.92911595335784,
15.7952228054336));
#52460=CARTESIAN_POINT('',(-6.35312954512929,-1.92911595297197,
15.7952227612174));
#52470=CARTESIAN_POINT('',(-6.37659669908956,-1.92911595297197,
15.7952227612178));
#52480=CARTESIAN_POINT('',(6.8765968429602,-2.13568800901277,16.));
#52490=CARTESIAN_POINT('',(4.58439789530681,-2.13568800901277,16.));
#52500=CARTESIAN_POINT('',(2.29219894765341,-2.13568800901277,16.));
#52510=CARTESIAN_POINT('',(-2.10206507906958,-2.13568800901277,16.));
#52520=CARTESIAN_POINT('',(-4.20413015813918,-2.13568800901278,16.));
#52530=CARTESIAN_POINT('',(-6.32966254777039,-2.13568800901282,16.));
#52540=CARTESIAN_POINT('',(-6.35313017154294,-2.13568790336203,16.));
#52550=CARTESIAN_POINT('',(-6.3765976387101,-2.13568790336169,16.));
#52560=CARTESIAN_POINT('',(6.8765968429602,-2.42655862215887,16.));
#52570=CARTESIAN_POINT('',(4.5843978953068,-2.42655862215887,16.));
#52580=CARTESIAN_POINT('',(2.29219894765341,-2.42655862215887,16.));
#52590=CARTESIAN_POINT('',(-2.10206507906958,-2.42655862215887,16.));
#52600=CARTESIAN_POINT('',(-4.20413015813918,-2.42655862215887,16.));
#52610=CARTESIAN_POINT('',(-6.32966254777039,-2.42655862215887,16.));
#52620=CARTESIAN_POINT('',(-6.35313017154293,-2.42655847287957,16.));
#52630=CARTESIAN_POINT('',(-6.3765976387101,-2.42655847287957,16.));
#52640=(BOUNDED_SURFACE() B_SPLINE_SURFACE(3,3,((#52320,#52400,#52480,
#52560),(#52330,#52410,#52490,#52570),(#52340,#52420,#52500,#52580),(
#52350,#52430,#52510,#52590),(#52360,#52440,#52520,#52600),(#52370,
#52450,#52530,#52610),(#52380,#52460,#52540,#52620),(#52390,#52470,
#52550,#52630)),.UNSPECIFIED.,.F.,.F.,.F.) B_SPLINE_SURFACE_WITH_KNOTS((
4,2,2,4),(4,4),(-6.87659684296018,-1.77635683940025E-15,6.30619523720878
,6.37659716889365),(0.,1.),.UNSPECIFIED.) GEOMETRIC_REPRESENTATION_ITEM(
) RATIONAL_B_SPLINE_SURFACE(((1.,0.806790250415523,0.806790250415523,1.)
,(1.,0.806790250415523,0.806790250415523,1.),(1.,0.806790250415523,
0.806790250415523,1.),(1.,0.806790250415522,0.806790250415522,1.),(1.,
0.806790250415524,0.806790250415524,1.),(1.,0.806790250415563,
0.806790250415563,1.),(1.,0.806790250415452,0.806790250415452,1.),(1.,
0.806790250415102,0.806790250415102,1.))) REPRESENTATION_ITEM('') 
SURFACE());
#52650=CARTESIAN_POINT('',(6.3765966990996,-1.92657766063169,
15.5043632683109));
#52660=CARTESIAN_POINT('',(6.3765966990996,-1.9291159536048,
15.7952228337324));
#52670=CARTESIAN_POINT('',(6.37659684286034,-2.13568807637029,16.));
#52680=CARTESIAN_POINT('',(6.37659684286034,-2.42655871725458,16.));
#52690=(BOUNDED_CURVE() B_SPLINE_CURVE(3,(#52650,#52660,#52670,#52680),
.UNSPECIFIED.,.F.,.F.) B_SPLINE_CURVE_WITH_KNOTS((4,4),(0.,1.),
.UNSPECIFIED.) CURVE() GEOMETRIC_REPRESENTATION_ITEM() 
RATIONAL_B_SPLINE_CURVE((1.,0.806790250415513,0.806790250415513,1.)) 
REPRESENTATION_ITEM(''));
#52700=CARTESIAN_POINT('',(6.37659684286018,-2.42655862215887,16.));
#52710=VERTEX_POINT('',#52700);
#52720=EDGE_CURVE('',#5760,#52710,#52690,.T.);
#52730=ORIENTED_EDGE('',*,*,#52720,.F.);
#52740=CARTESIAN_POINT('',(6.87659684286019,-2.42655862215887,16.));
#52750=CARTESIAN_POINT('',(4.58439789524013,-2.42655862215887,16.));
#52760=CARTESIAN_POINT('',(2.29219894762007,-2.42655862215887,16.));
#52770=CARTESIAN_POINT('',(-2.10206507906958,-2.42655862215887,16.));
#52780=CARTESIAN_POINT('',(-4.20413015813918,-2.42655862215887,16.));
#52790=CARTESIAN_POINT('',(-6.32966254777039,-2.42655862215887,16.));
#52800=CARTESIAN_POINT('',(-6.35313017154293,-2.42655847287957,16.));
#52810=CARTESIAN_POINT('',(-6.3765976387101,-2.42655847287957,16.));
#52820=B_SPLINE_CURVE_WITH_KNOTS('',3,(#52740,#52750,#52760,#52770,
#52780,#52790,#52800,#52810),.UNSPECIFIED.,.F.,.F.,(4,2,2,4),(
-6.87659684286018,-1.77635683940025E-15,6.30619523720878,
6.37659716889365),.UNSPECIFIED.);
#52830=CARTESIAN_POINT('',(-6.3765976387101,-2.42655847287957,16.));
#52840=VERTEX_POINT('',#52830);
#52850=EDGE_CURVE('',#52710,#52840,#52820,.T.);
#52860=ORIENTED_EDGE('',*,*,#52850,.F.);
#52870=CARTESIAN_POINT('',(-6.3765976387101,-2.42655847287957,16.));
#52880=CARTESIAN_POINT('',(-6.3765976387101,-2.13568790336169,16.));
#52890=CARTESIAN_POINT('',(-6.37659669908955,-1.92911595297197,
15.7952227612178));
#52900=CARTESIAN_POINT('',(-6.37659669908955,-1.92657766062164,
15.5043632671599));
#52910=(BOUNDED_CURVE() B_SPLINE_CURVE(3,(#52870,#52880,#52890,#52900),
.UNSPECIFIED.,.F.,.F.) B_SPLINE_CURVE_WITH_KNOTS((4,4),(0.,1.),
.UNSPECIFIED.) CURVE() GEOMETRIC_REPRESENTATION_ITEM() 
RATIONAL_B_SPLINE_CURVE((1.,0.806790250415102,0.806790250415102,1.)) 
REPRESENTATION_ITEM(''));
#52920=EDGE_CURVE('',#52840,#5300,#52910,.T.);
#52930=ORIENTED_EDGE('',*,*,#52920,.F.);
#52940=ORIENTED_EDGE('',*,*,#5880,.T.);
#52950=EDGE_LOOP('',(#52940,#52930,#52860,#52730));
#52960=FACE_OUTER_BOUND('',#52950,.T.);
#52970=ADVANCED_FACE('',(#52960),#52640,.T.);
#52980=CARTESIAN_POINT('',(-4.0623500643265,11.648563523876,16.));
#52990=DIRECTION('',(-1.,0.,0.));
#53000=DIRECTION('',(0.,1.,0.));
#53010=AXIS2_PLACEMENT_3D('',#52980,#52990,#53000);
#53020=PLANE('',#53010);
#53030=CARTESIAN_POINT('',(-4.0623500643265,9.3000000628734,16.));
#53040=DIRECTION('',(0.,0.,-1.));
#53050=VECTOR('',#53040,1.);
#53060=LINE('',#53030,#53050);
#53070=CARTESIAN_POINT('',(-4.0623500643265,9.3000000628734,16.));
#53080=VERTEX_POINT('',#53070);
#53090=EDGE_CURVE('',#53080,#44610,#53060,.T.);
#53100=ORIENTED_EDGE('',*,*,#53090,.F.);
#53110=ORIENTED_EDGE('',*,*,#44620,.F.);
#53120=CARTESIAN_POINT('',(-4.0623500643265,11.648563523876,16.));
#53130=DIRECTION('',(0.,0.,-1.));
#53140=VECTOR('',#53130,1.);
#53150=LINE('',#53120,#53140);
#53160=CARTESIAN_POINT('',(-4.0623500643265,11.648563523876,16.));
#53170=VERTEX_POINT('',#53160);
#53180=EDGE_CURVE('',#53170,#44530,#53150,.T.);
#53190=ORIENTED_EDGE('',*,*,#53180,.T.);
#53200=CARTESIAN_POINT('',(-4.0623500643265,0.,16.));
#53210=DIRECTION('',(0.,-1.,0.));
#53220=VECTOR('',#53210,1.);
#53230=LINE('',#53200,#53220);
#53240=EDGE_CURVE('',#53170,#53080,#53230,.T.);
#53250=ORIENTED_EDGE('',*,*,#53240,.F.);
#53260=EDGE_LOOP('',(#53250,#53190,#53110,#53100));
#53270=FACE_OUTER_BOUND('',#53260,.T.);
#53280=ADVANCED_FACE('',(#53270),#53020,.T.);
#53290=CARTESIAN_POINT('',(-2.5848283579795,9.3000000628734,16.));
#53300=DIRECTION('',(0.846428341150811,0.532502641586581,0.));
#53310=DIRECTION('',(0.532502641586581,-0.846428341150811,0.));
#53320=AXIS2_PLACEMENT_3D('',#53290,#53300,#53310);
#53330=PLANE('',#53320);
#53340=ORIENTED_EDGE('',*,*,#53180,.F.);
#53350=ORIENTED_EDGE('',*,*,#44540,.F.);
#53360=CARTESIAN_POINT('',(-2.5848283579795,9.3000000628734,16.));
#53370=DIRECTION('',(0.,0.,-1.));
#53380=VECTOR('',#53370,1.);
#53390=LINE('',#53360,#53380);
#53400=CARTESIAN_POINT('',(-2.5848283579795,9.3000000628734,16.));
#53410=VERTEX_POINT('',#53400);
#53420=EDGE_CURVE('',#53410,#44450,#53390,.T.);
#53430=ORIENTED_EDGE('',*,*,#53420,.T.);
#53440=CARTESIAN_POINT('',(3.26596179101563,0.,16.));
#53450=DIRECTION('',(-0.532502641586581,0.846428341150811,0.));
#53460=VECTOR('',#53450,1.);
#53470=LINE('',#53440,#53460);
#53480=EDGE_CURVE('',#53410,#53170,#53470,.T.);
#53490=ORIENTED_EDGE('',*,*,#53480,.F.);
#53500=EDGE_LOOP('',(#53490,#53430,#53350,#53340));
#53510=FACE_OUTER_BOUND('',#53500,.T.);
#53520=ADVANCED_FACE('',(#53510),#53330,.T.);
#53530=CARTESIAN_POINT('',(-13.4774699687371,12.1249638969507,16.));
#53540=DIRECTION('',(0.939685585363739,-0.342039472370671,0.));
#53550=DIRECTION('',(-0.342039472370671,-0.939685585363739,0.));
#53560=AXIS2_PLACEMENT_3D('',#53530,#53540,#53550);
#53570=PLANE('',#53560);
#53580=CARTESIAN_POINT('',(-13.2088930768846,12.8628256182496,16.));
#53590=DIRECTION('',(0.,0.,-1.));
#53600=VECTOR('',#53590,1.);
#53610=LINE('',#53580,#53600);
#53620=CARTESIAN_POINT('',(-13.2088930768846,12.8628256182496,16.));
#53630=VERTEX_POINT('',#53620);
#53640=CARTESIAN_POINT('',(-13.2088930768846,12.8628256182496,15.8));
#53650=VERTEX_POINT('',#53640);
#53660=EDGE_CURVE('',#53630,#53650,#53610,.T.);
#53670=ORIENTED_EDGE('',*,*,#53660,.F.);
#53680=CARTESIAN_POINT('',(-17.7445624318056,0.401973999999999,15.8));
#53690=DIRECTION('',(-0.342039472370671,-0.939685585363739,0.));
#53700=VECTOR('',#53690,1.);
#53710=LINE('',#53680,#53700);
#53720=CARTESIAN_POINT('',(-13.4774699687371,12.1249638969507,15.8));
#53730=VERTEX_POINT('',#53720);
#53740=EDGE_CURVE('',#53650,#53730,#53710,.T.);
#53750=ORIENTED_EDGE('',*,*,#53740,.F.);
#53760=CARTESIAN_POINT('',(-13.4774699687371,12.1249638969507,16.));
#53770=DIRECTION('',(0.,0.,-1.));
#53780=VECTOR('',#53770,1.);
#53790=LINE('',#53760,#53780);
#53800=CARTESIAN_POINT('',(-13.4774699687371,12.1249638969507,16.));
#53810=VERTEX_POINT('',#53800);
#53820=EDGE_CURVE('',#53810,#53730,#53790,.T.);
#53830=ORIENTED_EDGE('',*,*,#53820,.T.);
#53840=CARTESIAN_POINT('',(-17.8908783666334,0.,16.));
#53850=DIRECTION('',(0.342039472370671,0.939685585363739,0.));
#53860=VECTOR('',#53850,1.);
#53870=LINE('',#53840,#53860);
#53880=EDGE_CURVE('',#53810,#53630,#53870,.T.);
#53890=ORIENTED_EDGE('',*,*,#53880,.F.);
#53900=EDGE_LOOP('',(#53890,#53830,#53750,#53670));
#53910=FACE_OUTER_BOUND('',#53900,.T.);
#53920=ADVANCED_FACE('',(#53910),#53570,.T.);
#53930=CARTESIAN_POINT('',(-6.3765966990996,8.32657766063168,
15.5043632683109));
#53940=CARTESIAN_POINT('',(-6.392215074995,8.32657884983452,
15.5044995374583));
#53950=CARTESIAN_POINT('',(-6.40782507706652,8.32584841033605,
15.5046293485472));
#53960=CARTESIAN_POINT('',(-6.48109321355168,8.31896946090976,
15.5052085417641));
#53970=CARTESIAN_POINT('',(-6.53762045550404,8.3035359270349,
15.5055670519076));
#53980=CARTESIAN_POINT('',(-6.64226940436684,8.25405246354828,
15.5060483271928));
#53990=CARTESIAN_POINT('',(-6.68955686595645,8.22075254850874,
15.5061703574878));
#54000=CARTESIAN_POINT('',(-6.73015470723259,8.18015470723259,
15.5061703574878));
#54010=CARTESIAN_POINT('',(-6.78878249433302,8.12152692013216,
15.5061703574878));
#54020=CARTESIAN_POINT('',(-6.83190639920992,8.04923685444878,
15.5059159057729));
#54030=CARTESIAN_POINT('',(-6.8650695050841,7.93825884773435,
15.5052370322283));
#54040=CARTESIAN_POINT('',(-6.87132115343302,7.90598842682957,
15.5050100389897));
#54050=CARTESIAN_POINT('',(-6.87584563044585,7.85788031763146,
15.5046298062252));
#54060=CARTESIAN_POINT('',(-6.87657885191758,7.84224273614136,
15.5044997761536));
#54070=CARTESIAN_POINT('',(-6.87657766062164,7.82659669908956,
15.5043632671599));
#54080=CARTESIAN_POINT('',(-6.3765966990996,8.3291159536048,
15.7952228337324));
#54090=CARTESIAN_POINT('',(-6.39230679019657,8.32919740203997,
15.7952948626841));
#54100=CARTESIAN_POINT('',(-6.40797475814735,8.32853066026412,
15.7953662657582));
#54110=CARTESIAN_POINT('',(-6.48169510422006,8.32193260812904,
15.79567990227));
#54120=CARTESIAN_POINT('',(-6.53869691410597,8.30660255571964,
15.795864660737));
#54130=CARTESIAN_POINT('',(-6.6440702568755,8.25708266614505,
15.7961213518388));
#54140=CARTESIAN_POINT('',(-6.69183170810513,8.2235395647485,
15.7961861218608));
#54150=CARTESIAN_POINT('',(-6.73268561360901,8.18268561360901,
15.7961835027647));
#54160=CARTESIAN_POINT('',(-6.791683245584,8.123688066053,
15.7961891233526));
#54170=CARTESIAN_POINT('',(-6.83507003989639,8.0506411966203,
15.7960553668016));
#54180=CARTESIAN_POINT('',(-6.86803444856376,7.93896295765832,
15.7956879941549));
#54190=CARTESIAN_POINT('',(-6.8741880719848,7.90647257925078,
15.7955705047496));
#54200=CARTESIAN_POINT('',(-6.87851906565675,7.85806531501085,
15.795368763765));
#54210=CARTESIAN_POINT('',(-6.87919729718492,7.84234840320608,
15.7952953719861));
#54220=CARTESIAN_POINT('',(-6.87911595298719,7.82659669908956,
15.7952227629621));
#54230=CARTESIAN_POINT('',(-6.37659684286034,8.53568807637029,16.));
#54240=CARTESIAN_POINT('',(-6.39788995366994,8.53577787125711,16.));
#54250=CARTESIAN_POINT('',(-6.42153670430099,8.53476082421471,
16.0000000000004));
#54260=CARTESIAN_POINT('',(-6.52547199988231,8.52500246229053,
16.0000000000004));
#54270=CARTESIAN_POINT('',(-6.60408588999991,8.50389121152255,
16.0000000000004));
#54280=CARTESIAN_POINT('',(-6.75468312191744,8.43285958343689,
16.0000000000004));
#54290=CARTESIAN_POINT('',(-6.82005697608028,8.38689288052096,16.));
#54300=CARTESIAN_POINT('',(-6.87859529605378,8.32859529605378,16.));
#54310=CARTESIAN_POINT('',(-6.96252480548276,8.2440751258932,16.));
#54320=CARTESIAN_POINT('',(-7.02190876877152,8.1447357599216,
16.0000000000004));
#54330=CARTESIAN_POINT('',(-7.06998652482359,7.98421430928675,
16.0000000000004));
#54340=CARTESIAN_POINT('',(-7.07859450785748,7.93852680373305,
16.0000000000004));
#54350=CARTESIAN_POINT('',(-7.08480704465037,7.87066489120537,
16.0000000000004));
#54360=CARTESIAN_POINT('',(-7.08577496370808,7.84750997105471,16.));
#54370=CARTESIAN_POINT('',(-7.0856879075625,7.82659760128883,16.));
#54380=CARTESIAN_POINT('',(-6.37659684286034,8.82655871725458,16.));
#54390=CARTESIAN_POINT('',(-6.40783170364794,8.82655877084171,16.));
#54400=CARTESIAN_POINT('',(-6.43904924849612,8.8250953481277,16.));
#54410=CARTESIAN_POINT('',(-6.58557612951579,8.81132701371981,16.));
#54420=CARTESIAN_POINT('',(-6.69862485956402,8.78045336027394,16.));
#54430=CARTESIAN_POINT('',(-6.907911067304,8.68147958909546,16.));
#54440=CARTESIAN_POINT('',(-7.00248668746984,8.6148756623382,16.));
#54450=CARTESIAN_POINT('',(-7.08368117490402,8.53368117490402,16.));
#54460=CARTESIAN_POINT('',(-7.20093502322173,8.41642732658631,16.));
#54470=CARTESIAN_POINT('',(-7.28718951157599,8.27184819888999,16.));
#54480=CARTESIAN_POINT('',(-7.35352685753482,8.04990642537487,16.));
#54490=CARTESIAN_POINT('',(-7.3660341156863,7.98536988525063,16.));
#54500=CARTESIAN_POINT('',(-7.37508979033456,7.88916042673379,16.));
#54510=CARTESIAN_POINT('',(-7.37655835940617,7.85788769269983,16.));
#54520=CARTESIAN_POINT('',(-7.37655847882479,7.82659760128883,16.));
#54530=(BOUNDED_SURFACE() B_SPLINE_SURFACE(3,3,((#53930,#54080,#54230,
#54380),(#53940,#54090,#54240,#54390),(#53950,#54100,#54250,#54400),(
#53960,#54110,#54260,#54410),(#53970,#54120,#54270,#54420),(#53980,
#54130,#54280,#54430),(#53990,#54140,#54290,#54440),(#54000,#54150,
#54300,#54450),(#54010,#54160,#54310,#54460),(#54020,#54170,#54320,
#54470),(#54030,#54180,#54330,#54480),(#54040,#54190,#54340,#54490),(
#54050,#54200,#54350,#54500),(#54060,#54210,#54360,#54510),(#54070,
#54220,#54370,#54520)),.UNSPECIFIED.,.F.,.F.,.F.) 
B_SPLINE_SURFACE_WITH_KNOTS((4,2,2,3,2,2,4),(4,4),(0.,0.0705590285619947
,0.33245804452468,0.590183100931241,0.962366673686617,1.11011431037046,
1.18086325620122),(0.,1.),.UNSPECIFIED.) GEOMETRIC_REPRESENTATION_ITEM()
 RATIONAL_B_SPLINE_SURFACE(((1.,0.806790250415515,0.806790250415515,1.),
(1.,0.806855613962428,0.806855613962428,1.),(1.,0.806910157647037,
0.806910157647037,1.),(1.,0.807166583308106,0.807166583308106,1.),(1.,
0.807350900995212,0.807350900995212,1.),(1.,0.807573285857999,
0.807573285857999,1.),(1.,0.807630486214452,0.807630486214452,1.),(1.,
0.80763766952257,0.80763766952257,1.),(1.,0.807622331985611,
0.807622331985611,1.),(1.,0.807499520563441,0.807499520563441,1.),(1.,
0.807199317531667,0.807199317531667,1.),(1.,0.807084224103983,
0.807084224103983,1.),(1.,0.80690418598844,0.80690418598844,1.),(1.,
0.80685435596592,0.80685435596592,1.),(1.,0.806790250415136,
0.806790250415136,1.))) REPRESENTATION_ITEM('') SURFACE());
#54540=CARTESIAN_POINT('',(-6.87657766062164,7.82659669908956,
15.5043632671599));
#54550=CARTESIAN_POINT('',(-6.87911595298719,7.82659669908956,
15.7952227629621));
#54560=CARTESIAN_POINT('',(-7.0856879075625,7.82659760128883,16.));
#54570=CARTESIAN_POINT('',(-7.37655847882479,7.82659760128883,16.));
#54580=(BOUNDED_CURVE() B_SPLINE_CURVE(3,(#54540,#54550,#54560,#54570),
.UNSPECIFIED.,.F.,.F.) B_SPLINE_CURVE_WITH_KNOTS((4,4),(0.,1.),
.UNSPECIFIED.) CURVE() GEOMETRIC_REPRESENTATION_ITEM() 
RATIONAL_B_SPLINE_CURVE((1.,0.806790250415135,0.806790250415135,1.)) 
REPRESENTATION_ITEM(''));
#54590=CARTESIAN_POINT('',(-7.37655847882479,7.82659760128883,16.));
#54600=VERTEX_POINT('',#54590);
#54610=EDGE_CURVE('',#50220,#54600,#54580,.T.);
#54620=ORIENTED_EDGE('',*,*,#54610,.F.);
#54630=CARTESIAN_POINT('',(-6.37659684286034,8.82655871725458,16.));
#54640=CARTESIAN_POINT('',(-6.40783170364794,8.82655877084171,16.));
#54650=CARTESIAN_POINT('',(-6.43904924849612,8.8250953481277,16.));
#54660=CARTESIAN_POINT('',(-6.58557612951579,8.81132701371981,16.));
#54670=CARTESIAN_POINT('',(-6.69862485956402,8.78045336027394,16.));
#54680=CARTESIAN_POINT('',(-6.907911067304,8.68147958909546,16.));
#54690=CARTESIAN_POINT('',(-7.00248668746984,8.6148756623382,16.));
#54700=CARTESIAN_POINT('',(-7.08368117490402,8.53368117490402,16.));
#54710=CARTESIAN_POINT('',(-7.20093502322173,8.41642732658631,16.));
#54720=CARTESIAN_POINT('',(-7.28718951157599,8.27184819888999,16.));
#54730=CARTESIAN_POINT('',(-7.35352685753482,8.04990642537487,16.));
#54740=CARTESIAN_POINT('',(-7.3660341156863,7.98536988525063,16.));
#54750=CARTESIAN_POINT('',(-7.37508979033456,7.88916042673379,16.));
#54760=CARTESIAN_POINT('',(-7.37655835940617,7.85788769269983,16.));
#54770=CARTESIAN_POINT('',(-7.37655847882479,7.82659760128883,16.));
#54780=B_SPLINE_CURVE_WITH_KNOTS('',3,(#54630,#54640,#54650,#54660,
#54670,#54680,#54690,#54700,#54710,#54720,#54730,#54740,#54750,#54760,
#54770),.UNSPECIFIED.,.F.,.F.,(4,2,2,3,2,2,4),(0.,0.0705590285619947,
0.33245804452468,0.590183100931241,0.962366673686617,1.11011431037046,
1.18086325620122),.UNSPECIFIED.);
#54790=CARTESIAN_POINT('',(-6.37659684286034,8.82655862215887,16.));
#54800=VERTEX_POINT('',#54790);
#54810=EDGE_CURVE('',#54800,#54600,#54780,.T.);
#54820=ORIENTED_EDGE('',*,*,#54810,.T.);
#54830=CARTESIAN_POINT('',(-6.37659684286034,8.82655871725458,16.));
#54840=CARTESIAN_POINT('',(-6.37659684286034,8.53568807637029,16.));
#54850=CARTESIAN_POINT('',(-6.3765966990996,8.3291159536048,
15.7952228337324));
#54860=CARTESIAN_POINT('',(-6.3765966990996,8.32657766063168,
15.5043632683109));
#54870=(BOUNDED_CURVE() B_SPLINE_CURVE(3,(#54830,#54840,#54850,#54860),
.UNSPECIFIED.,.F.,.F.) B_SPLINE_CURVE_WITH_KNOTS((4,4),(0.,1.),
.UNSPECIFIED.) CURVE() GEOMETRIC_REPRESENTATION_ITEM() 
RATIONAL_B_SPLINE_CURVE((1.,0.806790250415513,0.806790250415513,1.)) 
REPRESENTATION_ITEM(''));
#54880=CARTESIAN_POINT('',(-6.37659669909944,8.32657766062678,
15.5043632677492));
#54890=VERTEX_POINT('',#54880);
#54900=EDGE_CURVE('',#54800,#54890,#54870,.T.);
#54910=ORIENTED_EDGE('',*,*,#54900,.F.);
#54920=CARTESIAN_POINT('',(-6.3765966990996,8.32657766063168,
15.5043632683109));
#54930=CARTESIAN_POINT('',(-6.392215074995,8.32657884983452,
15.5044995374583));
#54940=CARTESIAN_POINT('',(-6.40782507706652,8.32584841033605,
15.5046293485472));
#54950=CARTESIAN_POINT('',(-6.48109321355168,8.31896946090976,
15.5052085417641));
#54960=CARTESIAN_POINT('',(-6.53762045550404,8.3035359270349,
15.5055670519076));
#54970=CARTESIAN_POINT('',(-6.64226940436684,8.25405246354828,
15.5060483271928));
#54980=CARTESIAN_POINT('',(-6.68955686595645,8.22075254850874,
15.5061703574878));
#54990=CARTESIAN_POINT('',(-6.73015470723259,8.18015470723259,
15.5061703574878));
#55000=CARTESIAN_POINT('',(-6.78878249433302,8.12152692013216,
15.5061703574878));
#55010=CARTESIAN_POINT('',(-6.83190639920992,8.04923685444878,
15.5059159057729));
#55020=CARTESIAN_POINT('',(-6.8650695050841,7.93825884773435,
15.5052370322283));
#55030=CARTESIAN_POINT('',(-6.87132115343302,7.90598842682957,
15.5050100389897));
#55040=CARTESIAN_POINT('',(-6.87584563044585,7.85788031763146,
15.5046298062252));
#55050=CARTESIAN_POINT('',(-6.87657885191758,7.84224273614136,
15.5044997761536));
#55060=CARTESIAN_POINT('',(-6.87657766062164,7.82659669908956,
15.5043632671599));
#55070=B_SPLINE_CURVE_WITH_KNOTS('',3,(#54920,#54930,#54940,#54950,
#54960,#54970,#54980,#54990,#55000,#55010,#55020,#55030,#55040,#55050,
#55060),.UNSPECIFIED.,.F.,.F.,(4,2,2,3,2,2,4),(0.,0.0705590285619947,
0.33245804452468,0.590183100931241,0.962366673686617,1.11011431037046,
1.18086325620122),.UNSPECIFIED.);
#55080=EDGE_CURVE('',#54890,#50220,#55070,.T.);
#55090=ORIENTED_EDGE('',*,*,#55080,.F.);
#55100=EDGE_LOOP('',(#55090,#54910,#54820,#54620));
#55110=FACE_OUTER_BOUND('',#55100,.T.);
#55120=ADVANCED_FACE('',(#55110),#54530,.F.);
#55130=CARTESIAN_POINT('',(-1.5543122344756E-15,38.,13.7573545842046));
#55140=DIRECTION('',(4.4554556646604E-16,5.05682233022955E-14,1.));
#55150=DIRECTION('',(0.,1.,-5.05682233022955E-14));
#55160=AXIS2_PLACEMENT_3D('',#55130,#55140,#55150);
#55170=CONICAL_SURFACE('',#55160,20.5147091684109,1.10714871779413);
#55180=ORIENTED_EDGE('',*,*,#15470,.F.);
#55190=CARTESIAN_POINT('',(-6.02149009302976E-16,38.0000000000001,
15.8944271909976));
#55200=DIRECTION('',(-4.4554556646604E-16,-5.05682233022955E-14,-1.));
#55210=DIRECTION('',(0.,-1.,5.05682233022955E-14));
#55220=AXIS2_PLACEMENT_3D('',#55190,#55200,#55210);
#55230=CIRCLE('',#55220,24.7888543819973);
#55240=EDGE_CURVE('',#15270,#15460,#55230,.T.);
#55250=ORIENTED_EDGE('',*,*,#55240,.F.);
#55260=EDGE_LOOP('',(#55250,#55180));
#55270=FACE_OUTER_BOUND('',#55260,.T.);
#55280=ADVANCED_FACE('',(#55270),#55170,.F.);
#55290=COLOUR_RGB('',0.,0.239215701818466,0.501960813999176);
#55300=FILL_AREA_STYLE_COLOUR('',#55290);
#55310=FILL_AREA_STYLE('',(#55300));
#55320=SURFACE_STYLE_FILL_AREA(#55310);
#55330=SURFACE_SIDE_STYLE('',(#55320));
#55340=SURFACE_STYLE_USAGE(.BOTH.,#55330);
#55350=PRESENTATION_STYLE_ASSIGNMENT((#55340));
#55360=CARTESIAN_POINT('',(18.,-15.5,15.5));
#55370=DIRECTION('',(0.,-1.,0.));
#55380=DIRECTION('',(-1.,0.,0.));
#55390=AXIS2_PLACEMENT_3D('',#55360,#55370,#55380);
#55400=SPHERICAL_SURFACE('',#55390,0.5);
#55410=CARTESIAN_POINT('',(18.,-15.5,15.5));
#55420=DIRECTION('',(1.,0.,0.));
#55430=DIRECTION('',(0.,-1.,0.));
#55440=AXIS2_PLACEMENT_3D('',#55410,#55420,#55430);
#55450=CIRCLE('',#55440,0.5);
#55460=EDGE_CURVE('',#6110,#3720,#55450,.T.);
#55470=ORIENTED_EDGE('',*,*,#55460,.T.);
#55480=ORIENTED_EDGE('',*,*,#6140,.F.);
#55490=CARTESIAN_POINT('',(18.,-15.5,15.5));
#55500=DIRECTION('',(0.,0.,-1.));
#55510=DIRECTION('',(1.,-0.,0.));
#55520=AXIS2_PLACEMENT_3D('',#55490,#55500,#55510);
#55530=CIRCLE('',#55520,0.5);
#55540=EDGE_CURVE('',#6130,#3720,#55530,.T.);
#55550=ORIENTED_EDGE('',*,*,#55540,.F.);
#55560=EDGE_LOOP('',(#55550,#55480,#55470));
#55570=FACE_OUTER_BOUND('',#55560,.T.);
#55580=ADVANCED_FACE('',(#55570),#55400,.T.);
#55590=CARTESIAN_POINT('',(14.6006627134544,10.9840437867305,16.));
#55600=DIRECTION('',(0.,0.,1.));
#55610=DIRECTION('',(1.,0.,0.));
#55620=AXIS2_PLACEMENT_3D('',#55590,#55600,#55610);
#55630=CYLINDRICAL_SURFACE('',#55620,1.74574167515434);
#55640=CARTESIAN_POINT('',(12.8926933670744,11.3452289306622,16.));
#55650=DIRECTION('',(0.,0.,-1.));
#55660=VECTOR('',#55650,1.);
#55670=LINE('',#55640,#55660);
#55680=CARTESIAN_POINT('',(12.8926933670744,11.3452289306622,16.));
#55690=VERTEX_POINT('',#55680);
#55700=CARTESIAN_POINT('',(12.8926933670744,11.3452289306622,15.5));
#55710=VERTEX_POINT('',#55700);
#55720=EDGE_CURVE('',#55690,#55710,#55670,.T.);
#55730=ORIENTED_EDGE('',*,*,#55720,.F.);
#55740=CARTESIAN_POINT('',(14.6006627134544,10.9840437867305,15.5));
#55750=DIRECTION('',(0.,0.,1.));
#55760=DIRECTION('',(1.,0.,0.));
#55770=AXIS2_PLACEMENT_3D('',#55740,#55750,#55760);
#55780=CIRCLE('',#55770,1.74574167515434);
#55790=CARTESIAN_POINT('',(14.8685038609603,12.7091162826197,15.5));
#55800=VERTEX_POINT('',#55790);
#55810=EDGE_CURVE('',#55800,#55710,#55780,.T.);
#55820=ORIENTED_EDGE('',*,*,#55810,.T.);
#55830=CARTESIAN_POINT('',(14.8685038609603,12.7091162826197,16.));
#55840=DIRECTION('',(0.,0.,-1.));
#55850=VECTOR('',#55840,1.);
#55860=LINE('',#55830,#55850);
#55870=CARTESIAN_POINT('',(14.8685038609603,12.7091162826197,16.));
#55880=VERTEX_POINT('',#55870);
#55890=EDGE_CURVE('',#55880,#55800,#55860,.T.);
#55900=ORIENTED_EDGE('',*,*,#55890,.T.);
#55910=CARTESIAN_POINT('',(14.6006627134544,10.9840437867305,16.));
#55920=DIRECTION('',(0.,0.,1.));
#55930=DIRECTION('',(1.,0.,0.));
#55940=AXIS2_PLACEMENT_3D('',#55910,#55920,#55930);
#55950=CIRCLE('',#55940,1.74574167515434);
#55960=EDGE_CURVE('',#55880,#55690,#55950,.T.);
#55970=ORIENTED_EDGE('',*,*,#55960,.F.);
#55980=EDGE_LOOP('',(#55970,#55900,#55820,#55730));
#55990=FACE_OUTER_BOUND('',#55980,.T.);
#56000=ADVANCED_FACE('',(#55990),#55630,.T.);
#56010=CARTESIAN_POINT('',(1.40165656858926E-15,-8.90043634338974,15.8))
;
#56020=DIRECTION('',(0.,0.,1.));
#56030=DIRECTION('',(1.,0.,0.));
#56040=AXIS2_PLACEMENT_3D('',#56010,#56020,#56030);
#56050=PLANE('',#56040);
#56060=CARTESIAN_POINT('',(-7.2108618527965,14.589956848961,15.8));
#56070=DIRECTION('',(-0.766015916844473,-0.642821604444749,0.));
#56080=VECTOR('',#56070,1.);
#56090=LINE('',#56060,#56080);
#56100=CARTESIAN_POINT('',(-13.0483360281737,9.6912929533351,15.8));
#56110=VERTEX_POINT('',#56100);
#56120=EDGE_CURVE('',#30320,#56110,#56090,.T.);
#56130=ORIENTED_EDGE('',*,*,#56120,.T.);
#56140=ORIENTED_EDGE('',*,*,#30330,.T.);
#56150=ORIENTED_EDGE('',*,*,#3460,.T.);
#56160=CARTESIAN_POINT('',(-5.25340971695396,0.401973999999999,15.8));
#56170=DIRECTION('',(0.642800298108155,-0.766033796090007,0.));
#56180=VECTOR('',#56170,1.);
#56190=LINE('',#56160,#56180);
#56200=EDGE_CURVE('',#56110,#3370,#56190,.T.);
#56210=ORIENTED_EDGE('',*,*,#56200,.T.);
#56220=EDGE_LOOP('',(#56210,#56150,#56140,#56130));
#56230=FACE_OUTER_BOUND('',#56220,.T.);
#56240=ADVANCED_FACE('',(#56230),#56050,.T.);
#56250=CARTESIAN_POINT('',(-13.0613114312606,12.8091102398791,16.));
#56260=DIRECTION('',(-0.939694240100576,0.342015694262414,0.));
#56270=DIRECTION('',(0.342015694262414,0.939694240100576,0.));
#56280=AXIS2_PLACEMENT_3D('',#56250,#56260,#56270);
#56290=PLANE('',#56280);
#56300=CARTESIAN_POINT('',(-13.3298728208394,12.0712330163065,16.));
#56310=DIRECTION('',(0.,0.,-1.));
#56320=VECTOR('',#56310,1.);
#56330=LINE('',#56300,#56320);
#56340=CARTESIAN_POINT('',(-13.3298728208394,12.0712330163065,16.));
#56350=VERTEX_POINT('',#56340);
#56360=CARTESIAN_POINT('',(-13.3298728208394,12.0712330163065,15.8));
#56370=VERTEX_POINT('',#56360);
#56380=EDGE_CURVE('',#56350,#56370,#56330,.T.);
#56390=ORIENTED_EDGE('',*,*,#56380,.F.);
#56400=CARTESIAN_POINT('',(-17.5770731905712,0.401973999999999,15.8));
#56410=DIRECTION('',(0.342015694262414,0.939694240100576,0.));
#56420=VECTOR('',#56410,1.);
#56430=LINE('',#56400,#56420);
#56440=CARTESIAN_POINT('',(-13.0613114312606,12.8091102398791,15.8));
#56450=VERTEX_POINT('',#56440);
#56460=EDGE_CURVE('',#56370,#56450,#56430,.T.);
#56470=ORIENTED_EDGE('',*,*,#56460,.F.);
#56480=CARTESIAN_POINT('',(-13.0613114312606,12.8091102398791,16.));
#56490=DIRECTION('',(0.,0.,-1.));
#56500=VECTOR('',#56490,1.);
#56510=LINE('',#56480,#56500);
#56520=CARTESIAN_POINT('',(-13.0613114312606,12.8091102398791,16.));
#56530=VERTEX_POINT('',#56520);
#56540=EDGE_CURVE('',#56530,#56450,#56510,.T.);
#56550=ORIENTED_EDGE('',*,*,#56540,.T.);
#56560=CARTESIAN_POINT('',(-17.7233776062189,0.,16.));
#56570=DIRECTION('',(-0.342015694262414,-0.939694240100576,0.));
#56580=VECTOR('',#56570,1.);
#56590=LINE('',#56560,#56580);
#56600=EDGE_CURVE('',#56530,#56350,#56590,.T.);
#56610=ORIENTED_EDGE('',*,*,#56600,.F.);
#56620=EDGE_LOOP('',(#56610,#56550,#56470,#56390));
#56630=FACE_OUTER_BOUND('',#56620,.T.);
#56640=ADVANCED_FACE('',(#56630),#56290,.T.);
#56650=CARTESIAN_POINT('',(0.,-8.68688886683069,3.));
#56660=DIRECTION('',(1.,0.,0.));
#56670=DIRECTION('',(0.,-1.,0.));
#56680=AXIS2_PLACEMENT_3D('',#56650,#56660,#56670);
#56690=CYLINDRICAL_SURFACE('',#56680,1.5);
#56700=CARTESIAN_POINT('',(18.5,-8.68688886683069,3.));
#56710=DIRECTION('',(1.,0.,0.));
#56720=DIRECTION('',(0.,-1.,0.));
#56730=AXIS2_PLACEMENT_3D('',#56700,#56710,#56720);
#56740=CIRCLE('',#56730,1.5);
#56750=EDGE_CURVE('',#14470,#35360,#56740,.T.);
#56760=ORIENTED_EDGE('',*,*,#56750,.F.);
#56770=ORIENTED_EDGE('',*,*,#35590,.T.);
#56780=CARTESIAN_POINT('',(17.7043634338954,-8.6868888668307,3.));
#56790=DIRECTION('',(-0.999961923064171,0.,-0.00872653549837394));
#56800=DIRECTION('',(-0.00872653549837394,0.,0.999961923064171));
#56810=AXIS2_PLACEMENT_3D('',#56780,#56790,#56800);
#56820=ELLIPSE('',#56810,1.50005711757861,1.5);
#56830=EDGE_CURVE('',#35520,#14290,#56820,.T.);
#56840=ORIENTED_EDGE('',*,*,#56830,.F.);
#56850=ORIENTED_EDGE('',*,*,#14540,.F.);
#56860=EDGE_LOOP('',(#56850,#56840,#56770,#56760));
#56870=FACE_OUTER_BOUND('',#56860,.T.);
#56880=ADVANCED_FACE('',(#56870),#56690,.T.);
#56890=CARTESIAN_POINT('',(-14.8242454986983,9.7922437596695,16.));
#56900=DIRECTION('',(-0.642821604444746,-0.766015916844476,-0.));
#56910=DIRECTION('',(-0.766015916844476,0.642821604444746,0.));
#56920=AXIS2_PLACEMENT_3D('',#56890,#56900,#56910);
#56930=PLANE('',#56920);
#56940=CARTESIAN_POINT('',(-14.7039478547863,9.6912929533351,16.));
#56950=DIRECTION('',(0.,0.,-1.));
#56960=VECTOR('',#56950,1.);
#56970=LINE('',#56940,#56960);
#56980=CARTESIAN_POINT('',(-14.7039478547863,9.6912929533351,16.));
#56990=VERTEX_POINT('',#56980);
#57000=CARTESIAN_POINT('',(-14.7039478547863,9.6912929533351,15.8));
#57010=VERTEX_POINT('',#57000);
#57020=EDGE_CURVE('',#56990,#57010,#56970,.T.);
#57030=ORIENTED_EDGE('',*,*,#57020,.F.);
#57040=CARTESIAN_POINT('',(-7.2108618527965,3.40328057640758,15.8));
#57050=DIRECTION('',(-0.766015916844476,0.642821604444746,0.));
#57060=VECTOR('',#57050,1.);
#57070=LINE('',#57040,#57060);
#57080=CARTESIAN_POINT('',(-14.8242454986983,9.7922437596695,15.8));
#57090=VERTEX_POINT('',#57080);
#57100=EDGE_CURVE('',#57010,#57090,#57070,.T.);
#57110=ORIENTED_EDGE('',*,*,#57100,.F.);
#57120=CARTESIAN_POINT('',(-14.8242454986983,9.7922437596695,16.));
#57130=DIRECTION('',(0.,0.,-1.));
#57140=VECTOR('',#57130,1.);
#57150=LINE('',#57120,#57140);
#57160=CARTESIAN_POINT('',(-14.8242454986983,9.79224375966951,16.));
#57170=VERTEX_POINT('',#57160);
#57180=EDGE_CURVE('',#57170,#57090,#57150,.T.);
#57190=ORIENTED_EDGE('',*,*,#57180,.T.);
#57200=CARTESIAN_POINT('',(0.,-2.64789627738248,16.));
#57210=DIRECTION('',(0.766015916844476,-0.642821604444746,0.));
#57220=VECTOR('',#57210,1.);
#57230=LINE('',#57200,#57220);
#57240=EDGE_CURVE('',#57170,#56990,#57230,.T.);
#57250=ORIENTED_EDGE('',*,*,#57240,.F.);
#57260=EDGE_LOOP('',(#57250,#57190,#57110,#57030));
#57270=FACE_OUTER_BOUND('',#57260,.T.);
#57280=ADVANCED_FACE('',(#57270),#56930,.T.);
#57290=CARTESIAN_POINT('',(6.75,0.,1.));
#57300=DIRECTION('',(-0.999961923064171,0.,0.00872653549837393));
#57310=DIRECTION('',(0.,1.,0.));
#57320=AXIS2_PLACEMENT_3D('',#57290,#57300,#57310);
#57330=PLANE('',#57320);
#57340=CARTESIAN_POINT('',(6.74123505454846,-1.29125409301637,
-0.00436326774918697));
#57350=DIRECTION('',(0.00872620324394422,-0.00872620324394422,
0.99992385047757));
#57360=VECTOR('',#57350,1.);
#57370=LINE('',#57340,#57360);
#57380=CARTESIAN_POINT('',(6.75,-1.30001903846791,1.));
#57390=VERTEX_POINT('',#57380);
#57400=CARTESIAN_POINT('',(6.87657766062164,-1.42659669908956,
15.5043632671599));
#57410=VERTEX_POINT('',#57400);
#57420=EDGE_CURVE('',#57390,#57410,#57370,.T.);
#57430=ORIENTED_EDGE('',*,*,#57420,.T.);
#57440=CARTESIAN_POINT('',(6.75,0.,1.));
#57450=DIRECTION('',(0.,1.,0.));
#57460=VECTOR('',#57450,1.);
#57470=LINE('',#57440,#57460);
#57480=CARTESIAN_POINT('',(6.75,7.70001903846791,1.));
#57490=VERTEX_POINT('',#57480);
#57500=EDGE_CURVE('',#57390,#57490,#57470,.T.);
#57510=ORIENTED_EDGE('',*,*,#57500,.F.);
#57520=CARTESIAN_POINT('',(6.74123505454846,7.69125409301637,
-0.00436326774918697));
#57530=DIRECTION('',(-0.00872620324394422,-0.00872620324394422,
-0.99992385047757));
#57540=VECTOR('',#57530,1.);
#57550=LINE('',#57520,#57540);
#57560=EDGE_CURVE('',#51770,#57490,#57550,.T.);
#57570=ORIENTED_EDGE('',*,*,#57560,.T.);
#57580=CARTESIAN_POINT('',(6.87657766063169,7.8265966990996,
15.5043632683109));
#57590=CARTESIAN_POINT('',(6.87657766063169,7.80312953946787,
15.5043632683109));
#57600=CARTESIAN_POINT('',(6.87657766062679,7.77966240284195,
15.5043632677492));
#57610=CARTESIAN_POINT('',(6.87657766062679,6.23746348013627,
15.5043632677492));
#57620=CARTESIAN_POINT('',(6.87657766062679,4.71873174006814,
15.5043632677492));
#57630=CARTESIAN_POINT('',(6.87657766062679,1.68126825440449,
15.5043632677492));
#57640=CARTESIAN_POINT('',(6.87657766062679,0.162536508808972,
15.5043632677492));
#57650=CARTESIAN_POINT('',(6.87657766062679,-1.3796625412522,
15.5043632677492));
#57660=CARTESIAN_POINT('',(6.87657766062164,-1.40312954498856,
15.5043632671599));
#57670=CARTESIAN_POINT('',(6.87657766062164,-1.42659669908956,
15.5043632671599));
#57680=B_SPLINE_CURVE_WITH_KNOTS('',3,(#57580,#57590,#57600,#57610,
#57620,#57630,#57640,#57650,#57660,#57670),.UNSPECIFIED.,.F.,.F.,(4,2,2,
2,4),(0.,0.0704015479126442,4.62659676811703,9.1827920049036,
9.25319391830053),.UNSPECIFIED.);
#57690=EDGE_CURVE('',#51770,#57410,#57680,.T.);
#57700=ORIENTED_EDGE('',*,*,#57690,.F.);
#57710=EDGE_LOOP('',(#57700,#57570,#57510,#57430));
#57720=FACE_OUTER_BOUND('',#57710,.T.);
#57730=ADVANCED_FACE('',(#57720),#57330,.T.);
#57740=COLOUR_RGB('',0.,0.239215701818466,0.501960813999176);
#57750=FILL_AREA_STYLE_COLOUR('',#57740);
#57760=FILL_AREA_STYLE('',(#57750));
#57770=SURFACE_STYLE_FILL_AREA(#57760);
#57780=SURFACE_SIDE_STYLE('',(#57770));
#57790=SURFACE_STYLE_USAGE(.BOTH.,#57780);
#57800=PRESENTATION_STYLE_ASSIGNMENT((#57790));
#57810=CARTESIAN_POINT('',(0.,-15.4,7.2));
#57820=DIRECTION('',(-1.,0.,0.));
#57830=VECTOR('',#57820,1.);
#57840=LINE('',#57810,#57830);
#57850=CARTESIAN_POINT('',(1.71396369963993,-15.4,7.2));
#57860=VERTEX_POINT('',#57850);
#57870=CARTESIAN_POINT('',(0.886035595754781,-15.4,7.2));
#57880=VERTEX_POINT('',#57870);
#57890=EDGE_CURVE('',#57860,#57880,#57840,.T.);
#57900=ORIENTED_EDGE('',*,*,#57890,.F.);
#57910=CARTESIAN_POINT('',(0.886035595754781,0.,7.2));
#57920=DIRECTION('',(0.,-1.,0.));
#57930=VECTOR('',#57920,1.);
#57940=LINE('',#57910,#57930);
#57950=EDGE_CURVE('',#57880,#18260,#57940,.T.);
#57960=ORIENTED_EDGE('',*,*,#57950,.F.);
#57970=ORIENTED_EDGE('',*,*,#18270,.F.);
#57980=CARTESIAN_POINT('',(1.71396369963993,0.,7.2));
#57990=DIRECTION('',(0.,1.,0.));
#58000=VECTOR('',#57990,1.);
#58010=LINE('',#57980,#58000);
#58020=EDGE_CURVE('',#18220,#57860,#58010,.T.);
#58030=ORIENTED_EDGE('',*,*,#58020,.F.);
#58040=EDGE_LOOP('',(#58030,#57970,#57960,#57900));
#58050=FACE_OUTER_BOUND('',#58040,.T.);
#58060=ADVANCED_FACE('',(#58050),#19220,.T.);
#58070=CARTESIAN_POINT('',(0.,8.2,1.));
#58080=DIRECTION('',(0.,-0.999961923064171,0.00872653549837393));
#58090=DIRECTION('',(-1.,0.,0.));
#58100=AXIS2_PLACEMENT_3D('',#58070,#58080,#58090);
#58110=PLANE('',#58100);
#58120=CARTESIAN_POINT('',(0.,8.2,1.));
#58130=DIRECTION('',(-1.,0.,0.));
#58140=VECTOR('',#58130,1.);
#58150=LINE('',#58120,#58140);
#58160=CARTESIAN_POINT('',(6.25001903846792,8.2,1.));
#58170=VERTEX_POINT('',#58160);
#58180=EDGE_CURVE('',#58170,#36180,#58150,.T.);
#58190=ORIENTED_EDGE('',*,*,#58180,.F.);
#58200=ORIENTED_EDGE('',*,*,#36190,.T.);
#58210=CARTESIAN_POINT('',(1.20260663682151,8.20872686779076,2.));
#58220=DIRECTION('',(0.,-0.999961923064171,0.00872653549837393));
#58230=DIRECTION('',(-2.07712329839883E-14,-0.00872653549837393,
-0.999961923064171));
#58240=AXIS2_PLACEMENT_3D('',#58210,#58220,#58230);
#58250=ELLIPSE('',#58240,0.300011423515721,0.3);
#58260=CARTESIAN_POINT('',(1.20260663682151,8.21134492812799,2.3));
#58270=VERTEX_POINT('',#58260);
#58280=EDGE_CURVE('',#36100,#58270,#58250,.T.);
#58290=ORIENTED_EDGE('',*,*,#58280,.F.);
#58300=CARTESIAN_POINT('',(0.,8.21134492812799,2.3));
#58310=DIRECTION('',(-1.,0.,0.));
#58320=VECTOR('',#58310,1.);
#58330=LINE('',#58300,#58320);
#58340=EDGE_CURVE('',#58270,#310,#58330,.T.);
#58350=ORIENTED_EDGE('',*,*,#58340,.F.);
#58360=ORIENTED_EDGE('',*,*,#320,.F.);
#58370=ORIENTED_EDGE('',*,*,#13110,.T.);
#58380=CARTESIAN_POINT('',(-6.25001903846791,8.2,1.));
#58390=VERTEX_POINT('',#58380);
#58400=EDGE_CURVE('',#13100,#58390,#58150,.T.);
#58410=ORIENTED_EDGE('',*,*,#58400,.F.);
#58420=CARTESIAN_POINT('',(-6.24125409301637,8.19123505454846,
-0.00436326774918697));
#58430=DIRECTION('',(0.00872620324394422,-0.00872620324394422,
-0.99992385047757));
#58440=VECTOR('',#58430,1.);
#58450=LINE('',#58420,#58440);
#58460=EDGE_CURVE('',#54890,#58390,#58450,.T.);
#58470=ORIENTED_EDGE('',*,*,#58460,.T.);
#58480=CARTESIAN_POINT('',(-6.87659669909944,8.32657766062679,
15.5043632677492));
#58490=CARTESIAN_POINT('',(-4.58439779939963,8.32657766062679,
15.5043632677492));
#58500=CARTESIAN_POINT('',(-2.29219889969982,8.32657766062679,
15.5043632677492));
#58510=CARTESIAN_POINT('',(2.10206507906958,8.32657766062679,
15.5043632677492));
#58520=CARTESIAN_POINT('',(4.20413015813918,8.32657766062679,
15.5043632677492));
#58530=CARTESIAN_POINT('',(6.32966254777039,8.32657766062679,
15.5043632677492));
#58540=CARTESIAN_POINT('',(6.35312954512929,8.32657766062164,
15.5043632671599));
#58550=CARTESIAN_POINT('',(6.37659669908956,8.32657766062164,
15.5043632671599));
#58560=B_SPLINE_CURVE_WITH_KNOTS('',3,(#58480,#58490,#58500,#58510,
#58520,#58530,#58540,#58550),.UNSPECIFIED.,.F.,.F.,(4,2,2,4),(
-6.87659669909942,1.77635683940025E-15,6.30619523720879,6.37659716889366
),.UNSPECIFIED.);
#58570=EDGE_CURVE('',#54890,#51460,#58560,.T.);
#58580=ORIENTED_EDGE('',*,*,#58570,.F.);
#58590=CARTESIAN_POINT('',(6.24125409301637,8.19123505454846,
-0.00436326774918697));
#58600=DIRECTION('',(-0.00872620324394422,-0.00872620324394422,
-0.99992385047757));
#58610=VECTOR('',#58600,1.);
#58620=LINE('',#58590,#58610);
#58630=EDGE_CURVE('',#51460,#58170,#58620,.T.);
#58640=ORIENTED_EDGE('',*,*,#58630,.F.);
#58650=EDGE_LOOP('',(#58640,#58580,#58470,#58410,#58370,#58360,#58350,
#58290,#58200,#58190));
#58660=FACE_OUTER_BOUND('',#58650,.T.);
#58670=ADVANCED_FACE('',(#58660),#58110,.T.);
#58680=CARTESIAN_POINT('',(13.213974684585,17.,15.5));
#58690=CARTESIAN_POINT('',(13.1410793183756,17.,15.5));
#58700=CARTESIAN_POINT('',(13.0681730928236,17.0000000000006,
15.4964430517111));
#58710=CARTESIAN_POINT('',(12.9954874842558,16.9999999999989,
15.4893063925628));
#58720=CARTESIAN_POINT('',(12.9232539690082,17.0000000000007,
15.4785672599922));
#58730=CARTESIAN_POINT('',(12.8517040234045,17.,15.4642028914256));
#58740=CARTESIAN_POINT('',(12.7810691237779,17.,15.4461905242981));
#58750=CARTESIAN_POINT('',(13.213974684585,17.,15.6308996938996));
#58760=CARTESIAN_POINT('',(13.1388358062066,17.,15.624911913301));
#58770=CARTESIAN_POINT('',(13.059570953295,17.0000000000006,
15.615158408827));
#58780=CARTESIAN_POINT('',(12.9786797355657,16.9999999999989,
15.6008777022374));
#58790=CARTESIAN_POINT('',(12.8987780390422,17.0000000000007,
15.5820265498498));
#58800=CARTESIAN_POINT('',(12.8224012668971,17.,15.5593066912112));
#58810=CARTESIAN_POINT('',(12.7517245962339,17.,15.5341818317464));
#58820=CARTESIAN_POINT('',(13.2139746845855,16.9588866847165,
15.7617873809108));
#58830=CARTESIAN_POINT('',(13.134863405742,16.9626398344812,
15.7502522764284));
#58840=CARTESIAN_POINT('',(13.0499578473195,16.9662963576935,
15.7348617217623));
#58850=CARTESIAN_POINT('',(12.9628152797631,16.9697275673044,
15.7140066073301));
#58860=CARTESIAN_POINT('',(12.8768619856178,16.9732451298312,
15.6889878052546));
#58870=CARTESIAN_POINT('',(12.7958998862326,16.9763485079511,
15.6593990172312));
#58880=CARTESIAN_POINT('',(12.7226950779133,16.9795416699977,
15.6284930983079));
#58890=CARTESIAN_POINT('',(13.2139746845842,16.8765953656504,
15.8765953656488));
#58900=CARTESIAN_POINT('',(13.1301203297107,16.8873285159882,
15.8622063335815));
#58910=CARTESIAN_POINT('',(13.0406024431252,16.8977925217053,
15.844161769894));
#58920=CARTESIAN_POINT('',(12.9491006423545,16.9075562262205,
15.8198945420987));
#58930=CARTESIAN_POINT('',(12.8587898353172,16.9171788337331,
15.7920985743379));
#58940=CARTESIAN_POINT('',(12.7738334924028,16.9253929669036,
15.7582921015435));
#58950=CARTESIAN_POINT('',(12.6967107785208,16.9331935037206,
15.7228606533085));
#58960=CARTESIAN_POINT('',(13.2139746845854,16.7617873809104,
15.9588866847158));
#58970=CARTESIAN_POINT('',(13.1255647908485,16.7810073370334,
15.9449788783462));
#58980=CARTESIAN_POINT('',(13.0335443478057,16.7992256343553,
15.9263062983697));
#58990=CARTESIAN_POINT('',(12.9406073107249,16.8160494500205,
15.9005775944906));
#59000=CARTESIAN_POINT('',(12.8486798290629,16.8324052829228,
15.8719586909251));
#59010=CARTESIAN_POINT('',(12.7610665379459,16.8467865288055,
15.8371357105423));
#59020=CARTESIAN_POINT('',(12.6791088965524,16.8607085708149,
15.80135689824));
#59030=CARTESIAN_POINT('',(13.213974684585,16.6308996938996,
15.9999999999987));
#59040=CARTESIAN_POINT('',(13.1221550018826,16.658387858829,
15.9913102703412));
#59050=CARTESIAN_POINT('',(13.0290545026244,16.6853959870639,
15.9768129519852));
#59060=CARTESIAN_POINT('',(12.936174088721,16.7111035719569,
15.9547023024102));
#59070=CARTESIAN_POINT('',(12.8443314685806,16.7357866434329,
15.9283570296264));
#59080=CARTESIAN_POINT('',(12.7555099565298,16.7576994926989,
15.8947171065788));
#59090=CARTESIAN_POINT('',(12.6701629218821,16.7776288512201,
15.8576418738948));
#59100=CARTESIAN_POINT('',(13.213974684585,16.5,15.9999999999987));
#59110=CARTESIAN_POINT('',(13.1208491755463,16.5334673943007,
15.9999999999987));
#59120=CARTESIAN_POINT('',(13.0280478510457,16.5672730739238,
15.9927077328144));
#59130=CARTESIAN_POINT('',(12.9359913268552,16.6007348578835,
15.9781865060737));
#59140=CARTESIAN_POINT('',(12.8450864290704,16.6331618705406,
15.9566280272707));
#59150=CARTESIAN_POINT('',(12.7557101045237,16.6638807779742,
15.9283522853057));
#59160=CARTESIAN_POINT('',(12.6681971788045,16.6922605985341,
15.893794032928));
#59170=B_SPLINE_SURFACE_WITH_KNOTS('',6,6,((#58680,#58750,#58820,#58890,
#58960,#59030,#59100),(#58690,#58760,#58830,#58900,#58970,#59040,#59110)
,(#58700,#58770,#58840,#58910,#58980,#59050,#59120),(#58710,#58780,
#58850,#58920,#58990,#59060,#59130),(#58720,#58790,#58860,#58930,#59000,
#59070,#59140),(#58730,#58800,#58870,#58940,#59010,#59080,#59150),(
#58740,#58810,#58880,#58950,#59020,#59090,#59160)),.UNSPECIFIED.,.F.,.F.
,.F.,(7,7),(7,7),(0.,1.),(0.,1.),.UNSPECIFIED.);
#59180=CARTESIAN_POINT('',(13.213974684585,16.5,16.));
#59190=CARTESIAN_POINT('',(13.213974684585,16.6308996938996,16.));
#59200=CARTESIAN_POINT('',(13.2139746845854,16.7617873809104,
15.9588866847169));
#59210=CARTESIAN_POINT('',(13.2139746845842,16.8765953656504,
15.8765953656495));
#59220=CARTESIAN_POINT('',(13.2139746845855,16.9588866847165,
15.7617873809111));
#59230=CARTESIAN_POINT('',(13.213974684585,17.,15.6308996938996));
#59240=CARTESIAN_POINT('',(13.213974684585,17.,15.5));
#59250=B_SPLINE_CURVE_WITH_KNOTS('',6,(#59180,#59190,#59200,#59210,
#59220,#59230,#59240),.UNSPECIFIED.,.F.,.F.,(7,7),(0.,1.),.UNSPECIFIED.)
;
#59260=CARTESIAN_POINT('',(13.213974684585,16.5,16.));
#59270=VERTEX_POINT('',#59260);
#59280=CARTESIAN_POINT('',(13.213974684585,17.,15.5));
#59290=VERTEX_POINT('',#59280);
#59300=EDGE_CURVE('',#59270,#59290,#59250,.T.);
#59310=ORIENTED_EDGE('',*,*,#59300,.T.);
#59320=CARTESIAN_POINT('',(12.6680356873514,16.6925324499636,
15.8944271909986));
#59330=CARTESIAN_POINT('',(12.7555486130707,16.6641526294036,
15.9289854433763));
#59340=CARTESIAN_POINT('',(12.8449572359079,16.6333793516842,
15.9571345537272));
#59350=CARTESIAN_POINT('',(12.9359105811286,16.6008707835982,
15.978503085109));
#59360=CARTESIAN_POINT('',(13.0280155527551,16.5673274442097,
15.9928343644285));
#59370=CARTESIAN_POINT('',(13.1208491755463,16.5334673943007,
15.9999999999987));
#59380=CARTESIAN_POINT('',(13.213974684585,16.5,15.9999999999987));
#59390=B_SPLINE_CURVE_WITH_KNOTS('',6,(#59320,#59330,#59340,#59350,
#59360,#59370,#59380),.UNSPECIFIED.,.F.,.F.,(7,7),(0.,1.),.UNSPECIFIED.)
;
#59400=EDGE_CURVE('',#15270,#59270,#59390,.T.);
#59410=ORIENTED_EDGE('',*,*,#59400,.T.);
#59420=ORIENTED_EDGE('',*,*,#15280,.T.);
#59430=CARTESIAN_POINT('',(13.213974684585,17.,15.5));
#59440=CARTESIAN_POINT('',(13.1410793183756,17.,15.5));
#59450=CARTESIAN_POINT('',(13.0681730928236,17.0000000000006,
15.4964430517111));
#59460=CARTESIAN_POINT('',(12.9954874842558,16.9999999999989,
15.4893063925628));
#59470=CARTESIAN_POINT('',(12.9232539690082,17.0000000000007,
15.4785672599922));
#59480=CARTESIAN_POINT('',(12.8517040234045,17.,15.4642028914256));
#59490=CARTESIAN_POINT('',(12.7810691237779,17.,15.4461905242981));
#59500=B_SPLINE_CURVE_WITH_KNOTS('',6,(#59430,#59440,#59450,#59460,
#59470,#59480,#59490),.UNSPECIFIED.,.F.,.F.,(7,7),(0.,1.),.UNSPECIFIED.)
;
#59510=EDGE_CURVE('',#59290,#15250,#59500,.T.);
#59520=ORIENTED_EDGE('',*,*,#59510,.T.);
#59530=EDGE_LOOP('',(#59520,#59420,#59410,#59310));
#59540=FACE_OUTER_BOUND('',#59530,.T.);
#59550=ADVANCED_FACE('',(#59540),#59170,.T.);
#59560=ORIENTED_EDGE('',*,*,#58340,.T.);
#59570=CARTESIAN_POINT('',(1.20260663682151,0.,2.3));
#59580=DIRECTION('',(1.81260901979617E-16,1.,0.));
#59590=VECTOR('',#59580,1.);
#59600=LINE('',#59570,#59590);
#59610=CARTESIAN_POINT('',(1.20260663682151,9.01134492812799,2.3));
#59620=VERTEX_POINT('',#59610);
#59630=EDGE_CURVE('',#58270,#59620,#59600,.T.);
#59640=ORIENTED_EDGE('',*,*,#59630,.F.);
#59650=CARTESIAN_POINT('',(0.,9.01134492812799,2.3));
#59660=DIRECTION('',(-1.,0.,0.));
#59670=VECTOR('',#59660,1.);
#59680=LINE('',#59650,#59670);
#59690=EDGE_CURVE('',#59620,#120,#59680,.T.);
#59700=ORIENTED_EDGE('',*,*,#59690,.F.);
#59710=ORIENTED_EDGE('',*,*,#380,.F.);
#59720=EDGE_LOOP('',(#59710,#59700,#59640,#59560));
#59730=FACE_OUTER_BOUND('',#59720,.T.);
#59740=ADVANCED_FACE('',(#59730),#4440,.T.);
#59750=CARTESIAN_POINT('',(-15.2502014731532,10.9625414058299,16.));
#59760=DIRECTION('',(0.173650186042467,0.984807398879302,0.));
#59770=DIRECTION('',(0.984807398879302,-0.173650186042467,0.));
#59780=AXIS2_PLACEMENT_3D('',#59750,#59760,#59770);
#59790=PLANE('',#59780);
#59800=CARTESIAN_POINT('',(-16.023516894404,11.0988994052951,16.));
#59810=DIRECTION('',(0.,0.,-1.));
#59820=VECTOR('',#59810,1.);
#59830=LINE('',#59800,#59820);
#59840=CARTESIAN_POINT('',(-16.023516894404,11.0988994052951,16.));
#59850=VERTEX_POINT('',#59840);
#59860=EDGE_CURVE('',#59850,#37620,#59830,.T.);
#59870=ORIENTED_EDGE('',*,*,#59860,.F.);
#59880=ORIENTED_EDGE('',*,*,#37760,.F.);
#59890=ORIENTED_EDGE('',*,*,#17370,.T.);
#59900=CARTESIAN_POINT('',(0.,8.27348735728012,16.));
#59910=DIRECTION('',(-0.984807398879302,0.173650186042467,0.));
#59920=VECTOR('',#59910,1.);
#59930=LINE('',#59900,#59920);
#59940=EDGE_CURVE('',#17340,#59850,#59930,.T.);
#59950=ORIENTED_EDGE('',*,*,#59940,.F.);
#59960=EDGE_LOOP('',(#59950,#59890,#59880,#59870));
#59970=FACE_OUTER_BOUND('',#59960,.T.);
#59980=ADVANCED_FACE('',(#59970),#59790,.T.);
#59990=CARTESIAN_POINT('',(18.5,0.,3.5));
#60000=DIRECTION('',(-1.,0.,0.));
#60010=DIRECTION('',(0.,1.,0.));
#60020=AXIS2_PLACEMENT_3D('',#59990,#60000,#60010);
#60030=PLANE('',#60020);
#60040=ORIENTED_EDGE('',*,*,#49140,.F.);
#60050=ORIENTED_EDGE('',*,*,#49760,.T.);
#60060=ORIENTED_EDGE('',*,*,#49520,.T.);
#60070=ORIENTED_EDGE('',*,*,#49380,.T.);
#60080=EDGE_LOOP('',(#60070,#60060,#60050,#60040));
#60090=FACE_BOUND('',#60080,.T.);
#60100=ORIENTED_EDGE('',*,*,#6800,.F.);
#60110=ORIENTED_EDGE('',*,*,#10660,.T.);
#60120=ORIENTED_EDGE('',*,*,#32340,.T.);
#60130=ORIENTED_EDGE('',*,*,#12150,.F.);
#60140=EDGE_LOOP('',(#60130,#60120,#60110,#60100));
#60150=FACE_BOUND('',#60140,.T.);
#60160=CARTESIAN_POINT('',(18.5,10.5212164497874,15.4463278879569));
#60170=CARTESIAN_POINT('',(18.5,9.27552423267936,15.071913389629));
#60180=CARTESIAN_POINT('',(18.5,8.01748535788867,14.7371451303945));
#60190=CARTESIAN_POINT('',(18.5,4.52969517977902,13.9803557066275));
#60200=CARTESIAN_POINT('',(18.5,2.26893088826832,13.6909830052173));
#60210=CARTESIAN_POINT('',(18.5,-2.26893088826834,13.6909830052173));
#60220=CARTESIAN_POINT('',(18.5,-4.52970581574535,13.9803580144461));
#60230=CARTESIAN_POINT('',(18.5,-8.0174896492374,14.7371460615421));
#60240=CARTESIAN_POINT('',(18.5,-9.2755278304464,15.0719142410681));
#60250=CARTESIAN_POINT('',(18.5,-10.521217033767,15.4463278919314));
#60260=B_SPLINE_CURVE_WITH_KNOTS('',3,(#60160,#60170,#60180,#60190,
#60200,#60210,#60220,#60230,#60240,#60250),.UNSPECIFIED.,.F.,.F.,(4,2,2,
2,4),(22.4489045972152,26.3376850735534,33.0960577761284,
39.8544304787035,43.7432427377105),.UNSPECIFIED.);
#60270=EDGE_CURVE('',#22530,#14030,#60260,.T.);
#60280=ORIENTED_EDGE('',*,*,#60270,.T.);
#60290=ORIENTED_EDGE('',*,*,#22560,.F.);
#60300=CARTESIAN_POINT('',(18.5,0.,15.5));
#60310=DIRECTION('',(0.,-1.,0.));
#60320=VECTOR('',#60310,1.);
#60330=LINE('',#60300,#60320);
#60340=CARTESIAN_POINT('',(18.5,16.,15.5));
#60350=VERTEX_POINT('',#60340);
#60360=EDGE_CURVE('',#60350,#22550,#60330,.T.);
#60370=ORIENTED_EDGE('',*,*,#60360,.T.);
#60380=CARTESIAN_POINT('',(18.5,16.,0.));
#60390=DIRECTION('',(0.,0.,1.));
#60400=VECTOR('',#60390,1.);
#60410=LINE('',#60380,#60400);
#60420=CARTESIAN_POINT('',(18.5,16.,3.5));
#60430=VERTEX_POINT('',#60420);
#60440=EDGE_CURVE('',#60430,#60350,#60410,.T.);
#60450=ORIENTED_EDGE('',*,*,#60440,.T.);
#60460=CARTESIAN_POINT('',(18.5,0.,3.5));
#60470=DIRECTION('',(0.,-1.,0.));
#60480=VECTOR('',#60470,1.);
#60490=LINE('',#60460,#60480);
#60500=EDGE_CURVE('',#60430,#40020,#60490,.T.);
#60510=ORIENTED_EDGE('',*,*,#60500,.F.);
#60520=ORIENTED_EDGE('',*,*,#40050,.F.);
#60530=CARTESIAN_POINT('',(18.5,14.3069307951916,3.1));
#60540=DIRECTION('',(-1.,0.,0.));
#60550=DIRECTION('',(0.,1.,0.));
#60560=AXIS2_PLACEMENT_3D('',#60530,#60540,#60550);
#60570=CIRCLE('',#60560,0.4);
#60580=EDGE_CURVE('',#40860,#40040,#60570,.T.);
#60590=ORIENTED_EDGE('',*,*,#60580,.T.);
#60600=ORIENTED_EDGE('',*,*,#40890,.F.);
#60610=ORIENTED_EDGE('',*,*,#49910,.T.);
#60620=ORIENTED_EDGE('',*,*,#41780,.F.);
#60630=ORIENTED_EDGE('',*,*,#41300,.T.);
#60640=ORIENTED_EDGE('',*,*,#42430,.F.);
#60650=ORIENTED_EDGE('',*,*,#26050,.F.);
#60660=CARTESIAN_POINT('',(18.5,0.,3.5));
#60670=DIRECTION('',(0.,-1.,0.));
#60680=VECTOR('',#60670,1.);
#60690=LINE('',#60660,#60680);
#60700=CARTESIAN_POINT('',(18.5,6.51633650601052,3.5));
#60710=VERTEX_POINT('',#60700);
#60720=EDGE_CURVE('',#26040,#60710,#60690,.T.);
#60730=ORIENTED_EDGE('',*,*,#60720,.F.);
#60740=CARTESIAN_POINT('',(18.5,0.,3.5));
#60750=DIRECTION('',(0.,-1.,0.));
#60760=VECTOR('',#60750,1.);
#60770=LINE('',#60740,#60760);
#60780=CARTESIAN_POINT('',(18.5,-6.51633650601052,3.5));
#60790=VERTEX_POINT('',#60780);
#60800=EDGE_CURVE('',#60710,#60790,#60770,.T.);
#60810=ORIENTED_EDGE('',*,*,#60800,.F.);
#60820=CARTESIAN_POINT('',(18.5,-6.69306920480842,3.5));
#60830=VERTEX_POINT('',#60820);
#60840=EDGE_CURVE('',#60790,#60830,#60690,.T.);
#60850=ORIENTED_EDGE('',*,*,#60840,.F.);
#60860=CARTESIAN_POINT('',(18.5,-6.69306920480842,3.1));
#60870=DIRECTION('',(-1.,0.,0.));
#60880=DIRECTION('',(0.,1.,0.));
#60890=AXIS2_PLACEMENT_3D('',#60860,#60870,#60880);
#60900=CIRCLE('',#60890,0.4);
#60910=EDGE_CURVE('',#35340,#60830,#60900,.T.);
#60920=ORIENTED_EDGE('',*,*,#60910,.T.);
#60930=ORIENTED_EDGE('',*,*,#35370,.F.);
#60940=ORIENTED_EDGE('',*,*,#56750,.T.);
#60950=ORIENTED_EDGE('',*,*,#14480,.F.);
#60960=ORIENTED_EDGE('',*,*,#17740,.F.);
#60970=ORIENTED_EDGE('',*,*,#16340,.F.);
#60980=ORIENTED_EDGE('',*,*,#25770,.F.);
#60990=ORIENTED_EDGE('',*,*,#20490,.F.);
#61000=CARTESIAN_POINT('',(18.5,0.,3.5));
#61010=DIRECTION('',(0.,1.,0.));
#61020=VECTOR('',#61010,1.);
#61030=LINE('',#61000,#61020);
#61040=CARTESIAN_POINT('',(18.5,-15.5,3.5));
#61050=VERTEX_POINT('',#61040);
#61060=EDGE_CURVE('',#61050,#20380,#61030,.T.);
#61070=ORIENTED_EDGE('',*,*,#61060,.T.);
#61080=CARTESIAN_POINT('',(18.5,-15.5,0.));
#61090=DIRECTION('',(0.,0.,1.));
#61100=VECTOR('',#61090,1.);
#61110=LINE('',#61080,#61100);
#61120=EDGE_CURVE('',#61050,#6130,#61110,.T.);
#61130=ORIENTED_EDGE('',*,*,#61120,.F.);
#61140=ORIENTED_EDGE('',*,*,#6400,.T.);
#61150=ORIENTED_EDGE('',*,*,#14140,.F.);
#61160=EDGE_LOOP('',(#61150,#61140,#61130,#61070,#60990,#60980,#60970,
#60960,#60950,#60940,#60930,#60920,#60850,#60810,#60730,#60650,#60640,
#60630,#60620,#60610,#60600,#60590,#60520,#60510,#60450,#60370,#60290,
#60280));
#61170=FACE_OUTER_BOUND('',#61160,.T.);
#61180=ADVANCED_FACE('',(#60090,#60150,#61170),#60030,.F.);
#61190=CARTESIAN_POINT('',(-2.2707367905438,9.3000000628734,16.));
#61200=DIRECTION('',(-0.,1.,0.));
#61210=DIRECTION('',(1.,0.,0.));
#61220=AXIS2_PLACEMENT_3D('',#61190,#61200,#61210);
#61230=PLANE('',#61220);
#61240=ORIENTED_EDGE('',*,*,#53420,.F.);
#61250=ORIENTED_EDGE('',*,*,#44460,.F.);
#61260=CARTESIAN_POINT('',(-2.2707367905438,9.3000000628734,16.));
#61270=DIRECTION('',(0.,0.,-1.));
#61280=VECTOR('',#61270,1.);
#61290=LINE('',#61260,#61280);
#61300=CARTESIAN_POINT('',(-2.2707367905438,9.3000000628734,16.));
#61310=VERTEX_POINT('',#61300);
#61320=EDGE_CURVE('',#61310,#44370,#61290,.T.);
#61330=ORIENTED_EDGE('',*,*,#61320,.T.);
#61340=CARTESIAN_POINT('',(0.,9.3000000628734,16.));
#61350=DIRECTION('',(-1.,0.,0.));
#61360=VECTOR('',#61350,1.);
#61370=LINE('',#61340,#61360);
#61380=EDGE_CURVE('',#61310,#53410,#61370,.T.);
#61390=ORIENTED_EDGE('',*,*,#61380,.F.);
#61400=EDGE_LOOP('',(#61390,#61330,#61250,#61240));
#61410=FACE_OUTER_BOUND('',#61400,.T.);
#61420=ADVANCED_FACE('',(#61410),#61230,.T.);
#61430=CARTESIAN_POINT('',(-18.5026180603372,-10.5246982525146,
15.4463287003854));
#61440=CARTESIAN_POINT('',(-18.5026180603372,-10.5841981183273,
15.4642184553962));
#61450=CARTESIAN_POINT('',(-18.5026180603385,-10.6447587070401,
15.4785306663216));
#61460=CARTESIAN_POINT('',(-18.5026180603349,-10.7061127836619,
15.4892651297017));
#61470=CARTESIAN_POINT('',(-18.5026180603386,-10.7679931132046,
15.4964216420819));
#61480=CARTESIAN_POINT('',(-18.5026180603372,-10.8301324606755,15.5));
#61490=CARTESIAN_POINT('',(-18.5026180603372,-10.8922635910859,15.5));
#61500=CARTESIAN_POINT('',(-18.5026180603372,-10.4913587991604,
15.5348953320173));
#61510=CARTESIAN_POINT('',(-18.5026180603372,-10.5510857457084,
15.5595053232082));
#61520=CARTESIAN_POINT('',(-18.5026180603385,-10.6170887888096,
15.582346602145));
#61530=CARTESIAN_POINT('',(-18.5026180603349,-10.6870957841584,
15.601442975199));
#61540=CARTESIAN_POINT('',(-18.5026180603386,-10.7582663839828,
15.6157710740196));
#61550=CARTESIAN_POINT('',(-18.5026180603372,-10.8276030452424,
15.6252804160108));
#61560=CARTESIAN_POINT('',(-18.5026180603372,-10.8922635910859,
15.6308996938996));
#61570=CARTESIAN_POINT('',(-18.4813410549912,-10.4577391101974,
15.6303240489027));
#61580=CARTESIAN_POINT('',(-18.4783947341489,-10.5204523026914,
15.6607734587909));
#61590=CARTESIAN_POINT('',(-18.4754517902902,-10.5917071619903,
15.6906726869203));
#61600=CARTESIAN_POINT('',(-18.4719140586419,-10.6687551517818,
15.7155626424795));
#61610=CARTESIAN_POINT('',(-18.4685838820206,-10.7471009767551,
15.7363594977982));
#61620=CARTESIAN_POINT('',(-18.4650290104172,-10.8229751362697,
15.7510540734416));
#61630=CARTESIAN_POINT('',(-18.4615047450542,-10.8922635910862,
15.7617873809106));
#61640=CARTESIAN_POINT('',(-18.4327794473661,-10.4269101350497,
15.7261269425081));
#61650=CARTESIAN_POINT('',(-18.4251319382104,-10.4942769247098,
15.761010607097));
#61660=CARTESIAN_POINT('',(-18.4173340014688,-10.5702602458577,
15.7951040328538));
#61670=CARTESIAN_POINT('',(-18.408016041774,-10.6525801705448,
15.8221519959846));
#61680=CARTESIAN_POINT('',(-18.3989614317706,-10.7360469304129,
15.8462842674179));
#61690=CARTESIAN_POINT('',(-18.3891763579658,-10.8173850817071,
15.8633037962749));
#61700=CARTESIAN_POINT('',(-18.3792134259865,-10.8922635910853,
15.87659536565));
#61710=CARTESIAN_POINT('',(-18.3565464993312,-10.4054402471048,
15.8049018975306));
#61720=CARTESIAN_POINT('',(-18.3434479873195,-10.4783584957186,
15.8407657639459));
#61730=CARTESIAN_POINT('',(-18.3301030209459,-10.557579188329,
15.8759785044773));
#61740=CARTESIAN_POINT('',(-18.314551747476,-10.6420989285468,
15.9033242745419));
#61750=CARTESIAN_POINT('',(-18.299043140739,-10.7274826984673,
15.9286869307091));
#61760=CARTESIAN_POINT('',(-18.2821249868941,-10.8119692295087,
15.9460866959284));
#61770=CARTESIAN_POINT('',(-18.2644054412484,-10.8922635910863,
15.9588866847167));
#61780=CARTESIAN_POINT('',(-18.2699829563134,-10.393901974917,
15.8601556485148));
#61790=CARTESIAN_POINT('',(-18.2511276757191,-10.4709284282663,
15.8971739686143));
#61800=CARTESIAN_POINT('',(-18.2307204002109,-10.5518125095653,
15.9310176226467));
#61810=CARTESIAN_POINT('',(-18.2075290284748,-10.6364271275509,
15.9562942716732));
#61820=CARTESIAN_POINT('',(-18.1838409877193,-10.7219589148284,
15.9782486403154));
#61830=CARTESIAN_POINT('',(-18.1588637000216,-10.8078639276227,
15.9919575567498));
#61840=CARTESIAN_POINT('',(-18.1335177542368,-10.8922635910859,16.));
#61850=CARTESIAN_POINT('',(-18.1817510473773,-10.3904045935438,
15.8944275654055));
#61860=CARTESIAN_POINT('',(-18.1551634954213,-10.4700502089732,
15.9289856975182));
#61870=CARTESIAN_POINT('',(-18.1264157203161,-10.5518925200139,
15.9571347080674));
#61880=CARTESIAN_POINT('',(-18.0961272264465,-10.6355146373866,
15.9785031627424));
#61890=CARTESIAN_POINT('',(-18.0649540373665,-10.7204516937383,
15.9928343903077));
#61900=CARTESIAN_POINT('',(-18.0335651303982,-10.8062055240018,16.));
#61910=CARTESIAN_POINT('',(-18.0026180603372,-10.8922635910859,16.));
#61920=B_SPLINE_SURFACE_WITH_KNOTS('',6,6,((#61430,#61500,#61570,#61640,
#61710,#61780,#61850),(#61440,#61510,#61580,#61650,#61720,#61790,#61860)
,(#61450,#61520,#61590,#61660,#61730,#61800,#61870),(#61460,#61530,
#61600,#61670,#61740,#61810,#61880),(#61470,#61540,#61610,#61680,#61750,
#61820,#61890),(#61480,#61550,#61620,#61690,#61760,#61830,#61900),(
#61490,#61560,#61630,#61700,#61770,#61840,#61910)),.UNSPECIFIED.,.F.,.F.
,.F.,(7,7),(7,7),(0.,1.),(0.,1.),.UNSPECIFIED.);
#61930=CARTESIAN_POINT('',(-18.1814361075815,-10.3906415327956,
15.893639524751));
#61940=CARTESIAN_POINT('',(-18.2696680165176,-10.3941389141688,
15.8593676078603));
#61950=CARTESIAN_POINT('',(-18.3562945474945,-10.4056297985062,
15.804271465007));
#61960=CARTESIAN_POINT('',(-18.4326219774681,-10.4270286046756,
15.7257329221809));
#61970=CARTESIAN_POINT('',(-18.481278067032,-10.4577864980478,
15.6301664407718));
#61980=CARTESIAN_POINT('',(-18.5026180603372,-10.4913587991604,
15.5348953320173));
#61990=CARTESIAN_POINT('',(-18.5026180603372,-10.5246982525146,
15.4463287003854));
#62000=B_SPLINE_CURVE_WITH_KNOTS('',6,(#61930,#61940,#61950,#61960,
#61970,#61980,#61990),.UNSPECIFIED.,.F.,.F.,(7,7),(0.,1.),.UNSPECIFIED.)
;
#62010=EDGE_CURVE('',#1400,#8060,#62000,.T.);
#62020=ORIENTED_EDGE('',*,*,#62010,.T.);
#62030=CARTESIAN_POINT('',(-18.0026180603372,-10.8922635910859,16.));
#62040=CARTESIAN_POINT('',(-18.0335651303982,-10.8062055240018,16.));
#62050=CARTESIAN_POINT('',(-18.0649540373665,-10.7204516937383,
15.9928343903077));
#62060=CARTESIAN_POINT('',(-18.0961272264465,-10.6355146373866,
15.9785031627424));
#62070=CARTESIAN_POINT('',(-18.1264157203161,-10.5518925200139,
15.9571347080674));
#62080=CARTESIAN_POINT('',(-18.1551634954213,-10.4700502089732,
15.9289856975182));
#62090=CARTESIAN_POINT('',(-18.1817510473773,-10.3904045935438,
15.8944275654055));
#62100=B_SPLINE_CURVE_WITH_KNOTS('',6,(#62030,#62040,#62050,#62060,
#62070,#62080,#62090),.UNSPECIFIED.,.F.,.F.,(7,7),(0.,1.),.UNSPECIFIED.)
;
#62110=CARTESIAN_POINT('',(-18.0026180603372,-10.8922635910859,16.));
#62120=VERTEX_POINT('',#62110);
#62130=EDGE_CURVE('',#62120,#1400,#62100,.T.);
#62140=ORIENTED_EDGE('',*,*,#62130,.T.);
#62150=CARTESIAN_POINT('',(-18.5026180603372,-10.8922635910859,15.5));
#62160=CARTESIAN_POINT('',(-18.5026180603372,-10.8922635910859,
15.6308996938996));
#62170=CARTESIAN_POINT('',(-18.4615047450542,-10.8922635910862,
15.7617873809106));
#62180=CARTESIAN_POINT('',(-18.3792134259865,-10.8922635910853,
15.87659536565));
#62190=CARTESIAN_POINT('',(-18.2644054412484,-10.8922635910863,
15.9588866847167));
#62200=CARTESIAN_POINT('',(-18.1335177542368,-10.8922635910859,16.));
#62210=CARTESIAN_POINT('',(-18.0026180603372,-10.8922635910859,16.));
#62220=B_SPLINE_CURVE_WITH_KNOTS('',6,(#62150,#62160,#62170,#62180,
#62190,#62200,#62210),.UNSPECIFIED.,.F.,.F.,(7,7),(0.,1.),.UNSPECIFIED.)
;
#62230=EDGE_CURVE('',#8200,#62120,#62220,.T.);
#62240=ORIENTED_EDGE('',*,*,#62230,.T.);
#62250=ORIENTED_EDGE('',*,*,#8210,.T.);
#62260=EDGE_LOOP('',(#62250,#62240,#62140,#62020));
#62270=FACE_OUTER_BOUND('',#62260,.T.);
#62280=ADVANCED_FACE('',(#62270),#61920,.T.);
#62290=CARTESIAN_POINT('',(1.40165656858926E-15,-8.90043634338974,15.8))
;
#62300=DIRECTION('',(0.,0.,1.));
#62310=DIRECTION('',(1.,0.,0.));
#62320=AXIS2_PLACEMENT_3D('',#62290,#62300,#62310);
#62330=PLANE('',#62320);
#62340=CARTESIAN_POINT('',(-22.381901653457,0.401973999999999,15.8));
#62350=DIRECTION('',(-0.500035794731668,-0.866004736700134,0.));
#62360=VECTOR('',#62350,1.);
#62370=LINE('',#62340,#62360);
#62380=CARTESIAN_POINT('',(-15.7132543885722,11.9513074269633,15.8));
#62390=VERTEX_POINT('',#62380);
#62400=EDGE_CURVE('',#62390,#2570,#62370,.T.);
#62410=ORIENTED_EDGE('',*,*,#62400,.T.);
#62420=CARTESIAN_POINT('',(-7.2108618527965,7.04245789974277,15.8));
#62430=DIRECTION('',(-0.866025804792006,0.499999305433875,0.));
#62440=VECTOR('',#62430,1.);
#62450=LINE('',#62420,#62440);
#62460=CARTESIAN_POINT('',(-15.033231650448,11.5586968432371,15.8));
#62470=VERTEX_POINT('',#62460);
#62480=EDGE_CURVE('',#62470,#62390,#62450,.T.);
#62490=ORIENTED_EDGE('',*,*,#62480,.T.);
#62500=CARTESIAN_POINT('',(-21.4731774475701,0.401973999999999,15.8));
#62510=DIRECTION('',(0.499919004448675,0.866072161537966,0.));
#62520=VECTOR('',#62510,1.);
#62530=LINE('',#62500,#62520);
#62540=EDGE_CURVE('',#2650,#62470,#62530,.T.);
#62550=ORIENTED_EDGE('',*,*,#62540,.T.);
#62560=ORIENTED_EDGE('',*,*,#2660,.T.);
#62570=EDGE_LOOP('',(#62560,#62550,#62490,#62410));
#62580=FACE_OUTER_BOUND('',#62570,.T.);
#62590=ADVANCED_FACE('',(#62580),#62330,.T.);
#62600=CARTESIAN_POINT('',(0.,-15.4500019038468,3.49956367322508));
#62610=DIRECTION('',(0.,-0.999961923064171,0.00872653549837393));
#62620=DIRECTION('',(-1.,0.,0.));
#62630=AXIS2_PLACEMENT_3D('',#62600,#62610,#62620);
#62640=PLANE('',#62630);
#62650=CARTESIAN_POINT('',(0.,-15.4177086852549,7.2));
#62660=DIRECTION('',(-1.,0.,0.));
#62670=VECTOR('',#62660,1.);
#62680=LINE('',#62650,#62670);
#62690=CARTESIAN_POINT('',(-16.,-15.4177086852549,7.2));
#62700=VERTEX_POINT('',#62690);
#62710=EDGE_CURVE('',#41990,#62700,#62680,.T.);
#62720=ORIENTED_EDGE('',*,*,#62710,.T.);
#62730=ORIENTED_EDGE('',*,*,#42020,.F.);
#62740=CARTESIAN_POINT('',(-16.,-15.4805421333484,0.));
#62750=DIRECTION('',(0.,0.00872653549837393,0.999961923064171));
#62760=VECTOR('',#62750,1.);
#62770=LINE('',#62740,#62760);
#62780=EDGE_CURVE('',#42010,#62700,#62770,.T.);
#62790=ORIENTED_EDGE('',*,*,#62780,.F.);
#62800=EDGE_LOOP('',(#62790,#62730,#62720));
#62810=FACE_OUTER_BOUND('',#62800,.T.);
#62820=ADVANCED_FACE('',(#62810),#62640,.T.);
#62830=CARTESIAN_POINT('',(-13.4774699687371,9.4750362352201,16.));
#62840=DIRECTION('',(0.341988715880585,-0.93970405884531,0.));
#62850=DIRECTION('',(-0.93970405884531,-0.341988715880585,0.));
#62860=AXIS2_PLACEMENT_3D('',#62830,#62840,#62850);
#62870=PLANE('',#62860);
#62880=CARTESIAN_POINT('',(-13.3298728208394,9.5287516135906,16.));
#62890=DIRECTION('',(0.,0.,-1.));
#62900=VECTOR('',#62890,1.);
#62910=LINE('',#62880,#62900);
#62920=CARTESIAN_POINT('',(-13.3298728208394,9.5287516135906,16.));
#62930=VERTEX_POINT('',#62920);
#62940=CARTESIAN_POINT('',(-13.3298728208394,9.5287516135906,15.8));
#62950=VERTEX_POINT('',#62940);
#62960=EDGE_CURVE('',#62930,#62950,#62910,.T.);
#62970=ORIENTED_EDGE('',*,*,#62960,.F.);
#62980=CARTESIAN_POINT('',(-7.2108618527965,11.7556577163392,15.8));
#62990=DIRECTION('',(-0.93970405884531,-0.341988715880585,0.));
#63000=VECTOR('',#62990,1.);
#63010=LINE('',#62980,#63000);
#63020=CARTESIAN_POINT('',(-13.4774699687371,9.4750362352201,15.8));
#63030=VERTEX_POINT('',#63020);
#63040=EDGE_CURVE('',#62950,#63030,#63010,.T.);
#63050=ORIENTED_EDGE('',*,*,#63040,.F.);
#63060=CARTESIAN_POINT('',(-13.4774699687371,9.4750362352201,16.));
#63070=DIRECTION('',(0.,0.,-1.));
#63080=VECTOR('',#63070,1.);
#63090=LINE('',#63060,#63080);
#63100=CARTESIAN_POINT('',(-13.4774699687371,9.4750362352201,16.));
#63110=VERTEX_POINT('',#63100);
#63120=EDGE_CURVE('',#63110,#63030,#63090,.T.);
#63130=ORIENTED_EDGE('',*,*,#63120,.T.);
#63140=CARTESIAN_POINT('',(0.,14.3799236883946,16.));
#63150=DIRECTION('',(0.93970405884531,0.341988715880585,0.));
#63160=VECTOR('',#63150,1.);
#63170=LINE('',#63140,#63160);
#63180=EDGE_CURVE('',#63110,#62930,#63170,.T.);
#63190=ORIENTED_EDGE('',*,*,#63180,.F.);
#63200=EDGE_LOOP('',(#63190,#63130,#63050,#62970));
#63210=FACE_OUTER_BOUND('',#63200,.T.);
#63220=ADVANCED_FACE('',(#63210),#62870,.T.);
#63230=CARTESIAN_POINT('',(-13.9546609577705,12.9666288429448,16.));
#63240=DIRECTION('',(-0.,-1.,-0.));
#63250=DIRECTION('',(-1.,0.,0.));
#63260=AXIS2_PLACEMENT_3D('',#63230,#63240,#63250);
#63270=PLANE('',#63260);
#63280=ORIENTED_EDGE('',*,*,#37390,.F.);
#63290=CARTESIAN_POINT('',(-7.2108618527965,12.9666288429448,15.8));
#63300=DIRECTION('',(-1.,0.,0.));
#63310=VECTOR('',#63300,1.);
#63320=LINE('',#63290,#63310);
#63330=CARTESIAN_POINT('',(-13.9546609577705,12.9666288429448,15.8));
#63340=VERTEX_POINT('',#63330);
#63350=EDGE_CURVE('',#37300,#63340,#63320,.T.);
#63360=ORIENTED_EDGE('',*,*,#63350,.F.);
#63370=CARTESIAN_POINT('',(-13.9546609577705,12.9666288429448,16.));
#63380=DIRECTION('',(0.,0.,-1.));
#63390=VECTOR('',#63380,1.);
#63400=LINE('',#63370,#63390);
#63410=CARTESIAN_POINT('',(-13.9546609577705,12.9666288429448,16.));
#63420=VERTEX_POINT('',#63410);
#63430=EDGE_CURVE('',#63420,#63340,#63400,.T.);
#63440=ORIENTED_EDGE('',*,*,#63430,.T.);
#63450=CARTESIAN_POINT('',(0.,12.9666288429448,16.));
#63460=DIRECTION('',(1.,0.,0.));
#63470=VECTOR('',#63460,1.);
#63480=LINE('',#63450,#63470);
#63490=EDGE_CURVE('',#63420,#37380,#63480,.T.);
#63500=ORIENTED_EDGE('',*,*,#63490,.F.);
#63510=EDGE_LOOP('',(#63500,#63440,#63360,#63280));
#63520=FACE_OUTER_BOUND('',#63510,.T.);
#63530=ADVANCED_FACE('',(#63520),#63270,.T.);
#63540=CARTESIAN_POINT('',(-0.8277076431793,9.3000000628734,16.));
#63550=DIRECTION('',(1.,0.,0.));
#63560=DIRECTION('',(0.,-1.,0.));
#63570=AXIS2_PLACEMENT_3D('',#63540,#63550,#63560);
#63580=PLANE('',#63570);
#63590=CARTESIAN_POINT('',(-0.827707643179297,11.6605622837198,16.));
#63600=DIRECTION('',(0.,0.,-1.));
#63610=VECTOR('',#63600,1.);
#63620=LINE('',#63590,#63610);
#63630=CARTESIAN_POINT('',(-0.827707643179295,11.6605622837198,16.));
#63640=VERTEX_POINT('',#63630);
#63650=EDGE_CURVE('',#63640,#44290,#63620,.T.);
#63660=ORIENTED_EDGE('',*,*,#63650,.F.);
#63670=ORIENTED_EDGE('',*,*,#44300,.F.);
#63680=CARTESIAN_POINT('',(-0.8277076431793,9.3000000628734,16.));
#63690=DIRECTION('',(0.,0.,-1.));
#63700=VECTOR('',#63690,1.);
#63710=LINE('',#63680,#63700);
#63720=CARTESIAN_POINT('',(-0.8277076431793,9.3000000628734,16.));
#63730=VERTEX_POINT('',#63720);
#63740=EDGE_CURVE('',#63730,#44210,#63710,.T.);
#63750=ORIENTED_EDGE('',*,*,#63740,.T.);
#63760=CARTESIAN_POINT('',(-0.8277076431793,0.,16.));
#63770=DIRECTION('',(0.,1.,0.));
#63780=VECTOR('',#63770,1.);
#63790=LINE('',#63760,#63780);
#63800=EDGE_CURVE('',#63730,#63640,#63790,.T.);
#63810=ORIENTED_EDGE('',*,*,#63800,.F.);
#63820=EDGE_LOOP('',(#63810,#63750,#63670,#63660));
#63830=FACE_OUTER_BOUND('',#63820,.T.);
#63840=ADVANCED_FACE('',(#63830),#63580,.T.);
#63850=CARTESIAN_POINT('',(0.,14.3069307951916,3.1));
#63860=DIRECTION('',(-1.,0.,0.));
#63870=DIRECTION('',(0.,1.,0.));
#63880=AXIS2_PLACEMENT_3D('',#63850,#63860,#63870);
#63890=CYLINDRICAL_SURFACE('',#63880,0.4);
#63900=ORIENTED_EDGE('',*,*,#9930,.T.);
#63910=ORIENTED_EDGE('',*,*,#39800,.T.);
#63920=CARTESIAN_POINT('',(-17.7034907471163,14.3069307951916,3.1));
#63930=DIRECTION('',(0.999961923064171,0.,-0.00872653549837393));
#63940=DIRECTION('',(-0.00872653549837393,0.,-0.999961923064171));
#63950=AXIS2_PLACEMENT_3D('',#63920,#63930,#63940);
#63960=ELLIPSE('',#63950,0.400015231354295,0.4);
#63970=CARTESIAN_POINT('',(-17.7,14.3069307951916,3.5));
#63980=VERTEX_POINT('',#63970);
#63990=EDGE_CURVE('',#63980,#39730,#63960,.T.);
#64000=ORIENTED_EDGE('',*,*,#63990,.T.);
#64010=CARTESIAN_POINT('',(0.,14.3069307951916,3.5));
#64020=DIRECTION('',(-1.,0.,0.));
#64030=VECTOR('',#64020,1.);
#64040=LINE('',#64010,#64030);
#64050=EDGE_CURVE('',#63980,#9920,#64040,.T.);
#64060=ORIENTED_EDGE('',*,*,#64050,.F.);
#64070=EDGE_LOOP('',(#64060,#64000,#63910,#63900));
#64080=FACE_OUTER_BOUND('',#64070,.T.);
#64090=ADVANCED_FACE('',(#64080),#63890,.F.);
#64100=CARTESIAN_POINT('',(11.2597628153909,6.17793376727026,16.));
#64110=DIRECTION('',(-0.866025403784439,0.5,0.));
#64120=DIRECTION('',(0.5,0.866025403784439,0.));
#64130=AXIS2_PLACEMENT_3D('',#64100,#64110,#64120);
#64140=PLANE('',#64130);
#64150=CARTESIAN_POINT('',(8.98040838075299,2.22997607801997,16.));
#64160=DIRECTION('',(0.,0.,-1.));
#64170=VECTOR('',#64160,1.);
#64180=LINE('',#64150,#64170);
#64190=EDGE_CURVE('',#39230,#48550,#64180,.T.);
#64200=ORIENTED_EDGE('',*,*,#64190,.F.);
#64210=ORIENTED_EDGE('',*,*,#48560,.T.);
#64220=CARTESIAN_POINT('',(11.2597628153909,6.17793376727026,16.));
#64230=DIRECTION('',(0.,0.,-1.));
#64240=VECTOR('',#64230,1.);
#64250=LINE('',#64220,#64240);
#64260=EDGE_CURVE('',#39310,#48470,#64250,.T.);
#64270=ORIENTED_EDGE('',*,*,#64260,.T.);
#64280=ORIENTED_EDGE('',*,*,#39320,.F.);
#64290=EDGE_LOOP('',(#64280,#64270,#64210,#64200));
#64300=FACE_OUTER_BOUND('',#64290,.T.);
#64310=ADVANCED_FACE('',(#64300),#64140,.T.);
#64320=CARTESIAN_POINT('',(-13.0483360281737,11.908691676562,16.));
#64330=DIRECTION('',(0.766050110352378,-0.642780855680309,0.));
#64340=DIRECTION('',(-0.642780855680309,-0.766050110352378,0.));
#64350=AXIS2_PLACEMENT_3D('',#64320,#64330,#64340);
#64360=PLANE('',#64350);
#64370=CARTESIAN_POINT('',(-12.5435974987754,12.5102264029431,16.));
#64380=DIRECTION('',(0.,0.,-1.));
#64390=VECTOR('',#64380,1.);
#64400=LINE('',#64370,#64390);
#64410=CARTESIAN_POINT('',(-12.5435974987754,12.5102264029431,16.));
#64420=VERTEX_POINT('',#64410);
#64430=EDGE_CURVE('',#64420,#27920,#64400,.T.);
#64440=ORIENTED_EDGE('',*,*,#64430,.F.);
#64450=ORIENTED_EDGE('',*,*,#27950,.F.);
#64460=CARTESIAN_POINT('',(-13.0483360281737,11.908691676562,16.));
#64470=DIRECTION('',(0.,0.,-1.));
#64480=VECTOR('',#64470,1.);
#64490=LINE('',#64460,#64480);
#64500=CARTESIAN_POINT('',(-13.0483360281737,11.908691676562,16.));
#64510=VERTEX_POINT('',#64500);
#64520=EDGE_CURVE('',#64510,#27940,#64490,.T.);
#64530=ORIENTED_EDGE('',*,*,#64520,.T.);
#64540=CARTESIAN_POINT('',(-23.0407359018222,0.,16.));
#64550=DIRECTION('',(0.642780855680309,0.766050110352378,0.));
#64560=VECTOR('',#64550,1.);
#64570=LINE('',#64540,#64560);
#64580=EDGE_CURVE('',#64510,#64420,#64570,.T.);
#64590=ORIENTED_EDGE('',*,*,#64580,.F.);
#64600=EDGE_LOOP('',(#64590,#64530,#64450,#64440));
#64610=FACE_OUTER_BOUND('',#64600,.T.);
#64620=ADVANCED_FACE('',(#64610),#64360,.T.);
#64630=CARTESIAN_POINT('',(0.715348413935487,11.5050530847506,16.));
#64640=CARTESIAN_POINT('',(0.699898987474893,11.5117659345865,16.));
#64650=CARTESIAN_POINT('',(0.675021955730043,11.5150730003145,16.));
#64660=CARTESIAN_POINT('',(0.640766677890898,11.5150730003145,16.));
#64670=B_SPLINE_CURVE_WITH_KNOTS('',3,(#64630,#64640,#64650,#64660),
.UNSPECIFIED.,.F.,.F.,(4,4),(0.,0.154370355791625),.UNSPECIFIED.);
#64680=DIRECTION('',(0.,0.,-1.));
#64690=VECTOR('',#64680,1.);
#64700=SURFACE_OF_LINEAR_EXTRUSION('',#64670,#64690);
#64710=CARTESIAN_POINT('',(0.640766677890896,11.5150730003145,16.));
#64720=DIRECTION('',(0.,0.,-1.));
#64730=VECTOR('',#64720,1.);
#64740=LINE('',#64710,#64730);
#64750=CARTESIAN_POINT('',(0.640766677890896,11.5150730003145,15.8));
#64760=VERTEX_POINT('',#64750);
#64770=EDGE_CURVE('',#26590,#64760,#64740,.T.);
#64780=ORIENTED_EDGE('',*,*,#64770,.F.);
#64790=CARTESIAN_POINT('',(0.715348413935487,11.5050530847506,15.8));
#64800=CARTESIAN_POINT('',(0.699898987474893,11.5117659345865,15.8));
#64810=CARTESIAN_POINT('',(0.675021955730043,11.5150730003145,15.8));
#64820=CARTESIAN_POINT('',(0.640766677890898,11.5150730003145,15.8));
#64830=B_SPLINE_CURVE_WITH_KNOTS('',3,(#64790,#64800,#64810,#64820),
.UNSPECIFIED.,.F.,.F.,(4,4),(0.,0.154370355791625),.UNSPECIFIED.);
#64840=CARTESIAN_POINT('',(0.715348413935487,11.5050530847506,15.8));
#64850=VERTEX_POINT('',#64840);
#64860=EDGE_CURVE('',#64850,#64760,#64830,.T.);
#64870=ORIENTED_EDGE('',*,*,#64860,.T.);
#64880=CARTESIAN_POINT('',(0.715348413935487,11.5050530847506,16.));
#64890=DIRECTION('',(0.,0.,-1.));
#64900=VECTOR('',#64890,1.);
#64910=LINE('',#64880,#64900);
#64920=EDGE_CURVE('',#26680,#64850,#64910,.T.);
#64930=ORIENTED_EDGE('',*,*,#64920,.T.);
#64940=ORIENTED_EDGE('',*,*,#26690,.F.);
#64950=EDGE_LOOP('',(#64940,#64930,#64870,#64780));
#64960=FACE_OUTER_BOUND('',#64950,.T.);
#64970=ADVANCED_FACE('',(#64960),#64700,.F.);
#64980=CARTESIAN_POINT('',(-4.8299606488557,9.3000000628734,16.));
#64990=DIRECTION('',(-0.,1.,0.));
#65000=DIRECTION('',(1.,0.,0.));
#65010=AXIS2_PLACEMENT_3D('',#64980,#64990,#65000);
#65020=PLANE('',#65010);
#65030=ORIENTED_EDGE('',*,*,#31730,.F.);
#65040=CARTESIAN_POINT('',(-7.2108618527965,9.3000000628734,15.8));
#65050=DIRECTION('',(1.,0.,0.));
#65060=VECTOR('',#65050,1.);
#65070=LINE('',#65040,#65060);
#65080=EDGE_CURVE('',#31640,#33610,#65070,.T.);
#65090=ORIENTED_EDGE('',*,*,#65080,.F.);
#65100=ORIENTED_EDGE('',*,*,#33620,.T.);
#65110=CARTESIAN_POINT('',(0.,9.3000000628734,16.));
#65120=DIRECTION('',(-1.,0.,0.));
#65130=VECTOR('',#65120,1.);
#65140=LINE('',#65110,#65130);
#65150=EDGE_CURVE('',#33590,#31720,#65140,.T.);
#65160=ORIENTED_EDGE('',*,*,#65150,.F.);
#65170=EDGE_LOOP('',(#65160,#65100,#65090,#65030));
#65180=FACE_OUTER_BOUND('',#65170,.T.);
#65190=ADVANCED_FACE('',(#65180),#65020,.T.);
#65200=CARTESIAN_POINT('',(0.,-14.3069307951916,3.1));
#65210=DIRECTION('',(1.,0.,0.));
#65220=DIRECTION('',(0.,-1.,0.));
#65230=AXIS2_PLACEMENT_3D('',#65200,#65210,#65220);
#65240=CYLINDRICAL_SURFACE('',#65230,0.4);
#65250=CARTESIAN_POINT('',(-17.7034907471163,-14.3069307951916,3.1));
#65260=DIRECTION('',(0.999961923064171,0.,-0.00872653549837393));
#65270=DIRECTION('',(-0.00872653549837393,0.,-0.999961923064171));
#65280=AXIS2_PLACEMENT_3D('',#65250,#65260,#65270);
#65290=ELLIPSE('',#65280,0.400015231354295,0.4);
#65300=EDGE_CURVE('',#46360,#45730,#65290,.T.);
#65310=ORIENTED_EDGE('',*,*,#65300,.T.);
#65320=ORIENTED_EDGE('',*,*,#46370,.T.);
#65330=ORIENTED_EDGE('',*,*,#8620,.F.);
#65340=ORIENTED_EDGE('',*,*,#45800,.F.);
#65350=EDGE_LOOP('',(#65340,#65330,#65320,#65310));
#65360=FACE_OUTER_BOUND('',#65350,.T.);
#65370=ADVANCED_FACE('',(#65360),#65240,.F.);
#65380=CARTESIAN_POINT('',(-18.0026180603372,0.,15.5));
#65390=DIRECTION('',(0.,-1.,0.));
#65400=DIRECTION('',(-1.,0.,0.));
#65410=AXIS2_PLACEMENT_3D('',#65380,#65390,#65400);
#65420=CYLINDRICAL_SURFACE('',#65410,0.5);
#65430=ORIENTED_EDGE('',*,*,#62230,.F.);
#65440=CARTESIAN_POINT('',(-18.0026180603372,0.,16.));
#65450=DIRECTION('',(0.,1.,0.));
#65460=VECTOR('',#65450,1.);
#65470=LINE('',#65440,#65460);
#65480=EDGE_CURVE('',#36790,#62120,#65470,.T.);
#65490=ORIENTED_EDGE('',*,*,#65480,.T.);
#65500=ORIENTED_EDGE('',*,*,#36800,.F.);
#65510=ORIENTED_EDGE('',*,*,#8290,.F.);
#65520=EDGE_LOOP('',(#65510,#65500,#65490,#65430));
#65530=FACE_OUTER_BOUND('',#65520,.T.);
#65540=ADVANCED_FACE('',(#65530),#65420,.T.);
#65550=CARTESIAN_POINT('',(-10.7865077885226,9.3000000628734,16.));
#65560=DIRECTION('',(1.,0.,0.));
#65570=DIRECTION('',(0.,-1.,0.));
#65580=AXIS2_PLACEMENT_3D('',#65550,#65560,#65570);
#65590=PLANE('',#65580);
#65600=ORIENTED_EDGE('',*,*,#25160,.F.);
#65610=CARTESIAN_POINT('',(-10.7865077885226,0.401973999999999,15.8));
#65620=DIRECTION('',(0.,-1.,0.));
#65630=VECTOR('',#65620,1.);
#65640=LINE('',#65610,#65630);
#65650=EDGE_CURVE('',#25070,#45970,#65640,.T.);
#65660=ORIENTED_EDGE('',*,*,#65650,.F.);
#65670=ORIENTED_EDGE('',*,*,#45980,.T.);
#65680=CARTESIAN_POINT('',(-10.7865077885226,0.,16.));
#65690=DIRECTION('',(0.,1.,0.));
#65700=VECTOR('',#65690,1.);
#65710=LINE('',#65680,#65700);
#65720=EDGE_CURVE('',#45950,#25150,#65710,.T.);
#65730=ORIENTED_EDGE('',*,*,#65720,.F.);
#65740=EDGE_LOOP('',(#65730,#65670,#65660,#65600));
#65750=FACE_OUTER_BOUND('',#65740,.T.);
#65760=ADVANCED_FACE('',(#65750),#65590,.T.);
#65770=CARTESIAN_POINT('',(0.610065261729589,11.8858592353688,16.));
#65780=DIRECTION('',(-1.,0.,0.));
#65790=DIRECTION('',(0.,1.,0.));
#65800=AXIS2_PLACEMENT_3D('',#65770,#65780,#65790);
#65810=PLANE('',#65800);
#65820=CARTESIAN_POINT('',(0.610065261729589,11.6584120879873,16.));
#65830=DIRECTION('',(0.,0.,-1.));
#65840=VECTOR('',#65830,1.);
#65850=LINE('',#65820,#65840);
#65860=CARTESIAN_POINT('',(0.610065261729589,11.6584120879873,16.));
#65870=VERTEX_POINT('',#65860);
#65880=CARTESIAN_POINT('',(0.610065261729589,11.6584120879873,15.8));
#65890=VERTEX_POINT('',#65880);
#65900=EDGE_CURVE('',#65870,#65890,#65850,.T.);
#65910=ORIENTED_EDGE('',*,*,#65900,.F.);
#65920=CARTESIAN_POINT('',(0.610065261729592,-25.5779633885803,15.8));
#65930=DIRECTION('',(0.,-1.,0.));
#65940=VECTOR('',#65930,3.18399680751);
#65950=LINE('',#65920,#65940);
#65960=CARTESIAN_POINT('',(0.610065261729589,11.8858592353688,15.8));
#65970=VERTEX_POINT('',#65960);
#65980=EDGE_CURVE('',#65970,#65890,#65950,.T.);
#65990=ORIENTED_EDGE('',*,*,#65980,.T.);
#66000=CARTESIAN_POINT('',(0.610065261729589,11.8858592353688,16.));
#66010=DIRECTION('',(0.,0.,-1.));
#66020=VECTOR('',#66010,1.);
#66030=LINE('',#66000,#66020);
#66040=CARTESIAN_POINT('',(0.610065261729589,11.8858592353688,16.));
#66050=VERTEX_POINT('',#66040);
#66060=EDGE_CURVE('',#66050,#65970,#66030,.T.);
#66070=ORIENTED_EDGE('',*,*,#66060,.T.);
#66080=CARTESIAN_POINT('',(0.610065261729589,0.,16.));
#66090=DIRECTION('',(0.,-1.,0.));
#66100=VECTOR('',#66090,1.);
#66110=LINE('',#66080,#66100);
#66120=EDGE_CURVE('',#66050,#65870,#66110,.T.);
#66130=ORIENTED_EDGE('',*,*,#66120,.F.);
#66140=EDGE_LOOP('',(#66130,#66070,#65990,#65910));
#66150=FACE_OUTER_BOUND('',#66140,.T.);
#66160=ADVANCED_FACE('',(#66150),#65810,.T.);
#66170=CARTESIAN_POINT('',(-14.2748294164966,12.1249638969507,16.));
#66180=DIRECTION('',(-0.342139325847464,0.939649233335846,0.));
#66190=DIRECTION('',(0.939649233335846,0.342139325847464,0.));
#66200=AXIS2_PLACEMENT_3D('',#66170,#66180,#66190);
#66210=PLANE('',#66200);
#66220=CARTESIAN_POINT('',(-14.4223955598469,12.0712330163065,16.));
#66230=DIRECTION('',(0.,0.,-1.));
#66240=VECTOR('',#66230,1.);
#66250=LINE('',#66220,#66240);
#66260=CARTESIAN_POINT('',(-14.4223955598469,12.0712330163065,16.));
#66270=VERTEX_POINT('',#66260);
#66280=EDGE_CURVE('',#66270,#30090,#66250,.T.);
#66290=ORIENTED_EDGE('',*,*,#66280,.F.);
#66300=ORIENTED_EDGE('',*,*,#30100,.F.);
#66310=CARTESIAN_POINT('',(-14.2748294164966,12.1249638969507,16.));
#66320=DIRECTION('',(0.,0.,-1.));
#66330=VECTOR('',#66320,1.);
#66340=LINE('',#66310,#66330);
#66350=CARTESIAN_POINT('',(-14.2748294164966,12.1249638969507,16.));
#66360=VERTEX_POINT('',#66350);
#66370=EDGE_CURVE('',#66360,#30010,#66340,.T.);
#66380=ORIENTED_EDGE('',*,*,#66370,.T.);
#66390=CARTESIAN_POINT('',(0.,17.3226273865585,16.));
#66400=DIRECTION('',(-0.939649233335846,-0.342139325847464,0.));
#66410=VECTOR('',#66400,1.);
#66420=LINE('',#66390,#66410);
#66430=EDGE_CURVE('',#66360,#66270,#66420,.T.);
#66440=ORIENTED_EDGE('',*,*,#66430,.F.);
#66450=EDGE_LOOP('',(#66440,#66380,#66300,#66290));
#66460=FACE_OUTER_BOUND('',#66450,.T.);
#66470=ADVANCED_FACE('',(#66460),#66210,.T.);
#66480=CARTESIAN_POINT('',(-12.7810689095474,17.,15.4461905371795));
#66490=CARTESIAN_POINT('',(-12.8517038428172,17.,15.464202915263));
#66500=CARTESIAN_POINT('',(-12.9232538238724,17.0000000000006,
15.4785672834442));
#66510=CARTESIAN_POINT('',(-12.9954873756435,16.9999999999989,
15.4893064088641));
#66520=CARTESIAN_POINT('',(-13.0681730210661,17.0000000000007,
15.4964430586699));
#66530=CARTESIAN_POINT('',(-13.1410792830685,17.,15.5));
#66540=CARTESIAN_POINT('',(-13.213974684585,17.,15.5));
#66550=CARTESIAN_POINT('',(-12.7517242773124,17.,15.5341819750562));
#66560=CARTESIAN_POINT('',(-12.8224009976,17.,15.5593068255285));
#66570=CARTESIAN_POINT('',(-12.8987778249097,17.0000000000006,
15.5820266657616));
#66580=CARTESIAN_POINT('',(-12.9786795800017,16.9999999999989,
15.6008777901807));
#66590=CARTESIAN_POINT('',(-13.0595708548837,17.0000000000007,
15.6151584645235));
#66600=CARTESIAN_POINT('',(-13.13883576075,17.,15.6249119389255));
#66610=CARTESIAN_POINT('',(-13.213974684585,17.,15.6308996938996));
#66620=CARTESIAN_POINT('',(-12.7226623585316,16.9795959688686,
15.6286200125011));
#66630=CARTESIAN_POINT('',(-12.7958672382792,16.9764027948238,
15.6595258772769));
#66640=CARTESIAN_POINT('',(-12.8768359175237,16.9732884748931,
15.6890890655136));
#66650=CARTESIAN_POINT('',(-12.9627989019145,16.9697547479987,
15.7140702531016));
#66660=CARTESIAN_POINT('',(-13.0499512811808,16.966307169763,
15.7348870498506));
#66670=CARTESIAN_POINT('',(-13.1348633501372,16.962639820731,
15.7502523393067));
#66680=CARTESIAN_POINT('',(-13.2139746845855,16.9588866847165,
15.7617873809106));
#66690=CARTESIAN_POINT('',(-12.6966295230997,16.9333291859658,
15.7231776424404));
#66700=CARTESIAN_POINT('',(-12.7737523051349,16.9255287141425,
15.7586090849424));
#66710=CARTESIAN_POINT('',(-12.8587249860909,16.9172872680904,
15.7923516532942));
#66720=CARTESIAN_POINT('',(-12.9490599438944,16.9076241974156,
15.8200534767956));
#66730=CARTESIAN_POINT('',(-13.0405861763555,16.8978195568882,
15.8442249758755));
#66740=CARTESIAN_POINT('',(-13.1301202642279,16.8873284594494,
15.8622063789905));
#66750=CARTESIAN_POINT('',(-13.2139746845841,16.8765953656502,
15.87659536565));
#66760=CARTESIAN_POINT('',(-12.6789791512428,16.8609255570553,
15.8018638499157));
#66770=CARTESIAN_POINT('',(-12.7609369019483,16.8470035323884,
15.8376425216445));
#66780=CARTESIAN_POINT('',(-12.8485762670578,16.8325786334763,
15.8723634234532));
#66790=CARTESIAN_POINT('',(-12.9405423714762,16.8161580391894,
15.9008315709064));
#66800=CARTESIAN_POINT('',(-13.0335184001459,16.7992688488805,
15.9264074258101));
#66810=CARTESIAN_POINT('',(-13.1255647160269,16.7810072450142,
15.944978977265));
#66820=CARTESIAN_POINT('',(-13.2139746845856,16.7617873809107,
15.9588866847167));
#66830=CARTESIAN_POINT('',(-12.670000863274,16.7778999933099,
15.8582753806738));
#66840=CARTESIAN_POINT('',(-12.7553479938887,16.757970737136,
15.8953505488915));
#66850=CARTESIAN_POINT('',(-12.8442020145004,16.7360034409865,
15.9288631838396));
#66860=CARTESIAN_POINT('',(-12.9360929894041,16.7112392506903,
15.9550194679676));
#66870=CARTESIAN_POINT('',(-13.02902206882,16.6854500298128,
15.976939386282));
#66880=CARTESIAN_POINT('',(-13.1221549185294,16.6583877250435,
15.9913102953493));
#66890=CARTESIAN_POINT('',(-13.213974684585,16.6308996938996,16.));
#66900=CARTESIAN_POINT('',(-12.6680351160181,16.6925315825314,
15.8944274178164));
#66910=CARTESIAN_POINT('',(-12.755548145802,16.6641518887469,
15.9289855973366));
#66920=CARTESIAN_POINT('',(-12.8449568675029,16.6333787476995,
15.957134647227));
#66930=CARTESIAN_POINT('',(-12.9359103075303,16.6008703242569,
15.9785031321402));
#66940=CARTESIAN_POINT('',(-13.0280153712202,16.5673271352936,
15.9928343801063));
#66950=CARTESIAN_POINT('',(-13.1208490847383,16.5334672392708,16.));
#66960=CARTESIAN_POINT('',(-13.213974684585,16.5,16.));
#66970=B_SPLINE_SURFACE_WITH_KNOTS('',6,6,((#66480,#66550,#66620,#66690,
#66760,#66830,#66900),(#66490,#66560,#66630,#66700,#66770,#66840,#66910)
,(#66500,#66570,#66640,#66710,#66780,#66850,#66920),(#66510,#66580,
#66650,#66720,#66790,#66860,#66930),(#66520,#66590,#66660,#66730,#66800,
#66870,#66940),(#66530,#66600,#66670,#66740,#66810,#66880,#66950),(
#66540,#66610,#66680,#66750,#66820,#66890,#66960)),.UNSPECIFIED.,.F.,.F.
,.F.,(7,7),(7,7),(0.,1.),(0.,1.),.UNSPECIFIED.);
#66980=ORIENTED_EDGE('',*,*,#15590,.T.);
#66990=CARTESIAN_POINT('',(-13.213974684585,16.5,15.9999999999987));
#67000=CARTESIAN_POINT('',(-13.1208490847383,16.5334672392709,
15.9999999999987));
#67010=CARTESIAN_POINT('',(-13.0280153712202,16.5673271352936,
15.9928343801053));
#67020=CARTESIAN_POINT('',(-12.9359103075303,16.6008703242569,
15.9785031321396));
#67030=CARTESIAN_POINT('',(-12.8449568675029,16.6333787476995,
15.9571346472267));
#67040=CARTESIAN_POINT('',(-12.755548145802,16.6641518887469,
15.9289855973366));
#67050=CARTESIAN_POINT('',(-12.6680351160181,16.6925315825314,
15.8944274178164));
#67060=B_SPLINE_CURVE_WITH_KNOTS('',6,(#66990,#67000,#67010,#67020,
#67030,#67040,#67050),.UNSPECIFIED.,.F.,.F.,(7,7),(0.,1.),.UNSPECIFIED.)
;
#67070=EDGE_CURVE('',#30990,#15460,#67060,.T.);
#67080=ORIENTED_EDGE('',*,*,#67070,.T.);
#67090=ORIENTED_EDGE('',*,*,#31000,.T.);
#67100=CARTESIAN_POINT('',(-12.7810689095474,17.,15.4461905371795));
#67110=CARTESIAN_POINT('',(-12.8517038428172,17.,15.4642029152631));
#67120=CARTESIAN_POINT('',(-12.9232538238724,17.0000000000006,
15.4785672834442));
#67130=CARTESIAN_POINT('',(-12.9954873756435,16.9999999999989,
15.4893064088641));
#67140=CARTESIAN_POINT('',(-13.0681730210661,17.0000000000007,
15.4964430586699));
#67150=CARTESIAN_POINT('',(-13.1410792830685,17.,15.5));
#67160=CARTESIAN_POINT('',(-13.213974684585,17.,15.5));
#67170=B_SPLINE_CURVE_WITH_KNOTS('',6,(#67100,#67110,#67120,#67130,
#67140,#67150,#67160),.UNSPECIFIED.,.F.,.F.,(7,7),(0.,1.),.UNSPECIFIED.)
;
#67180=EDGE_CURVE('',#15580,#30970,#67170,.T.);
#67190=ORIENTED_EDGE('',*,*,#67180,.T.);
#67200=EDGE_LOOP('',(#67190,#67090,#67080,#66980));
#67210=FACE_OUTER_BOUND('',#67200,.T.);
#67220=ADVANCED_FACE('',(#67210),#66970,.T.);
#67230=CARTESIAN_POINT('',(1.03366583005167,11.315563154456,16.));
#67240=DIRECTION('',(-0.890882225746856,-0.454234366652644,-0.));
#67250=DIRECTION('',(-0.454234366652644,0.890882225746856,0.));
#67260=AXIS2_PLACEMENT_3D('',#67230,#67240,#67250);
#67270=PLANE('',#67260);
#67280=ORIENTED_EDGE('',*,*,#28920,.F.);
#67290=CARTESIAN_POINT('',(19.8445784047296,-25.5779633885803,15.8));
#67300=DIRECTION('',(0.454234366652644,-0.890882225746856,0.));
#67310=VECTOR('',#67300,3.18399680751);
#67320=LINE('',#67290,#67310);
#67330=CARTESIAN_POINT('',(1.03366583005167,11.315563154456,15.8));
#67340=VERTEX_POINT('',#67330);
#67350=EDGE_CURVE('',#67340,#28850,#67320,.T.);
#67360=ORIENTED_EDGE('',*,*,#67350,.T.);
#67370=CARTESIAN_POINT('',(1.03366583005167,11.315563154456,16.));
#67380=DIRECTION('',(0.,0.,-1.));
#67390=VECTOR('',#67380,1.);
#67400=LINE('',#67370,#67390);
#67410=EDGE_CURVE('',#27100,#67340,#67400,.T.);
#67420=ORIENTED_EDGE('',*,*,#67410,.T.);
#67430=ORIENTED_EDGE('',*,*,#27110,.F.);
#67440=EDGE_LOOP('',(#67430,#67420,#67360,#67280));
#67450=FACE_OUTER_BOUND('',#67440,.T.);
#67460=ADVANCED_FACE('',(#67450),#67270,.T.);
#67470=CARTESIAN_POINT('',(10.5970949380375,9.22756482987032,16.));
#67480=DIRECTION('',(-1.,0.,0.));
#67490=DIRECTION('',(0.,1.,0.));
#67500=AXIS2_PLACEMENT_3D('',#67470,#67480,#67490);
#67510=PLANE('',#67500);
#67520=CARTESIAN_POINT('',(10.5970949380375,8.46834027051121,16.));
#67530=DIRECTION('',(0.,0.,-1.));
#67540=VECTOR('',#67530,1.);
#67550=LINE('',#67520,#67540);
#67560=CARTESIAN_POINT('',(10.5970949380375,8.46834027051121,16.));
#67570=VERTEX_POINT('',#67560);
#67580=CARTESIAN_POINT('',(10.5970949380375,8.46834027051121,15.5));
#67590=VERTEX_POINT('',#67580);
#67600=EDGE_CURVE('',#67570,#67590,#67550,.T.);
#67610=ORIENTED_EDGE('',*,*,#67600,.F.);
#67620=CARTESIAN_POINT('',(10.5970949380375,-7.78165913454252,15.5));
#67630=DIRECTION('',(0.,-1.,0.));
#67640=VECTOR('',#67630,1.66666666665794);
#67650=LINE('',#67620,#67640);
#67660=CARTESIAN_POINT('',(10.5970949380375,9.22756482987031,15.5));
#67670=VERTEX_POINT('',#67660);
#67680=EDGE_CURVE('',#67670,#67590,#67650,.T.);
#67690=ORIENTED_EDGE('',*,*,#67680,.T.);
#67700=CARTESIAN_POINT('',(10.5970949380375,9.22756482987032,16.));
#67710=DIRECTION('',(0.,0.,-1.));
#67720=VECTOR('',#67710,1.);
#67730=LINE('',#67700,#67720);
#67740=CARTESIAN_POINT('',(10.5970949380375,9.22756482987031,16.));
#67750=VERTEX_POINT('',#67740);
#67760=EDGE_CURVE('',#67750,#67670,#67730,.T.);
#67770=ORIENTED_EDGE('',*,*,#67760,.T.);
#67780=CARTESIAN_POINT('',(10.5970949380375,0.,16.));
#67790=DIRECTION('',(0.,-1.,0.));
#67800=VECTOR('',#67790,1.);
#67810=LINE('',#67780,#67800);
#67820=EDGE_CURVE('',#67750,#67570,#67810,.T.);
#67830=ORIENTED_EDGE('',*,*,#67820,.F.);
#67840=EDGE_LOOP('',(#67830,#67770,#67690,#67610));
#67850=FACE_OUTER_BOUND('',#67840,.T.);
#67860=ADVANCED_FACE('',(#67850),#67510,.T.);
#67870=CARTESIAN_POINT('',(0.610065261729592,11.5150730003145,16.));
#67880=DIRECTION('',(-1.,0.,0.));
#67890=DIRECTION('',(0.,1.,0.));
#67900=AXIS2_PLACEMENT_3D('',#67870,#67880,#67890);
#67910=PLANE('',#67900);
#67920=CARTESIAN_POINT('',(0.610065261729589,11.1405354668226,16.));
#67930=DIRECTION('',(0.,0.,-1.));
#67940=VECTOR('',#67930,1.);
#67950=LINE('',#67920,#67940);
#67960=CARTESIAN_POINT('',(0.610065261729589,11.1405354668226,15.8));
#67970=VERTEX_POINT('',#67960);
#67980=EDGE_CURVE('',#26510,#67970,#67950,.T.);
#67990=ORIENTED_EDGE('',*,*,#67980,.F.);
#68000=CARTESIAN_POINT('',(0.610065261729592,-25.5779633885803,15.8));
#68010=DIRECTION('',(0.,-1.,0.));
#68020=VECTOR('',#68010,3.18399680751);
#68030=LINE('',#68000,#68020);
#68040=CARTESIAN_POINT('',(0.610065261729592,11.5150730003145,15.8));
#68050=VERTEX_POINT('',#68040);
#68060=EDGE_CURVE('',#68050,#67970,#68030,.T.);
#68070=ORIENTED_EDGE('',*,*,#68060,.T.);
#68080=CARTESIAN_POINT('',(0.610065261729592,11.5150730003145,16.));
#68090=DIRECTION('',(0.,0.,-1.));
#68100=VECTOR('',#68090,1.);
#68110=LINE('',#68080,#68100);
#68120=EDGE_CURVE('',#26490,#68050,#68110,.T.);
#68130=ORIENTED_EDGE('',*,*,#68120,.T.);
#68140=ORIENTED_EDGE('',*,*,#26520,.F.);
#68150=EDGE_LOOP('',(#68140,#68130,#68070,#67990));
#68160=FACE_OUTER_BOUND('',#68150,.T.);
#68170=ADVANCED_FACE('',(#68160),#67910,.T.);
#68180=CARTESIAN_POINT('',(-15.7917734048627,11.8153214820669,16.));
#68190=DIRECTION('',(0.866004736700134,-0.500035794731668,0.));
#68200=DIRECTION('',(-0.500035794731668,-0.866004736700134,0.));
#68210=AXIS2_PLACEMENT_3D('',#68180,#68190,#68200);
#68220=PLANE('',#68210);
#68230=CARTESIAN_POINT('',(-15.7132543885722,11.9513074269633,16.));
#68240=DIRECTION('',(0.,0.,-1.));
#68250=VECTOR('',#68240,1.);
#68260=LINE('',#68230,#68250);
#68270=CARTESIAN_POINT('',(-15.7132543885722,11.9513074269633,16.));
#68280=VERTEX_POINT('',#68270);
#68290=EDGE_CURVE('',#68280,#62390,#68260,.T.);
#68300=ORIENTED_EDGE('',*,*,#68290,.F.);
#68310=ORIENTED_EDGE('',*,*,#62400,.F.);
#68320=ORIENTED_EDGE('',*,*,#2580,.T.);
#68330=CARTESIAN_POINT('',(-22.6140036039814,0.,16.));
#68340=DIRECTION('',(0.500035794731668,0.866004736700134,0.));
#68350=VECTOR('',#68340,1.);
#68360=LINE('',#68330,#68350);
#68370=EDGE_CURVE('',#2550,#68280,#68360,.T.);
#68380=ORIENTED_EDGE('',*,*,#68370,.F.);
#68390=EDGE_LOOP('',(#68380,#68320,#68310,#68300));
#68400=FACE_OUTER_BOUND('',#68390,.T.);
#68410=ADVANCED_FACE('',(#68400),#68220,.T.);
#68420=CARTESIAN_POINT('',(8.70707993110894,1.96696565472134,16.));
#68430=DIRECTION('',(0.,0.,1.));
#68440=DIRECTION('',(1.,0.,0.));
#68450=AXIS2_PLACEMENT_3D('',#68420,#68430,#68440);
#68460=CYLINDRICAL_SURFACE('',#68450,0.210408338638898);
#68470=ORIENTED_EDGE('',*,*,#7140,.F.);
#68480=ORIENTED_EDGE('',*,*,#48980,.F.);
#68490=ORIENTED_EDGE('',*,*,#2180,.T.);
#68500=CARTESIAN_POINT('',(8.70707993110894,1.96696565472134,16.));
#68510=DIRECTION('',(0.,0.,1.));
#68520=DIRECTION('',(1.,0.,0.));
#68530=AXIS2_PLACEMENT_3D('',#68500,#68510,#68520);
#68540=CIRCLE('',#68530,0.210408338638898);
#68550=EDGE_CURVE('',#7130,#2150,#68540,.T.);
#68560=ORIENTED_EDGE('',*,*,#68550,.T.);
#68570=EDGE_LOOP('',(#68560,#68490,#68480,#68470));
#68580=FACE_OUTER_BOUND('',#68570,.T.);
#68590=ADVANCED_FACE('',(#68580),#68460,.F.);
#68600=CARTESIAN_POINT('',(11.3508722986056,3.33461985587417,16.));
#68610=DIRECTION('',(0.,0.,1.));
#68620=DIRECTION('',(1.,0.,0.));
#68630=AXIS2_PLACEMENT_3D('',#68600,#68610,#68620);
#68640=CYLINDRICAL_SURFACE('',#68630,0.157806253979174);
#68650=CARTESIAN_POINT('',(11.1948514651103,3.31094891777731,16.));
#68660=DIRECTION('',(0.,0.,-1.));
#68670=VECTOR('',#68660,1.);
#68680=LINE('',#68650,#68670);
#68690=CARTESIAN_POINT('',(11.1948514651103,3.31094891777731,15.5));
#68700=VERTEX_POINT('',#68690);
#68710=EDGE_CURVE('',#38940,#68700,#68680,.T.);
#68720=ORIENTED_EDGE('',*,*,#68710,.F.);
#68730=CARTESIAN_POINT('',(11.3508722986056,3.33461985587417,15.5));
#68740=DIRECTION('',(0.,0.,1.));
#68750=DIRECTION('',(1.,0.,0.));
#68760=AXIS2_PLACEMENT_3D('',#68730,#68740,#68750);
#68770=CIRCLE('',#68760,0.157806253979174);
#68780=EDGE_CURVE('',#68700,#25390,#68770,.T.);
#68790=ORIENTED_EDGE('',*,*,#68780,.F.);
#68800=ORIENTED_EDGE('',*,*,#25400,.T.);
#68810=ORIENTED_EDGE('',*,*,#39020,.T.);
#68820=EDGE_LOOP('',(#68810,#68800,#68790,#68720));
#68830=FACE_OUTER_BOUND('',#68820,.T.);
#68840=ADVANCED_FACE('',(#68830),#68640,.F.);
#68850=CARTESIAN_POINT('',(-4.0623500643265,9.3000000628734,16.));
#68860=DIRECTION('',(-0.,1.,0.));
#68870=DIRECTION('',(1.,0.,0.));
#68880=AXIS2_PLACEMENT_3D('',#68850,#68860,#68870);
#68890=PLANE('',#68880);
#68900=ORIENTED_EDGE('',*,*,#34180,.F.);
#68910=ORIENTED_EDGE('',*,*,#44680,.F.);
#68920=ORIENTED_EDGE('',*,*,#53090,.T.);
#68930=CARTESIAN_POINT('',(0.,9.3000000628734,16.));
#68940=DIRECTION('',(-1.,0.,0.));
#68950=VECTOR('',#68940,1.);
#68960=LINE('',#68930,#68950);
#68970=EDGE_CURVE('',#53080,#34170,#68960,.T.);
#68980=ORIENTED_EDGE('',*,*,#68970,.F.);
#68990=EDGE_LOOP('',(#68980,#68920,#68910,#68900));
#69000=FACE_OUTER_BOUND('',#68990,.T.);
#69010=ADVANCED_FACE('',(#69000),#68890,.T.);
#69020=CARTESIAN_POINT('',(1.40165656858926E-15,-8.90043634338974,15.8))
;
#69030=DIRECTION('',(0.,0.,1.));
#69040=DIRECTION('',(1.,0.,0.));
#69050=AXIS2_PLACEMENT_3D('',#69020,#69030,#69040);
#69060=PLANE('',#69050);
#69070=ORIENTED_EDGE('',*,*,#25080,.T.);
#69080=CARTESIAN_POINT('',(-10.3097353608791,0.401973999999999,15.8));
#69090=DIRECTION('',(0.,1.,0.));
#69100=VECTOR('',#69090,1.);
#69110=LINE('',#69080,#69100);
#69120=CARTESIAN_POINT('',(-10.3097353608791,9.7302811716906,15.8));
#69130=VERTEX_POINT('',#69120);
#69140=EDGE_CURVE('',#69130,#24990,#69110,.T.);
#69150=ORIENTED_EDGE('',*,*,#69140,.T.);
#69160=CARTESIAN_POINT('',(-7.2108618527965,9.7302811716906,15.8));
#69170=DIRECTION('',(-1.,0.,0.));
#69180=VECTOR('',#69170,1.);
#69190=LINE('',#69160,#69180);
#69200=CARTESIAN_POINT('',(-8.0758422184354,9.7302811716906,15.8));
#69210=VERTEX_POINT('',#69200);
#69220=EDGE_CURVE('',#69210,#69130,#69190,.T.);
#69230=ORIENTED_EDGE('',*,*,#69220,.T.);
#69240=CARTESIAN_POINT('',(-8.0758422184354,0.401973999999999,15.8));
#69250=DIRECTION('',(0.,1.,0.));
#69260=VECTOR('',#69250,1.);
#69270=LINE('',#69240,#69260);
#69280=EDGE_CURVE('',#46050,#69210,#69270,.T.);
#69290=ORIENTED_EDGE('',*,*,#69280,.T.);
#69300=ORIENTED_EDGE('',*,*,#46060,.T.);
#69310=ORIENTED_EDGE('',*,*,#65650,.T.);
#69320=EDGE_LOOP('',(#69310,#69300,#69290,#69230,#69150,#69070));
#69330=FACE_OUTER_BOUND('',#69320,.T.);
#69340=ADVANCED_FACE('',(#69330),#69060,.T.);
#69350=CARTESIAN_POINT('',(14.3659865176167,11.3452306057245,16.));
#69360=DIRECTION('',(-0.999999999999383,-1.11110741628735E-6,-0.));
#69370=DIRECTION('',(-1.11110741628735E-6,0.999999999999383,0.));
#69380=AXIS2_PLACEMENT_3D('',#69350,#69360,#69370);
#69390=PLANE('',#69380);
#69400=CARTESIAN_POINT('',(14.3659873551457,10.5914520847548,16.));
#69410=DIRECTION('',(0.,0.,-1.));
#69420=VECTOR('',#69410,1.);
#69430=LINE('',#69400,#69420);
#69440=CARTESIAN_POINT('',(14.3659873551456,10.5914520847548,16.));
#69450=VERTEX_POINT('',#69440);
#69460=CARTESIAN_POINT('',(14.3659873551456,10.5914520847548,15.5));
#69470=VERTEX_POINT('',#69460);
#69480=EDGE_CURVE('',#69450,#69470,#69430,.T.);
#69490=ORIENTED_EDGE('',*,*,#69480,.F.);
#69500=CARTESIAN_POINT('',(14.3660077696458,-7.78165913454252,15.5));
#69510=DIRECTION('',(1.11110741628735E-6,-0.999999999999383,0.));
#69520=VECTOR('',#69510,1.66666666665794);
#69530=LINE('',#69500,#69520);
#69540=CARTESIAN_POINT('',(14.3659865176167,11.3452306057245,15.5));
#69550=VERTEX_POINT('',#69540);
#69560=EDGE_CURVE('',#69550,#69470,#69530,.T.);
#69570=ORIENTED_EDGE('',*,*,#69560,.T.);
#69580=CARTESIAN_POINT('',(14.3659865176167,11.3452306057245,16.));
#69590=DIRECTION('',(0.,0.,-1.));
#69600=VECTOR('',#69590,1.);
#69610=LINE('',#69580,#69600);
#69620=CARTESIAN_POINT('',(14.3659865176167,11.3452306057245,16.));
#69630=VERTEX_POINT('',#69620);
#69640=EDGE_CURVE('',#69630,#69550,#69610,.T.);
#69650=ORIENTED_EDGE('',*,*,#69640,.T.);
#69660=CARTESIAN_POINT('',(14.3659991233866,0.,16.));
#69670=DIRECTION('',(1.11110741628735E-6,-0.999999999999383,0.));
#69680=VECTOR('',#69670,1.);
#69690=LINE('',#69660,#69680);
#69700=EDGE_CURVE('',#69630,#69450,#69690,.T.);
#69710=ORIENTED_EDGE('',*,*,#69700,.F.);
#69720=EDGE_LOOP('',(#69710,#69650,#69570,#69490));
#69730=FACE_OUTER_BOUND('',#69720,.T.);
#69740=ADVANCED_FACE('',(#69730),#69390,.T.);
#69750=CARTESIAN_POINT('',(-12.5435974987754,9.0897892315014,16.));
#69760=DIRECTION('',(0.766033796090007,0.642800298108155,0.));
#69770=DIRECTION('',(0.642800298108155,-0.766033796090007,0.));
#69780=AXIS2_PLACEMENT_3D('',#69750,#69760,#69770);
#69790=PLANE('',#69780);
#69800=CARTESIAN_POINT('',(-13.0483360281737,9.6912929533351,16.));
#69810=DIRECTION('',(0.,0.,-1.));
#69820=VECTOR('',#69810,1.);
#69830=LINE('',#69800,#69820);
#69840=CARTESIAN_POINT('',(-13.0483360281737,9.69129295333511,16.));
#69850=VERTEX_POINT('',#69840);
#69860=EDGE_CURVE('',#69850,#56110,#69830,.T.);
#69870=ORIENTED_EDGE('',*,*,#69860,.F.);
#69880=ORIENTED_EDGE('',*,*,#56200,.F.);
#69890=ORIENTED_EDGE('',*,*,#3380,.T.);
#69900=CARTESIAN_POINT('',(-4.91610213555142,0.,16.));
#69910=DIRECTION('',(-0.642800298108155,0.766033796090007,0.));
#69920=VECTOR('',#69910,1.);
#69930=LINE('',#69900,#69920);
#69940=EDGE_CURVE('',#3350,#69850,#69930,.T.);
#69950=ORIENTED_EDGE('',*,*,#69940,.F.);
#69960=EDGE_LOOP('',(#69950,#69890,#69880,#69870));
#69970=FACE_OUTER_BOUND('',#69960,.T.);
#69980=ADVANCED_FACE('',(#69970),#69790,.T.);
#69990=CARTESIAN_POINT('',(-15.1117351644648,10.1772892338301,16.));
#70000=DIRECTION('',(-0.866072161537965,-0.499919004448678,-0.));
#70010=DIRECTION('',(-0.499919004448678,0.866072161537965,0.));
#70020=AXIS2_PLACEMENT_3D('',#69990,#70000,#70010);
#70030=PLANE('',#70020);
#70040=CARTESIAN_POINT('',(-15.033231650448,10.04128778666,16.));
#70050=DIRECTION('',(0.,0.,-1.));
#70060=VECTOR('',#70050,1.);
#70070=LINE('',#70040,#70060);
#70080=CARTESIAN_POINT('',(-15.033231650448,10.04128778666,16.));
#70090=VERTEX_POINT('',#70080);
#70100=CARTESIAN_POINT('',(-15.033231650448,10.04128778666,15.8));
#70110=VERTEX_POINT('',#70100);
#70120=EDGE_CURVE('',#70090,#70110,#70070,.T.);
#70130=ORIENTED_EDGE('',*,*,#70120,.F.);
#70140=CARTESIAN_POINT('',(-9.46917317379848,0.401973999999999,15.8));
#70150=DIRECTION('',(-0.499919004448678,0.866072161537965,0.));
#70160=VECTOR('',#70150,1.);
#70170=LINE('',#70140,#70160);
#70180=CARTESIAN_POINT('',(-15.1117351644648,10.1772892338301,15.8));
#70190=VERTEX_POINT('',#70180);
#70200=EDGE_CURVE('',#70110,#70190,#70170,.T.);
#70210=ORIENTED_EDGE('',*,*,#70200,.F.);
#70220=CARTESIAN_POINT('',(-15.1117351644648,10.1772892338301,16.));
#70230=DIRECTION('',(0.,0.,-1.));
#70240=VECTOR('',#70230,1.);
#70250=LINE('',#70220,#70240);
#70260=CARTESIAN_POINT('',(-15.1117351644648,10.1772892338301,16.));
#70270=VERTEX_POINT('',#70260);
#70280=EDGE_CURVE('',#70270,#70190,#70250,.T.);
#70290=ORIENTED_EDGE('',*,*,#70280,.T.);
#70300=CARTESIAN_POINT('',(-9.23714349911479,0.,16.));
#70310=DIRECTION('',(0.499919004448678,-0.866072161537965,0.));
#70320=VECTOR('',#70310,1.);
#70330=LINE('',#70300,#70320);
#70340=EDGE_CURVE('',#70270,#70090,#70330,.T.);
#70350=ORIENTED_EDGE('',*,*,#70340,.F.);
#70360=EDGE_LOOP('',(#70350,#70290,#70210,#70130));
#70370=FACE_OUTER_BOUND('',#70360,.T.);
#70380=ADVANCED_FACE('',(#70370),#70030,.T.);
#70390=CARTESIAN_POINT('',(-12.0390294943878,9.6486772029338,16.));
#70400=DIRECTION('',(0.499990756797496,0.866030740284124,0.));
#70410=DIRECTION('',(0.866030740284124,-0.499990756797496,0.));
#70420=AXIS2_PLACEMENT_3D('',#70390,#70400,#70410);
#70430=PLANE('',#70420);
#70440=ORIENTED_EDGE('',*,*,#19070,.F.);
#70450=CARTESIAN_POINT('',(-7.2108618527965,6.86120202362039,15.8));
#70460=DIRECTION('',(0.866030740284124,-0.499990756797496,0.));
#70470=VECTOR('',#70460,1.);
#70480=LINE('',#70450,#70470);
#70490=CARTESIAN_POINT('',(-12.0390294943878,9.6486772029338,15.8));
#70500=VERTEX_POINT('',#70490);
#70510=EDGE_CURVE('',#18980,#70500,#70480,.T.);
#70520=ORIENTED_EDGE('',*,*,#70510,.F.);
#70530=CARTESIAN_POINT('',(-12.0390294943878,9.6486772029338,16.));
#70540=DIRECTION('',(0.,0.,-1.));
#70550=VECTOR('',#70540,1.);
#70560=LINE('',#70530,#70550);
#70570=CARTESIAN_POINT('',(-12.0390294943878,9.6486772029338,16.));
#70580=VERTEX_POINT('',#70570);
#70590=EDGE_CURVE('',#70580,#70500,#70560,.T.);
#70600=ORIENTED_EDGE('',*,*,#70590,.T.);
#70610=CARTESIAN_POINT('',(0.,2.69811160750065,16.));
#70620=DIRECTION('',(-0.866030740284124,0.499990756797496,0.));
#70630=VECTOR('',#70620,1.);
#70640=LINE('',#70610,#70630);
#70650=EDGE_CURVE('',#70580,#19060,#70640,.T.);
#70660=ORIENTED_EDGE('',*,*,#70650,.F.);
#70670=EDGE_LOOP('',(#70660,#70600,#70520,#70440));
#70680=FACE_OUTER_BOUND('',#70670,.T.);
#70690=ADVANCED_FACE('',(#70680),#70430,.T.);
#70700=CARTESIAN_POINT('',(13.7213362164582,2.22997607801996,16.));
#70710=DIRECTION('',(0.866025403784439,0.5,0.));
#70720=DIRECTION('',(0.5,-0.866025403784439,0.));
#70730=AXIS2_PLACEMENT_3D('',#70700,#70710,#70720);
#70740=PLANE('',#70730);
#70750=CARTESIAN_POINT('',(11.4419817818203,6.17793376727023,16.));
#70760=DIRECTION('',(0.,0.,-1.));
#70770=VECTOR('',#70760,1.);
#70780=LINE('',#70750,#70770);
#70790=EDGE_CURVE('',#39400,#48380,#70780,.T.);
#70800=ORIENTED_EDGE('',*,*,#70790,.F.);
#70810=ORIENTED_EDGE('',*,*,#48390,.T.);
#70820=CARTESIAN_POINT('',(13.7213362164582,2.22997607801996,16.));
#70830=DIRECTION('',(0.,0.,-1.));
#70840=VECTOR('',#70830,1.);
#70850=LINE('',#70820,#70840);
#70860=EDGE_CURVE('',#39480,#48300,#70850,.T.);
#70870=ORIENTED_EDGE('',*,*,#70860,.T.);
#70880=ORIENTED_EDGE('',*,*,#39490,.F.);
#70890=EDGE_LOOP('',(#70880,#70870,#70810,#70800));
#70900=FACE_OUTER_BOUND('',#70890,.T.);
#70910=ADVANCED_FACE('',(#70900),#70740,.T.);
#70920=CARTESIAN_POINT('',(13.9946646661022,1.96696565472134,16.));
#70930=DIRECTION('',(0.,0.,1.));
#70940=DIRECTION('',(1.,0.,0.));
#70950=AXIS2_PLACEMENT_3D('',#70920,#70930,#70940);
#70960=CYLINDRICAL_SURFACE('',#70950,0.210408338638898);
#70970=ORIENTED_EDGE('',*,*,#2340,.F.);
#70980=ORIENTED_EDGE('',*,*,#48900,.F.);
#70990=CARTESIAN_POINT('',(14.1768836325315,2.07216982404078,16.));
#71000=DIRECTION('',(0.,0.,-1.));
#71010=VECTOR('',#71000,1.);
#71020=LINE('',#70990,#71010);
#71030=CARTESIAN_POINT('',(14.1768836325315,2.07216982404079,16.));
#71040=VERTEX_POINT('',#71030);
#71050=EDGE_CURVE('',#71040,#48820,#71020,.T.);
#71060=ORIENTED_EDGE('',*,*,#71050,.T.);
#71070=CARTESIAN_POINT('',(13.9946646661022,1.96696565472134,16.));
#71080=DIRECTION('',(0.,0.,1.));
#71090=DIRECTION('',(1.,0.,0.));
#71100=AXIS2_PLACEMENT_3D('',#71070,#71080,#71090);
#71110=CIRCLE('',#71100,0.210408338638898);
#71120=EDGE_CURVE('',#2330,#71040,#71110,.T.);
#71130=ORIENTED_EDGE('',*,*,#71120,.T.);
#71140=EDGE_LOOP('',(#71130,#71060,#70980,#70970));
#71150=FACE_OUTER_BOUND('',#71140,.T.);
#71160=ADVANCED_FACE('',(#71150),#70960,.F.);
#71170=CARTESIAN_POINT('',(-15.9962483949657,11.25356559,16.));
#71180=DIRECTION('',(-0.173650186042465,-0.984807398879302,-0.));
#71190=DIRECTION('',(-0.984807398879302,0.173650186042465,0.));
#71200=AXIS2_PLACEMENT_3D('',#71170,#71180,#71190);
#71210=PLANE('',#71200);
#71220=ORIENTED_EDGE('',*,*,#17530,.F.);
#71230=ORIENTED_EDGE('',*,*,#37690,.F.);
#71240=CARTESIAN_POINT('',(-15.9962483949657,11.25356559,16.));
#71250=DIRECTION('',(0.,0.,-1.));
#71260=VECTOR('',#71250,1.);
#71270=LINE('',#71240,#71260);
#71280=CARTESIAN_POINT('',(-15.9962483949657,11.25356559,16.));
#71290=VERTEX_POINT('',#71280);
#71300=EDGE_CURVE('',#71290,#37600,#71270,.T.);
#71310=ORIENTED_EDGE('',*,*,#71300,.T.);
#71320=CARTESIAN_POINT('',(0.,8.43296177149872,16.));
#71330=DIRECTION('',(0.984807398879302,-0.173650186042465,0.));
#71340=VECTOR('',#71330,1.);
#71350=LINE('',#71320,#71340);
#71360=EDGE_CURVE('',#71290,#17520,#71350,.T.);
#71370=ORIENTED_EDGE('',*,*,#71360,.F.);
#71380=EDGE_LOOP('',(#71370,#71310,#71230,#71220));
#71390=FACE_OUTER_BOUND('',#71380,.T.);
#71400=ADVANCED_FACE('',(#71390),#71210,.T.);
#71410=CARTESIAN_POINT('',(-16.7340321749318,-15.6,3.5));
#71420=DIRECTION('',(0.,0.,-1.));
#71430=DIRECTION('',(1.,0.,0.));
#71440=AXIS2_PLACEMENT_3D('',#71410,#71420,#71430);
#71450=PLANE('',#71440);
#71460=CARTESIAN_POINT('',(17.7,0.,3.5));
#71470=DIRECTION('',(0.,1.,0.));
#71480=VECTOR('',#71470,1.);
#71490=LINE('',#71460,#71480);
#71500=CARTESIAN_POINT('',(17.7,-6.69306920480842,3.5));
#71510=VERTEX_POINT('',#71500);
#71520=CARTESIAN_POINT('',(17.7,-6.51633650601052,3.5));
#71530=VERTEX_POINT('',#71520);
#71540=EDGE_CURVE('',#71510,#71530,#71490,.T.);
#71550=ORIENTED_EDGE('',*,*,#71540,.T.);
#71560=CARTESIAN_POINT('',(0.,-6.69306920480842,3.5));
#71570=DIRECTION('',(-1.,0.,0.));
#71580=VECTOR('',#71570,1.);
#71590=LINE('',#71560,#71580);
#71600=EDGE_CURVE('',#60830,#71510,#71590,.T.);
#71610=ORIENTED_EDGE('',*,*,#71600,.T.);
#71620=ORIENTED_EDGE('',*,*,#60840,.T.);
#71630=CARTESIAN_POINT('',(0.,-6.51633650601052,3.5));
#71640=DIRECTION('',(1.,0.,0.));
#71650=VECTOR('',#71640,1.);
#71660=LINE('',#71630,#71650);
#71670=EDGE_CURVE('',#71530,#60790,#71660,.T.);
#71680=ORIENTED_EDGE('',*,*,#71670,.T.);
#71690=EDGE_LOOP('',(#71680,#71620,#71610,#71550));
#71700=FACE_OUTER_BOUND('',#71690,.T.);
#71710=ADVANCED_FACE('',(#71700),#71450,.T.);
#71720=CARTESIAN_POINT('',(14.5975324568507,10.9496076531919,16.));
#71730=DIRECTION('',(0.,0.,1.));
#71740=DIRECTION('',(1.,0.,0.));
#71750=AXIS2_PLACEMENT_3D('',#71720,#71730,#71740);
#71760=CYLINDRICAL_SURFACE('',#71750,1.74323032635818);
#71770=CARTESIAN_POINT('',(14.8685039859603,9.2275663060847,16.));
#71780=DIRECTION('',(0.,0.,-1.));
#71790=VECTOR('',#71780,1.);
#71800=LINE('',#71770,#71790);
#71810=CARTESIAN_POINT('',(14.8685039859603,9.22756630608469,16.));
#71820=VERTEX_POINT('',#71810);
#71830=CARTESIAN_POINT('',(14.8685039859603,9.22756630608469,15.5));
#71840=VERTEX_POINT('',#71830);
#71850=EDGE_CURVE('',#71820,#71840,#71800,.T.);
#71860=ORIENTED_EDGE('',*,*,#71850,.F.);
#71870=CARTESIAN_POINT('',(14.5975324568507,10.9496076531919,15.5));
#71880=DIRECTION('',(0.,0.,1.));
#71890=DIRECTION('',(1.,0.,0.));
#71900=AXIS2_PLACEMENT_3D('',#71870,#71880,#71890);
#71910=CIRCLE('',#71900,1.74323032635818);
#71920=CARTESIAN_POINT('',(12.8914910858797,10.5914529222862,15.5));
#71930=VERTEX_POINT('',#71920);
#71940=EDGE_CURVE('',#71930,#71840,#71910,.T.);
#71950=ORIENTED_EDGE('',*,*,#71940,.T.);
#71960=CARTESIAN_POINT('',(12.8914910858797,10.5914529222862,16.));
#71970=DIRECTION('',(0.,0.,-1.));
#71980=VECTOR('',#71970,1.);
#71990=LINE('',#71960,#71980);
#72000=CARTESIAN_POINT('',(12.8914910858797,10.5914529222862,16.));
#72010=VERTEX_POINT('',#72000);
#72020=EDGE_CURVE('',#72010,#71930,#71990,.T.);
#72030=ORIENTED_EDGE('',*,*,#72020,.T.);
#72040=CARTESIAN_POINT('',(14.5975324568507,10.9496076531919,16.));
#72050=DIRECTION('',(0.,0.,1.));
#72060=DIRECTION('',(1.,0.,0.));
#72070=AXIS2_PLACEMENT_3D('',#72040,#72050,#72060);
#72080=CIRCLE('',#72070,1.74323032635818);
#72090=EDGE_CURVE('',#72010,#71820,#72080,.T.);
#72100=ORIENTED_EDGE('',*,*,#72090,.F.);
#72110=EDGE_LOOP('',(#72100,#72030,#71950,#71860));
#72120=FACE_OUTER_BOUND('',#72110,.T.);
#72130=ADVANCED_FACE('',(#72120),#71760,.T.);
#72140=CARTESIAN_POINT('',(6.24125409301637,-1.29125409301637,0.));
#72150=DIRECTION('',(-0.00872620324394422,0.00872620324394422,
-0.99992385047757));
#72160=DIRECTION('',(-0.999961923064171,0.,0.00872653549837393));
#72170=AXIS2_PLACEMENT_3D('',#72140,#72150,#72160);
#72180=CYLINDRICAL_SURFACE('',#72170,0.5);
#72190=ORIENTED_EDGE('',*,*,#5770,.T.);
#72200=CARTESIAN_POINT('',(6.24998096080713,-1.29998096080713,1.));
#72210=DIRECTION('',(0.,0.,1.));
#72220=DIRECTION('',(0.707106781186733,-0.707106781186362,0.));
#72230=AXIS2_PLACEMENT_3D('',#72200,#72210,#72220);
#72240=ELLIPSE('',#72230,0.50003807766081,0.5);
#72250=EDGE_CURVE('',#5680,#57390,#72240,.T.);
#72260=ORIENTED_EDGE('',*,*,#72250,.F.);
#72270=ORIENTED_EDGE('',*,*,#57420,.F.);
#72280=CARTESIAN_POINT('',(6.3765966990996,-1.92657766063169,
15.5043632683109));
#72290=CARTESIAN_POINT('',(6.392215074995,-1.92657884983452,
15.5044995374583));
#72300=CARTESIAN_POINT('',(6.40782507706653,-1.92584841033605,
15.5046293485472));
#72310=CARTESIAN_POINT('',(6.48109321355169,-1.91896946090977,
15.5052085417641));
#72320=CARTESIAN_POINT('',(6.53762045550405,-1.9035359270349,
15.5055670519076));
#72330=CARTESIAN_POINT('',(6.64226940436685,-1.85405246354828,
15.5060483271928));
#72340=CARTESIAN_POINT('',(6.68955686595645,-1.82075254850874,
15.5061703574878));
#72350=CARTESIAN_POINT('',(6.7301547072326,-1.7801547072326,
15.5061703574878));
#72360=CARTESIAN_POINT('',(6.78878249433303,-1.72152692013217,
15.5061703574878));
#72370=CARTESIAN_POINT('',(6.83190639920992,-1.64923685444878,
15.5059159057729));
#72380=CARTESIAN_POINT('',(6.8650695050841,-1.53825884773435,
15.5052370322283));
#72390=CARTESIAN_POINT('',(6.87132115343302,-1.50598842682957,
15.5050100389897));
#72400=CARTESIAN_POINT('',(6.87584563044585,-1.45788031763146,
15.5046298062252));
#72410=CARTESIAN_POINT('',(6.87657885191758,-1.44224273614136,
15.5044997761536));
#72420=CARTESIAN_POINT('',(6.87657766062164,-1.42659669908956,
15.5043632671599));
#72430=B_SPLINE_CURVE_WITH_KNOTS('',3,(#72280,#72290,#72300,#72310,
#72320,#72330,#72340,#72350,#72360,#72370,#72380,#72390,#72400,#72410,
#72420),.UNSPECIFIED.,.F.,.F.,(4,2,2,3,2,2,4),(0.,0.0705590285619957,
0.332458044524685,0.590183100931239,0.962366673686608,1.11011431037045,
1.18086325620121),.UNSPECIFIED.);
#72440=EDGE_CURVE('',#5760,#57410,#72430,.T.);
#72450=ORIENTED_EDGE('',*,*,#72440,.T.);
#72460=EDGE_LOOP('',(#72450,#72270,#72260,#72190));
#72470=FACE_OUTER_BOUND('',#72460,.T.);
#72480=ADVANCED_FACE('',(#72470),#72180,.F.);
#72490=CARTESIAN_POINT('',(-6.24125409301637,-1.29125409301637,0.));
#72500=DIRECTION('',(-0.00872620324394422,-0.00872620324394422,
0.99992385047757));
#72510=DIRECTION('',(0.999961923064171,0.,0.00872653549837393));
#72520=AXIS2_PLACEMENT_3D('',#72490,#72500,#72510);
#72530=CYLINDRICAL_SURFACE('',#72520,0.5);
#72540=ORIENTED_EDGE('',*,*,#50450,.F.);
#72550=CARTESIAN_POINT('',(-6.24998096080713,-1.29998096080713,1.));
#72560=DIRECTION('',(0.,0.,1.));
#72570=DIRECTION('',(0.707106781186733,0.707106781186362,0.));
#72580=AXIS2_PLACEMENT_3D('',#72550,#72560,#72570);
#72590=ELLIPSE('',#72580,0.50003807766081,0.5);
#72600=EDGE_CURVE('',#50380,#5320,#72590,.T.);
#72610=ORIENTED_EDGE('',*,*,#72600,.F.);
#72620=ORIENTED_EDGE('',*,*,#5330,.T.);
#72630=CARTESIAN_POINT('',(-6.87657766063168,-1.4265966990996,
15.5043632683109));
#72640=CARTESIAN_POINT('',(-6.87657884983451,-1.4422150749354,
15.5044995374578));
#72650=CARTESIAN_POINT('',(-6.87584841038482,-1.45782507648732,
15.5046293485426));
#72660=CARTESIAN_POINT('',(-6.86896946094148,-1.53109321343552,
15.5052085417634));
#72670=CARTESIAN_POINT('',(-6.85353592706053,-1.58762045544985,
15.5055670519073));
#72680=CARTESIAN_POINT('',(-6.80405246354827,-1.69226940436685,
15.5060483271928));
#72690=CARTESIAN_POINT('',(-6.77075254850874,-1.73955686595645,
15.5061703574878));
#72700=CARTESIAN_POINT('',(-6.73015470723259,-1.7801547072326,
15.5061703574878));
#72710=CARTESIAN_POINT('',(-6.67152692013216,-1.83878249433303,
15.5061703574878));
#72720=CARTESIAN_POINT('',(-6.59923685444878,-1.88190639920992,
15.5059159057729));
#72730=CARTESIAN_POINT('',(-6.48825884764378,-1.91506950511116,
15.5052370322277));
#72740=CARTESIAN_POINT('',(-6.45598842664421,-1.92132115346893,
15.5050100389884));
#72750=CARTESIAN_POINT('',(-6.40788032057026,-1.92584563016062,
15.5046298062483));
#72760=CARTESIAN_POINT('',(-6.39224273604747,-1.92657885191758,
15.5044997761528));
#72770=CARTESIAN_POINT('',(-6.37659669908955,-1.92657766062164,
15.5043632671599));
#72780=B_SPLINE_CURVE_WITH_KNOTS('',3,(#72630,#72640,#72650,#72660,
#72670,#72680,#72690,#72700,#72710,#72720,#72730,#72740,#72750,#72760,
#72770),.UNSPECIFIED.,.F.,.F.,(4,2,2,3,2,2,4),(0.,0.0705590303798398,
0.332458046611639,0.590183103018195,0.962366675773563,1.11011431288173,
1.18086324408889),.UNSPECIFIED.);
#72790=EDGE_CURVE('',#50200,#5300,#72780,.T.);
#72800=ORIENTED_EDGE('',*,*,#72790,.T.);
#72810=EDGE_LOOP('',(#72800,#72620,#72610,#72540));
#72820=FACE_OUTER_BOUND('',#72810,.T.);
#72830=ADVANCED_FACE('',(#72820),#72530,.F.);
#72840=CARTESIAN_POINT('',(-6.24125409301637,7.69125409301637,0.));
#72850=DIRECTION('',(-0.00872620324394422,0.00872620324394422,
0.99992385047757));
#72860=DIRECTION('',(0.999961923064171,0.,0.00872653549837393));
#72870=AXIS2_PLACEMENT_3D('',#72840,#72850,#72860);
#72880=CYLINDRICAL_SURFACE('',#72870,0.5);
#72890=ORIENTED_EDGE('',*,*,#58460,.F.);
#72900=CARTESIAN_POINT('',(-6.24998096080713,7.69998096080713,1.));
#72910=DIRECTION('',(0.,0.,1.));
#72920=DIRECTION('',(0.707106781186733,-0.707106781186362,0.));
#72930=AXIS2_PLACEMENT_3D('',#72900,#72910,#72920);
#72940=ELLIPSE('',#72930,0.50003807766081,0.5);
#72950=EDGE_CURVE('',#58390,#50300,#72940,.T.);
#72960=ORIENTED_EDGE('',*,*,#72950,.F.);
#72970=ORIENTED_EDGE('',*,*,#50310,.T.);
#72980=ORIENTED_EDGE('',*,*,#55080,.T.);
#72990=EDGE_LOOP('',(#72980,#72970,#72960,#72890));
#73000=FACE_OUTER_BOUND('',#72990,.T.);
#73010=ADVANCED_FACE('',(#73000),#72880,.F.);
#73020=CARTESIAN_POINT('',(6.24125409301637,7.69125409301637,0.));
#73030=DIRECTION('',(-0.00872620324394422,-0.00872620324394422,
-0.99992385047757));
#73040=DIRECTION('',(-0.999961923064171,0.,0.00872653549837393));
#73050=AXIS2_PLACEMENT_3D('',#73020,#73030,#73040);
#73060=CYLINDRICAL_SURFACE('',#73050,0.5);
#73070=ORIENTED_EDGE('',*,*,#57560,.F.);
#73080=CARTESIAN_POINT('',(6.24998096080713,7.69998096080713,1.));
#73090=DIRECTION('',(0.,0.,1.));
#73100=DIRECTION('',(0.707106781186733,0.707106781186362,0.));
#73110=AXIS2_PLACEMENT_3D('',#73080,#73090,#73100);
#73120=ELLIPSE('',#73110,0.50003807766081,0.5);
#73130=EDGE_CURVE('',#57490,#58170,#73120,.T.);
#73140=ORIENTED_EDGE('',*,*,#73130,.F.);
#73150=ORIENTED_EDGE('',*,*,#58630,.T.);
#73160=ORIENTED_EDGE('',*,*,#51960,.T.);
#73170=EDGE_LOOP('',(#73160,#73150,#73140,#73070));
#73180=FACE_OUTER_BOUND('',#73170,.T.);
#73190=ADVANCED_FACE('',(#73180),#73060,.F.);
#73200=CARTESIAN_POINT('',(6.3765966990996,-1.92657766063169,
15.5043632683109));
#73210=CARTESIAN_POINT('',(6.392215074995,-1.92657884983452,
15.5044995374583));
#73220=CARTESIAN_POINT('',(6.40782507706653,-1.92584841033605,
15.5046293485472));
#73230=CARTESIAN_POINT('',(6.48109321355169,-1.91896946090977,
15.5052085417641));
#73240=CARTESIAN_POINT('',(6.53762045550405,-1.9035359270349,
15.5055670519076));
#73250=CARTESIAN_POINT('',(6.64226940436685,-1.85405246354828,
15.5060483271928));
#73260=CARTESIAN_POINT('',(6.68955686595645,-1.82075254850874,
15.5061703574878));
#73270=CARTESIAN_POINT('',(6.7301547072326,-1.7801547072326,
15.5061703574878));
#73280=CARTESIAN_POINT('',(6.78878249433303,-1.72152692013217,
15.5061703574878));
#73290=CARTESIAN_POINT('',(6.83190639920992,-1.64923685444878,
15.5059159057729));
#73300=CARTESIAN_POINT('',(6.8650695050841,-1.53825884773435,
15.5052370322283));
#73310=CARTESIAN_POINT('',(6.87132115343302,-1.50598842682957,
15.5050100389897));
#73320=CARTESIAN_POINT('',(6.87584563044585,-1.45788031763146,
15.5046298062252));
#73330=CARTESIAN_POINT('',(6.87657885191758,-1.44224273614136,
15.5044997761536));
#73340=CARTESIAN_POINT('',(6.87657766062164,-1.42659669908956,
15.5043632671599));
#73350=CARTESIAN_POINT('',(6.3765966990996,-1.9291159536048,
15.7952228337324));
#73360=CARTESIAN_POINT('',(6.39230679019657,-1.92919740203998,
15.7952948626841));
#73370=CARTESIAN_POINT('',(6.40797475814735,-1.92853066026412,
15.7953662657582));
#73380=CARTESIAN_POINT('',(6.48169510422006,-1.92193260812905,
15.79567990227));
#73390=CARTESIAN_POINT('',(6.53869691410598,-1.90660255571964,
15.795864660737));
#73400=CARTESIAN_POINT('',(6.6440702568755,-1.85708266614505,
15.7961213518388));
#73410=CARTESIAN_POINT('',(6.69183170810513,-1.8235395647485,
15.7961861218608));
#73420=CARTESIAN_POINT('',(6.73268561360901,-1.78268561360901,
15.7961835027647));
#73430=CARTESIAN_POINT('',(6.79168324558401,-1.723688066053,
15.7961891233526));
#73440=CARTESIAN_POINT('',(6.8350700398964,-1.6506411966203,
15.7960553668016));
#73450=CARTESIAN_POINT('',(6.86803444856377,-1.53896295765833,
15.7956879941549));
#73460=CARTESIAN_POINT('',(6.8741880719848,-1.50647257925078,
15.7955705047496));
#73470=CARTESIAN_POINT('',(6.87851906565675,-1.45806531501085,
15.795368763765));
#73480=CARTESIAN_POINT('',(6.87919729718493,-1.44234840320608,
15.7952953719861));
#73490=CARTESIAN_POINT('',(6.8791159529872,-1.42659669908956,
15.7952227629621));
#73500=CARTESIAN_POINT('',(6.37659684286034,-2.13568807637029,16.));
#73510=CARTESIAN_POINT('',(6.39788995366995,-2.1357778712571,16.));
#73520=CARTESIAN_POINT('',(6.421536704301,-2.13476082421472,
16.0000000000004));
#73530=CARTESIAN_POINT('',(6.52547199988232,-2.12500246229054,
16.0000000000004));
#73540=CARTESIAN_POINT('',(6.60408588999992,-2.10389121152255,
16.0000000000004));
#73550=CARTESIAN_POINT('',(6.75468312191745,-2.03285958343689,
16.0000000000004));
#73560=CARTESIAN_POINT('',(6.82005697608029,-1.98689288052096,16.));
#73570=CARTESIAN_POINT('',(6.87859529605378,-1.92859529605378,16.));
#73580=CARTESIAN_POINT('',(6.96252480548277,-1.84407512589321,16.));
#73590=CARTESIAN_POINT('',(7.02190876877152,-1.7447357599216,
16.0000000000004));
#73600=CARTESIAN_POINT('',(7.06998652482361,-1.58421430928675,
16.0000000000004));
#73610=CARTESIAN_POINT('',(7.07859450785747,-1.53852680373304,
16.0000000000004));
#73620=CARTESIAN_POINT('',(7.08480704465037,-1.47066489120537,
16.0000000000004));
#73630=CARTESIAN_POINT('',(7.08577496370808,-1.4475099710547,16.));
#73640=CARTESIAN_POINT('',(7.0856879075625,-1.42659760128883,16.));
#73650=CARTESIAN_POINT('',(6.37659684286034,-2.42655871725458,16.));
#73660=CARTESIAN_POINT('',(6.40783170364795,-2.42655877084172,16.));
#73670=CARTESIAN_POINT('',(6.43904924849613,-2.42509534812771,16.));
#73680=CARTESIAN_POINT('',(6.58557612951579,-2.41132701371981,16.));
#73690=CARTESIAN_POINT('',(6.69862485956403,-2.38045336027393,16.));
#73700=CARTESIAN_POINT('',(6.90791106730401,-2.28147958909545,16.));
#73710=CARTESIAN_POINT('',(7.00248668746985,-2.2148756623382,16.));
#73720=CARTESIAN_POINT('',(7.08368117490402,-2.13368117490402,16.));
#73730=CARTESIAN_POINT('',(7.20093502322174,-2.01642732658631,16.));
#73740=CARTESIAN_POINT('',(7.28718951157599,-1.87184819888999,16.));
#73750=CARTESIAN_POINT('',(7.35352685753482,-1.64990642537487,16.));
#73760=CARTESIAN_POINT('',(7.36603411568631,-1.58536988525063,16.));
#73770=CARTESIAN_POINT('',(7.37508979033456,-1.48916042673379,16.));
#73780=CARTESIAN_POINT('',(7.37655835940617,-1.45788769269983,16.));
#73790=CARTESIAN_POINT('',(7.3765584788248,-1.42659760128883,16.));
#73800=(BOUNDED_SURFACE() B_SPLINE_SURFACE(3,3,((#73200,#73350,#73500,
#73650),(#73210,#73360,#73510,#73660),(#73220,#73370,#73520,#73670),(
#73230,#73380,#73530,#73680),(#73240,#73390,#73540,#73690),(#73250,
#73400,#73550,#73700),(#73260,#73410,#73560,#73710),(#73270,#73420,
#73570,#73720),(#73280,#73430,#73580,#73730),(#73290,#73440,#73590,
#73740),(#73300,#73450,#73600,#73750),(#73310,#73460,#73610,#73760),(
#73320,#73470,#73620,#73770),(#73330,#73480,#73630,#73780),(#73340,
#73490,#73640,#73790)),.UNSPECIFIED.,.F.,.F.,.F.) 
B_SPLINE_SURFACE_WITH_KNOTS((4,2,2,3,2,2,4),(4,4),(0.,0.0705590285619957
,0.332458044524685,0.590183100931239,0.962366673686608,1.11011431037045,
1.18086325620121),(0.,1.),.UNSPECIFIED.) GEOMETRIC_REPRESENTATION_ITEM()
 RATIONAL_B_SPLINE_SURFACE(((1.,0.806790250415513,0.806790250415513,1.),
(1.,0.806855613962431,0.806855613962431,1.),(1.,0.806910157647035,
0.806910157647035,1.),(1.,0.807166583308106,0.807166583308106,1.),(1.,
0.807350900995216,0.807350900995216,1.),(1.,0.807573285858,
0.807573285858,1.),(1.,0.807630486214453,0.807630486214453,1.),(1.,
0.80763766952257,0.80763766952257,1.),(1.,0.80762233198561,
0.80762233198561,1.),(1.,0.807499520563439,0.807499520563439,1.),(1.,
0.807199317531669,0.807199317531669,1.),(1.,0.807084224103978,
0.807084224103978,1.),(1.,0.80690418598844,0.80690418598844,1.),(1.,
0.806854355965918,0.806854355965918,1.),(1.,0.806790250415134,
0.806790250415134,1.))) REPRESENTATION_ITEM('') SURFACE());
#73810=CARTESIAN_POINT('',(7.3765584788248,-1.42659760128883,16.));
#73820=CARTESIAN_POINT('',(7.0856879075625,-1.42659760128883,16.));
#73830=CARTESIAN_POINT('',(6.8791159529872,-1.42659669908956,
15.7952227629621));
#73840=CARTESIAN_POINT('',(6.87657766062164,-1.42659669908956,
15.5043632671599));
#73850=(BOUNDED_CURVE() B_SPLINE_CURVE(3,(#73810,#73820,#73830,#73840),
.UNSPECIFIED.,.F.,.F.) B_SPLINE_CURVE_WITH_KNOTS((4,4),(0.,1.),
.UNSPECIFIED.) CURVE() GEOMETRIC_REPRESENTATION_ITEM() 
RATIONAL_B_SPLINE_CURVE((1.,0.806790250415135,0.806790250415135,1.)) 
REPRESENTATION_ITEM(''));
#73860=CARTESIAN_POINT('',(7.3765584788248,-1.42659760128883,16.));
#73870=VERTEX_POINT('',#73860);
#73880=EDGE_CURVE('',#73870,#57410,#73850,.T.);
#73890=ORIENTED_EDGE('',*,*,#73880,.T.);
#73900=CARTESIAN_POINT('',(6.37659684286034,-2.42655871725458,16.));
#73910=CARTESIAN_POINT('',(6.40783170364795,-2.42655877084172,16.));
#73920=CARTESIAN_POINT('',(6.43904924849613,-2.42509534812771,16.));
#73930=CARTESIAN_POINT('',(6.58557612951579,-2.41132701371981,16.));
#73940=CARTESIAN_POINT('',(6.69862485956403,-2.38045336027393,16.));
#73950=CARTESIAN_POINT('',(6.90791106730401,-2.28147958909545,16.));
#73960=CARTESIAN_POINT('',(7.00248668746985,-2.2148756623382,16.));
#73970=CARTESIAN_POINT('',(7.08368117490402,-2.13368117490402,16.));
#73980=CARTESIAN_POINT('',(7.20093502322174,-2.01642732658631,16.));
#73990=CARTESIAN_POINT('',(7.28718951157599,-1.87184819888999,16.));
#74000=CARTESIAN_POINT('',(7.35352685753482,-1.64990642537487,16.));
#74010=CARTESIAN_POINT('',(7.36603411568631,-1.58536988525063,16.));
#74020=CARTESIAN_POINT('',(7.37508979033456,-1.48916042673379,16.));
#74030=CARTESIAN_POINT('',(7.37655835940617,-1.45788769269983,16.));
#74040=CARTESIAN_POINT('',(7.3765584788248,-1.42659760128883,16.));
#74050=B_SPLINE_CURVE_WITH_KNOTS('',3,(#73900,#73910,#73920,#73930,
#73940,#73950,#73960,#73970,#73980,#73990,#74000,#74010,#74020,#74030,
#74040),.UNSPECIFIED.,.F.,.F.,(4,2,2,3,2,2,4),(0.,0.0705590285619957,
0.332458044524685,0.590183100931239,0.962366673686608,1.11011431037045,
1.18086325620121),.UNSPECIFIED.);
#74060=EDGE_CURVE('',#52710,#73870,#74050,.T.);
#74070=ORIENTED_EDGE('',*,*,#74060,.T.);
#74080=ORIENTED_EDGE('',*,*,#52720,.T.);
#74090=ORIENTED_EDGE('',*,*,#72440,.F.);
#74100=EDGE_LOOP('',(#74090,#74080,#74070,#73890));
#74110=FACE_OUTER_BOUND('',#74100,.T.);
#74120=ADVANCED_FACE('',(#74110),#73800,.F.);
#74130=CARTESIAN_POINT('',(-6.87657766063168,-1.4265966990996,
15.5043632683109));
#74140=CARTESIAN_POINT('',(-6.87657884983451,-1.4422150749354,
15.5044995374578));
#74150=CARTESIAN_POINT('',(-6.87584841038482,-1.45782507648732,
15.5046293485426));
#74160=CARTESIAN_POINT('',(-6.86896946094148,-1.53109321343552,
15.5052085417634));
#74170=CARTESIAN_POINT('',(-6.85353592706053,-1.58762045544985,
15.5055670519073));
#74180=CARTESIAN_POINT('',(-6.80405246354827,-1.69226940436685,
15.5060483271928));
#74190=CARTESIAN_POINT('',(-6.77075254850874,-1.73955686595645,
15.5061703574878));
#74200=CARTESIAN_POINT('',(-6.73015470723259,-1.7801547072326,
15.5061703574878));
#74210=CARTESIAN_POINT('',(-6.67152692013216,-1.83878249433303,
15.5061703574878));
#74220=CARTESIAN_POINT('',(-6.59923685444878,-1.88190639920992,
15.5059159057729));
#74230=CARTESIAN_POINT('',(-6.48825884764378,-1.91506950511116,
15.5052370322277));
#74240=CARTESIAN_POINT('',(-6.45598842664421,-1.92132115346893,
15.5050100389884));
#74250=CARTESIAN_POINT('',(-6.40788032057026,-1.92584563016062,
15.5046298062483));
#74260=CARTESIAN_POINT('',(-6.39224273604747,-1.92657885191758,
15.5044997761528));
#74270=CARTESIAN_POINT('',(-6.37659669908955,-1.92657766062164,
15.5043632671599));
#74280=CARTESIAN_POINT('',(-6.8791159535951,-1.4265966990996,
15.7952228326212));
#74290=CARTESIAN_POINT('',(-6.87919740202901,-1.44230679013638,
15.7952948615127));
#74300=CARTESIAN_POINT('',(-6.87853066031043,-1.45797475756451,
15.7953662657463));
#74310=CARTESIAN_POINT('',(-6.87193260816055,-1.53169510410292,
15.7956799022696));
#74320=CARTESIAN_POINT('',(-6.85660255574528,-1.5886969140514,
15.7958646607369));
#74330=CARTESIAN_POINT('',(-6.80708266614505,-1.6940702568755,
15.7961213518388));
#74340=CARTESIAN_POINT('',(-6.7735395647485,-1.74183170810513,
15.7961861218608));
#74350=CARTESIAN_POINT('',(-6.73268561360901,-1.78268561360901,
15.7961835027647));
#74360=CARTESIAN_POINT('',(-6.673688066053,-1.84168324558401,
15.7961891233526));
#74370=CARTESIAN_POINT('',(-6.60064119662031,-1.88507003989639,
15.7960553668016));
#74380=CARTESIAN_POINT('',(-6.48896295756718,-1.91803444859067,
15.7956879941547));
#74390=CARTESIAN_POINT('',(-6.45647257906416,-1.92418807202014,
15.7955705047489));
#74400=CARTESIAN_POINT('',(-6.40806531796813,-1.92851906538392,
15.7953687638418));
#74410=CARTESIAN_POINT('',(-6.39234840311202,-1.92919729717236,
15.7952953706193));
#74420=CARTESIAN_POINT('',(-6.37659669908956,-1.92911595297197,
15.7952227612178));
#74430=CARTESIAN_POINT('',(-7.08568807369426,-1.4265968371347,16.));
#74440=CARTESIAN_POINT('',(-7.08577786864608,-1.4478899497307,16.));
#74450=CARTESIAN_POINT('',(-7.08476082429701,-1.47153670349304,
16.0000000000004));
#74460=CARTESIAN_POINT('',(-7.07500246233452,-1.57547199972076,
16.0000000000004));
#74470=CARTESIAN_POINT('',(-7.05389121155883,-1.65408588992185,
16.0000000000004));
#74480=CARTESIAN_POINT('',(-6.98285958343688,-1.80468312191744,
16.0000000000004));
#74490=CARTESIAN_POINT('',(-6.93689288052096,-1.87005697608028,16.));
#74500=CARTESIAN_POINT('',(-6.87859529605378,-1.92859529605378,16.));
#74510=CARTESIAN_POINT('',(-6.79407512589321,-2.01252480548277,16.));
#74520=CARTESIAN_POINT('',(-6.6947357599216,-2.07190876877152,
16.0000000000004));
#74530=CARTESIAN_POINT('',(-6.53421430915571,-2.11998652486236,
16.0000000000004));
#74540=CARTESIAN_POINT('',(-6.48852680347074,-2.12859450790706,
16.0000000000004));
#74550=CARTESIAN_POINT('',(-6.42066489533297,-2.13480704416127,
16.0000000000004));
#74560=CARTESIAN_POINT('',(-6.39750999574492,-2.13577495909224,16.));
#74570=CARTESIAN_POINT('',(-6.3765976387101,-2.13568790336169,16.));
#74580=CARTESIAN_POINT('',(-7.37655871346728,-1.4265968371347,16.));
#74590=CARTESIAN_POINT('',(-7.37655876705442,-1.45783169965147,16.));
#74600=CARTESIAN_POINT('',(-7.37509534822534,-1.48904924733779,16.));
#74610=CARTESIAN_POINT('',(-7.36132701378326,-1.63557612928347,16.));
#74620=CARTESIAN_POINT('',(-7.33045336032519,-1.74862485945564,16.));
#74630=CARTESIAN_POINT('',(-7.23147958909545,-1.957911067304,16.));
#74640=CARTESIAN_POINT('',(-7.1648756623382,-2.05248668746984,16.));
#74650=CARTESIAN_POINT('',(-7.08368117490402,-2.13368117490402,16.));
#74660=CARTESIAN_POINT('',(-6.96642732658631,-2.25093502322173,16.));
#74670=CARTESIAN_POINT('',(-6.82184819888999,-2.33718951157599,16.));
#74680=CARTESIAN_POINT('',(-6.59990642519374,-2.40352685758896,16.));
#74690=CARTESIAN_POINT('',(-6.53536988487994,-2.41603411575815,16.));
#74700=CARTESIAN_POINT('',(-6.43916043261097,-2.42508978976368,16.));
#74710=CARTESIAN_POINT('',(-6.40788771737343,-2.426558353461,16.));
#74720=CARTESIAN_POINT('',(-6.3765976387101,-2.42655847287957,16.));
#74730=(BOUNDED_SURFACE() B_SPLINE_SURFACE(3,3,((#74130,#74280,#74430,
#74580),(#74140,#74290,#74440,#74590),(#74150,#74300,#74450,#74600),(
#74160,#74310,#74460,#74610),(#74170,#74320,#74470,#74620),(#74180,
#74330,#74480,#74630),(#74190,#74340,#74490,#74640),(#74200,#74350,
#74500,#74650),(#74210,#74360,#74510,#74660),(#74220,#74370,#74520,
#74670),(#74230,#74380,#74530,#74680),(#74240,#74390,#74540,#74690),(
#74250,#74400,#74550,#74700),(#74260,#74410,#74560,#74710),(#74270,
#74420,#74570,#74720)),.UNSPECIFIED.,.F.,.F.,.F.) 
B_SPLINE_SURFACE_WITH_KNOTS((4,2,2,3,2,2,4),(4,4),(0.,0.0705590303798398
,0.332458046611639,0.590183103018195,0.962366675773563,1.11011431288173,
1.18086324408889),(0.,1.),.UNSPECIFIED.) GEOMETRIC_REPRESENTATION_ITEM()
 RATIONAL_B_SPLINE_SURFACE(((1.,0.806790250415514,0.806790250415514,1.),
(1.,0.806855613957951,0.806855613957951,1.),(1.,0.806910157648419,
0.806910157648419,1.),(1.,0.807166583307741,0.807166583307741,1.),(1.,
0.807350900995086,0.807350900995086,1.),(1.,0.807573285857996,
0.807573285857996,1.),(1.,0.807630486214454,0.807630486214454,1.),(1.,
0.80763766952257,0.80763766952257,1.),(1.,0.807622331985611,
0.807622331985611,1.),(1.,0.807499520563437,0.807499520563437,1.),(1.,
0.807199317531398,0.807199317531398,1.),(1.,0.807084224103328,
0.807084224103328,1.),(1.,0.806904185981456,0.806904185981456,1.),(1.,
0.806854356028379,0.806854356028379,1.),(1.,0.806790250415103,
0.806790250415103,1.))) REPRESENTATION_ITEM('') SURFACE());
#74740=ORIENTED_EDGE('',*,*,#52920,.T.);
#74750=CARTESIAN_POINT('',(-7.37655871346728,-1.4265968371347,16.));
#74760=CARTESIAN_POINT('',(-7.37655876705442,-1.45783169965147,16.));
#74770=CARTESIAN_POINT('',(-7.37509534822534,-1.48904924733779,16.));
#74780=CARTESIAN_POINT('',(-7.36132701378326,-1.63557612928347,16.));
#74790=CARTESIAN_POINT('',(-7.33045336032519,-1.74862485945564,16.));
#74800=CARTESIAN_POINT('',(-7.23147958909545,-1.957911067304,16.));
#74810=CARTESIAN_POINT('',(-7.1648756623382,-2.05248668746984,16.));
#74820=CARTESIAN_POINT('',(-7.08368117490402,-2.13368117490402,16.));
#74830=CARTESIAN_POINT('',(-6.96642732658631,-2.25093502322173,16.));
#74840=CARTESIAN_POINT('',(-6.82184819888999,-2.33718951157599,16.));
#74850=CARTESIAN_POINT('',(-6.59990642519374,-2.40352685758896,16.));
#74860=CARTESIAN_POINT('',(-6.53536988487994,-2.41603411575815,16.));
#74870=CARTESIAN_POINT('',(-6.43916043261097,-2.42508978976368,16.));
#74880=CARTESIAN_POINT('',(-6.40788771737343,-2.426558353461,16.));
#74890=CARTESIAN_POINT('',(-6.3765976387101,-2.42655847287957,16.));
#74900=B_SPLINE_CURVE_WITH_KNOTS('',3,(#74750,#74760,#74770,#74780,
#74790,#74800,#74810,#74820,#74830,#74840,#74850,#74860,#74870,#74880,
#74890),.UNSPECIFIED.,.F.,.F.,(4,2,2,3,2,2,4),(0.,0.0705590303798398,
0.332458046611639,0.590183103018195,0.962366675773563,1.11011431288173,
1.18086324408889),.UNSPECIFIED.);
#74910=CARTESIAN_POINT('',(-7.37655862215887,-1.42659683713447,16.));
#74920=VERTEX_POINT('',#74910);
#74930=EDGE_CURVE('',#74920,#52840,#74900,.T.);
#74940=ORIENTED_EDGE('',*,*,#74930,.T.);
#74950=CARTESIAN_POINT('',(-6.87657766063168,-1.4265966990996,
15.5043632683109));
#74960=CARTESIAN_POINT('',(-6.8791159535951,-1.4265966990996,
15.7952228326212));
#74970=CARTESIAN_POINT('',(-7.08568807369426,-1.4265968371347,16.));
#74980=CARTESIAN_POINT('',(-7.37655871346728,-1.4265968371347,16.));
#74990=(BOUNDED_CURVE() B_SPLINE_CURVE(3,(#74950,#74960,#74970,#74980),
.UNSPECIFIED.,.F.,.F.) B_SPLINE_CURVE_WITH_KNOTS((4,4),(0.,1.),
.UNSPECIFIED.) CURVE() GEOMETRIC_REPRESENTATION_ITEM() 
RATIONAL_B_SPLINE_CURVE((1.,0.806790250415515,0.806790250415515,1.)) 
REPRESENTATION_ITEM(''));
#75000=EDGE_CURVE('',#50200,#74920,#74990,.T.);
#75010=ORIENTED_EDGE('',*,*,#75000,.T.);
#75020=ORIENTED_EDGE('',*,*,#72790,.F.);
#75030=EDGE_LOOP('',(#75020,#75010,#74940,#74740));
#75040=FACE_OUTER_BOUND('',#75030,.T.);
#75050=ADVANCED_FACE('',(#75040),#74730,.F.);
#75060=CARTESIAN_POINT('',(-14.5433908060754,12.8628256182496,16.));
#75070=DIRECTION('',(-0.939691930685396,-0.342022039355291,-0.));
#75080=DIRECTION('',(-0.342022039355291,0.939691930685396,0.));
#75090=AXIS2_PLACEMENT_3D('',#75060,#75070,#75080);
#75100=PLANE('',#75090);
#75110=ORIENTED_EDGE('',*,*,#66370,.F.);
#75120=ORIENTED_EDGE('',*,*,#30020,.F.);
#75130=CARTESIAN_POINT('',(-14.5433908060754,12.8628256182496,16.));
#75140=DIRECTION('',(0.,0.,-1.));
#75150=VECTOR('',#75140,1.);
#75160=LINE('',#75130,#75150);
#75170=CARTESIAN_POINT('',(-14.5433908060754,12.8628256182496,16.));
#75180=VERTEX_POINT('',#75170);
#75190=EDGE_CURVE('',#75180,#29910,#75160,.T.);
#75200=ORIENTED_EDGE('',*,*,#75190,.T.);
#75210=CARTESIAN_POINT('',(-9.86167576078775,0.,16.));
#75220=DIRECTION('',(0.342022039355291,-0.939691930685396,0.));
#75230=VECTOR('',#75220,1.);
#75240=LINE('',#75210,#75230);
#75250=EDGE_CURVE('',#75180,#66360,#75240,.T.);
#75260=ORIENTED_EDGE('',*,*,#75250,.F.);
#75270=EDGE_LOOP('',(#75260,#75200,#75120,#75110));
#75280=FACE_OUTER_BOUND('',#75270,.T.);
#75290=ADVANCED_FACE('',(#75280),#75100,.T.);
#75300=CARTESIAN_POINT('',(-7.37655862215887,-1.92659683723447,16.));
#75310=CARTESIAN_POINT('',(-7.37655862215887,-0.21773122482298,16.));
#75320=CARTESIAN_POINT('',(-7.37655862215887,1.49113438758851,16.));
#75330=CARTESIAN_POINT('',(-7.37655862215887,4.71873174559552,16.));
#75340=CARTESIAN_POINT('',(-7.37655862215887,6.23746349119104,16.));
#75350=CARTESIAN_POINT('',(-7.37655862215887,7.7796625412522,16.));
#75360=CARTESIAN_POINT('',(-7.37655847882479,7.80313014645469,16.));
#75370=CARTESIAN_POINT('',(-7.37655847882479,7.82659760128883,16.));
#75380=CARTESIAN_POINT('',(-7.08568800901278,-1.92659683723447,16.));
#75390=CARTESIAN_POINT('',(-7.08568800901278,-0.217731224822977,16.));
#75400=CARTESIAN_POINT('',(-7.08568800901278,1.49113438758851,16.));
#75410=CARTESIAN_POINT('',(-7.08568800901278,4.71873174559552,16.));
#75420=CARTESIAN_POINT('',(-7.08568800901278,6.23746349119104,16.));
#75430=CARTESIAN_POINT('',(-7.08568800901281,7.7796625412522,16.));
#75440=CARTESIAN_POINT('',(-7.08568790756281,7.80313014645469,16.));
#75450=CARTESIAN_POINT('',(-7.0856879075625,7.82659760128883,16.));
#75460=CARTESIAN_POINT('',(-6.87911595335784,-1.92659683723447,
15.7952228054336));
#75470=CARTESIAN_POINT('',(-6.87911595335784,-0.217731224822977,
15.7952228054336));
#75480=CARTESIAN_POINT('',(-6.87911595335784,1.49113438758851,
15.7952228054336));
#75490=CARTESIAN_POINT('',(-6.87911595335784,4.71873174559552,
15.7952228054336));
#75500=CARTESIAN_POINT('',(-6.87911595335784,6.23746349119104,
15.7952228054336));
#75510=CARTESIAN_POINT('',(-6.87911595335784,7.7796625412522,
15.7952228054336));
#75520=CARTESIAN_POINT('',(-6.87911595298719,7.80312954498856,
15.7952227629618));
#75530=CARTESIAN_POINT('',(-6.8791159529872,7.82659669908956,
15.7952227629621));
#75540=CARTESIAN_POINT('',(-6.87657766062679,-1.92659683723447,
15.5043632677492));
#75550=CARTESIAN_POINT('',(-6.87657766062679,-0.21773122482298,
15.5043632677492));
#75560=CARTESIAN_POINT('',(-6.87657766062679,1.49113438758851,
15.5043632677492));
#75570=CARTESIAN_POINT('',(-6.87657766062679,4.71873174559552,
15.5043632677492));
#75580=CARTESIAN_POINT('',(-6.87657766062679,6.23746349119104,
15.5043632677492));
#75590=CARTESIAN_POINT('',(-6.87657766062679,7.7796625412522,
15.5043632677492));
#75600=CARTESIAN_POINT('',(-6.87657766062164,7.80312954498856,
15.5043632671599));
#75610=CARTESIAN_POINT('',(-6.87657766062164,7.82659669908956,
15.5043632671599));
#75620=(BOUNDED_SURFACE() B_SPLINE_SURFACE(3,3,((#75300,#75380,#75460,
#75540),(#75310,#75390,#75470,#75550),(#75320,#75400,#75480,#75560),(
#75330,#75410,#75490,#75570),(#75340,#75420,#75500,#75580),(#75350,
#75430,#75510,#75590),(#75360,#75440,#75520,#75600),(#75370,#75450,
#75530,#75610)),.UNSPECIFIED.,.F.,.F.,.F.) B_SPLINE_SURFACE_WITH_KNOTS((
4,2,2,4),(4,4),(-1.92659683723447,3.2,7.75619523678657,7.82659715018349)
,(0.,1.),.UNSPECIFIED.) GEOMETRIC_REPRESENTATION_ITEM() 
RATIONAL_B_SPLINE_SURFACE(((1.,0.806790250415523,0.806790250415523,1.),(
1.,0.806790250415523,0.806790250415523,1.),(1.,0.806790250415523,
0.806790250415523,1.),(1.,0.806790250415523,0.806790250415523,1.),(1.,
0.806790250415523,0.806790250415523,1.),(1.,0.80679025041556,
0.80679025041556,1.),(1.,0.806790250415459,0.806790250415459,1.),(1.,
0.806790250415136,0.806790250415136,1.))) REPRESENTATION_ITEM('') 
SURFACE());
#75630=ORIENTED_EDGE('',*,*,#54610,.T.);
#75640=ORIENTED_EDGE('',*,*,#50230,.T.);
#75650=ORIENTED_EDGE('',*,*,#75000,.F.);
#75660=CARTESIAN_POINT('',(-7.37655862215887,-1.92659683713447,16.));
#75670=CARTESIAN_POINT('',(-7.37655862215887,-0.217731224756314,16.));
#75680=CARTESIAN_POINT('',(-7.37655862215887,1.49113438762184,16.));
#75690=CARTESIAN_POINT('',(-7.37655862215887,4.71873174559552,16.));
#75700=CARTESIAN_POINT('',(-7.37655862215887,6.23746349119104,16.));
#75710=CARTESIAN_POINT('',(-7.37655862215887,7.7796625412522,16.));
#75720=CARTESIAN_POINT('',(-7.37655847882479,7.80313014645469,16.));
#75730=CARTESIAN_POINT('',(-7.37655847882479,7.82659760128883,16.));
#75740=B_SPLINE_CURVE_WITH_KNOTS('',3,(#75660,#75670,#75680,#75690,
#75700,#75710,#75720,#75730),.UNSPECIFIED.,.F.,.F.,(4,2,2,4),(
-1.92659683713447,3.2,7.75619523678657,7.82659715018349),.UNSPECIFIED.);
#75750=EDGE_CURVE('',#74920,#54600,#75740,.T.);
#75760=ORIENTED_EDGE('',*,*,#75750,.F.);
#75770=EDGE_LOOP('',(#75760,#75650,#75640,#75630));
#75780=FACE_OUTER_BOUND('',#75770,.T.);
#75790=ADVANCED_FACE('',(#75780),#75620,.F.);
#75800=CARTESIAN_POINT('',(-11.7287824908297,11.0988994052951,16.));
#75810=DIRECTION('',(-0.173653562217084,0.984806803555559,0.));
#75820=DIRECTION('',(0.984806803555559,0.173653562217084,0.));
#75830=AXIS2_PLACEMENT_3D('',#75800,#75810,#75820);
#75840=PLANE('',#75830);
#75850=CARTESIAN_POINT('',(-12.5020824098068,10.9625414058299,16.));
#75860=DIRECTION('',(0.,0.,-1.));
#75870=VECTOR('',#75860,1.);
#75880=LINE('',#75850,#75870);
#75890=CARTESIAN_POINT('',(-12.5020824098068,10.9625414058299,16.));
#75900=VERTEX_POINT('',#75890);
#75910=CARTESIAN_POINT('',(-12.5020824098068,10.9625414058299,15.8));
#75920=VERTEX_POINT('',#75910);
#75930=EDGE_CURVE('',#75900,#75920,#75880,.T.);
#75940=ORIENTED_EDGE('',*,*,#75930,.F.);
#75950=CARTESIAN_POINT('',(-7.2108618527965,11.8955561807926,15.8));
#75960=DIRECTION('',(0.984806803555559,0.173653562217084,0.));
#75970=VECTOR('',#75960,1.);
#75980=LINE('',#75950,#75970);
#75990=CARTESIAN_POINT('',(-11.7287824908297,11.0988994052951,15.8));
#76000=VERTEX_POINT('',#75990);
#76010=EDGE_CURVE('',#75920,#76000,#75980,.T.);
#76020=ORIENTED_EDGE('',*,*,#76010,.F.);
#76030=CARTESIAN_POINT('',(-11.7287824908297,11.0988994052951,16.));
#76040=DIRECTION('',(0.,0.,-1.));
#76050=VECTOR('',#76040,1.);
#76060=LINE('',#76030,#76050);
#76070=CARTESIAN_POINT('',(-11.7287824908297,11.0988994052951,16.));
#76080=VERTEX_POINT('',#76070);
#76090=EDGE_CURVE('',#76080,#76000,#76060,.T.);
#76100=ORIENTED_EDGE('',*,*,#76090,.T.);
#76110=CARTESIAN_POINT('',(0.,13.1670663316896,16.));
#76120=DIRECTION('',(-0.984806803555559,-0.173653562217084,0.));
#76130=VECTOR('',#76120,1.);
#76140=LINE('',#76110,#76130);
#76150=EDGE_CURVE('',#76080,#75900,#76140,.T.);
#76160=ORIENTED_EDGE('',*,*,#76150,.F.);
#76170=EDGE_LOOP('',(#76160,#76100,#76020,#75940));
#76180=FACE_OUTER_BOUND('',#76170,.T.);
#76190=ADVANCED_FACE('',(#76180),#75840,.T.);
#76200=CARTESIAN_POINT('',(-12.5435974987754,12.5102264029431,16.));
#76210=DIRECTION('',(-0.642879522013541,-0.765967310122071,-0.));
#76220=DIRECTION('',(-0.765967310122071,0.642879522013541,0.));
#76230=AXIS2_PLACEMENT_3D('',#76200,#76210,#76220);
#76240=PLANE('',#76230);
#76250=CARTESIAN_POINT('',(-12.4232998548634,12.409260094335,16.));
#76260=DIRECTION('',(0.,0.,-1.));
#76270=VECTOR('',#76260,1.);
#76280=LINE('',#76250,#76270);
#76290=CARTESIAN_POINT('',(-12.4232998548634,12.409260094335,16.));
#76300=VERTEX_POINT('',#76290);
#76310=EDGE_CURVE('',#76300,#28020,#76280,.T.);
#76320=ORIENTED_EDGE('',*,*,#76310,.F.);
#76330=ORIENTED_EDGE('',*,*,#28030,.F.);
#76340=ORIENTED_EDGE('',*,*,#64430,.T.);
#76350=CARTESIAN_POINT('',(0.,1.9823332960456,16.));
#76360=DIRECTION('',(0.765967310122071,-0.642879522013541,0.));
#76370=VECTOR('',#76360,1.);
#76380=LINE('',#76350,#76370);
#76390=EDGE_CURVE('',#64420,#76300,#76380,.T.);
#76400=ORIENTED_EDGE('',*,*,#76390,.F.);
#76410=EDGE_LOOP('',(#76400,#76340,#76330,#76320));
#76420=FACE_OUTER_BOUND('',#76410,.T.);
#76430=ADVANCED_FACE('',(#76420),#76240,.T.);
#76440=CARTESIAN_POINT('',(-15.3289840280966,9.1907245355621,16.));
#76450=DIRECTION('',(0.766041953406239,-0.642790576798971,0.));
#76460=DIRECTION('',(-0.642790576798971,-0.766041953406239,0.));
#76470=AXIS2_PLACEMENT_3D('',#76440,#76450,#76460);
#76480=PLANE('',#76470);
#76490=ORIENTED_EDGE('',*,*,#57180,.F.);
#76500=CARTESIAN_POINT('',(-22.7036793707946,0.401973999999999,15.8));
#76510=DIRECTION('',(-0.642790576798971,-0.766041953406239,0.));
#76520=VECTOR('',#76510,1.);
#76530=LINE('',#76500,#76520);
#76540=CARTESIAN_POINT('',(-15.3289840280966,9.1907245355621,15.8));
#76550=VERTEX_POINT('',#76540);
#76560=EDGE_CURVE('',#57090,#76550,#76530,.T.);
#76570=ORIENTED_EDGE('',*,*,#76560,.F.);
#76580=CARTESIAN_POINT('',(-15.3289840280966,9.1907245355621,16.));
#76590=DIRECTION('',(0.,0.,-1.));
#76600=VECTOR('',#76590,1.);
#76610=LINE('',#76580,#76600);
#76620=CARTESIAN_POINT('',(-15.3289840280966,9.1907245355621,16.));
#76630=VERTEX_POINT('',#76620);
#76640=EDGE_CURVE('',#76630,#76550,#76610,.T.);
#76650=ORIENTED_EDGE('',*,*,#76640,.T.);
#76660=CARTESIAN_POINT('',(-23.0409782591508,0.,16.));
#76670=DIRECTION('',(0.642790576798971,0.766041953406239,0.));
#76680=VECTOR('',#76670,1.);
#76690=LINE('',#76660,#76680);
#76700=EDGE_CURVE('',#76630,#57170,#76690,.T.);
#76710=ORIENTED_EDGE('',*,*,#76700,.F.);
#76720=EDGE_LOOP('',(#76710,#76650,#76570,#76490));
#76730=FACE_OUTER_BOUND('',#76720,.T.);
#76740=ADVANCED_FACE('',(#76730),#76480,.T.);
#76750=CARTESIAN_POINT('',(-12.9280383842617,11.8077408702276,16.));
#76760=DIRECTION('',(0.642821604444749,0.766015916844473,0.));
#76770=DIRECTION('',(0.766015916844473,-0.642821604444749,0.));
#76780=AXIS2_PLACEMENT_3D('',#76750,#76760,#76770);
#76790=PLANE('',#76780);
#76800=ORIENTED_EDGE('',*,*,#64520,.F.);
#76810=ORIENTED_EDGE('',*,*,#28170,.F.);
#76820=CARTESIAN_POINT('',(-12.9280383842617,11.8077408702276,16.));
#76830=DIRECTION('',(0.,0.,-1.));
#76840=VECTOR('',#76830,1.);
#76850=LINE('',#76820,#76840);
#76860=CARTESIAN_POINT('',(-12.9280383842617,11.8077408702276,16.));
#76870=VERTEX_POINT('',#76860);
#76880=EDGE_CURVE('',#76870,#28100,#76850,.T.);
#76890=ORIENTED_EDGE('',*,*,#76880,.T.);
#76900=CARTESIAN_POINT('',(0.,0.958850927146032,16.));
#76910=DIRECTION('',(-0.766015916844473,0.642821604444749,0.));
#76920=VECTOR('',#76910,1.);
#76930=LINE('',#76900,#76920);
#76940=EDGE_CURVE('',#76870,#64510,#76930,.T.);
#76950=ORIENTED_EDGE('',*,*,#76940,.F.);
#76960=EDGE_LOOP('',(#76950,#76890,#76810,#76800));
#76970=FACE_OUTER_BOUND('',#76960,.T.);
#76980=ADVANCED_FACE('',(#76970),#76790,.T.);
#76990=CARTESIAN_POINT('',(1.20260663682151,0.,2.));
#77000=DIRECTION('',(1.81260901979617E-16,1.,0.));
#77010=DIRECTION('',(1.,-1.81260901979617E-16,0.));
#77020=AXIS2_PLACEMENT_3D('',#76990,#77000,#77010);
#77030=CYLINDRICAL_SURFACE('',#77020,0.3);
#77040=ORIENTED_EDGE('',*,*,#58280,.T.);
#77050=ORIENTED_EDGE('',*,*,#36110,.F.);
#77060=CARTESIAN_POINT('',(1.20260663682151,9.00872686779076,2.));
#77070=DIRECTION('',(0.,-0.999961923064171,0.00872653549837393));
#77080=DIRECTION('',(-2.07712329839883E-14,-0.00872653549837393,
-0.999961923064171));
#77090=AXIS2_PLACEMENT_3D('',#77060,#77070,#77080);
#77100=ELLIPSE('',#77090,0.300011423515721,0.3);
#77110=EDGE_CURVE('',#36020,#59620,#77100,.T.);
#77120=ORIENTED_EDGE('',*,*,#77110,.F.);
#77130=ORIENTED_EDGE('',*,*,#59630,.T.);
#77140=EDGE_LOOP('',(#77130,#77120,#77050,#77040));
#77150=FACE_OUTER_BOUND('',#77140,.T.);
#77160=ADVANCED_FACE('',(#77150),#77030,.F.);
#77170=CARTESIAN_POINT('',(11.3508722986056,2.59819067063803,16.));
#77180=DIRECTION('',(0.,0.,1.));
#77190=DIRECTION('',(1.,0.,0.));
#77200=AXIS2_PLACEMENT_3D('',#77170,#77180,#77190);
#77210=CYLINDRICAL_SURFACE('',#77200,0.315612507958347);
#77220=CARTESIAN_POINT('',(11.6664848065639,2.59819067063803,16.));
#77230=DIRECTION('',(0.,0.,1.));
#77240=VECTOR('',#77230,1.);
#77250=LINE('',#77220,#77240);
#77260=CARTESIAN_POINT('',(11.6664848065639,2.59819067063803,15.5));
#77270=VERTEX_POINT('',#77260);
#77280=EDGE_CURVE('',#77270,#38710,#77250,.T.);
#77290=ORIENTED_EDGE('',*,*,#77280,.F.);
#77300=ORIENTED_EDGE('',*,*,#38760,.T.);
#77310=CARTESIAN_POINT('',(11.0352597906472,2.59819067063803,16.));
#77320=DIRECTION('',(0.,0.,1.));
#77330=VECTOR('',#77320,1.);
#77340=LINE('',#77310,#77330);
#77350=CARTESIAN_POINT('',(11.0352597906472,2.59819067063803,15.5));
#77360=VERTEX_POINT('',#77350);
#77370=EDGE_CURVE('',#77360,#38730,#77340,.T.);
#77380=ORIENTED_EDGE('',*,*,#77370,.T.);
#77390=CARTESIAN_POINT('',(11.3508722986056,2.59819067063803,15.5));
#77400=DIRECTION('',(0.,0.,1.));
#77410=DIRECTION('',(1.,0.,0.));
#77420=AXIS2_PLACEMENT_3D('',#77390,#77400,#77410);
#77430=CIRCLE('',#77420,0.315612507958347);
#77440=EDGE_CURVE('',#77360,#77270,#77430,.T.);
#77450=ORIENTED_EDGE('',*,*,#77440,.F.);
#77460=EDGE_LOOP('',(#77450,#77380,#77300,#77290));
#77470=FACE_OUTER_BOUND('',#77460,.T.);
#77480=ADVANCED_FACE('',(#77470),#77210,.F.);
#77490=CARTESIAN_POINT('',(1.25,-8.75,16.));
#77500=DIRECTION('',(0.,0.,1.));
#77510=DIRECTION('',(1.,0.,0.));
#77520=AXIS2_PLACEMENT_3D('',#77490,#77500,#77510);
#77530=PLANE('',#77520);
#77540=CARTESIAN_POINT('',(10.5970922339369,0.,16.));
#77550=DIRECTION('',(-1.98791977347958E-7,-0.99999999999998,0.));
#77560=VECTOR('',#77550,1.);
#77570=LINE('',#77540,#77560);
#77580=CARTESIAN_POINT('',(10.597094911335,13.4683405991065,16.));
#77590=VERTEX_POINT('',#77580);
#77600=CARTESIAN_POINT('',(10.5970947604072,12.7091160627024,16.));
#77610=VERTEX_POINT('',#77600);
#77620=EDGE_CURVE('',#77590,#77610,#77570,.T.);
#77630=ORIENTED_EDGE('',*,*,#77620,.T.);
#77640=CARTESIAN_POINT('',(10.3458354408728,10.968340433467,16.));
#77650=DIRECTION('',(0.,0.,1.));
#77660=DIRECTION('',(1.,0.,0.));
#77670=AXIS2_PLACEMENT_3D('',#77640,#77650,#77660);
#77680=CIRCLE('',#77670,2.51259470462197);
#77690=EDGE_CURVE('',#77590,#67570,#77680,.T.);
#77700=ORIENTED_EDGE('',*,*,#77690,.F.);
#77710=ORIENTED_EDGE('',*,*,#67820,.T.);
#77720=CARTESIAN_POINT('',(10.3458354408728,10.968340433467,16.));
#77730=DIRECTION('',(0.,0.,1.));
#77740=DIRECTION('',(1.,0.,0.));
#77750=AXIS2_PLACEMENT_3D('',#77720,#77730,#77740);
#77760=CIRCLE('',#77750,1.75881523674116);
#77770=EDGE_CURVE('',#77610,#67750,#77760,.T.);
#77780=ORIENTED_EDGE('',*,*,#77770,.T.);
#77790=EDGE_LOOP('',(#77780,#77710,#77700,#77630));
#77800=FACE_BOUND('',#77790,.T.);
#77810=ORIENTED_EDGE('',*,*,#74060,.F.);
#77820=CARTESIAN_POINT('',(7.37655871346729,7.8265968371347,16.));
#77830=CARTESIAN_POINT('',(7.37655871346729,7.80312963149125,16.));
#77840=CARTESIAN_POINT('',(7.37655862215888,7.77966240284195,16.));
#77850=CARTESIAN_POINT('',(7.37655862215888,6.23746348013627,16.));
#77860=CARTESIAN_POINT('',(7.37655862215888,4.71873174006814,16.));
#77870=CARTESIAN_POINT('',(7.37655862215888,1.68126825440449,16.));
#77880=CARTESIAN_POINT('',(7.37655862215888,0.162536508808972,16.));
#77890=CARTESIAN_POINT('',(7.37655862215887,-1.3796625412522,16.));
#77900=CARTESIAN_POINT('',(7.3765584788248,-1.40313014645469,16.));
#77910=CARTESIAN_POINT('',(7.3765584788248,-1.42659760128883,16.));
#77920=B_SPLINE_CURVE_WITH_KNOTS('',3,(#77820,#77830,#77840,#77850,
#77860,#77870,#77880,#77890,#77900,#77910),.UNSPECIFIED.,.F.,.F.,(4,2,2,
2,4),(0.,0.0704015479126442,4.62659676811703,9.1827920049036,
9.25319391830053),.UNSPECIFIED.);
#77930=EDGE_CURVE('',#51680,#73870,#77920,.T.);
#77940=ORIENTED_EDGE('',*,*,#77930,.T.);
#77950=ORIENTED_EDGE('',*,*,#51690,.F.);
#77960=CARTESIAN_POINT('',(-6.87659684286019,8.82655862215887,16.));
#77970=CARTESIAN_POINT('',(-4.58439789524013,8.82655862215887,16.));
#77980=CARTESIAN_POINT('',(-2.29219894762007,8.82655862215887,16.));
#77990=CARTESIAN_POINT('',(2.10206507906958,8.82655862215887,16.));
#78000=CARTESIAN_POINT('',(4.20413015813918,8.82655862215887,16.));
#78010=CARTESIAN_POINT('',(6.32966254777039,8.82655862215887,16.));
#78020=CARTESIAN_POINT('',(6.35313017154294,8.82655847287958,16.));
#78030=CARTESIAN_POINT('',(6.3765976387101,8.82655847287958,16.));
#78040=B_SPLINE_CURVE_WITH_KNOTS('',3,(#77960,#77970,#77980,#77990,
#78000,#78010,#78020,#78030),.UNSPECIFIED.,.F.,.F.,(4,2,2,4),(
-6.87659684286018,1.77635683940025E-15,6.30619523720879,6.37659716889366
),.UNSPECIFIED.);
#78050=EDGE_CURVE('',#54800,#51480,#78040,.T.);
#78060=ORIENTED_EDGE('',*,*,#78050,.T.);
#78070=ORIENTED_EDGE('',*,*,#54810,.F.);
#78080=ORIENTED_EDGE('',*,*,#75750,.T.);
#78090=ORIENTED_EDGE('',*,*,#74930,.F.);
#78100=ORIENTED_EDGE('',*,*,#52850,.T.);
#78110=EDGE_LOOP('',(#78100,#78090,#78080,#78070,#78060,#77950,#77940,
#77810));
#78120=FACE_BOUND('',#78110,.T.);
#78130=ORIENTED_EDGE('',*,*,#75250,.T.);
#78140=CARTESIAN_POINT('',(0.,18.1567482091783,16.));
#78150=DIRECTION('',(0.939680965708063,0.342052163691391,0.));
#78160=VECTOR('',#78150,1.);
#78170=LINE('',#78140,#78160);
#78180=CARTESIAN_POINT('',(-14.6909569494257,12.8091102398791,16.));
#78190=VERTEX_POINT('',#78180);
#78200=EDGE_CURVE('',#78190,#75180,#78170,.T.);
#78210=ORIENTED_EDGE('',*,*,#78200,.T.);
#78220=CARTESIAN_POINT('',(-10.0288907744674,0.,16.));
#78230=DIRECTION('',(-0.342015694262415,0.939694240100576,0.));
#78240=VECTOR('',#78230,1.);
#78250=LINE('',#78220,#78240);
#78260=EDGE_CURVE('',#66270,#78190,#78250,.T.);
#78270=ORIENTED_EDGE('',*,*,#78260,.T.);
#78280=ORIENTED_EDGE('',*,*,#66430,.T.);
#78290=EDGE_LOOP('',(#78280,#78270,#78210,#78130));
#78300=FACE_BOUND('',#78290,.T.);
#78310=CARTESIAN_POINT('',(-10.028690549955,0.,16.));
#78320=DIRECTION('',(-0.342033127040074,0.939687894998754,0.));
#78330=VECTOR('',#78320,1.);
#78340=LINE('',#78310,#78330);
#78350=CARTESIAN_POINT('',(-13.2088930768846,8.7371590116475,16.));
#78360=VERTEX_POINT('',#78350);
#78370=EDGE_CURVE('',#78360,#63110,#78340,.T.);
#78380=ORIENTED_EDGE('',*,*,#78370,.T.);
#78390=CARTESIAN_POINT('',(0.,13.5448075947783,16.));
#78400=DIRECTION('',(-0.939692513883179,-0.342020437038362,0.));
#78410=VECTOR('',#78400,1.);
#78420=LINE('',#78390,#78410);
#78430=CARTESIAN_POINT('',(-13.0613114312606,8.790874390018,16.));
#78440=VERTEX_POINT('',#78430);
#78450=EDGE_CURVE('',#78440,#78360,#78420,.T.);
#78460=ORIENTED_EDGE('',*,*,#78450,.T.);
#78470=CARTESIAN_POINT('',(-9.86174195496598,0.,16.));
#78480=DIRECTION('',(0.342015694262413,-0.939694240100576,0.));
#78490=VECTOR('',#78480,1.);
#78500=LINE('',#78470,#78490);
#78510=EDGE_CURVE('',#62930,#78440,#78500,.T.);
#78520=ORIENTED_EDGE('',*,*,#78510,.T.);
#78530=ORIENTED_EDGE('',*,*,#63180,.T.);
#78540=EDGE_LOOP('',(#78530,#78520,#78460,#78380));
#78550=FACE_BOUND('',#78540,.T.);
#78560=CARTESIAN_POINT('',(0.727675590634519,11.5553133609335,16.));
#78570=DIRECTION('',(0.,0.,-1.));
#78580=DIRECTION('',(-1.,0.,0.));
#78590=AXIS2_PLACEMENT_3D('',#78560,#78570,#78580);
#78600=CIRCLE('',#78590,0.750000275741731);
#78610=CARTESIAN_POINT('',(-0.0223246851072123,11.5553133609335,16.));
#78620=VERTEX_POINT('',#78610);
#78630=CARTESIAN_POINT('',(1.47767586637625,11.5553133609335,16.));
#78640=VERTEX_POINT('',#78630);
#78650=EDGE_CURVE('',#78620,#78640,#78600,.T.);
#78660=ORIENTED_EDGE('',*,*,#78650,.T.);
#78670=CARTESIAN_POINT('',(0.727589473276051,10.8053130901359,16.));
#78680=VERTEX_POINT('',#78670);
#78690=EDGE_CURVE('',#78680,#78620,#78600,.T.);
#78700=ORIENTED_EDGE('',*,*,#78690,.T.);
#78710=EDGE_CURVE('',#78640,#78680,#78600,.T.);
#78720=ORIENTED_EDGE('',*,*,#78710,.T.);
#78730=EDGE_LOOP('',(#78720,#78700,#78660));
#78740=FACE_BOUND('',#78730,.T.);
#78750=ORIENTED_EDGE('',*,*,#21890,.T.);
#78760=CARTESIAN_POINT('',(0.,12.3000000692974,16.));
#78770=DIRECTION('',(1.,0.,0.));
#78780=VECTOR('',#78770,1.);
#78790=LINE('',#78760,#78780);
#78800=EDGE_CURVE('',#31540,#21820,#78790,.T.);
#78810=ORIENTED_EDGE('',*,*,#78800,.T.);
#78820=ORIENTED_EDGE('',*,*,#31790,.T.);
#78830=ORIENTED_EDGE('',*,*,#65150,.T.);
#78840=ORIENTED_EDGE('',*,*,#33840,.T.);
#78850=ORIENTED_EDGE('',*,*,#52270,.T.);
#78860=CARTESIAN_POINT('',(-7.2729949657861,0.,16.));
#78870=DIRECTION('',(0.,-1.,0.));
#78880=VECTOR('',#78870,1.);
#78890=LINE('',#78860,#78880);
#78900=EDGE_CURVE('',#11330,#52200,#78890,.T.);
#78910=ORIENTED_EDGE('',*,*,#78900,.T.);
#78920=ORIENTED_EDGE('',*,*,#11580,.T.);
#78930=ORIENTED_EDGE('',*,*,#35900,.T.);
#78940=CARTESIAN_POINT('',(0.,11.0676158169685,16.));
#78950=DIRECTION('',(1.,0.,0.));
#78960=VECTOR('',#78950,1.);
#78970=LINE('',#78940,#78960);
#78980=CARTESIAN_POINT('',(-7.2729949657861,11.0676158169685,16.));
#78990=VERTEX_POINT('',#78980);
#79000=EDGE_CURVE('',#78990,#35830,#78970,.T.);
#79010=ORIENTED_EDGE('',*,*,#79000,.T.);
#79020=CARTESIAN_POINT('',(-7.2729949657861,0.,16.));
#79030=DIRECTION('',(0.,-1.,0.));
#79040=VECTOR('',#79030,1.);
#79050=LINE('',#79020,#79040);
#79060=CARTESIAN_POINT('',(-7.2729949657861,11.8697034582065,16.));
#79070=VERTEX_POINT('',#79060);
#79080=EDGE_CURVE('',#79070,#78990,#79050,.T.);
#79090=ORIENTED_EDGE('',*,*,#79080,.T.);
#79100=CARTESIAN_POINT('',(0.,11.8697034582065,16.));
#79110=DIRECTION('',(-1.,0.,0.));
#79120=VECTOR('',#79110,1.);
#79130=LINE('',#79100,#79120);
#79140=EDGE_CURVE('',#21640,#79070,#79130,.T.);
#79150=ORIENTED_EDGE('',*,*,#79140,.T.);
#79160=EDGE_LOOP('',(#79150,#79090,#79010,#78930,#78920,#78910,#78850,
#78840,#78830,#78820,#78810,#78750));
#79170=FACE_BOUND('',#79160,.T.);
#79180=CARTESIAN_POINT('',(-10.5693260368636,0.,16.));
#79190=DIRECTION('',(-0.17362766360481,0.984811369974542,0.));
#79200=VECTOR('',#79190,1.);
#79210=LINE('',#79180,#79200);
#79220=CARTESIAN_POINT('',(-12.5293509092451,11.1172075905348,16.));
#79230=VERTEX_POINT('',#79220);
#79240=EDGE_CURVE('',#75900,#79230,#79210,.T.);
#79250=ORIENTED_EDGE('',*,*,#79240,.T.);
#79260=ORIENTED_EDGE('',*,*,#76150,.T.);
#79270=CARTESIAN_POINT('',(-9.77198545224952,0.,16.));
#79280=DIRECTION('',(0.173627663604816,-0.984811369974541,0.));
#79290=VECTOR('',#79280,1.);
#79300=LINE('',#79270,#79290);
#79310=CARTESIAN_POINT('',(-11.756050990268,11.25356559,16.));
#79320=VERTEX_POINT('',#79310);
#79330=EDGE_CURVE('',#79320,#76080,#79300,.T.);
#79340=ORIENTED_EDGE('',*,*,#79330,.T.);
#79350=CARTESIAN_POINT('',(0.,13.3265408422983,16.));
#79360=DIRECTION('',(0.98480680355556,0.173653562217081,0.));
#79370=VECTOR('',#79360,1.);
#79380=LINE('',#79350,#79370);
#79390=EDGE_CURVE('',#79230,#79320,#79380,.T.);
#79400=ORIENTED_EDGE('',*,*,#79390,.T.);
#79410=EDGE_LOOP('',(#79400,#79340,#79260,#79250));
#79420=FACE_BOUND('',#79410,.T.);
#79430=CARTESIAN_POINT('',(0.,8.05517703511891,16.));
#79440=DIRECTION('',(0.939692513883181,-0.342020437038356,0.));
#79450=VECTOR('',#79440,1.);
#79460=LINE('',#79430,#79450);
#79470=EDGE_CURVE('',#53630,#56530,#79460,.T.);
#79480=ORIENTED_EDGE('',*,*,#79470,.T.);
#79490=ORIENTED_EDGE('',*,*,#53880,.T.);
#79500=CARTESIAN_POINT('',(0.,7.21866089184178,16.));
#79510=DIRECTION('',(-0.939672337464038,0.342075866153797,0.));
#79520=VECTOR('',#79510,1.);
#79530=LINE('',#79500,#79520);
#79540=EDGE_CURVE('',#56350,#53810,#79530,.T.);
#79550=ORIENTED_EDGE('',*,*,#79540,.T.);
#79560=ORIENTED_EDGE('',*,*,#56600,.T.);
#79570=EDGE_LOOP('',(#79560,#79550,#79490,#79480));
#79580=FACE_BOUND('',#79570,.T.);
#79590=CARTESIAN_POINT('',(-17.8905264257203,0.,16.));
#79600=DIRECTION('',(0.342015694262415,0.939694240100576,0.));
#79610=VECTOR('',#79600,1.);
#79620=LINE('',#79590,#79610);
#79630=CARTESIAN_POINT('',(-14.4223955598469,9.5287516135906,16.));
#79640=VERTEX_POINT('',#79630);
#79650=EDGE_CURVE('',#47790,#79640,#79620,.T.);
#79660=ORIENTED_EDGE('',*,*,#79650,.T.);
#79670=ORIENTED_EDGE('',*,*,#48040,.T.);
#79680=CARTESIAN_POINT('',(-17.7234097715315,0.,16.));
#79690=DIRECTION('',(-0.342015694262414,-0.939694240100576,0.));
#79700=VECTOR('',#79690,1.);
#79710=LINE('',#79680,#79700);
#79720=CARTESIAN_POINT('',(-14.2748294164966,9.4750362352201,16.));
#79730=VERTEX_POINT('',#79720);
#79740=EDGE_CURVE('',#79730,#47970,#79710,.T.);
#79750=ORIENTED_EDGE('',*,*,#79740,.T.);
#79760=CARTESIAN_POINT('',(0.,4.27887236000612,16.));
#79770=DIRECTION('',(0.939680965708058,-0.342052163691406,0.));
#79780=VECTOR('',#79770,1.);
#79790=LINE('',#79760,#79780);
#79800=EDGE_CURVE('',#79640,#79730,#79790,.T.);
#79810=ORIENTED_EDGE('',*,*,#79800,.T.);
#79820=EDGE_LOOP('',(#79810,#79750,#79670,#79660));
#79830=FACE_BOUND('',#79820,.T.);
#79840=CARTESIAN_POINT('',(-13.3747616985582,0.,16.));
#79850=DIRECTION('',(0.173627663604813,-0.984811369974542,0.));
#79860=VECTOR('',#79850,1.);
#79870=LINE('',#79840,#79860);
#79880=CARTESIAN_POINT('',(-15.2502014731532,10.6374432240672,16.));
#79890=VERTEX_POINT('',#79880);
#79900=CARTESIAN_POINT('',(-15.2229329737149,10.4827770393623,16.));
#79910=VERTEX_POINT('',#79900);
#79920=EDGE_CURVE('',#79890,#79910,#79870,.T.);
#79930=ORIENTED_EDGE('',*,*,#79920,.T.);
#79940=CARTESIAN_POINT('',(0.,13.3264972726169,16.));
#79950=DIRECTION('',(0.984807398879302,0.173650186042465,0.));
#79960=VECTOR('',#79950,1.);
#79970=LINE('',#79940,#79960);
#79980=CARTESIAN_POINT('',(-16.023516894404,10.501085224602,16.));
#79990=VERTEX_POINT('',#79980);
#80000=EDGE_CURVE('',#79990,#79890,#79970,.T.);
#80010=ORIENTED_EDGE('',*,*,#80000,.T.);
#80020=CARTESIAN_POINT('',(-14.1721177854459,0.,16.));
#80030=DIRECTION('',(-0.173627663604813,0.984811369974542,0.));
#80040=VECTOR('',#80030,1.);
#80050=LINE('',#80020,#80040);
#80060=CARTESIAN_POINT('',(-15.9962483949657,10.3464190398971,16.));
#80070=VERTEX_POINT('',#80060);
#80080=EDGE_CURVE('',#80070,#79990,#80050,.T.);
#80090=ORIENTED_EDGE('',*,*,#80080,.T.);
#80100=CARTESIAN_POINT('',(0.,13.1670228583984,16.));
#80110=DIRECTION('',(-0.984807398879302,-0.173650186042465,0.));
#80120=VECTOR('',#80110,1.);
#80130=LINE('',#80100,#80120);
#80140=EDGE_CURVE('',#79910,#80070,#80130,.T.);
#80150=ORIENTED_EDGE('',*,*,#80140,.T.);
#80160=EDGE_LOOP('',(#80150,#80090,#80010,#79930));
#80170=FACE_BOUND('',#80160,.T.);
#80180=ORIENTED_EDGE('',*,*,#70340,.T.);
#80190=CARTESIAN_POINT('',(0.,18.9018385482403,16.));
#80200=DIRECTION('',(0.866030740284125,0.499990756797494,0.));
#80210=VECTOR('',#80200,1.);
#80220=LINE('',#80190,#80210);
#80230=CARTESIAN_POINT('',(-15.7917734048627,9.78467865010389,16.));
#80240=VERTEX_POINT('',#80230);
#80250=EDGE_CURVE('',#80240,#70270,#80220,.T.);
#80260=ORIENTED_EDGE('',*,*,#80250,.T.);
#80270=CARTESIAN_POINT('',(-10.1426912935238,0.,16.));
#80280=DIRECTION('',(-0.499993047099285,0.866029418006324,0.));
#80290=VECTOR('',#80280,1.);
#80300=LINE('',#80270,#80290);
#80310=CARTESIAN_POINT('',(-15.7132543885722,9.6486772029338,16.));
#80320=VERTEX_POINT('',#80310);
#80330=EDGE_CURVE('',#80320,#80240,#80300,.T.);
#80340=ORIENTED_EDGE('',*,*,#80330,.T.);
#80350=CARTESIAN_POINT('',(0.,18.7207120509933,16.));
#80360=DIRECTION('',(-0.866025804792006,-0.499999305433875,0.));
#80370=VECTOR('',#80360,1.);
#80380=LINE('',#80350,#80370);
#80390=EDGE_CURVE('',#70090,#80320,#80380,.T.);
#80400=ORIENTED_EDGE('',*,*,#80390,.T.);
#80410=EDGE_LOOP('',(#80400,#80340,#80260,#80180));
#80420=FACE_BOUND('',#80410,.T.);
#80430=CARTESIAN_POINT('',(-22.835987330031,0.,16.));
#80440=DIRECTION('',(-0.642790576798972,-0.766041953406238,0.));
#80450=VECTOR('',#80440,1.);
#80460=LINE('',#80430,#80450);
#80470=EDGE_CURVE('',#76300,#76870,#80460,.T.);
#80480=ORIENTED_EDGE('',*,*,#80470,.T.);
#80490=ORIENTED_EDGE('',*,*,#76390,.T.);
#80500=ORIENTED_EDGE('',*,*,#64580,.T.);
#80510=ORIENTED_EDGE('',*,*,#76940,.T.);
#80520=EDGE_LOOP('',(#80510,#80500,#80490,#80480));
#80530=FACE_BOUND('',#80520,.T.);
#80540=ORIENTED_EDGE('',*,*,#16160,.T.);
#80550=CARTESIAN_POINT('',(-13.7976229251895,0.,16.));
#80560=DIRECTION('',(0.,-1.,0.));
#80570=VECTOR('',#80560,1.);
#80580=LINE('',#80550,#80570);
#80590=EDGE_CURVE('',#20780,#16090,#80580,.T.);
#80600=ORIENTED_EDGE('',*,*,#80590,.T.);
#80610=ORIENTED_EDGE('',*,*,#21030,.T.);
#80620=CARTESIAN_POINT('',(-13.9546609577705,0.,16.));
#80630=DIRECTION('',(0.,1.,0.));
#80640=VECTOR('',#80630,1.);
#80650=LINE('',#80620,#80640);
#80660=EDGE_CURVE('',#15910,#20960,#80650,.T.);
#80670=ORIENTED_EDGE('',*,*,#80660,.T.);
#80680=EDGE_LOOP('',(#80670,#80610,#80600,#80540));
#80690=FACE_BOUND('',#80680,.T.);
#80700=CARTESIAN_POINT('',(-6.04445720157714,0.,16.));
#80710=DIRECTION('',(-0.500067078787139,0.865986672364707,0.));
#80720=VECTOR('',#80710,1.);
#80730=LINE('',#80700,#80720);
#80740=CARTESIAN_POINT('',(-12.6405332162215,11.422695396067,16.));
#80750=VERTEX_POINT('',#80740);
#80760=CARTESIAN_POINT('',(-12.7190677347857,11.5586968432371,16.));
#80770=VERTEX_POINT('',#80760);
#80780=EDGE_CURVE('',#80750,#80770,#80730,.T.);
#80790=ORIENTED_EDGE('',*,*,#80780,.T.);
#80800=CARTESIAN_POINT('',(0.,18.7209852963826,16.));
#80810=DIRECTION('',(-0.866017255991634,-0.500014112125568,0.));
#80820=VECTOR('',#80810,1.);
#80830=LINE('',#80800,#80820);
#80840=CARTESIAN_POINT('',(-11.9605104780973,11.8153214820669,16.));
#80850=VERTEX_POINT('',#80840);
#80860=EDGE_CURVE('',#80850,#80750,#80830,.T.);
#80870=ORIENTED_EDGE('',*,*,#80860,.T.);
#80880=CARTESIAN_POINT('',(-5.13828027897867,0.,16.));
#80890=DIRECTION('',(0.500035794731666,-0.866004736700136,0.));
#80900=VECTOR('',#80890,1.);
#80910=LINE('',#80880,#80900);
#80920=CARTESIAN_POINT('',(-12.0390294943878,11.9513074269633,16.));
#80930=VERTEX_POINT('',#80920);
#80940=EDGE_CURVE('',#80930,#80850,#80910,.T.);
#80950=ORIENTED_EDGE('',*,*,#80940,.T.);
#80960=CARTESIAN_POINT('',(0.,18.9018730223964,16.));
#80970=DIRECTION('',(0.866030740284124,0.499990756797496,0.));
#80980=VECTOR('',#80970,1.);
#80990=LINE('',#80960,#80980);
#81000=EDGE_CURVE('',#80770,#80930,#80990,.T.);
#81010=ORIENTED_EDGE('',*,*,#81000,.T.);
#81020=EDGE_LOOP('',(#81010,#80950,#80870,#80790));
#81030=FACE_BOUND('',#81020,.T.);
#81040=ORIENTED_EDGE('',*,*,#63490,.T.);
#81050=CARTESIAN_POINT('',(-13.9546609577705,0.,16.));
#81060=DIRECTION('',(0.,1.,0.));
#81070=VECTOR('',#81060,1.);
#81080=LINE('',#81050,#81070);
#81090=CARTESIAN_POINT('',(-13.9546609577705,12.1814076754924,16.));
#81100=VERTEX_POINT('',#81090);
#81110=EDGE_CURVE('',#81100,#63420,#81080,.T.);
#81120=ORIENTED_EDGE('',*,*,#81110,.T.);
#81130=CARTESIAN_POINT('',(0.,12.1814076754924,16.));
#81140=DIRECTION('',(-1.,0.,0.));
#81150=VECTOR('',#81140,1.);
#81160=LINE('',#81130,#81150);
#81170=EDGE_CURVE('',#37200,#81100,#81160,.T.);
#81180=ORIENTED_EDGE('',*,*,#81170,.T.);
#81190=ORIENTED_EDGE('',*,*,#37450,.T.);
#81200=EDGE_LOOP('',(#81190,#81180,#81120,#81040));
#81210=FACE_BOUND('',#81200,.T.);
#81220=ORIENTED_EDGE('',*,*,#19130,.T.);
#81230=ORIENTED_EDGE('',*,*,#70650,.T.);
#81240=CARTESIAN_POINT('',(-17.6095925894362,0.,16.));
#81250=DIRECTION('',(-0.499993047099282,-0.866029418006325,0.));
#81260=VECTOR('',#81250,1.);
#81270=LINE('',#81240,#81260);
#81280=CARTESIAN_POINT('',(-11.9605104780973,9.7846786501039,16.));
#81290=VERTEX_POINT('',#81280);
#81300=EDGE_CURVE('',#81290,#70580,#81270,.T.);
#81310=ORIENTED_EDGE('',*,*,#81300,.T.);
#81320=CARTESIAN_POINT('',(0.,2.87928749594597,16.));
#81330=DIRECTION('',(0.866025804792007,-0.499999305433874,0.));
#81340=VECTOR('',#81330,1.);
#81350=LINE('',#81320,#81340);
#81360=EDGE_CURVE('',#18880,#81290,#81350,.T.);
#81370=ORIENTED_EDGE('',*,*,#81360,.T.);
#81380=EDGE_LOOP('',(#81370,#81310,#81230,#81220));
#81390=FACE_BOUND('',#81380,.T.);
#81400=CARTESIAN_POINT('',(0.,9.7302811716906,16.));
#81410=DIRECTION('',(1.,0.,0.));
#81420=VECTOR('',#81410,1.);
#81430=LINE('',#81400,#81420);
#81440=CARTESIAN_POINT('',(-10.3097353608791,9.7302811716906,16.));
#81450=VERTEX_POINT('',#81440);
#81460=CARTESIAN_POINT('',(-8.0758422184354,9.7302811716906,16.));
#81470=VERTEX_POINT('',#81460);
#81480=EDGE_CURVE('',#81450,#81470,#81430,.T.);
#81490=ORIENTED_EDGE('',*,*,#81480,.T.);
#81500=CARTESIAN_POINT('',(-10.3097353608791,0.,16.));
#81510=DIRECTION('',(0.,-1.,0.));
#81520=VECTOR('',#81510,1.);
#81530=LINE('',#81500,#81520);
#81540=EDGE_CURVE('',#24970,#81450,#81530,.T.);
#81550=ORIENTED_EDGE('',*,*,#81540,.T.);
#81560=ORIENTED_EDGE('',*,*,#25220,.T.);
#81570=ORIENTED_EDGE('',*,*,#65720,.T.);
#81580=ORIENTED_EDGE('',*,*,#46200,.T.);
#81590=CARTESIAN_POINT('',(-8.0758422184354,0.,16.));
#81600=DIRECTION('',(0.,-1.,0.));
#81610=VECTOR('',#81600,1.);
#81620=LINE('',#81590,#81610);
#81630=EDGE_CURVE('',#81470,#46130,#81620,.T.);
#81640=ORIENTED_EDGE('',*,*,#81630,.T.);
#81650=EDGE_LOOP('',(#81640,#81580,#81570,#81560,#81550,#81490));
#81660=FACE_BOUND('',#81650,.T.);
#81670=ORIENTED_EDGE('',*,*,#69940,.T.);
#81680=ORIENTED_EDGE('',*,*,#3600,.T.);
#81690=ORIENTED_EDGE('',*,*,#30470,.T.);
#81700=CARTESIAN_POINT('',(0.,20.6411337027511,16.));
#81710=DIRECTION('',(0.766015916844473,0.642821604444749,0.));
#81720=VECTOR('',#81710,1.);
#81730=LINE('',#81700,#81720);
#81740=EDGE_CURVE('',#69850,#30400,#81730,.T.);
#81750=ORIENTED_EDGE('',*,*,#81740,.T.);
#81760=EDGE_LOOP('',(#81750,#81690,#81680,#81670));
#81770=FACE_BOUND('',#81760,.T.);
#81780=ORIENTED_EDGE('',*,*,#11980,.T.);
#81790=ORIENTED_EDGE('',*,*,#45490,.T.);
#81800=CARTESIAN_POINT('',(0.,8.27344378759878,16.));
#81810=DIRECTION('',(-0.98480680355556,0.173653562217081,0.));
#81820=VECTOR('',#81810,1.);
#81830=LINE('',#81800,#81820);
#81840=EDGE_CURVE('',#36400,#45420,#81830,.T.);
#81850=ORIENTED_EDGE('',*,*,#81840,.T.);
#81860=ORIENTED_EDGE('',*,*,#36560,.T.);
#81870=EDGE_LOOP('',(#81860,#81850,#81790,#81780));
#81880=FACE_BOUND('',#81870,.T.);
#81890=CARTESIAN_POINT('',(-7.95589562376705,0.,16.));
#81900=DIRECTION('',(-0.521571939383105,-0.853207308951433,0.));
#81910=VECTOR('',#81900,1.);
#81920=LINE('',#81890,#81910);
#81930=EDGE_CURVE('',#63640,#61310,#81920,.T.);
#81940=ORIENTED_EDGE('',*,*,#81930,.T.);
#81950=ORIENTED_EDGE('',*,*,#63800,.T.);
#81960=CARTESIAN_POINT('',(0.,9.3000000628734,16.));
#81970=DIRECTION('',(-1.,0.,0.));
#81980=VECTOR('',#81970,1.);
#81990=LINE('',#81960,#81980);
#82000=EDGE_CURVE('',#4100,#63730,#81990,.T.);
#82010=ORIENTED_EDGE('',*,*,#82000,.T.);
#82020=ORIENTED_EDGE('',*,*,#4350,.T.);
#82030=CARTESIAN_POINT('',(0.,12.3000000692974,16.));
#82040=DIRECTION('',(1.,0.,0.));
#82050=VECTOR('',#82040,1.);
#82060=LINE('',#82030,#82050);
#82070=CARTESIAN_POINT('',(-0.991132612524699,12.3000000692974,16.));
#82080=VERTEX_POINT('',#82070);
#82090=EDGE_CURVE('',#82080,#4280,#82060,.T.);
#82100=ORIENTED_EDGE('',*,*,#82090,.T.);
#82110=CARTESIAN_POINT('',(-8.51012650085623,0.,16.));
#82120=DIRECTION('',(0.521567539089902,0.853209998867631,0.));
#82130=VECTOR('',#82120,1.);
#82140=LINE('',#82110,#82130);
#82150=CARTESIAN_POINT('',(-2.4186129793681,9.9648460750453,16.));
#82160=VERTEX_POINT('',#82150);
#82170=EDGE_CURVE('',#82160,#82080,#82140,.T.);
#82180=ORIENTED_EDGE('',*,*,#82170,.T.);
#82190=CARTESIAN_POINT('',(3.85038941918778,0.,16.));
#82200=DIRECTION('',(0.532499366164188,-0.846430401766582,0.));
#82210=VECTOR('',#82200,1.);
#82220=LINE('',#82190,#82210);
#82230=CARTESIAN_POINT('',(-3.8876859465486,12.3000000692974,16.));
#82240=VERTEX_POINT('',#82230);
#82250=EDGE_CURVE('',#82240,#82160,#82220,.T.);
#82260=ORIENTED_EDGE('',*,*,#82250,.T.);
#82270=CARTESIAN_POINT('',(0.,12.3000000692974,16.));
#82280=DIRECTION('',(1.,0.,0.));
#82290=VECTOR('',#82280,1.);
#82300=LINE('',#82270,#82290);
#82310=EDGE_CURVE('',#33990,#82240,#82300,.T.);
#82320=ORIENTED_EDGE('',*,*,#82310,.T.);
#82330=ORIENTED_EDGE('',*,*,#34240,.T.);
#82340=ORIENTED_EDGE('',*,*,#68970,.T.);
#82350=ORIENTED_EDGE('',*,*,#53240,.T.);
#82360=ORIENTED_EDGE('',*,*,#53480,.T.);
#82370=ORIENTED_EDGE('',*,*,#61380,.T.);
#82380=EDGE_LOOP('',(#82370,#82360,#82350,#82340,#82330,#82320,#82260,
#82180,#82100,#82020,#82010,#81950,#81940));
#82390=FACE_BOUND('',#82380,.T.);
#82400=ORIENTED_EDGE('',*,*,#59940,.T.);
#82410=ORIENTED_EDGE('',*,*,#17590,.T.);
#82420=ORIENTED_EDGE('',*,*,#71360,.T.);
#82430=CARTESIAN_POINT('',(-17.9803139329841,0.,16.));
#82440=DIRECTION('',(0.173627663604813,0.984811369974542,0.));
#82450=VECTOR('',#82440,1.);
#82460=LINE('',#82430,#82450);
#82470=EDGE_CURVE('',#59850,#71290,#82460,.T.);
#82480=ORIENTED_EDGE('',*,*,#82470,.T.);
#82490=EDGE_LOOP('',(#82480,#82420,#82410,#82400));
#82500=FACE_BOUND('',#82490,.T.);
#82510=CARTESIAN_POINT('',(0.,2.87927257890376,16.));
#82520=DIRECTION('',(0.866025804792006,-0.499999305433875,0.));
#82530=VECTOR('',#82520,1.);
#82540=LINE('',#82510,#82530);
#82550=CARTESIAN_POINT('',(-15.033231650448,11.5586968432371,16.));
#82560=VERTEX_POINT('',#82550);
#82570=EDGE_CURVE('',#68280,#82560,#82540,.T.);
#82580=ORIENTED_EDGE('',*,*,#82570,.T.);
#82590=ORIENTED_EDGE('',*,*,#68370,.T.);
#82600=ORIENTED_EDGE('',*,*,#2800,.T.);
#82610=CARTESIAN_POINT('',(-21.7052071222538,0.,16.));
#82620=DIRECTION('',(-0.499919004448675,-0.866072161537966,0.));
#82630=VECTOR('',#82620,1.);
#82640=LINE('',#82610,#82630);
#82650=EDGE_CURVE('',#82560,#2730,#82640,.T.);
#82660=ORIENTED_EDGE('',*,*,#82650,.T.);
#82670=EDGE_LOOP('',(#82660,#82600,#82590,#82580));
#82680=FACE_BOUND('',#82670,.T.);
#82690=CARTESIAN_POINT('',(0.,25.2749396014218,16.));
#82700=DIRECTION('',(0.765967310122071,0.642879522013541,0.));
#82710=VECTOR('',#82700,1.);
#82720=LINE('',#82690,#82710);
#82730=CARTESIAN_POINT('',(-15.2086863841846,12.5102264029431,16.));
#82740=VERTEX_POINT('',#82730);
#82750=EDGE_CURVE('',#31940,#82740,#82720,.T.);
#82760=ORIENTED_EDGE('',*,*,#82750,.T.);
#82770=ORIENTED_EDGE('',*,*,#32190,.T.);
#82780=CARTESIAN_POINT('',(0.,24.2478809072796,16.));
#82790=DIRECTION('',(-0.766015916844476,-0.642821604444746,0.));
#82800=VECTOR('',#82790,1.);
#82810=LINE('',#82780,#82800);
#82820=CARTESIAN_POINT('',(-14.7039478547863,11.908691676562,16.));
#82830=VERTEX_POINT('',#82820);
#82840=EDGE_CURVE('',#82830,#32120,#82810,.T.);
#82850=ORIENTED_EDGE('',*,*,#82840,.T.);
#82860=CARTESIAN_POINT('',(-4.71154798113784,0.,16.));
#82870=DIRECTION('',(0.642780855680309,-0.766050110352378,0.));
#82880=VECTOR('',#82870,1.);
#82890=LINE('',#82860,#82880);
#82900=EDGE_CURVE('',#82740,#82830,#82890,.T.);
#82910=ORIENTED_EDGE('',*,*,#82900,.T.);
#82920=EDGE_LOOP('',(#82910,#82850,#82770,#82760));
#82930=FACE_BOUND('',#82920,.T.);
#82940=CARTESIAN_POINT('',(0.,-3.67100420244518,16.));
#82950=DIRECTION('',(-0.766064525355769,0.642763675849406,0.));
#82960=VECTOR('',#82950,1.);
#82970=LINE('',#82940,#82960);
#82980=CARTESIAN_POINT('',(-15.2086863841846,9.0897892315014,16.));
#82990=VERTEX_POINT('',#82980);
#83000=EDGE_CURVE('',#82990,#76630,#82970,.T.);
#83010=ORIENTED_EDGE('',*,*,#83000,.T.);
#83020=CARTESIAN_POINT('',(-22.8361817474086,0.,16.));
#83030=DIRECTION('',(-0.642800298108155,-0.766033796090007,0.));
#83040=VECTOR('',#83030,1.);
#83050=LINE('',#83020,#83040);
#83060=EDGE_CURVE('',#56990,#82990,#83050,.T.);
#83070=ORIENTED_EDGE('',*,*,#83060,.T.);
#83080=ORIENTED_EDGE('',*,*,#57240,.T.);
#83090=ORIENTED_EDGE('',*,*,#76700,.T.);
#83100=EDGE_LOOP('',(#83090,#83080,#83070,#83010));
#83110=FACE_BOUND('',#83100,.T.);
#83120=CARTESIAN_POINT('',(15.3732514382481,0.,16.));
#83130=DIRECTION('',(0.5,-0.866025403784439,0.));
#83140=VECTOR('',#83130,1.);
#83150=LINE('',#83120,#83140);
#83160=CARTESIAN_POINT('',(11.5330912650349,6.65135252920775,16.));
#83170=VERTEX_POINT('',#83160);
#83180=EDGE_CURVE('',#83170,#71040,#83150,.T.);
#83190=ORIENTED_EDGE('',*,*,#83180,.T.);
#83200=CARTESIAN_POINT('',(11.3508722986056,6.54614835988831,16.));
#83210=DIRECTION('',(0.,0.,1.));
#83220=DIRECTION('',(1.,0.,0.));
#83230=AXIS2_PLACEMENT_3D('',#83200,#83210,#83220);
#83240=CIRCLE('',#83230,0.210408338638898);
#83250=EDGE_CURVE('',#83170,#6950,#83240,.T.);
#83260=ORIENTED_EDGE('',*,*,#83250,.F.);
#83270=ORIENTED_EDGE('',*,*,#7200,.T.);
#83280=ORIENTED_EDGE('',*,*,#68550,.F.);
#83290=ORIENTED_EDGE('',*,*,#2400,.T.);
#83300=ORIENTED_EDGE('',*,*,#71120,.F.);
#83310=EDGE_LOOP('',(#83300,#83290,#83280,#83270,#83260,#83190));
#83320=FACE_BOUND('',#83310,.T.);
#83330=CARTESIAN_POINT('',(14.6172445151107,10.9683419162192,16.));
#83340=DIRECTION('',(0.,0.,1.));
#83350=DIRECTION('',(1.,0.,0.));
#83360=AXIS2_PLACEMENT_3D('',#83330,#83340,#83350);
#83370=CIRCLE('',#83360,2.51259470849562);
#83380=CARTESIAN_POINT('',(14.8685038609603,13.4683420982759,16.));
#83390=VERTEX_POINT('',#83380);
#83400=CARTESIAN_POINT('',(14.8685039859603,8.46834174672547,16.));
#83410=VERTEX_POINT('',#83400);
#83420=EDGE_CURVE('',#83390,#83410,#83370,.T.);
#83430=ORIENTED_EDGE('',*,*,#83420,.F.);
#83440=CARTESIAN_POINT('',(14.8685039859603,0.,16.));
#83450=DIRECTION('',(0.,-1.,0.));
#83460=VECTOR('',#83450,1.);
#83470=LINE('',#83440,#83460);
#83480=EDGE_CURVE('',#71820,#83410,#83470,.T.);
#83490=ORIENTED_EDGE('',*,*,#83480,.T.);
#83500=ORIENTED_EDGE('',*,*,#72090,.T.);
#83510=CARTESIAN_POINT('',(0.,10.5914602448059,16.));
#83520=DIRECTION('',(-0.999999999999839,5.68011847858276E-7,0.));
#83530=VECTOR('',#83520,1.);
#83540=LINE('',#83510,#83530);
#83550=EDGE_CURVE('',#69450,#72010,#83540,.T.);
#83560=ORIENTED_EDGE('',*,*,#83550,.T.);
#83570=ORIENTED_EDGE('',*,*,#69700,.T.);
#83580=CARTESIAN_POINT('',(0.,11.3452142723,16.));
#83590=DIRECTION('',(0.999999999999354,1.13695111755926E-6,0.));
#83600=VECTOR('',#83590,1.);
#83610=LINE('',#83580,#83600);
#83620=EDGE_CURVE('',#55690,#69630,#83610,.T.);
#83630=ORIENTED_EDGE('',*,*,#83620,.T.);
#83640=ORIENTED_EDGE('',*,*,#55960,.T.);
#83650=CARTESIAN_POINT('',(14.8685038609603,0.,16.));
#83660=DIRECTION('',(0.,-1.,0.));
#83670=VECTOR('',#83660,1.);
#83680=LINE('',#83650,#83670);
#83690=EDGE_CURVE('',#83390,#55880,#83680,.T.);
#83700=ORIENTED_EDGE('',*,*,#83690,.T.);
#83710=EDGE_LOOP('',(#83700,#83640,#83630,#83570,#83560,#83500,#83490,
#83430));
#83720=FACE_BOUND('',#83710,.T.);
#83730=ORIENTED_EDGE('',*,*,#6220,.F.);
#83740=CARTESIAN_POINT('',(0.,-15.5,16.));
#83750=DIRECTION('',(-1.,0.,0.));
#83760=VECTOR('',#83750,1.);
#83770=LINE('',#83740,#83760);
#83780=CARTESIAN_POINT('',(17.,-15.5,16.));
#83790=VERTEX_POINT('',#83780);
#83800=EDGE_CURVE('',#6110,#83790,#83770,.T.);
#83810=ORIENTED_EDGE('',*,*,#83800,.F.);
#83820=CARTESIAN_POINT('',(17.,0.,16.));
#83830=DIRECTION('',(0.,1.,0.));
#83840=VECTOR('',#83830,1.);
#83850=LINE('',#83820,#83840);
#83860=CARTESIAN_POINT('',(17.,-16.5,16.));
#83870=VERTEX_POINT('',#83860);
#83880=EDGE_CURVE('',#83870,#83790,#83850,.T.);
#83890=ORIENTED_EDGE('',*,*,#83880,.T.);
#83900=CARTESIAN_POINT('',(9.57567358739198E-16,-16.5,16.));
#83910=DIRECTION('',(1.,0.,0.));
#83920=VECTOR('',#83910,1.);
#83930=LINE('',#83900,#83920);
#83940=EDGE_CURVE('',#29350,#83870,#83930,.T.);
#83950=ORIENTED_EDGE('',*,*,#83940,.T.);
#83960=ORIENTED_EDGE('',*,*,#29360,.T.);
#83970=CARTESIAN_POINT('',(0.,-15.4275479581442,16.));
#83980=DIRECTION('',(1.,0.,0.));
#83990=VECTOR('',#83980,1.);
#84000=LINE('',#83970,#83990);
#84010=CARTESIAN_POINT('',(-16.,-15.4275479581442,16.));
#84020=VERTEX_POINT('',#84010);
#84030=EDGE_CURVE('',#84020,#29270,#84000,.T.);
#84040=ORIENTED_EDGE('',*,*,#84030,.T.);
#84050=CARTESIAN_POINT('',(-16.,0.,16.));
#84060=DIRECTION('',(0.,1.,0.));
#84070=VECTOR('',#84060,1.);
#84080=LINE('',#84050,#84070);
#84090=CARTESIAN_POINT('',(-16.,-16.5,16.));
#84100=VERTEX_POINT('',#84090);
#84110=EDGE_CURVE('',#84100,#84020,#84080,.T.);
#84120=ORIENTED_EDGE('',*,*,#84110,.T.);
#84130=CARTESIAN_POINT('',(1.40165656858926E-15,-16.5,16.));
#84140=DIRECTION('',(1.,0.,0.));
#84150=VECTOR('',#84140,1.);
#84160=LINE('',#84130,#84150);
#84170=CARTESIAN_POINT('',(-17.,-16.5,16.));
#84180=VERTEX_POINT('',#84170);
#84190=EDGE_CURVE('',#84180,#84100,#84160,.T.);
#84200=ORIENTED_EDGE('',*,*,#84190,.T.);
#84210=CARTESIAN_POINT('',(-17.,0.,16.));
#84220=DIRECTION('',(0.,-1.,0.));
#84230=VECTOR('',#84220,1.);
#84240=LINE('',#84210,#84230);
#84250=EDGE_CURVE('',#40420,#84180,#84240,.T.);
#84260=ORIENTED_EDGE('',*,*,#84250,.T.);
#84270=ORIENTED_EDGE('',*,*,#40430,.F.);
#84280=ORIENTED_EDGE('',*,*,#65480,.F.);
#84290=CARTESIAN_POINT('',(-32.,4.6114579395616E-15,16.));
#84300=DIRECTION('',(0.,0.,-1.));
#84310=DIRECTION('',(-1.,0.,0.));
#84320=AXIS2_PLACEMENT_3D('',#84290,#84300,#84310);
#84330=CIRCLE('',#84320,17.7360679774998);
#84340=EDGE_CURVE('',#20010,#62120,#84330,.T.);
#84350=ORIENTED_EDGE('',*,*,#84340,.T.);
#84360=CARTESIAN_POINT('',(-18.0026180603372,0.,16.));
#84370=DIRECTION('',(0.,1.,0.));
#84380=VECTOR('',#84370,1.);
#84390=LINE('',#84360,#84380);
#84400=CARTESIAN_POINT('',(-18.0026180603372,16.,16.));
#84410=VERTEX_POINT('',#84400);
#84420=EDGE_CURVE('',#20010,#84410,#84390,.T.);
#84430=ORIENTED_EDGE('',*,*,#84420,.F.);
#84440=CARTESIAN_POINT('',(-17.5026180603372,16.,16.));
#84450=DIRECTION('',(0.,0.,1.));
#84460=DIRECTION('',(1.,0.,0.));
#84470=AXIS2_PLACEMENT_3D('',#84440,#84450,#84460);
#84480=CIRCLE('',#84470,0.5);
#84490=EDGE_CURVE('',#31070,#84410,#84480,.T.);
#84500=ORIENTED_EDGE('',*,*,#84490,.T.);
#84510=ORIENTED_EDGE('',*,*,#31080,.F.);
#84520=CARTESIAN_POINT('',(-5.55111512313631E-16,38.0000000000001,
15.9999999999976));
#84530=DIRECTION('',(-4.4554556646604E-16,-5.05682233022955E-14,-1.));
#84540=DIRECTION('',(0.,-1.,5.05682233022955E-14));
#84550=AXIS2_PLACEMENT_3D('',#84520,#84530,#84540);
#84560=CIRCLE('',#84550,25.2360679774972);
#84570=EDGE_CURVE('',#59270,#30990,#84560,.T.);
#84580=ORIENTED_EDGE('',*,*,#84570,.T.);
#84590=CARTESIAN_POINT('',(0.,16.5,16.));
#84600=DIRECTION('',(1.,0.,0.));
#84610=VECTOR('',#84600,1.);
#84620=LINE('',#84590,#84610);
#84630=CARTESIAN_POINT('',(17.5,16.5,16.));
#84640=VERTEX_POINT('',#84630);
#84650=EDGE_CURVE('',#59270,#84640,#84620,.T.);
#84660=ORIENTED_EDGE('',*,*,#84650,.F.);
#84670=CARTESIAN_POINT('',(17.5,16.,16.));
#84680=DIRECTION('',(0.,0.,1.));
#84690=DIRECTION('',(1.,0.,0.));
#84700=AXIS2_PLACEMENT_3D('',#84670,#84680,#84690);
#84710=CIRCLE('',#84700,0.5);
#84720=CARTESIAN_POINT('',(18.,16.,16.));
#84730=VERTEX_POINT('',#84720);
#84740=EDGE_CURVE('',#84730,#84640,#84710,.T.);
#84750=ORIENTED_EDGE('',*,*,#84740,.T.);
#84760=CARTESIAN_POINT('',(18.,0.,16.));
#84770=DIRECTION('',(0.,-1.,0.));
#84780=VECTOR('',#84770,1.);
#84790=LINE('',#84760,#84780);
#84800=EDGE_CURVE('',#84730,#22790,#84790,.T.);
#84810=ORIENTED_EDGE('',*,*,#84800,.F.);
#84820=ORIENTED_EDGE('',*,*,#37050,.T.);
#84830=EDGE_LOOP('',(#84820,#84810,#84750,#84660,#84580,#84510,#84500,
#84430,#84350,#84280,#84270,#84260,#84200,#84120,#84040,#83960,#83950,
#83890,#83810,#83730));
#84840=FACE_OUTER_BOUND('',#84830,.T.);
#84850=ADVANCED_FACE('',(#77800,#78120,#78300,#78550,#78740,#79170,
#79420,#79580,#79830,#80170,#80420,#80530,#80690,#81030,#81210,#81390,
#81660,#81770,#81880,#82390,#82500,#82680,#82930,#83110,#83320,#83720,
#84840),#77530,.T.);
#84860=CARTESIAN_POINT('',(-15.7132543885722,11.9513074269633,16.));
#84870=DIRECTION('',(-0.499999305433875,-0.866025804792006,-0.));
#84880=DIRECTION('',(-0.866025804792006,0.499999305433875,0.));
#84890=AXIS2_PLACEMENT_3D('',#84860,#84870,#84880);
#84900=PLANE('',#84890);
#84910=CARTESIAN_POINT('',(-15.033231650448,11.5586968432371,16.));
#84920=DIRECTION('',(0.,0.,-1.));
#84930=VECTOR('',#84920,1.);
#84940=LINE('',#84910,#84930);
#84950=EDGE_CURVE('',#82560,#62470,#84940,.T.);
#84960=ORIENTED_EDGE('',*,*,#84950,.F.);
#84970=ORIENTED_EDGE('',*,*,#62480,.F.);
#84980=ORIENTED_EDGE('',*,*,#68290,.T.);
#84990=ORIENTED_EDGE('',*,*,#82570,.F.);
#85000=EDGE_LOOP('',(#84990,#84980,#84970,#84960));
#85010=FACE_OUTER_BOUND('',#85000,.T.);
#85020=ADVANCED_FACE('',(#85010),#84900,.T.);
#85030=CARTESIAN_POINT('',(1.40165656858926E-15,-8.90043634338974,15.8))
;
#85040=DIRECTION('',(0.,0.,1.));
#85050=DIRECTION('',(1.,0.,0.));
#85060=AXIS2_PLACEMENT_3D('',#85030,#85040,#85050);
#85070=PLANE('',#85060);
#85080=ORIENTED_EDGE('',*,*,#20890,.T.);
#85090=CARTESIAN_POINT('',(-13.7976229251895,0.401973999999999,15.8));
#85100=DIRECTION('',(0.,1.,0.));
#85110=VECTOR('',#85100,1.);
#85120=LINE('',#85090,#85110);
#85130=EDGE_CURVE('',#16010,#20800,#85120,.T.);
#85140=ORIENTED_EDGE('',*,*,#85130,.T.);
#85150=ORIENTED_EDGE('',*,*,#16020,.F.);
#85160=CARTESIAN_POINT('',(-13.9546609577705,0.401973999999999,15.8));
#85170=DIRECTION('',(0.,-1.,0.));
#85180=VECTOR('',#85170,1.);
#85190=LINE('',#85160,#85180);
#85200=EDGE_CURVE('',#20880,#15930,#85190,.T.);
#85210=ORIENTED_EDGE('',*,*,#85200,.T.);
#85220=EDGE_LOOP('',(#85210,#85150,#85140,#85080));
#85230=FACE_OUTER_BOUND('',#85220,.T.);
#85240=ADVANCED_FACE('',(#85230),#85070,.T.);
#85250=CARTESIAN_POINT('',(0.,14.3069307951916,3.1));
#85260=DIRECTION('',(-1.,0.,0.));
#85270=DIRECTION('',(0.,1.,0.));
#85280=AXIS2_PLACEMENT_3D('',#85250,#85260,#85270);
#85290=CYLINDRICAL_SURFACE('',#85280,0.4);
#85300=CARTESIAN_POINT('',(17.7034907471163,14.3069307951916,3.1));
#85310=DIRECTION('',(-0.999961923064171,0.,-0.00872653549837394));
#85320=DIRECTION('',(-0.00872653549837394,0.,0.999961923064171));
#85330=AXIS2_PLACEMENT_3D('',#85300,#85310,#85320);
#85340=ELLIPSE('',#85330,0.400015231354295,0.4);
#85350=EDGE_CURVE('',#40960,#40200,#85340,.T.);
#85360=ORIENTED_EDGE('',*,*,#85350,.T.);
#85370=ORIENTED_EDGE('',*,*,#40970,.T.);
#85380=ORIENTED_EDGE('',*,*,#60580,.F.);
#85390=ORIENTED_EDGE('',*,*,#40270,.F.);
#85400=EDGE_LOOP('',(#85390,#85380,#85370,#85360));
#85410=FACE_OUTER_BOUND('',#85400,.T.);
#85420=ADVANCED_FACE('',(#85410),#85290,.F.);
#85430=CARTESIAN_POINT('',(-7.2729949657861,10.6373192058776,16.));
#85440=DIRECTION('',(-1.,0.,0.));
#85450=DIRECTION('',(0.,1.,0.));
#85460=AXIS2_PLACEMENT_3D('',#85430,#85440,#85450);
#85470=PLANE('',#85460);
#85480=ORIENTED_EDGE('',*,*,#52210,.F.);
#85490=CARTESIAN_POINT('',(-7.2729949657861,0.401973999999999,15.8));
#85500=DIRECTION('',(0.,1.,0.));
#85510=VECTOR('',#85500,1.);
#85520=LINE('',#85490,#85510);
#85530=EDGE_CURVE('',#52120,#11350,#85520,.T.);
#85540=ORIENTED_EDGE('',*,*,#85530,.F.);
#85550=ORIENTED_EDGE('',*,*,#11360,.T.);
#85560=ORIENTED_EDGE('',*,*,#78900,.F.);
#85570=EDGE_LOOP('',(#85560,#85550,#85540,#85480));
#85580=FACE_OUTER_BOUND('',#85570,.T.);
#85590=ADVANCED_FACE('',(#85580),#85470,.T.);
#85600=CARTESIAN_POINT('',(0.910662728646564,11.7745542619865,16.));
#85610=CARTESIAN_POINT('',(0.910662728646564,11.8031332329791,16.));
#85620=CARTESIAN_POINT('',(0.90478898504014,11.8261346155051,16.));
#85630=CARTESIAN_POINT('',(0.893535089726991,11.8434596911846,16.));
#85640=B_SPLINE_CURVE_WITH_KNOTS('',3,(#85600,#85610,#85620,#85630),
.UNSPECIFIED.,.F.,.F.,(4,4),(0.,0.147850533193197),.UNSPECIFIED.);
#85650=DIRECTION('',(0.,0.,-1.));
#85660=VECTOR('',#85650,1.);
#85670=SURFACE_OF_LINEAR_EXTRUSION('',#85640,#85660);
#85680=CARTESIAN_POINT('',(0.893535089726991,11.8434596911846,16.));
#85690=DIRECTION('',(0.,0.,-1.));
#85700=VECTOR('',#85690,1.);
#85710=LINE('',#85680,#85700);
#85720=CARTESIAN_POINT('',(0.893535089726991,11.8434596911846,16.));
#85730=VERTEX_POINT('',#85720);
#85740=CARTESIAN_POINT('',(0.893535089726991,11.8434596911846,15.8));
#85750=VERTEX_POINT('',#85740);
#85760=EDGE_CURVE('',#85730,#85750,#85710,.T.);
#85770=ORIENTED_EDGE('',*,*,#85760,.F.);
#85780=CARTESIAN_POINT('',(0.910662728646564,11.7745542619865,15.8));
#85790=CARTESIAN_POINT('',(0.910662728646564,11.8031332329791,15.8));
#85800=CARTESIAN_POINT('',(0.90478898504014,11.8261346155051,15.8));
#85810=CARTESIAN_POINT('',(0.893535089726991,11.8434596911846,15.8));
#85820=B_SPLINE_CURVE_WITH_KNOTS('',3,(#85780,#85790,#85800,#85810),
.UNSPECIFIED.,.F.,.F.,(4,4),(0.,0.147850533193197),.UNSPECIFIED.);
#85830=CARTESIAN_POINT('',(0.910662728646564,11.7745542619865,15.8));
#85840=VERTEX_POINT('',#85830);
#85850=EDGE_CURVE('',#85840,#85750,#85820,.T.);
#85860=ORIENTED_EDGE('',*,*,#85850,.T.);
#85870=CARTESIAN_POINT('',(0.910662728646564,11.7745542619865,16.));
#85880=DIRECTION('',(0.,0.,-1.));
#85890=VECTOR('',#85880,1.);
#85900=LINE('',#85870,#85890);
#85910=CARTESIAN_POINT('',(0.910662728646564,11.7745542619865,16.));
#85920=VERTEX_POINT('',#85910);
#85930=EDGE_CURVE('',#85920,#85840,#85900,.T.);
#85940=ORIENTED_EDGE('',*,*,#85930,.T.);
#85950=CARTESIAN_POINT('',(0.910662728646564,11.7745542619865,16.));
#85960=CARTESIAN_POINT('',(0.910662728646564,11.8031332329791,16.));
#85970=CARTESIAN_POINT('',(0.90478898504014,11.8261346155051,16.));
#85980=CARTESIAN_POINT('',(0.893535089726991,11.8434596911846,16.));
#85990=B_SPLINE_CURVE_WITH_KNOTS('',3,(#85950,#85960,#85970,#85980),
.UNSPECIFIED.,.F.,.F.,(4,4),(0.,0.147850533193197),.UNSPECIFIED.);
#86000=EDGE_CURVE('',#85920,#85730,#85990,.T.);
#86010=ORIENTED_EDGE('',*,*,#86000,.F.);
#86020=EDGE_LOOP('',(#86010,#85940,#85860,#85770));
#86030=FACE_OUTER_BOUND('',#86020,.T.);
#86040=ADVANCED_FACE('',(#86030),#85670,.F.);
#86050=CARTESIAN_POINT('',(0.820251320692026,11.7961523002569,16.));
#86060=DIRECTION('',(0.,0.,1.));
#86070=DIRECTION('',(0.840152789476342,0.542349785963931,0.));
#86080=AXIS2_PLACEMENT_3D('',#86050,#86060,#86070);
#86090=CYLINDRICAL_SURFACE('',#86080,0.0872267163222118);
#86100=ORIENTED_EDGE('',*,*,#28550,.F.);
#86110=CARTESIAN_POINT('',(0.820251320692026,11.7961523002569,15.8));
#86120=DIRECTION('',(0.,0.,1.));
#86130=DIRECTION('',(0.840152789476342,0.542349785963931,0.));
#86140=AXIS2_PLACEMENT_3D('',#86110,#86120,#86130);
#86150=CIRCLE('',#86140,0.0872267163222118);
#86160=EDGE_CURVE('',#85750,#28460,#86150,.T.);
#86170=ORIENTED_EDGE('',*,*,#86160,.T.);
#86180=ORIENTED_EDGE('',*,*,#85760,.T.);
#86190=CARTESIAN_POINT('',(0.820251320692026,11.7961523002569,16.));
#86200=DIRECTION('',(0.,0.,1.));
#86210=DIRECTION('',(0.840152789476342,0.542349785963931,0.));
#86220=AXIS2_PLACEMENT_3D('',#86190,#86200,#86210);
#86230=CIRCLE('',#86220,0.0872267163222118);
#86240=EDGE_CURVE('',#85730,#28540,#86230,.T.);
#86250=ORIENTED_EDGE('',*,*,#86240,.F.);
#86260=EDGE_LOOP('',(#86250,#86180,#86170,#86100));
#86270=FACE_OUTER_BOUND('',#86260,.T.);
#86280=ADVANCED_FACE('',(#86270),#86090,.T.);
#86290=CARTESIAN_POINT('',(14.8685038609603,13.4683420982759,16.));
#86300=DIRECTION('',(-1.,0.,0.));
#86310=DIRECTION('',(0.,1.,0.));
#86320=AXIS2_PLACEMENT_3D('',#86290,#86300,#86310);
#86330=PLANE('',#86320);
#86340=ORIENTED_EDGE('',*,*,#55890,.F.);
#86350=CARTESIAN_POINT('',(14.8685038609603,-7.78165913454252,15.5));
#86360=DIRECTION('',(0.,-1.,0.));
#86370=VECTOR('',#86360,1.66666666665794);
#86380=LINE('',#86350,#86370);
#86390=CARTESIAN_POINT('',(14.8685038609603,13.4683420982759,15.5));
#86400=VERTEX_POINT('',#86390);
#86410=EDGE_CURVE('',#86400,#55800,#86380,.T.);
#86420=ORIENTED_EDGE('',*,*,#86410,.T.);
#86430=CARTESIAN_POINT('',(14.8685038609603,13.4683420982759,16.));
#86440=DIRECTION('',(0.,0.,-1.));
#86450=VECTOR('',#86440,1.);
#86460=LINE('',#86430,#86450);
#86470=EDGE_CURVE('',#83390,#86400,#86460,.T.);
#86480=ORIENTED_EDGE('',*,*,#86470,.T.);
#86490=ORIENTED_EDGE('',*,*,#83690,.F.);
#86500=EDGE_LOOP('',(#86490,#86480,#86420,#86340));
#86510=FACE_OUTER_BOUND('',#86500,.T.);
#86520=ADVANCED_FACE('',(#86510),#86330,.T.);
#86530=CARTESIAN_POINT('',(1.40165656858926E-15,-8.90043634338974,15.8))
;
#86540=DIRECTION('',(0.,0.,1.));
#86550=DIRECTION('',(1.,0.,0.));
#86560=AXIS2_PLACEMENT_3D('',#86530,#86540,#86550);
#86570=PLANE('',#86560);
#86580=ORIENTED_EDGE('',*,*,#31650,.T.);
#86590=CARTESIAN_POINT('',(-7.2108618527965,12.3000000692974,15.8));
#86600=DIRECTION('',(-1.,0.,0.));
#86610=VECTOR('',#86600,1.);
#86620=LINE('',#86590,#86610);
#86630=EDGE_CURVE('',#21740,#31560,#86620,.T.);
#86640=ORIENTED_EDGE('',*,*,#86630,.T.);
#86650=ORIENTED_EDGE('',*,*,#21750,.T.);
#86660=CARTESIAN_POINT('',(-7.2108618527965,11.8697034582065,15.8));
#86670=DIRECTION('',(1.,0.,0.));
#86680=VECTOR('',#86670,1.);
#86690=LINE('',#86660,#86680);
#86700=CARTESIAN_POINT('',(-7.2729949657861,11.8697034582065,15.8));
#86710=VERTEX_POINT('',#86700);
#86720=EDGE_CURVE('',#86710,#21660,#86690,.T.);
#86730=ORIENTED_EDGE('',*,*,#86720,.T.);
#86740=CARTESIAN_POINT('',(-7.2729949657861,0.401973999999999,15.8));
#86750=DIRECTION('',(0.,1.,0.));
#86760=VECTOR('',#86750,1.);
#86770=LINE('',#86740,#86760);
#86780=CARTESIAN_POINT('',(-7.2729949657861,11.0676158169685,15.8));
#86790=VERTEX_POINT('',#86780);
#86800=EDGE_CURVE('',#86790,#86710,#86770,.T.);
#86810=ORIENTED_EDGE('',*,*,#86800,.T.);
#86820=CARTESIAN_POINT('',(-7.2108618527965,11.0676158169685,15.8));
#86830=DIRECTION('',(-1.,0.,0.));
#86840=VECTOR('',#86830,1.);
#86850=LINE('',#86820,#86840);
#86860=EDGE_CURVE('',#35750,#86790,#86850,.T.);
#86870=ORIENTED_EDGE('',*,*,#86860,.T.);
#86880=ORIENTED_EDGE('',*,*,#35760,.T.);
#86890=ORIENTED_EDGE('',*,*,#11440,.T.);
#86900=ORIENTED_EDGE('',*,*,#85530,.T.);
#86910=ORIENTED_EDGE('',*,*,#52130,.T.);
#86920=ORIENTED_EDGE('',*,*,#33700,.T.);
#86930=ORIENTED_EDGE('',*,*,#65080,.T.);
#86940=EDGE_LOOP('',(#86930,#86920,#86910,#86900,#86890,#86880,#86870,
#86810,#86730,#86650,#86640,#86580));
#86950=FACE_OUTER_BOUND('',#86940,.T.);
#86960=ADVANCED_FACE('',(#86950),#86570,.T.);
#86970=CARTESIAN_POINT('',(6.87657766063169,7.8265966990996,
15.5043632683109));
#86980=CARTESIAN_POINT('',(6.87657766063169,7.80312953946787,
15.5043632683109));
#86990=CARTESIAN_POINT('',(6.87657766062679,7.77966240284195,
15.5043632677492));
#87000=CARTESIAN_POINT('',(6.87657766062679,6.23746348013627,
15.5043632677492));
#87010=CARTESIAN_POINT('',(6.87657766062679,4.71873174006814,
15.5043632677492));
#87020=CARTESIAN_POINT('',(6.87657766062679,1.68126825440449,
15.5043632677492));
#87030=CARTESIAN_POINT('',(6.87657766062679,0.162536508808972,
15.5043632677492));
#87040=CARTESIAN_POINT('',(6.87657766062679,-1.3796625412522,
15.5043632677492));
#87050=CARTESIAN_POINT('',(6.87657766062164,-1.40312954498856,
15.5043632671599));
#87060=CARTESIAN_POINT('',(6.87657766062164,-1.42659669908956,
15.5043632671599));
#87070=CARTESIAN_POINT('',(6.87911595390504,7.82658971180244,
15.7952228681361));
#87080=CARTESIAN_POINT('',(6.87911595362264,7.80312525244394,
15.7952228357763));
#87090=CARTESIAN_POINT('',(6.87911595333841,7.77966245553916,
15.7952228032067));
#87100=CARTESIAN_POINT('',(6.87911595335784,6.23746348013627,
15.7952228054336));
#87110=CARTESIAN_POINT('',(6.87911595335784,4.71873174006814,
15.7952228054336));
#87120=CARTESIAN_POINT('',(6.87911595335784,1.68126825440449,
15.7952228054336));
#87130=CARTESIAN_POINT('',(6.87911595335784,0.162536508808972,
15.7952228054336));
#87140=CARTESIAN_POINT('',(6.87911595335784,-1.3796625412522,
15.7952228054336));
#87150=CARTESIAN_POINT('',(6.87911595298719,-1.40312954498856,
15.7952227629618));
#87160=CARTESIAN_POINT('',(6.8791159529872,-1.42659669908956,
15.7952227629621));
#87170=CARTESIAN_POINT('',(7.08568815926338,7.82686233514345,16.));
#87180=CARTESIAN_POINT('',(7.08568808129319,7.80329252661138,16.));
#87190=CARTESIAN_POINT('',(7.08568800364844,7.77966040047826,16.));
#87200=CARTESIAN_POINT('',(7.08568800901278,6.23746348013627,16.));
#87210=CARTESIAN_POINT('',(7.08568800901278,4.71873174006814,16.));
#87220=CARTESIAN_POINT('',(7.08568800901278,1.68126825440449,16.));
#87230=CARTESIAN_POINT('',(7.08568800901278,0.162536508808972,16.));
#87240=CARTESIAN_POINT('',(7.08568800901281,-1.3796625412522,16.));
#87250=CARTESIAN_POINT('',(7.08568790756282,-1.40313014645469,16.));
#87260=CARTESIAN_POINT('',(7.0856879075625,-1.42659760128883,16.));
#87270=CARTESIAN_POINT('',(7.37655871346729,7.8265968371347,16.));
#87280=CARTESIAN_POINT('',(7.37655871346729,7.80312963149125,16.));
#87290=CARTESIAN_POINT('',(7.37655862215888,7.77966240284195,16.));
#87300=CARTESIAN_POINT('',(7.37655862215888,6.23746348013627,16.));
#87310=CARTESIAN_POINT('',(7.37655862215888,4.71873174006814,16.));
#87320=CARTESIAN_POINT('',(7.37655862215888,1.68126825440449,16.));
#87330=CARTESIAN_POINT('',(7.37655862215888,0.162536508808972,16.));
#87340=CARTESIAN_POINT('',(7.37655862215887,-1.3796625412522,16.));
#87350=CARTESIAN_POINT('',(7.3765584788248,-1.40313014645469,16.));
#87360=CARTESIAN_POINT('',(7.3765584788248,-1.42659760128883,16.));
#87370=(BOUNDED_SURFACE() B_SPLINE_SURFACE(3,3,((#86970,#87070,#87170,
#87270),(#86980,#87080,#87180,#87280),(#86990,#87090,#87190,#87290),(
#87000,#87100,#87200,#87300),(#87010,#87110,#87210,#87310),(#87020,
#87120,#87220,#87320),(#87030,#87130,#87230,#87330),(#87040,#87140,
#87240,#87340),(#87050,#87150,#87250,#87350),(#87060,#87160,#87260,
#87360)),.UNSPECIFIED.,.F.,.F.,.F.) B_SPLINE_SURFACE_WITH_KNOTS((4,2,2,2
,4),(4,4),(0.,0.0704015479126442,4.62659676811703,9.1827920049036,
9.25319391830053),(0.,1.),.UNSPECIFIED.) GEOMETRIC_REPRESENTATION_ITEM()
 RATIONAL_B_SPLINE_SURFACE(((1.,0.806790151670923,0.806790151670923,1.),
(1.,0.806790241643157,0.806790241643157,1.),(1.,0.806790256607046,
0.806790256607046,1.),(1.,0.806790250415525,0.806790250415525,1.),(1.,
0.806790250415522,0.806790250415522,1.),(1.,0.806790250415523,
0.806790250415523,1.),(1.,0.806790250415524,0.806790250415524,1.),(1.,
0.806790250415556,0.806790250415556,1.),(1.,0.806790250415458,
0.806790250415458,1.),(1.,0.806790250415134,0.806790250415134,1.))) 
REPRESENTATION_ITEM('') SURFACE());
#87380=ORIENTED_EDGE('',*,*,#73880,.F.);
#87390=ORIENTED_EDGE('',*,*,#57690,.T.);
#87400=ORIENTED_EDGE('',*,*,#51780,.T.);
#87410=ORIENTED_EDGE('',*,*,#77930,.F.);
#87420=EDGE_LOOP('',(#87410,#87400,#87390,#87380));
#87430=FACE_OUTER_BOUND('',#87420,.T.);
#87440=ADVANCED_FACE('',(#87430),#87370,.T.);
#87450=CARTESIAN_POINT('',(11.1948514651103,3.31094891777731,16.));
#87460=DIRECTION('',(0.988685996664259,0.15,0.));
#87470=DIRECTION('',(0.15,-0.988685996664259,0.));
#87480=AXIS2_PLACEMENT_3D('',#87450,#87460,#87470);
#87490=PLANE('',#87480);
#87500=CARTESIAN_POINT('',(10.9608202148674,4.85350505042374,16.));
#87510=DIRECTION('',(0.,0.,-1.));
#87520=VECTOR('',#87510,1.);
#87530=LINE('',#87500,#87520);
#87540=CARTESIAN_POINT('',(10.9608202148674,4.85350505042374,15.5));
#87550=VERTEX_POINT('',#87540);
#87560=EDGE_CURVE('',#38860,#87550,#87530,.T.);
#87570=ORIENTED_EDGE('',*,*,#87560,.F.);
#87580=CARTESIAN_POINT('',(13.8801106577312,-14.3882388232775,15.5));
#87590=DIRECTION('',(-0.15,0.988685996664259,0.));
#87600=VECTOR('',#87590,1.66666666665794);
#87610=LINE('',#87580,#87600);
#87620=EDGE_CURVE('',#68700,#87550,#87610,.T.);
#87630=ORIENTED_EDGE('',*,*,#87620,.T.);
#87640=ORIENTED_EDGE('',*,*,#68710,.T.);
#87650=ORIENTED_EDGE('',*,*,#38950,.F.);
#87660=EDGE_LOOP('',(#87650,#87640,#87630,#87570));
#87670=FACE_OUTER_BOUND('',#87660,.T.);
#87680=ADVANCED_FACE('',(#87670),#87490,.T.);
#87690=CARTESIAN_POINT('',(-0.9911326125247,12.3000000692974,16.));
#87700=DIRECTION('',(-0.,-1.,-0.));
#87710=DIRECTION('',(-1.,0.,0.));
#87720=AXIS2_PLACEMENT_3D('',#87690,#87700,#87710);
#87730=PLANE('',#87720);
#87740=ORIENTED_EDGE('',*,*,#4290,.F.);
#87750=ORIENTED_EDGE('',*,*,#44130,.F.);
#87760=CARTESIAN_POINT('',(-0.9911326125247,12.3000000692974,16.));
#87770=DIRECTION('',(0.,0.,-1.));
#87780=VECTOR('',#87770,1.);
#87790=LINE('',#87760,#87780);
#87800=EDGE_CURVE('',#82080,#44060,#87790,.T.);
#87810=ORIENTED_EDGE('',*,*,#87800,.T.);
#87820=ORIENTED_EDGE('',*,*,#82090,.F.);
#87830=EDGE_LOOP('',(#87820,#87810,#87750,#87740));
#87840=FACE_OUTER_BOUND('',#87830,.T.);
#87850=ADVANCED_FACE('',(#87840),#87730,.T.);
#87860=CARTESIAN_POINT('',(1.40165656858926E-15,-8.90043634338974,15.8))
;
#87870=DIRECTION('',(0.,0.,1.));
#87880=DIRECTION('',(1.,0.,0.));
#87890=AXIS2_PLACEMENT_3D('',#87860,#87870,#87880);
#87900=PLANE('',#87890);
#87910=CARTESIAN_POINT('',(-7.2108618527965,12.0550126110582,15.8));
#87920=DIRECTION('',(-0.984807398879302,-0.173650186042465,0.));
#87930=VECTOR('',#87920,1.);
#87940=LINE('',#87910,#87930);
#87950=CARTESIAN_POINT('',(-15.2502014731532,10.6374432240672,15.8));
#87960=VERTEX_POINT('',#87950);
#87970=CARTESIAN_POINT('',(-16.023516894404,10.501085224602,15.8));
#87980=VERTEX_POINT('',#87970);
#87990=EDGE_CURVE('',#87960,#87980,#87940,.T.);
#88000=ORIENTED_EDGE('',*,*,#87990,.T.);
#88010=CARTESIAN_POINT('',(-13.4456319266829,0.401973999999999,15.8));
#88020=DIRECTION('',(-0.173627663604813,0.984811369974542,0.));
#88030=VECTOR('',#88020,1.);
#88040=LINE('',#88010,#88030);
#88050=CARTESIAN_POINT('',(-15.2229329737149,10.4827770393623,15.8));
#88060=VERTEX_POINT('',#88050);
#88070=EDGE_CURVE('',#88060,#87960,#88040,.T.);
#88080=ORIENTED_EDGE('',*,*,#88070,.T.);
#88090=CARTESIAN_POINT('',(-7.2108618527965,11.8955381968396,15.8));
#88100=DIRECTION('',(0.984807398879302,0.173650186042465,0.));
#88110=VECTOR('',#88100,1.);
#88120=LINE('',#88090,#88110);
#88130=CARTESIAN_POINT('',(-15.9962483949657,10.3464190398971,15.8));
#88140=VERTEX_POINT('',#88130);
#88150=EDGE_CURVE('',#88140,#88060,#88120,.T.);
#88160=ORIENTED_EDGE('',*,*,#88150,.T.);
#88170=CARTESIAN_POINT('',(-14.2429880135706,0.401973999999999,15.8));
#88180=DIRECTION('',(0.173627663604813,-0.984811369974542,0.));
#88190=VECTOR('',#88180,1.);
#88200=LINE('',#88170,#88190);
#88210=EDGE_CURVE('',#87980,#88140,#88200,.T.);
#88220=ORIENTED_EDGE('',*,*,#88210,.T.);
#88230=EDGE_LOOP('',(#88220,#88160,#88080,#88000));
#88240=FACE_OUTER_BOUND('',#88230,.T.);
#88250=ADVANCED_FACE('',(#88240),#87900,.T.);
#88260=CARTESIAN_POINT('',(11.3508722986056,4.91268239566592,16.));
#88270=DIRECTION('',(0.,0.,1.));
#88280=DIRECTION('',(1.,0.,0.));
#88290=AXIS2_PLACEMENT_3D('',#88260,#88270,#88280);
#88300=CYLINDRICAL_SURFACE('',#88290,0.394515634947934);
#88310=ORIENTED_EDGE('',*,*,#25560,.F.);
#88320=CARTESIAN_POINT('',(11.3508722986056,4.91268239566592,15.5));
#88330=DIRECTION('',(0.,0.,1.));
#88340=DIRECTION('',(1.,0.,0.));
#88350=AXIS2_PLACEMENT_3D('',#88320,#88330,#88340);
#88360=CIRCLE('',#88350,0.394515634947934);
#88370=EDGE_CURVE('',#25470,#87550,#88360,.T.);
#88380=ORIENTED_EDGE('',*,*,#88370,.F.);
#88390=ORIENTED_EDGE('',*,*,#87560,.T.);
#88400=ORIENTED_EDGE('',*,*,#38870,.T.);
#88410=EDGE_LOOP('',(#88400,#88390,#88380,#88310));
#88420=FACE_OUTER_BOUND('',#88410,.T.);
#88430=ADVANCED_FACE('',(#88420),#88300,.F.);
#88440=CARTESIAN_POINT('',(-13.2088930768846,12.8628256182496,16.));
#88450=DIRECTION('',(-0.342020437038356,-0.939692513883181,-0.));
#88460=DIRECTION('',(-0.939692513883181,0.342020437038356,0.));
#88470=AXIS2_PLACEMENT_3D('',#88440,#88450,#88460);
#88480=PLANE('',#88470);
#88490=ORIENTED_EDGE('',*,*,#56540,.F.);
#88500=CARTESIAN_POINT('',(-7.2108618527965,10.6797186653646,15.8));
#88510=DIRECTION('',(-0.939692513883181,0.342020437038356,0.));
#88520=VECTOR('',#88510,1.);
#88530=LINE('',#88500,#88520);
#88540=EDGE_CURVE('',#56450,#53650,#88530,.T.);
#88550=ORIENTED_EDGE('',*,*,#88540,.F.);
#88560=ORIENTED_EDGE('',*,*,#53660,.T.);
#88570=ORIENTED_EDGE('',*,*,#79470,.F.);
#88580=EDGE_LOOP('',(#88570,#88560,#88550,#88490));
#88590=FACE_OUTER_BOUND('',#88580,.T.);
#88600=ADVANCED_FACE('',(#88590),#88480,.T.);
#88610=CARTESIAN_POINT('',(-11.9605104780973,11.8153214820669,16.));
#88620=DIRECTION('',(-0.500014112125568,0.866017255991634,0.));
#88630=DIRECTION('',(0.866017255991634,0.500014112125568,0.));
#88640=AXIS2_PLACEMENT_3D('',#88610,#88620,#88630);
#88650=PLANE('',#88640);
#88660=CARTESIAN_POINT('',(-12.6405332162215,11.422695396067,16.));
#88670=DIRECTION('',(0.,0.,-1.));
#88680=VECTOR('',#88670,1.);
#88690=LINE('',#88660,#88680);
#88700=CARTESIAN_POINT('',(-12.6405332162215,11.422695396067,15.8));
#88710=VERTEX_POINT('',#88700);
#88720=EDGE_CURVE('',#80750,#88710,#88690,.T.);
#88730=ORIENTED_EDGE('',*,*,#88720,.F.);
#88740=CARTESIAN_POINT('',(-7.2108618527965,14.5576355916961,15.8));
#88750=DIRECTION('',(0.866017255991634,0.500014112125568,0.));
#88760=VECTOR('',#88750,1.);
#88770=LINE('',#88740,#88760);
#88780=CARTESIAN_POINT('',(-11.9605104780973,11.8153214820669,15.8));
#88790=VERTEX_POINT('',#88780);
#88800=EDGE_CURVE('',#88710,#88790,#88770,.T.);
#88810=ORIENTED_EDGE('',*,*,#88800,.F.);
#88820=CARTESIAN_POINT('',(-11.9605104780973,11.8153214820669,16.));
#88830=DIRECTION('',(0.,0.,-1.));
#88840=VECTOR('',#88830,1.);
#88850=LINE('',#88820,#88840);
#88860=EDGE_CURVE('',#80850,#88790,#88850,.T.);
#88870=ORIENTED_EDGE('',*,*,#88860,.T.);
#88880=ORIENTED_EDGE('',*,*,#80860,.F.);
#88890=EDGE_LOOP('',(#88880,#88870,#88810,#88730));
#88900=FACE_OUTER_BOUND('',#88890,.T.);
#88910=ADVANCED_FACE('',(#88900),#88650,.T.);
#88920=CARTESIAN_POINT('',(-14.7039478547863,11.908691676562,16.));
#88930=DIRECTION('',(-0.642821604444746,0.766015916844476,0.));
#88940=DIRECTION('',(0.766015916844476,0.642821604444746,0.));
#88950=AXIS2_PLACEMENT_3D('',#88920,#88930,#88940);
#88960=PLANE('',#88950);
#88970=ORIENTED_EDGE('',*,*,#32130,.F.);
#88980=CARTESIAN_POINT('',(-7.2108618527965,18.1967040534895,15.8));
#88990=DIRECTION('',(0.766015916844476,0.642821604444746,0.));
#89000=VECTOR('',#88990,1.);
#89010=LINE('',#88980,#89000);
#89020=CARTESIAN_POINT('',(-14.7039478547863,11.908691676562,15.8));
#89030=VERTEX_POINT('',#89020);
#89040=EDGE_CURVE('',#32040,#89030,#89010,.T.);
#89050=ORIENTED_EDGE('',*,*,#89040,.F.);
#89060=CARTESIAN_POINT('',(-14.7039478547863,11.908691676562,16.));
#89070=DIRECTION('',(0.,0.,-1.));
#89080=VECTOR('',#89070,1.);
#89090=LINE('',#89060,#89080);
#89100=EDGE_CURVE('',#82830,#89030,#89090,.T.);
#89110=ORIENTED_EDGE('',*,*,#89100,.T.);
#89120=ORIENTED_EDGE('',*,*,#82840,.F.);
#89130=EDGE_LOOP('',(#89120,#89110,#89050,#88970));
#89140=FACE_OUTER_BOUND('',#89130,.T.);
#89150=ADVANCED_FACE('',(#89140),#88960,.T.);
#89160=CARTESIAN_POINT('',(-12.5293509092451,11.1172075905348,16.));
#89170=DIRECTION('',(0.173653562217081,-0.98480680355556,0.));
#89180=DIRECTION('',(-0.98480680355556,-0.173653562217081,0.));
#89190=AXIS2_PLACEMENT_3D('',#89160,#89170,#89180);
#89200=PLANE('',#89190);
#89210=CARTESIAN_POINT('',(-11.756050990268,11.25356559,16.));
#89220=DIRECTION('',(0.,0.,-1.));
#89230=VECTOR('',#89220,1.);
#89240=LINE('',#89210,#89230);
#89250=CARTESIAN_POINT('',(-11.756050990268,11.25356559,15.8));
#89260=VERTEX_POINT('',#89250);
#89270=EDGE_CURVE('',#79320,#89260,#89240,.T.);
#89280=ORIENTED_EDGE('',*,*,#89270,.F.);
#89290=CARTESIAN_POINT('',(-7.2108618527965,12.0550306914013,15.8));
#89300=DIRECTION('',(-0.98480680355556,-0.173653562217081,0.));
#89310=VECTOR('',#89300,1.);
#89320=LINE('',#89290,#89310);
#89330=CARTESIAN_POINT('',(-12.5293509092451,11.1172075905348,15.8));
#89340=VERTEX_POINT('',#89330);
#89350=EDGE_CURVE('',#89260,#89340,#89320,.T.);
#89360=ORIENTED_EDGE('',*,*,#89350,.F.);
#89370=CARTESIAN_POINT('',(-12.5293509092451,11.1172075905348,16.));
#89380=DIRECTION('',(0.,0.,-1.));
#89390=VECTOR('',#89380,1.);
#89400=LINE('',#89370,#89390);
#89410=EDGE_CURVE('',#79230,#89340,#89400,.T.);
#89420=ORIENTED_EDGE('',*,*,#89410,.T.);
#89430=ORIENTED_EDGE('',*,*,#79390,.F.);
#89440=EDGE_LOOP('',(#89430,#89420,#89360,#89280));
#89450=FACE_OUTER_BOUND('',#89440,.T.);
#89460=ADVANCED_FACE('',(#89450),#89200,.T.);
#89470=CARTESIAN_POINT('',(-14.4000003523026,0.,6.4));
#89480=DIRECTION('',(0.999847695156391,0.,0.0174524064372835));
#89490=DIRECTION('',(0.,-1.,0.));
#89500=AXIS2_PLACEMENT_3D('',#89470,#89480,#89490);
#89510=PLANE('',#89500);
#89520=CARTESIAN_POINT('',(-14.2882879367621,-15.4,0.));
#89530=DIRECTION('',(-0.0174524064372835,0.,0.999847695156391));
#89540=VECTOR('',#89530,1.);
#89550=LINE('',#89520,#89540);
#89560=CARTESIAN_POINT('',(-14.4000003523026,-15.4,6.4));
#89570=VERTEX_POINT('',#89560);
#89580=CARTESIAN_POINT('',(-14.4139644042452,-15.4,7.2));
#89590=VERTEX_POINT('',#89580);
#89600=EDGE_CURVE('',#89570,#89590,#89550,.T.);
#89610=ORIENTED_EDGE('',*,*,#89600,.T.);
#89620=CARTESIAN_POINT('',(-14.4000003523026,0.,6.4));
#89630=DIRECTION('',(0.,-1.,0.));
#89640=VECTOR('',#89630,1.);
#89650=LINE('',#89620,#89640);
#89660=CARTESIAN_POINT('',(-14.4000003523026,-15.9930185057674,6.4));
#89670=VERTEX_POINT('',#89660);
#89680=EDGE_CURVE('',#89570,#89670,#89650,.T.);
#89690=ORIENTED_EDGE('',*,*,#89680,.F.);
#89700=CARTESIAN_POINT('',(-14.2882879367621,-15.9371665519065,0.));
#89710=DIRECTION('',(0.0174517421055201,0.00872520650594019,
-0.999809635615156));
#89720=VECTOR('',#89710,1.);
#89730=LINE('',#89700,#89720);
#89740=EDGE_CURVE('',#18500,#89670,#89730,.T.);
#89750=ORIENTED_EDGE('',*,*,#89740,.T.);
#89760=CARTESIAN_POINT('',(-14.4139644042452,0.,7.2));
#89770=DIRECTION('',(0.,-1.,0.));
#89780=VECTOR('',#89770,1.);
#89790=LINE('',#89760,#89780);
#89800=EDGE_CURVE('',#89590,#18500,#89790,.T.);
#89810=ORIENTED_EDGE('',*,*,#89800,.T.);
#89820=EDGE_LOOP('',(#89810,#89750,#89690,#89610));
#89830=FACE_OUTER_BOUND('',#89820,.T.);
#89840=ADVANCED_FACE('',(#89830),#89510,.T.);
#89850=CARTESIAN_POINT('',(16.,-15.4805421333484,0.));
#89860=DIRECTION('',(0.,-0.00872653549837393,-0.999961923064171));
#89870=VECTOR('',#89860,1.);
#89880=LINE('',#89850,#89870);
#89890=CARTESIAN_POINT('',(16.,-15.4133452513595,7.7));
#89900=VERTEX_POINT('',#89890);
#89910=CARTESIAN_POINT('',(16.,-15.4177086852549,7.2));
#89920=VERTEX_POINT('',#89910);
#89930=EDGE_CURVE('',#89900,#89920,#89880,.T.);
#89940=ORIENTED_EDGE('',*,*,#89930,.F.);
#89950=CARTESIAN_POINT('',(16.,0.,7.2));
#89960=DIRECTION('',(0.,1.,0.));
#89970=VECTOR('',#89960,1.);
#89980=LINE('',#89950,#89970);
#89990=EDGE_CURVE('',#24610,#89920,#89980,.T.);
#90000=ORIENTED_EDGE('',*,*,#89990,.T.);
#90010=ORIENTED_EDGE('',*,*,#24620,.F.);
#90020=ORIENTED_EDGE('',*,*,#23830,.F.);
#90030=ORIENTED_EDGE('',*,*,#35180,.T.);
#90040=CARTESIAN_POINT('',(16.,0.,7.7));
#90050=DIRECTION('',(0.,-1.,0.));
#90060=VECTOR('',#90050,1.);
#90070=LINE('',#90040,#90060);
#90080=EDGE_CURVE('',#35110,#89900,#90070,.T.);
#90090=ORIENTED_EDGE('',*,*,#90080,.F.);
#90100=EDGE_LOOP('',(#90090,#90030,#90020,#90010,#90000,#89940));
#90110=FACE_OUTER_BOUND('',#90100,.T.);
#90120=ADVANCED_FACE('',(#90110),#29200,.T.);
#90130=CARTESIAN_POINT('',(-15.033231650448,11.5586968432371,16.));
#90140=DIRECTION('',(-0.866072161537966,0.499919004448675,0.));
#90150=DIRECTION('',(0.499919004448675,0.866072161537966,0.));
#90160=AXIS2_PLACEMENT_3D('',#90130,#90140,#90150);
#90170=PLANE('',#90160);
#90180=ORIENTED_EDGE('',*,*,#2740,.F.);
#90190=ORIENTED_EDGE('',*,*,#62540,.F.);
#90200=ORIENTED_EDGE('',*,*,#84950,.T.);
#90210=ORIENTED_EDGE('',*,*,#82650,.F.);
#90220=EDGE_LOOP('',(#90210,#90200,#90190,#90180));
#90230=FACE_OUTER_BOUND('',#90220,.T.);
#90240=ADVANCED_FACE('',(#90230),#90170,.T.);
#90250=CARTESIAN_POINT('',(0.,-6.69306920480842,3.1));
#90260=DIRECTION('',(-1.,0.,0.));
#90270=DIRECTION('',(0.,1.,0.));
#90280=AXIS2_PLACEMENT_3D('',#90250,#90260,#90270);
#90290=CYLINDRICAL_SURFACE('',#90280,0.4);
#90300=ORIENTED_EDGE('',*,*,#9130,.T.);
#90310=ORIENTED_EDGE('',*,*,#43730,.T.);
#90320=CARTESIAN_POINT('',(-17.7034907471163,-6.69306920480842,3.1));
#90330=DIRECTION('',(0.999961923064171,0.,-0.00872653549837393));
#90340=DIRECTION('',(-0.00872653549837393,0.,-0.999961923064171));
#90350=AXIS2_PLACEMENT_3D('',#90320,#90330,#90340);
#90360=ELLIPSE('',#90350,0.400015231354295,0.4);
#90370=CARTESIAN_POINT('',(-17.7,-6.69306920480842,3.5));
#90380=VERTEX_POINT('',#90370);
#90390=EDGE_CURVE('',#90380,#43660,#90360,.T.);
#90400=ORIENTED_EDGE('',*,*,#90390,.T.);
#90410=CARTESIAN_POINT('',(0.,-6.69306920480842,3.5));
#90420=DIRECTION('',(-1.,0.,0.));
#90430=VECTOR('',#90420,1.);
#90440=LINE('',#90410,#90430);
#90450=EDGE_CURVE('',#90380,#9120,#90440,.T.);
#90460=ORIENTED_EDGE('',*,*,#90450,.F.);
#90470=EDGE_LOOP('',(#90460,#90400,#90310,#90300));
#90480=FACE_OUTER_BOUND('',#90470,.T.);
#90490=ADVANCED_FACE('',(#90480),#90290,.F.);
#90500=CARTESIAN_POINT('',(-18.0026180603372,-15.5,0.));
#90510=DIRECTION('',(0.,0.,1.));
#90520=DIRECTION('',(1.,0.,0.));
#90530=AXIS2_PLACEMENT_3D('',#90500,#90510,#90520);
#90540=CYLINDRICAL_SURFACE('',#90530,0.5);
#90550=ORIENTED_EDGE('',*,*,#36710,.T.);
#90560=ORIENTED_EDGE('',*,*,#720,.F.);
#90570=CARTESIAN_POINT('',(-18.0026180603372,-15.5,3.5));
#90580=DIRECTION('',(0.,0.,1.));
#90590=DIRECTION('',(1.,0.,0.));
#90600=AXIS2_PLACEMENT_3D('',#90570,#90580,#90590);
#90610=CIRCLE('',#90600,0.5);
#90620=EDGE_CURVE('',#8360,#630,#90610,.T.);
#90630=ORIENTED_EDGE('',*,*,#90620,.T.);
#90640=ORIENTED_EDGE('',*,*,#8370,.T.);
#90650=EDGE_LOOP('',(#90640,#90630,#90560,#90550));
#90660=FACE_OUTER_BOUND('',#90650,.T.);
#90670=ADVANCED_FACE('',(#90660),#90540,.T.);
#90680=CARTESIAN_POINT('',(-10.3097353608791,12.3000000692974,16.));
#90690=DIRECTION('',(-1.,0.,0.));
#90700=DIRECTION('',(0.,1.,0.));
#90710=AXIS2_PLACEMENT_3D('',#90680,#90690,#90700);
#90720=PLANE('',#90710);
#90730=CARTESIAN_POINT('',(-10.3097353608791,9.7302811716906,16.));
#90740=DIRECTION('',(0.,0.,-1.));
#90750=VECTOR('',#90740,1.);
#90760=LINE('',#90730,#90750);
#90770=EDGE_CURVE('',#81450,#69130,#90760,.T.);
#90780=ORIENTED_EDGE('',*,*,#90770,.F.);
#90790=ORIENTED_EDGE('',*,*,#69140,.F.);
#90800=ORIENTED_EDGE('',*,*,#25000,.T.);
#90810=ORIENTED_EDGE('',*,*,#81540,.F.);
#90820=EDGE_LOOP('',(#90810,#90800,#90790,#90780));
#90830=FACE_OUTER_BOUND('',#90820,.T.);
#90840=ADVANCED_FACE('',(#90830),#90720,.T.);
#90850=CARTESIAN_POINT('',(-1.00065707877967E-15,38.,14.9999999999976));
#90860=DIRECTION('',(-4.4554556646604E-16,-5.05682233022955E-14,-1.));
#90870=DIRECTION('',(1.17222239107004E-32,-1.,5.05661319997248E-14));
#90880=AXIS2_PLACEMENT_3D('',#90850,#90860,#90870);
#90890=TOROIDAL_SURFACE('',#90880,25.2360679774972,1.);
#90900=ORIENTED_EDGE('',*,*,#67070,.F.);
#90910=ORIENTED_EDGE('',*,*,#55240,.T.);
#90920=ORIENTED_EDGE('',*,*,#59400,.F.);
#90930=ORIENTED_EDGE('',*,*,#84570,.F.);
#90940=EDGE_LOOP('',(#90930,#90920,#90910,#90900));
#90950=FACE_OUTER_BOUND('',#90940,.T.);
#90960=ADVANCED_FACE('',(#90950),#90890,.T.);
#90970=CARTESIAN_POINT('',(-7.2729949657861,11.0676158169685,16.));
#90980=DIRECTION('',(-0.,-1.,-0.));
#90990=DIRECTION('',(-1.,0.,0.));
#91000=AXIS2_PLACEMENT_3D('',#90970,#90980,#90990);
#91010=PLANE('',#91000);
#91020=ORIENTED_EDGE('',*,*,#35840,.F.);
#91030=ORIENTED_EDGE('',*,*,#86860,.F.);
#91040=CARTESIAN_POINT('',(-7.2729949657861,11.0676158169685,16.));
#91050=DIRECTION('',(0.,0.,-1.));
#91060=VECTOR('',#91050,1.);
#91070=LINE('',#91040,#91060);
#91080=EDGE_CURVE('',#78990,#86790,#91070,.T.);
#91090=ORIENTED_EDGE('',*,*,#91080,.T.);
#91100=ORIENTED_EDGE('',*,*,#79000,.F.);
#91110=EDGE_LOOP('',(#91100,#91090,#91030,#91020));
#91120=FACE_OUTER_BOUND('',#91110,.T.);
#91130=ADVANCED_FACE('',(#91120),#91010,.T.);
#91140=CARTESIAN_POINT('',(-14.4223955598469,12.0712330163065,16.));
#91150=DIRECTION('',(0.939694240100576,0.342015694262415,0.));
#91160=DIRECTION('',(0.342015694262415,-0.939694240100576,0.));
#91170=AXIS2_PLACEMENT_3D('',#91140,#91150,#91160);
#91180=PLANE('',#91170);
#91190=CARTESIAN_POINT('',(-14.6909569494257,12.8091102398791,16.));
#91200=DIRECTION('',(0.,0.,-1.));
#91210=VECTOR('',#91200,1.);
#91220=LINE('',#91190,#91210);
#91230=EDGE_CURVE('',#78190,#29930,#91220,.T.);
#91240=ORIENTED_EDGE('',*,*,#91230,.F.);
#91250=ORIENTED_EDGE('',*,*,#30160,.F.);
#91260=ORIENTED_EDGE('',*,*,#66280,.T.);
#91270=ORIENTED_EDGE('',*,*,#78260,.F.);
#91280=EDGE_LOOP('',(#91270,#91260,#91250,#91240));
#91290=FACE_OUTER_BOUND('',#91280,.T.);
#91300=ADVANCED_FACE('',(#91290),#91180,.T.);
#91310=CARTESIAN_POINT('',(0.610065261729589,11.6584120879873,16.));
#91320=DIRECTION('',(-0.,-1.,-0.));
#91330=DIRECTION('',(-1.,0.,0.));
#91340=AXIS2_PLACEMENT_3D('',#91310,#91320,#91330);
#91350=PLANE('',#91340);
#91360=CARTESIAN_POINT('',(0.720333692122453,11.6584120879873,16.));
#91370=DIRECTION('',(0.,0.,-1.));
#91380=VECTOR('',#91370,1.);
#91390=LINE('',#91360,#91380);
#91400=CARTESIAN_POINT('',(0.720333692122453,11.6584120879873,16.));
#91410=VERTEX_POINT('',#91400);
#91420=CARTESIAN_POINT('',(0.720333692122453,11.6584120879873,15.8));
#91430=VERTEX_POINT('',#91420);
#91440=EDGE_CURVE('',#91410,#91430,#91390,.T.);
#91450=ORIENTED_EDGE('',*,*,#91440,.F.);
#91460=CARTESIAN_POINT('',(-22.290130924827,11.6584120879873,15.8));
#91470=DIRECTION('',(1.,0.,0.));
#91480=VECTOR('',#91470,3.18399680751);
#91490=LINE('',#91460,#91480);
#91500=EDGE_CURVE('',#65890,#91430,#91490,.T.);
#91510=ORIENTED_EDGE('',*,*,#91500,.T.);
#91520=ORIENTED_EDGE('',*,*,#65900,.T.);
#91530=CARTESIAN_POINT('',(0.,11.6584120879873,16.));
#91540=DIRECTION('',(1.,0.,0.));
#91550=VECTOR('',#91540,1.);
#91560=LINE('',#91530,#91550);
#91570=EDGE_CURVE('',#65870,#91410,#91560,.T.);
#91580=ORIENTED_EDGE('',*,*,#91570,.F.);
#91590=EDGE_LOOP('',(#91580,#91520,#91510,#91450));
#91600=FACE_OUTER_BOUND('',#91590,.T.);
#91610=ADVANCED_FACE('',(#91600),#91350,.T.);
#91620=CARTESIAN_POINT('',(-16.023516894404,10.501085224602,16.));
#91630=DIRECTION('',(0.173650186042465,-0.984807398879302,0.));
#91640=DIRECTION('',(-0.984807398879302,-0.173650186042465,0.));
#91650=AXIS2_PLACEMENT_3D('',#91620,#91630,#91640);
#91660=PLANE('',#91650);
#91670=CARTESIAN_POINT('',(-15.2502014731532,10.6374432240672,16.));
#91680=DIRECTION('',(0.,0.,-1.));
#91690=VECTOR('',#91680,1.);
#91700=LINE('',#91670,#91690);
#91710=EDGE_CURVE('',#79890,#87960,#91700,.T.);
#91720=ORIENTED_EDGE('',*,*,#91710,.F.);
#91730=ORIENTED_EDGE('',*,*,#87990,.F.);
#91740=CARTESIAN_POINT('',(-16.023516894404,10.501085224602,16.));
#91750=DIRECTION('',(0.,0.,-1.));
#91760=VECTOR('',#91750,1.);
#91770=LINE('',#91740,#91760);
#91780=EDGE_CURVE('',#79990,#87980,#91770,.T.);
#91790=ORIENTED_EDGE('',*,*,#91780,.T.);
#91800=ORIENTED_EDGE('',*,*,#80000,.F.);
#91810=EDGE_LOOP('',(#91800,#91790,#91730,#91720));
#91820=FACE_OUTER_BOUND('',#91810,.T.);
#91830=ADVANCED_FACE('',(#91820),#91660,.T.);
#91840=CARTESIAN_POINT('',(0.727675590634519,11.5553133609335,16.));
#91850=DIRECTION('',(0.,0.,-1.));
#91860=DIRECTION('',(-1.,0.,0.));
#91870=AXIS2_PLACEMENT_3D('',#91840,#91850,#91860);
#91880=CYLINDRICAL_SURFACE('',#91870,0.750000275741731);
#91890=CARTESIAN_POINT('',(1.47767586637625,11.5553133609335,16.));
#91900=DIRECTION('',(0.,0.,-1.));
#91910=VECTOR('',#91900,1.);
#91920=LINE('',#91890,#91910);
#91930=EDGE_CURVE('',#78640,#30690,#91920,.T.);
#91940=ORIENTED_EDGE('',*,*,#91930,.T.);
#91950=ORIENTED_EDGE('',*,*,#78710,.F.);
#91960=ORIENTED_EDGE('',*,*,#78690,.F.);
#91970=CARTESIAN_POINT('',(-0.0223246851072123,11.5553133609335,16.));
#91980=DIRECTION('',(0.,0.,-1.));
#91990=VECTOR('',#91980,1.);
#92000=LINE('',#91970,#91990);
#92010=EDGE_CURVE('',#78620,#30650,#92000,.T.);
#92020=ORIENTED_EDGE('',*,*,#92010,.F.);
#92030=ORIENTED_EDGE('',*,*,#30660,.T.);
#92040=ORIENTED_EDGE('',*,*,#30720,.T.);
#92050=EDGE_LOOP('',(#92040,#92030,#92020,#91960,#91950,#91940));
#92060=FACE_OUTER_BOUND('',#92050,.T.);
#92070=ADVANCED_FACE('',(#92060),#91880,.F.);
#92080=CARTESIAN_POINT('',(1.01323112540411,11.6172465235523,16.));
#92090=CARTESIAN_POINT('',(0.979370721084729,11.5744027466584,16.));
#92100=CARTESIAN_POINT('',(0.931541666003854,11.5474526289348,16.));
#92110=CARTESIAN_POINT('',(0.869694600971507,11.5365936071414,16.));
#92120=B_SPLINE_CURVE_WITH_KNOTS('',3,(#92080,#92090,#92100,#92110),
.UNSPECIFIED.,.F.,.F.,(4,4),(0.,0.349076105484002),.UNSPECIFIED.);
#92130=DIRECTION('',(0.,0.,-1.));
#92140=VECTOR('',#92130,1.);
#92150=SURFACE_OF_LINEAR_EXTRUSION('',#92120,#92140);
#92160=CARTESIAN_POINT('',(0.869694600971507,11.5365936071414,16.));
#92170=DIRECTION('',(0.,0.,-1.));
#92180=VECTOR('',#92170,1.);
#92190=LINE('',#92160,#92180);
#92200=CARTESIAN_POINT('',(0.869694600971507,11.5365936071414,15.8));
#92210=VERTEX_POINT('',#92200);
#92220=EDGE_CURVE('',#27280,#92210,#92190,.T.);
#92230=ORIENTED_EDGE('',*,*,#92220,.F.);
#92240=CARTESIAN_POINT('',(1.01323112540411,11.6172465235523,15.8));
#92250=CARTESIAN_POINT('',(0.979370721084729,11.5744027466584,15.8));
#92260=CARTESIAN_POINT('',(0.931541666003854,11.5474526289348,15.8));
#92270=CARTESIAN_POINT('',(0.869694600971507,11.5365936071414,15.8));
#92280=B_SPLINE_CURVE_WITH_KNOTS('',3,(#92240,#92250,#92260,#92270),
.UNSPECIFIED.,.F.,.F.,(4,4),(0.,0.349076105484002),.UNSPECIFIED.);
#92290=CARTESIAN_POINT('',(1.01323112540411,11.6172465235523,15.8));
#92300=VERTEX_POINT('',#92290);
#92310=EDGE_CURVE('',#92300,#92210,#92280,.T.);
#92320=ORIENTED_EDGE('',*,*,#92310,.T.);
#92330=CARTESIAN_POINT('',(1.01323112540411,11.6172465235523,16.));
#92340=DIRECTION('',(0.,0.,-1.));
#92350=VECTOR('',#92340,1.);
#92360=LINE('',#92330,#92350);
#92370=EDGE_CURVE('',#27370,#92300,#92360,.T.);
#92380=ORIENTED_EDGE('',*,*,#92370,.T.);
#92390=ORIENTED_EDGE('',*,*,#27380,.F.);
#92400=EDGE_LOOP('',(#92390,#92380,#92320,#92230));
#92410=FACE_OUTER_BOUND('',#92400,.T.);
#92420=ADVANCED_FACE('',(#92410),#92150,.F.);
#92430=CARTESIAN_POINT('',(0.948471868163543,11.4616169975771,16.));
#92440=CARTESIAN_POINT('',(0.96935080552083,11.4344694430936,16.));
#92450=CARTESIAN_POINT('',(0.997781698943521,11.3858012817832,16.));
#92460=CARTESIAN_POINT('',(1.03366583005167,11.315563154456,16.));
#92470=B_SPLINE_CURVE_WITH_KNOTS('',3,(#92430,#92440,#92450,#92460),
.UNSPECIFIED.,.F.,.F.,(4,4),(0.,0.343372109962867),.UNSPECIFIED.);
#92480=DIRECTION('',(0.,0.,-1.));
#92490=VECTOR('',#92480,1.);
#92500=SURFACE_OF_LINEAR_EXTRUSION('',#92470,#92490);
#92510=ORIENTED_EDGE('',*,*,#67410,.F.);
#92520=CARTESIAN_POINT('',(0.948471868163543,11.4616169975771,15.8));
#92530=CARTESIAN_POINT('',(0.96935080552083,11.4344694430936,15.8));
#92540=CARTESIAN_POINT('',(0.997781698943521,11.3858012817832,15.8));
#92550=CARTESIAN_POINT('',(1.03366583005167,11.315563154456,15.8));
#92560=B_SPLINE_CURVE_WITH_KNOTS('',3,(#92520,#92530,#92540,#92550),
.UNSPECIFIED.,.F.,.F.,(4,4),(0.,0.343372109962867),.UNSPECIFIED.);
#92570=CARTESIAN_POINT('',(0.948471868163543,11.4616169975771,15.8));
#92580=VERTEX_POINT('',#92570);
#92590=EDGE_CURVE('',#92580,#67340,#92560,.T.);
#92600=ORIENTED_EDGE('',*,*,#92590,.T.);
#92610=CARTESIAN_POINT('',(0.948471868163543,11.4616169975771,16.));
#92620=DIRECTION('',(0.,0.,-1.));
#92630=VECTOR('',#92620,1.);
#92640=LINE('',#92610,#92630);
#92650=EDGE_CURVE('',#27190,#92580,#92640,.T.);
#92660=ORIENTED_EDGE('',*,*,#92650,.T.);
#92670=ORIENTED_EDGE('',*,*,#27200,.F.);
#92680=EDGE_LOOP('',(#92670,#92660,#92600,#92510));
#92690=FACE_OUTER_BOUND('',#92680,.T.);
#92700=ADVANCED_FACE('',(#92690),#92500,.F.);
#92710=CARTESIAN_POINT('',(14.3659873551457,10.5914520847548,16.));
#92720=DIRECTION('',(5.68011847858276E-7,0.999999999999839,0.));
#92730=DIRECTION('',(0.999999999999839,-5.68011847858276E-7,0.));
#92740=AXIS2_PLACEMENT_3D('',#92710,#92720,#92730);
#92750=PLANE('',#92740);
#92760=ORIENTED_EDGE('',*,*,#72020,.F.);
#92770=CARTESIAN_POINT('',(-2.50009259702818,10.5914616648881,15.5));
#92780=DIRECTION('',(-0.999999999999839,5.68011847858276E-7,0.));
#92790=VECTOR('',#92780,1.66666666665794);
#92800=LINE('',#92770,#92790);
#92810=EDGE_CURVE('',#69470,#71930,#92800,.T.);
#92820=ORIENTED_EDGE('',*,*,#92810,.T.);
#92830=ORIENTED_EDGE('',*,*,#69480,.T.);
#92840=ORIENTED_EDGE('',*,*,#83550,.F.);
#92850=EDGE_LOOP('',(#92840,#92830,#92820,#92760));
#92860=FACE_OUTER_BOUND('',#92850,.T.);
#92870=ADVANCED_FACE('',(#92860),#92750,.T.);
#92880=CARTESIAN_POINT('',(-13.3298728208394,12.0712330163065,16.));
#92890=DIRECTION('',(0.342075866153797,0.939672337464038,0.));
#92900=DIRECTION('',(0.939672337464038,-0.342075866153797,0.));
#92910=AXIS2_PLACEMENT_3D('',#92880,#92890,#92900);
#92920=PLANE('',#92910);
#92930=ORIENTED_EDGE('',*,*,#53820,.F.);
#92940=CARTESIAN_POINT('',(-7.2108618527965,9.84368422781408,15.8));
#92950=DIRECTION('',(0.939672337464038,-0.342075866153797,0.));
#92960=VECTOR('',#92950,1.);
#92970=LINE('',#92940,#92960);
#92980=EDGE_CURVE('',#53730,#56370,#92970,.T.);
#92990=ORIENTED_EDGE('',*,*,#92980,.F.);
#93000=ORIENTED_EDGE('',*,*,#56380,.T.);
#93010=ORIENTED_EDGE('',*,*,#79540,.F.);
#93020=EDGE_LOOP('',(#93010,#93000,#92990,#92930));
#93030=FACE_OUTER_BOUND('',#93020,.T.);
#93040=ADVANCED_FACE('',(#93030),#92920,.T.);
#93050=CARTESIAN_POINT('',(0.600000000000002,-8.90043634338974,15.5));
#93060=DIRECTION('',(0.,0.,1.));
#93070=DIRECTION('',(1.,0.,0.));
#93080=AXIS2_PLACEMENT_3D('',#93050,#93060,#93070);
#93090=PLANE('',#93080);
#93100=EDGE_CURVE('',#77270,#77360,#77430,.T.);
#93110=ORIENTED_EDGE('',*,*,#93100,.T.);
#93120=ORIENTED_EDGE('',*,*,#77440,.T.);
#93130=EDGE_LOOP('',(#93120,#93110));
#93140=FACE_OUTER_BOUND('',#93130,.T.);
#93150=ADVANCED_FACE('',(#93140),#93090,.T.);
#93160=CARTESIAN_POINT('',(-6.87659684296019,8.82655862215887,16.));
#93170=CARTESIAN_POINT('',(-4.5843978953068,8.82655862215887,16.));
#93180=CARTESIAN_POINT('',(-2.29219894765341,8.82655862215887,16.));
#93190=CARTESIAN_POINT('',(2.10206507906958,8.82655862215887,16.));
#93200=CARTESIAN_POINT('',(4.20413015813918,8.82655862215887,16.));
#93210=CARTESIAN_POINT('',(6.32966254777039,8.82655862215887,16.));
#93220=CARTESIAN_POINT('',(6.35313017154294,8.82655847287958,16.));
#93230=CARTESIAN_POINT('',(6.3765976387101,8.82655847287958,16.));
#93240=CARTESIAN_POINT('',(-6.87659684296022,8.53568800901278,16.));
#93250=CARTESIAN_POINT('',(-4.58439789530682,8.53568800901278,16.));
#93260=CARTESIAN_POINT('',(-2.29219894765342,8.53568800901278,16.));
#93270=CARTESIAN_POINT('',(2.10206507906958,8.53568800901278,16.));
#93280=CARTESIAN_POINT('',(4.20413015813918,8.53568800901277,16.));
#93290=CARTESIAN_POINT('',(6.32966254777039,8.53568800901281,16.));
#93300=CARTESIAN_POINT('',(6.35313017154294,8.53568790336203,16.));
#93310=CARTESIAN_POINT('',(6.3765976387101,8.53568790336169,16.));
#93320=CARTESIAN_POINT('',(-6.87659684296022,8.32911595335784,
15.7952228054336));
#93330=CARTESIAN_POINT('',(-4.58439789530682,8.32911595335784,
15.7952228054336));
#93340=CARTESIAN_POINT('',(-2.29219894765342,8.32911595335784,
15.7952228054336));
#93350=CARTESIAN_POINT('',(2.10206507906958,8.32911595335784,
15.7952228054336));
#93360=CARTESIAN_POINT('',(4.20413015813918,8.32911595335784,
15.7952228054336));
#93370=CARTESIAN_POINT('',(6.32966254777039,8.32911595335784,
15.7952228054336));
#93380=CARTESIAN_POINT('',(6.35312954512929,8.32911595297197,
15.7952227612174));
#93390=CARTESIAN_POINT('',(6.37659669908956,8.32911595297197,
15.7952227612178));
#93400=CARTESIAN_POINT('',(-6.87659684296019,8.32657766062679,
15.5043632677492));
#93410=CARTESIAN_POINT('',(-4.5843978953068,8.32657766062678,
15.5043632677492));
#93420=CARTESIAN_POINT('',(-2.29219894765341,8.32657766062679,
15.5043632677492));
#93430=CARTESIAN_POINT('',(2.10206507906958,8.32657766062679,
15.5043632677492));
#93440=CARTESIAN_POINT('',(4.20413015813918,8.32657766062679,
15.5043632677492));
#93450=CARTESIAN_POINT('',(6.32966254777039,8.32657766062679,
15.5043632677492));
#93460=CARTESIAN_POINT('',(6.35312954512929,8.32657766062164,
15.5043632671599));
#93470=CARTESIAN_POINT('',(6.37659669908956,8.32657766062164,
15.5043632671599));
#93480=(BOUNDED_SURFACE() B_SPLINE_SURFACE(3,3,((#93160,#93240,#93320,
#93400),(#93170,#93250,#93330,#93410),(#93180,#93260,#93340,#93420),(
#93190,#93270,#93350,#93430),(#93200,#93280,#93360,#93440),(#93210,
#93290,#93370,#93450),(#93220,#93300,#93380,#93460),(#93230,#93310,
#93390,#93470)),.UNSPECIFIED.,.F.,.F.,.F.) B_SPLINE_SURFACE_WITH_KNOTS((
4,2,2,4),(4,4),(-6.87659684296018,1.77635683940025E-15,6.30619523720879,
6.37659716889366),(0.,1.),.UNSPECIFIED.) GEOMETRIC_REPRESENTATION_ITEM()
 RATIONAL_B_SPLINE_SURFACE(((1.,0.806790250415522,0.806790250415522,1.),
(1.,0.806790250415522,0.806790250415522,1.),(1.,0.806790250415522,
0.806790250415522,1.),(1.,0.806790250415521,0.806790250415521,1.),(1.,
0.806790250415525,0.806790250415525,1.),(1.,0.806790250415559,
0.806790250415559,1.),(1.,0.806790250415455,0.806790250415455,1.),(1.,
0.806790250415102,0.806790250415102,1.))) REPRESENTATION_ITEM('') 
SURFACE());
#93490=ORIENTED_EDGE('',*,*,#54900,.T.);
#93500=ORIENTED_EDGE('',*,*,#78050,.F.);
#93510=ORIENTED_EDGE('',*,*,#51490,.T.);
#93520=ORIENTED_EDGE('',*,*,#58570,.T.);
#93530=EDGE_LOOP('',(#93520,#93510,#93500,#93490));
#93540=FACE_OUTER_BOUND('',#93530,.T.);
#93550=ADVANCED_FACE('',(#93540),#93480,.F.);
#93560=CARTESIAN_POINT('',(1.40165656858926E-15,-8.90043634338974,15.8))
;
#93570=DIRECTION('',(0.,0.,1.));
#93580=DIRECTION('',(1.,0.,0.));
#93590=AXIS2_PLACEMENT_3D('',#93560,#93570,#93580);
#93600=PLANE('',#93590);
#93610=CARTESIAN_POINT('',(-7.2108618527965,19.2228335128569,15.8));
#93620=DIRECTION('',(-0.765967310122071,-0.642879522013541,0.));
#93630=VECTOR('',#93620,1.);
#93640=LINE('',#93610,#93630);
#93650=CARTESIAN_POINT('',(-15.2086863841846,12.5102264029431,15.8));
#93660=VERTEX_POINT('',#93650);
#93670=EDGE_CURVE('',#93660,#31960,#93640,.T.);
#93680=ORIENTED_EDGE('',*,*,#93670,.T.);
#93690=CARTESIAN_POINT('',(-5.0488381768959,0.401973999999999,15.8));
#93700=DIRECTION('',(-0.642780855680309,0.766050110352378,0.));
#93710=VECTOR('',#93700,1.);
#93720=LINE('',#93690,#93710);
#93730=EDGE_CURVE('',#89030,#93660,#93720,.T.);
#93740=ORIENTED_EDGE('',*,*,#93730,.T.);
#93750=ORIENTED_EDGE('',*,*,#89040,.T.);
#93760=ORIENTED_EDGE('',*,*,#32050,.T.);
#93770=EDGE_LOOP('',(#93760,#93750,#93740,#93680));
#93780=FACE_OUTER_BOUND('',#93770,.T.);
#93790=ADVANCED_FACE('',(#93780),#93600,.T.);
#93800=CARTESIAN_POINT('',(0.,16.5,15.5));
#93810=DIRECTION('',(-1.,0.,0.));
#93820=DIRECTION('',(0.,1.,0.));
#93830=AXIS2_PLACEMENT_3D('',#93800,#93810,#93820);
#93840=CYLINDRICAL_SURFACE('',#93830,0.5);
#93850=CARTESIAN_POINT('',(17.5,16.5,15.5));
#93860=DIRECTION('',(-1.,0.,0.));
#93870=DIRECTION('',(0.,1.,0.));
#93880=AXIS2_PLACEMENT_3D('',#93850,#93860,#93870);
#93890=CIRCLE('',#93880,0.5);
#93900=CARTESIAN_POINT('',(17.5,17.,15.5));
#93910=VERTEX_POINT('',#93900);
#93920=EDGE_CURVE('',#84640,#93910,#93890,.T.);
#93930=ORIENTED_EDGE('',*,*,#93920,.T.);
#93940=ORIENTED_EDGE('',*,*,#84650,.T.);
#93950=ORIENTED_EDGE('',*,*,#59300,.F.);
#93960=CARTESIAN_POINT('',(0.,17.,15.5));
#93970=DIRECTION('',(1.,0.,0.));
#93980=VECTOR('',#93970,1.);
#93990=LINE('',#93960,#93980);
#94000=EDGE_CURVE('',#59290,#93910,#93990,.T.);
#94010=ORIENTED_EDGE('',*,*,#94000,.F.);
#94020=EDGE_LOOP('',(#94010,#93950,#93940,#93930));
#94030=FACE_OUTER_BOUND('',#94020,.T.);
#94040=ADVANCED_FACE('',(#94030),#93840,.T.);
#94050=CARTESIAN_POINT('',(0.,17.,3.5));
#94060=DIRECTION('',(-0.,-1.,-0.));
#94070=DIRECTION('',(-1.,0.,0.));
#94080=AXIS2_PLACEMENT_3D('',#94050,#94060,#94070);
#94090=PLANE('',#94080);
#94100=ORIENTED_EDGE('',*,*,#15760,.T.);
#94110=ORIENTED_EDGE('',*,*,#67180,.F.);
#94120=ORIENTED_EDGE('',*,*,#31210,.T.);
#94130=ORIENTED_EDGE('',*,*,#24310,.T.);
#94140=CARTESIAN_POINT('',(0.,17.,3.5));
#94150=DIRECTION('',(-1.,0.,0.));
#94160=VECTOR('',#94150,1.);
#94170=LINE('',#94140,#94160);
#94180=CARTESIAN_POINT('',(17.5000380769358,17.,3.5));
#94190=VERTEX_POINT('',#94180);
#94200=EDGE_CURVE('',#94190,#24220,#94170,.T.);
#94210=ORIENTED_EDGE('',*,*,#94200,.T.);
#94220=CARTESIAN_POINT('',(17.5,17.,0.));
#94230=DIRECTION('',(0.,0.,1.));
#94240=VECTOR('',#94230,1.);
#94250=LINE('',#94220,#94240);
#94260=EDGE_CURVE('',#94190,#93910,#94250,.T.);
#94270=ORIENTED_EDGE('',*,*,#94260,.F.);
#94280=ORIENTED_EDGE('',*,*,#94000,.T.);
#94290=ORIENTED_EDGE('',*,*,#59510,.F.);
#94300=EDGE_LOOP('',(#94290,#94280,#94270,#94210,#94130,#94120,#94110,
#94100));
#94310=FACE_OUTER_BOUND('',#94300,.T.);
#94320=ADVANCED_FACE('',(#94310),#94090,.F.);
#94330=ORIENTED_EDGE('',*,*,#62710,.F.);
#94340=CARTESIAN_POINT('',(-16.,0.,7.2));
#94350=DIRECTION('',(0.,-1.,0.));
#94360=VECTOR('',#94350,1.);
#94370=LINE('',#94340,#94360);
#94380=EDGE_CURVE('',#62700,#18580,#94370,.T.);
#94390=ORIENTED_EDGE('',*,*,#94380,.F.);
#94400=ORIENTED_EDGE('',*,*,#18590,.F.);
#94410=ORIENTED_EDGE('',*,*,#42080,.F.);
#94420=EDGE_LOOP('',(#94410,#94400,#94390,#94330));
#94430=FACE_OUTER_BOUND('',#94420,.T.);
#94440=ADVANCED_FACE('',(#94430),#19220,.T.);
#94450=CARTESIAN_POINT('',(-13.7976229251895,12.1814076754924,16.));
#94460=DIRECTION('',(-0.,1.,0.));
#94470=DIRECTION('',(1.,0.,0.));
#94480=AXIS2_PLACEMENT_3D('',#94450,#94460,#94470);
#94490=PLANE('',#94480);
#94500=CARTESIAN_POINT('',(-13.9546609577705,12.1814076754924,16.));
#94510=DIRECTION('',(0.,0.,-1.));
#94520=VECTOR('',#94510,1.);
#94530=LINE('',#94500,#94520);
#94540=CARTESIAN_POINT('',(-13.9546609577705,12.1814076754924,15.8));
#94550=VERTEX_POINT('',#94540);
#94560=EDGE_CURVE('',#81100,#94550,#94530,.T.);
#94570=ORIENTED_EDGE('',*,*,#94560,.F.);
#94580=CARTESIAN_POINT('',(-7.2108618527965,12.1814076754924,15.8));
#94590=DIRECTION('',(1.,0.,0.));
#94600=VECTOR('',#94590,1.);
#94610=LINE('',#94580,#94600);
#94620=EDGE_CURVE('',#94550,#37220,#94610,.T.);
#94630=ORIENTED_EDGE('',*,*,#94620,.F.);
#94640=ORIENTED_EDGE('',*,*,#37230,.T.);
#94650=ORIENTED_EDGE('',*,*,#81170,.F.);
#94660=EDGE_LOOP('',(#94650,#94640,#94630,#94570));
#94670=FACE_OUTER_BOUND('',#94660,.T.);
#94680=ADVANCED_FACE('',(#94670),#94490,.T.);
#94690=CARTESIAN_POINT('',(-11.756050990268,11.25356559,16.));
#94700=DIRECTION('',(-0.984811369974541,-0.173627663604816,-0.));
#94710=DIRECTION('',(-0.173627663604816,0.984811369974541,0.));
#94720=AXIS2_PLACEMENT_3D('',#94690,#94700,#94710);
#94730=PLANE('',#94720);
#94740=ORIENTED_EDGE('',*,*,#76090,.F.);
#94750=CARTESIAN_POINT('',(-9.84285568037421,0.401973999999999,15.8));
#94760=DIRECTION('',(-0.173627663604816,0.984811369974541,0.));
#94770=VECTOR('',#94760,1.);
#94780=LINE('',#94750,#94770);
#94790=EDGE_CURVE('',#76000,#89260,#94780,.T.);
#94800=ORIENTED_EDGE('',*,*,#94790,.F.);
#94810=ORIENTED_EDGE('',*,*,#89270,.T.);
#94820=ORIENTED_EDGE('',*,*,#79330,.F.);
#94830=EDGE_LOOP('',(#94820,#94810,#94800,#94740));
#94840=FACE_OUTER_BOUND('',#94830,.T.);
#94850=ADVANCED_FACE('',(#94840),#94730,.T.);
#94860=CARTESIAN_POINT('',(-17.7,0.,3.5));
#94870=DIRECTION('',(0.,-1.,0.));
#94880=VECTOR('',#94870,1.);
#94890=LINE('',#94860,#94880);
#94900=CARTESIAN_POINT('',(-17.7,6.51633650601052,3.5));
#94910=VERTEX_POINT('',#94900);
#94920=EDGE_CURVE('',#34420,#94910,#94890,.T.);
#94930=ORIENTED_EDGE('',*,*,#94920,.T.);
#94940=ORIENTED_EDGE('',*,*,#34560,.T.);
#94950=ORIENTED_EDGE('',*,*,#9330,.F.);
#94960=CARTESIAN_POINT('',(0.,6.51633650601052,3.5));
#94970=DIRECTION('',(1.,0.,0.));
#94980=VECTOR('',#94970,1.);
#94990=LINE('',#94960,#94980);
#95000=EDGE_CURVE('',#9280,#94910,#94990,.T.);
#95010=ORIENTED_EDGE('',*,*,#95000,.F.);
#95020=EDGE_LOOP('',(#95010,#94950,#94940,#94930));
#95030=FACE_OUTER_BOUND('',#95020,.T.);
#95040=ADVANCED_FACE('',(#95030),#71450,.T.);
#95050=CARTESIAN_POINT('',(0.,-6.69306920480842,3.1));
#95060=DIRECTION('',(-1.,0.,0.));
#95070=DIRECTION('',(0.,1.,0.));
#95080=AXIS2_PLACEMENT_3D('',#95050,#95060,#95070);
#95090=CYLINDRICAL_SURFACE('',#95080,0.4);
#95100=CARTESIAN_POINT('',(17.7034907471163,-6.69306920480842,3.1));
#95110=DIRECTION('',(-0.999961923064171,0.,-0.00872653549837394));
#95120=DIRECTION('',(-0.00872653549837394,0.,0.999961923064171));
#95130=AXIS2_PLACEMENT_3D('',#95100,#95110,#95120);
#95140=ELLIPSE('',#95130,0.400015231354295,0.4);
#95150=EDGE_CURVE('',#35440,#71510,#95140,.T.);
#95160=ORIENTED_EDGE('',*,*,#95150,.T.);
#95170=ORIENTED_EDGE('',*,*,#35450,.T.);
#95180=ORIENTED_EDGE('',*,*,#60910,.F.);
#95190=ORIENTED_EDGE('',*,*,#71600,.F.);
#95200=EDGE_LOOP('',(#95190,#95180,#95170,#95160));
#95210=FACE_OUTER_BOUND('',#95200,.T.);
#95220=ADVANCED_FACE('',(#95210),#95090,.F.);
#95230=CARTESIAN_POINT('',(10.3458354408728,10.968340433467,16.));
#95240=DIRECTION('',(0.,0.,1.));
#95250=DIRECTION('',(1.,0.,0.));
#95260=AXIS2_PLACEMENT_3D('',#95230,#95240,#95250);
#95270=CYLINDRICAL_SURFACE('',#95260,2.51259470462197);
#95280=CARTESIAN_POINT('',(10.597094911335,13.4683405991065,16.));
#95290=DIRECTION('',(0.,0.,-1.));
#95300=VECTOR('',#95290,1.);
#95310=LINE('',#95280,#95300);
#95320=CARTESIAN_POINT('',(10.597094911335,13.4683405991065,15.5));
#95330=VERTEX_POINT('',#95320);
#95340=EDGE_CURVE('',#77590,#95330,#95310,.T.);
#95350=ORIENTED_EDGE('',*,*,#95340,.F.);
#95360=CARTESIAN_POINT('',(10.3458354408728,10.968340433467,15.5));
#95370=DIRECTION('',(0.,0.,1.));
#95380=DIRECTION('',(1.,0.,0.));
#95390=AXIS2_PLACEMENT_3D('',#95360,#95370,#95380);
#95400=CIRCLE('',#95390,2.51259470462197);
#95410=EDGE_CURVE('',#95330,#67590,#95400,.T.);
#95420=ORIENTED_EDGE('',*,*,#95410,.F.);
#95430=ORIENTED_EDGE('',*,*,#67600,.T.);
#95440=ORIENTED_EDGE('',*,*,#77690,.T.);
#95450=EDGE_LOOP('',(#95440,#95430,#95420,#95350));
#95460=FACE_OUTER_BOUND('',#95450,.T.);
#95470=ADVANCED_FACE('',(#95460),#95270,.F.);
#95480=CARTESIAN_POINT('',(-14.4223955598469,9.5287516135906,16.));
#95490=DIRECTION('',(-0.342052163691406,-0.939680965708058,-0.));
#95500=DIRECTION('',(-0.939680965708058,0.342052163691406,0.));
#95510=AXIS2_PLACEMENT_3D('',#95480,#95490,#95500);
#95520=PLANE('',#95510);
#95530=CARTESIAN_POINT('',(-14.2748294164966,9.4750362352201,16.));
#95540=DIRECTION('',(0.,0.,-1.));
#95550=VECTOR('',#95540,1.);
#95560=LINE('',#95530,#95550);
#95570=CARTESIAN_POINT('',(-14.2748294164966,9.4750362352201,15.8));
#95580=VERTEX_POINT('',#95570);
#95590=EDGE_CURVE('',#79730,#95580,#95560,.T.);
#95600=ORIENTED_EDGE('',*,*,#95590,.F.);
#95610=CARTESIAN_POINT('',(-7.2108618527965,6.90368970635978,15.8));
#95620=DIRECTION('',(-0.939680965708058,0.342052163691406,0.));
#95630=VECTOR('',#95620,1.);
#95640=LINE('',#95610,#95630);
#95650=CARTESIAN_POINT('',(-14.4223955598469,9.5287516135906,15.8));
#95660=VERTEX_POINT('',#95650);
#95670=EDGE_CURVE('',#95580,#95660,#95640,.T.);
#95680=ORIENTED_EDGE('',*,*,#95670,.F.);
#95690=CARTESIAN_POINT('',(-14.4223955598469,9.5287516135906,16.));
#95700=DIRECTION('',(0.,0.,-1.));
#95710=VECTOR('',#95700,1.);
#95720=LINE('',#95690,#95710);
#95730=EDGE_CURVE('',#79640,#95660,#95720,.T.);
#95740=ORIENTED_EDGE('',*,*,#95730,.T.);
#95750=ORIENTED_EDGE('',*,*,#79800,.F.);
#95760=EDGE_LOOP('',(#95750,#95740,#95680,#95600));
#95770=FACE_OUTER_BOUND('',#95760,.T.);
#95780=ADVANCED_FACE('',(#95770),#95520,.T.);
#95790=CARTESIAN_POINT('',(-13.3298728208394,9.5287516135906,16.));
#95800=DIRECTION('',(-0.939694240100576,-0.342015694262413,-0.));
#95810=DIRECTION('',(-0.342015694262413,0.939694240100576,0.));
#95820=AXIS2_PLACEMENT_3D('',#95790,#95800,#95810);
#95830=PLANE('',#95820);
#95840=CARTESIAN_POINT('',(-13.0613114312606,8.790874390018,16.));
#95850=DIRECTION('',(0.,0.,-1.));
#95860=VECTOR('',#95850,1.);
#95870=LINE('',#95840,#95860);
#95880=CARTESIAN_POINT('',(-13.0613114312606,8.790874390018,15.8));
#95890=VERTEX_POINT('',#95880);
#95900=EDGE_CURVE('',#78440,#95890,#95870,.T.);
#95910=ORIENTED_EDGE('',*,*,#95900,.F.);
#95920=CARTESIAN_POINT('',(-10.0080463706137,0.401973999999999,15.8));
#95930=DIRECTION('',(-0.342015694262413,0.939694240100576,0.));
#95940=VECTOR('',#95930,1.);
#95950=LINE('',#95920,#95940);
#95960=EDGE_CURVE('',#95890,#62950,#95950,.T.);
#95970=ORIENTED_EDGE('',*,*,#95960,.F.);
#95980=ORIENTED_EDGE('',*,*,#62960,.T.);
#95990=ORIENTED_EDGE('',*,*,#78510,.F.);
#96000=EDGE_LOOP('',(#95990,#95980,#95970,#95910));
#96010=FACE_OUTER_BOUND('',#96000,.T.);
#96020=ADVANCED_FACE('',(#96010),#95830,.T.);
#96030=CARTESIAN_POINT('',(1.40165656858926E-15,-8.90043634338974,15.8))
;
#96040=DIRECTION('',(0.,0.,1.));
#96050=DIRECTION('',(1.,0.,0.));
#96060=AXIS2_PLACEMENT_3D('',#96030,#96040,#96050);
#96070=PLANE('',#96060);
#96080=ORIENTED_EDGE('',*,*,#76560,.T.);
#96090=ORIENTED_EDGE('',*,*,#57100,.T.);
#96100=CARTESIAN_POINT('',(-22.498874166006,0.401973999999999,15.8));
#96110=DIRECTION('',(0.642800298108155,0.766033796090007,0.));
#96120=VECTOR('',#96110,1.);
#96130=LINE('',#96100,#96120);
#96140=CARTESIAN_POINT('',(-15.2086863841846,9.0897892315014,15.8));
#96150=VERTEX_POINT('',#96140);
#96160=EDGE_CURVE('',#96150,#57010,#96130,.T.);
#96170=ORIENTED_EDGE('',*,*,#96160,.T.);
#96180=CARTESIAN_POINT('',(-7.2108618527965,2.37924341657,15.8));
#96190=DIRECTION('',(0.766064525355769,-0.642763675849406,0.));
#96200=VECTOR('',#96190,1.);
#96210=LINE('',#96180,#96200);
#96220=EDGE_CURVE('',#76550,#96150,#96210,.T.);
#96230=ORIENTED_EDGE('',*,*,#96220,.T.);
#96240=EDGE_LOOP('',(#96230,#96170,#96090,#96080));
#96250=FACE_OUTER_BOUND('',#96240,.T.);
#96260=ADVANCED_FACE('',(#96250),#96070,.T.);
#96270=CARTESIAN_POINT('',(0.94615198623495,11.1405354668226,16.));
#96280=DIRECTION('',(0.875500223953502,0.483217712690014,0.));
#96290=DIRECTION('',(0.483217712690014,-0.875500223953502,0.));
#96300=AXIS2_PLACEMENT_3D('',#96270,#96280,#96290);
#96310=PLANE('',#96300);
#96320=CARTESIAN_POINT('',(0.838351515340594,11.3358497815337,16.));
#96330=DIRECTION('',(0.,0.,-1.));
#96340=VECTOR('',#96330,1.);
#96350=LINE('',#96320,#96340);
#96360=CARTESIAN_POINT('',(0.838351515340594,11.3358497815337,15.8));
#96370=VERTEX_POINT('',#96360);
#96380=EDGE_CURVE('',#26860,#96370,#96350,.T.);
#96390=ORIENTED_EDGE('',*,*,#96380,.F.);
#96400=CARTESIAN_POINT('',(21.2123135986174,-25.5779633885803,15.8));
#96410=DIRECTION('',(-0.483217712690014,0.875500223953502,0.));
#96420=VECTOR('',#96410,3.18399680751);
#96430=LINE('',#96400,#96420);
#96440=EDGE_CURVE('',#28770,#96370,#96430,.T.);
#96450=ORIENTED_EDGE('',*,*,#96440,.T.);
#96460=ORIENTED_EDGE('',*,*,#28780,.T.);
#96470=ORIENTED_EDGE('',*,*,#26950,.F.);
#96480=EDGE_LOOP('',(#96470,#96460,#96450,#96390));
#96490=FACE_OUTER_BOUND('',#96480,.T.);
#96500=ADVANCED_FACE('',(#96490),#96310,.T.);
#96510=CARTESIAN_POINT('',(-15.9962483949657,10.3464190398971,16.));
#96520=DIRECTION('',(0.984811369974542,0.173627663604813,0.));
#96530=DIRECTION('',(0.173627663604813,-0.984811369974542,0.));
#96540=AXIS2_PLACEMENT_3D('',#96510,#96520,#96530);
#96550=PLANE('',#96540);
#96560=ORIENTED_EDGE('',*,*,#91780,.F.);
#96570=ORIENTED_EDGE('',*,*,#88210,.F.);
#96580=CARTESIAN_POINT('',(-15.9962483949657,10.3464190398971,16.));
#96590=DIRECTION('',(0.,0.,-1.));
#96600=VECTOR('',#96590,1.);
#96610=LINE('',#96580,#96600);
#96620=EDGE_CURVE('',#80070,#88140,#96610,.T.);
#96630=ORIENTED_EDGE('',*,*,#96620,.T.);
#96640=ORIENTED_EDGE('',*,*,#80080,.F.);
#96650=EDGE_LOOP('',(#96640,#96630,#96570,#96560));
#96660=FACE_OUTER_BOUND('',#96650,.T.);
#96670=ADVANCED_FACE('',(#96660),#96550,.T.);
#96680=CARTESIAN_POINT('',(9.07151786396767,2.17737399336024,16.));
#96690=DIRECTION('',(0.,0.,1.));
#96700=DIRECTION('',(1.,0.,0.));
#96710=AXIS2_PLACEMENT_3D('',#96680,#96690,#96700);
#96720=CYLINDRICAL_SURFACE('',#96710,0.105204169319449);
#96730=ORIENTED_EDGE('',*,*,#50730,.F.);
#96740=ORIENTED_EDGE('',*,*,#48630,.T.);
#96750=ORIENTED_EDGE('',*,*,#64190,.T.);
#96760=ORIENTED_EDGE('',*,*,#39240,.F.);
#96770=EDGE_LOOP('',(#96760,#96750,#96740,#96730));
#96780=FACE_OUTER_BOUND('',#96770,.T.);
#96790=ADVANCED_FACE('',(#96780),#96720,.T.);
#96800=CARTESIAN_POINT('',(1.40165656858926E-15,-8.90043634338974,15.8))
;
#96810=DIRECTION('',(0.,0.,1.));
#96820=DIRECTION('',(1.,0.,0.));
#96830=AXIS2_PLACEMENT_3D('',#96800,#96810,#96820);
#96840=PLANE('',#96830);
#96850=ORIENTED_EDGE('',*,*,#63350,.T.);
#96860=ORIENTED_EDGE('',*,*,#37310,.T.);
#96870=ORIENTED_EDGE('',*,*,#94620,.T.);
#96880=CARTESIAN_POINT('',(-13.9546609577705,0.401973999999999,15.8));
#96890=DIRECTION('',(0.,-1.,0.));
#96900=VECTOR('',#96890,1.);
#96910=LINE('',#96880,#96900);
#96920=EDGE_CURVE('',#63340,#94550,#96910,.T.);
#96930=ORIENTED_EDGE('',*,*,#96920,.T.);
#96940=EDGE_LOOP('',(#96930,#96870,#96860,#96850));
#96950=FACE_OUTER_BOUND('',#96940,.T.);
#96960=ADVANCED_FACE('',(#96950),#96840,.T.);
#96970=CARTESIAN_POINT('',(13.6302267332435,2.17737399336024,16.));
#96980=DIRECTION('',(0.,0.,1.));
#96990=DIRECTION('',(1.,0.,0.));
#97000=AXIS2_PLACEMENT_3D('',#96970,#96980,#96990);
#97010=CYLINDRICAL_SURFACE('',#97000,0.105204169319449);
#97020=ORIENTED_EDGE('',*,*,#70860,.F.);
#97030=ORIENTED_EDGE('',*,*,#48310,.T.);
#97040=ORIENTED_EDGE('',*,*,#50660,.T.);
#97050=ORIENTED_EDGE('',*,*,#39560,.F.);
#97060=EDGE_LOOP('',(#97050,#97040,#97030,#97020));
#97070=FACE_OUTER_BOUND('',#97060,.T.);
#97080=ADVANCED_FACE('',(#97070),#97010,.T.);
#97090=CARTESIAN_POINT('',(0.610065261729589,11.1405354668226,16.));
#97100=DIRECTION('',(-0.,1.,0.));
#97110=DIRECTION('',(1.,0.,0.));
#97120=AXIS2_PLACEMENT_3D('',#97090,#97100,#97110);
#97130=PLANE('',#97120);
#97140=ORIENTED_EDGE('',*,*,#23240,.F.);
#97150=CARTESIAN_POINT('',(-22.290130924827,11.1405354668226,15.8));
#97160=DIRECTION('',(-1.,0.,0.));
#97170=VECTOR('',#97160,3.18399680751);
#97180=LINE('',#97150,#97170);
#97190=EDGE_CURVE('',#67970,#23150,#97180,.T.);
#97200=ORIENTED_EDGE('',*,*,#97190,.T.);
#97210=ORIENTED_EDGE('',*,*,#67980,.T.);
#97220=ORIENTED_EDGE('',*,*,#27770,.F.);
#97230=EDGE_LOOP('',(#97220,#97210,#97200,#97140));
#97240=FACE_OUTER_BOUND('',#97230,.T.);
#97250=ADVANCED_FACE('',(#97240),#97130,.T.);
#97260=CARTESIAN_POINT('',(-12.4232998548634,12.409260094335,16.));
#97270=DIRECTION('',(-0.766041953406238,0.642790576798972,0.));
#97280=DIRECTION('',(0.642790576798972,0.766041953406238,0.));
#97290=AXIS2_PLACEMENT_3D('',#97260,#97270,#97280);
#97300=PLANE('',#97290);
#97310=ORIENTED_EDGE('',*,*,#76880,.F.);
#97320=ORIENTED_EDGE('',*,*,#28110,.F.);
#97330=ORIENTED_EDGE('',*,*,#76310,.T.);
#97340=ORIENTED_EDGE('',*,*,#80470,.F.);
#97350=EDGE_LOOP('',(#97340,#97330,#97320,#97310));
#97360=FACE_OUTER_BOUND('',#97350,.T.);
#97370=ADVANCED_FACE('',(#97360),#97300,.T.);
#97380=CARTESIAN_POINT('',(-14.6909569494257,12.8091102398791,16.));
#97390=DIRECTION('',(0.342052163691391,-0.939680965708063,0.));
#97400=DIRECTION('',(-0.939680965708063,-0.342052163691391,0.));
#97410=AXIS2_PLACEMENT_3D('',#97380,#97390,#97400);
#97420=PLANE('',#97410);
#97430=ORIENTED_EDGE('',*,*,#75190,.F.);
#97440=ORIENTED_EDGE('',*,*,#29940,.F.);
#97450=ORIENTED_EDGE('',*,*,#91230,.T.);
#97460=ORIENTED_EDGE('',*,*,#78200,.F.);
#97470=EDGE_LOOP('',(#97460,#97450,#97440,#97430));
#97480=FACE_OUTER_BOUND('',#97470,.T.);
#97490=ADVANCED_FACE('',(#97480),#97420,.T.);
#97500=CARTESIAN_POINT('',(-13.0613114312606,8.790874390018,16.));
#97510=DIRECTION('',(-0.342020437038362,0.939692513883179,0.));
#97520=DIRECTION('',(0.939692513883179,0.342020437038362,0.));
#97530=AXIS2_PLACEMENT_3D('',#97500,#97510,#97520);
#97540=PLANE('',#97530);
#97550=CARTESIAN_POINT('',(-13.2088930768846,8.7371590116475,16.));
#97560=DIRECTION('',(0.,0.,-1.));
#97570=VECTOR('',#97560,1.);
#97580=LINE('',#97550,#97570);
#97590=CARTESIAN_POINT('',(-13.2088930768846,8.7371590116475,15.8));
#97600=VERTEX_POINT('',#97590);
#97610=EDGE_CURVE('',#78360,#97600,#97580,.T.);
#97620=ORIENTED_EDGE('',*,*,#97610,.F.);
#97630=CARTESIAN_POINT('',(-7.2108618527965,10.9202659645325,15.8));
#97640=DIRECTION('',(0.939692513883179,0.342020437038362,0.));
#97650=VECTOR('',#97640,1.);
#97660=LINE('',#97630,#97650);
#97670=EDGE_CURVE('',#97600,#95890,#97660,.T.);
#97680=ORIENTED_EDGE('',*,*,#97670,.F.);
#97690=ORIENTED_EDGE('',*,*,#95900,.T.);
#97700=ORIENTED_EDGE('',*,*,#78450,.F.);
#97710=EDGE_LOOP('',(#97700,#97690,#97680,#97620));
#97720=FACE_OUTER_BOUND('',#97710,.T.);
#97730=ADVANCED_FACE('',(#97720),#97540,.T.);
#97740=CARTESIAN_POINT('',(1.40165656858926E-15,-8.90043634338974,15.8))
;
#97750=DIRECTION('',(0.,0.,1.));
#97760=DIRECTION('',(1.,0.,0.));
#97770=AXIS2_PLACEMENT_3D('',#97740,#97750,#97760);
#97780=PLANE('',#97770);
#97790=ORIENTED_EDGE('',*,*,#53740,.T.);
#97800=ORIENTED_EDGE('',*,*,#88540,.T.);
#97810=ORIENTED_EDGE('',*,*,#56460,.T.);
#97820=ORIENTED_EDGE('',*,*,#92980,.T.);
#97830=EDGE_LOOP('',(#97820,#97810,#97800,#97790));
#97840=FACE_OUTER_BOUND('',#97830,.T.);
#97850=ADVANCED_FACE('',(#97840),#97780,.T.);
#97860=CARTESIAN_POINT('',(1.40165656858926E-15,-8.90043634338974,15.8))
;
#97870=DIRECTION('',(0.,0.,1.));
#97880=DIRECTION('',(1.,0.,0.));
#97890=AXIS2_PLACEMENT_3D('',#97860,#97870,#97880);
#97900=PLANE('',#97890);
#97910=CARTESIAN_POINT('',(-17.7442220100726,0.401973999999999,15.8));
#97920=DIRECTION('',(-0.342015694262415,-0.939694240100576,0.));
#97930=VECTOR('',#97920,1.);
#97940=LINE('',#97910,#97930);
#97950=EDGE_CURVE('',#95660,#47810,#97940,.T.);
#97960=ORIENTED_EDGE('',*,*,#97950,.T.);
#97970=ORIENTED_EDGE('',*,*,#95670,.T.);
#97980=CARTESIAN_POINT('',(-17.5771053558838,0.401973999999999,15.8));
#97990=DIRECTION('',(0.342015694262414,0.939694240100576,0.));
#98000=VECTOR('',#97990,1.);
#98010=LINE('',#97980,#98000);
#98020=EDGE_CURVE('',#47890,#95580,#98010,.T.);
#98030=ORIENTED_EDGE('',*,*,#98020,.T.);
#98040=ORIENTED_EDGE('',*,*,#47900,.T.);
#98050=EDGE_LOOP('',(#98040,#98030,#97970,#97960));
#98060=FACE_OUTER_BOUND('',#98050,.T.);
#98070=ADVANCED_FACE('',(#98060),#97900,.T.);
#98080=CARTESIAN_POINT('',(11.5330912650349,6.65135252920775,16.));
#98090=DIRECTION('',(-0.866025403784439,-0.5,-0.));
#98100=DIRECTION('',(-0.5,0.866025403784439,0.));
#98110=AXIS2_PLACEMENT_3D('',#98080,#98090,#98100);
#98120=PLANE('',#98110);
#98130=ORIENTED_EDGE('',*,*,#71050,.F.);
#98140=ORIENTED_EDGE('',*,*,#48830,.T.);
#98150=CARTESIAN_POINT('',(11.5330912650349,6.65135252920775,16.));
#98160=DIRECTION('',(0.,0.,-1.));
#98170=VECTOR('',#98160,1.);
#98180=LINE('',#98150,#98170);
#98190=EDGE_CURVE('',#83170,#48740,#98180,.T.);
#98200=ORIENTED_EDGE('',*,*,#98190,.T.);
#98210=ORIENTED_EDGE('',*,*,#83180,.F.);
#98220=EDGE_LOOP('',(#98210,#98200,#98140,#98130));
#98230=FACE_OUTER_BOUND('',#98220,.T.);
#98240=ADVANCED_FACE('',(#98230),#98120,.T.);
#98250=CARTESIAN_POINT('',(-12.5020824098068,10.9625414058299,16.));
#98260=DIRECTION('',(0.984811369974542,0.17362766360481,0.));
#98270=DIRECTION('',(0.17362766360481,-0.984811369974542,0.));
#98280=AXIS2_PLACEMENT_3D('',#98250,#98260,#98270);
#98290=PLANE('',#98280);
#98300=ORIENTED_EDGE('',*,*,#89410,.F.);
#98310=CARTESIAN_POINT('',(-10.6401962649883,0.401973999999999,15.8));
#98320=DIRECTION('',(0.17362766360481,-0.984811369974542,0.));
#98330=VECTOR('',#98320,1.);
#98340=LINE('',#98310,#98330);
#98350=EDGE_CURVE('',#89340,#75920,#98340,.T.);
#98360=ORIENTED_EDGE('',*,*,#98350,.F.);
#98370=ORIENTED_EDGE('',*,*,#75930,.T.);
#98380=ORIENTED_EDGE('',*,*,#79240,.F.);
#98390=EDGE_LOOP('',(#98380,#98370,#98360,#98300));
#98400=FACE_OUTER_BOUND('',#98390,.T.);
#98410=ADVANCED_FACE('',(#98400),#98290,.T.);
#98420=CARTESIAN_POINT('',(0.600000000000002,-8.90043634338974,15.5));
#98430=DIRECTION('',(0.,0.,1.));
#98440=DIRECTION('',(1.,0.,0.));
#98450=AXIS2_PLACEMENT_3D('',#98420,#98430,#98440);
#98460=PLANE('',#98450);
#98470=ORIENTED_EDGE('',*,*,#88370,.T.);
#98480=ORIENTED_EDGE('',*,*,#25480,.F.);
#98490=ORIENTED_EDGE('',*,*,#68780,.T.);
#98500=ORIENTED_EDGE('',*,*,#87620,.F.);
#98510=EDGE_LOOP('',(#98500,#98490,#98480,#98470));
#98520=FACE_OUTER_BOUND('',#98510,.T.);
#98530=ADVANCED_FACE('',(#98520),#98460,.T.);
#98540=CARTESIAN_POINT('',(-0.3741886260858,9.3000000628734,16.));
#98550=DIRECTION('',(-0.,1.,0.));
#98560=DIRECTION('',(1.,0.,0.));
#98570=AXIS2_PLACEMENT_3D('',#98540,#98550,#98560);
#98580=PLANE('',#98570);
#98590=ORIENTED_EDGE('',*,*,#63740,.F.);
#98600=ORIENTED_EDGE('',*,*,#44220,.F.);
#98610=ORIENTED_EDGE('',*,*,#4130,.T.);
#98620=ORIENTED_EDGE('',*,*,#82000,.F.);
#98630=EDGE_LOOP('',(#98620,#98610,#98600,#98590));
#98640=FACE_OUTER_BOUND('',#98630,.T.);
#98650=ADVANCED_FACE('',(#98640),#98580,.T.);
#98660=CARTESIAN_POINT('',(0.946151986234955,12.0135021006311,16.));
#98670=CARTESIAN_POINT('',(0.980407264074097,11.9974110047008,16.));
#98680=CARTESIAN_POINT('',(1.00864072073691,11.9694243439879,16.));
#98690=CARTESIAN_POINT('',(1.03055620108356,11.929739555252,16.));
#98700=B_SPLINE_CURVE_WITH_KNOTS('',3,(#98660,#98670,#98680,#98690),
.UNSPECIFIED.,.F.,.F.,(4,4),(0.,0.249060745147822),.UNSPECIFIED.);
#98710=DIRECTION('',(0.,0.,-1.));
#98720=VECTOR('',#98710,1.);
#98730=SURFACE_OF_LINEAR_EXTRUSION('',#98700,#98720);
#98740=ORIENTED_EDGE('',*,*,#11110,.F.);
#98750=CARTESIAN_POINT('',(0.946151986234955,12.0135021006311,15.8));
#98760=CARTESIAN_POINT('',(0.980407264074097,11.9974110047008,15.8));
#98770=CARTESIAN_POINT('',(1.00864072073691,11.9694243439879,15.8));
#98780=CARTESIAN_POINT('',(1.03055620108356,11.929739555252,15.8));
#98790=B_SPLINE_CURVE_WITH_KNOTS('',3,(#98750,#98760,#98770,#98780),
.UNSPECIFIED.,.F.,.F.,(4,4),(0.,0.249060745147822),.UNSPECIFIED.);
#98800=CARTESIAN_POINT('',(0.946151986234955,12.0135021006311,15.8));
#98810=VERTEX_POINT('',#98800);
#98820=EDGE_CURVE('',#98810,#11020,#98790,.T.);
#98830=ORIENTED_EDGE('',*,*,#98820,.T.);
#98840=CARTESIAN_POINT('',(0.946151986234955,12.0135021006311,16.));
#98850=DIRECTION('',(0.,0.,-1.));
#98860=VECTOR('',#98850,1.);
#98870=LINE('',#98840,#98860);
#98880=EDGE_CURVE('',#27540,#98810,#98870,.T.);
#98890=ORIENTED_EDGE('',*,*,#98880,.T.);
#98900=ORIENTED_EDGE('',*,*,#27550,.F.);
#98910=EDGE_LOOP('',(#98900,#98890,#98830,#98740));
#98920=FACE_OUTER_BOUND('',#98910,.T.);
#98930=ADVANCED_FACE('',(#98920),#98730,.F.);
#98940=CARTESIAN_POINT('',(-7.7617506509997,12.3000000692974,16.));
#98950=DIRECTION('',(-0.,-1.,-0.));
#98960=DIRECTION('',(-1.,0.,0.));
#98970=AXIS2_PLACEMENT_3D('',#98940,#98950,#98960);
#98980=PLANE('',#98970);
#98990=ORIENTED_EDGE('',*,*,#21830,.F.);
#99000=ORIENTED_EDGE('',*,*,#86630,.F.);
#99010=ORIENTED_EDGE('',*,*,#31570,.T.);
#99020=ORIENTED_EDGE('',*,*,#78800,.F.);
#99030=EDGE_LOOP('',(#99020,#99010,#99000,#98990));
#99040=FACE_OUTER_BOUND('',#99030,.T.);
#99050=ADVANCED_FACE('',(#99040),#98980,.T.);
#99060=CARTESIAN_POINT('',(12.8926933670744,11.3452289306622,16.));
#99070=DIRECTION('',(1.13695111755926E-6,-0.999999999999354,0.));
#99080=DIRECTION('',(-0.999999999999354,-1.13695111755926E-6,0.));
#99090=AXIS2_PLACEMENT_3D('',#99060,#99070,#99080);
#99100=PLANE('',#99090);
#99110=ORIENTED_EDGE('',*,*,#69640,.F.);
#99120=CARTESIAN_POINT('',(-2.50009259702818,11.345211429817,15.5));
#99130=DIRECTION('',(0.999999999999354,1.13695111755926E-6,0.));
#99140=VECTOR('',#99130,1.66666666665794);
#99150=LINE('',#99120,#99140);
#99160=EDGE_CURVE('',#55710,#69550,#99150,.T.);
#99170=ORIENTED_EDGE('',*,*,#99160,.T.);
#99180=ORIENTED_EDGE('',*,*,#55720,.T.);
#99190=ORIENTED_EDGE('',*,*,#83620,.F.);
#99200=EDGE_LOOP('',(#99190,#99180,#99170,#99110));
#99210=FACE_OUTER_BOUND('',#99200,.T.);
#99220=ADVANCED_FACE('',(#99210),#99100,.T.);
#99230=CARTESIAN_POINT('',(-15.2086863841846,9.0897892315014,16.));
#99240=DIRECTION('',(0.642763675849406,0.766064525355769,0.));
#99250=DIRECTION('',(0.766064525355769,-0.642763675849406,0.));
#99260=AXIS2_PLACEMENT_3D('',#99230,#99240,#99250);
#99270=PLANE('',#99260);
#99280=ORIENTED_EDGE('',*,*,#76640,.F.);
#99290=ORIENTED_EDGE('',*,*,#96220,.F.);
#99300=CARTESIAN_POINT('',(-15.2086863841846,9.0897892315014,16.));
#99310=DIRECTION('',(0.,0.,-1.));
#99320=VECTOR('',#99310,1.);
#99330=LINE('',#99300,#99320);
#99340=EDGE_CURVE('',#82990,#96150,#99330,.T.);
#99350=ORIENTED_EDGE('',*,*,#99340,.T.);
#99360=ORIENTED_EDGE('',*,*,#83000,.F.);
#99370=EDGE_LOOP('',(#99360,#99350,#99290,#99280));
#99380=FACE_OUTER_BOUND('',#99370,.T.);
#99390=ADVANCED_FACE('',(#99380),#99270,.T.);
#99400=CARTESIAN_POINT('',(-11.9605104780973,9.7846786501039,16.));
#99410=DIRECTION('',(-0.866029418006325,0.499993047099282,0.));
#99420=DIRECTION('',(0.499993047099282,0.866029418006325,0.));
#99430=AXIS2_PLACEMENT_3D('',#99400,#99410,#99420);
#99440=PLANE('',#99430);
#99450=ORIENTED_EDGE('',*,*,#70590,.F.);
#99460=CARTESIAN_POINT('',(-17.3775170953065,0.401973999999999,15.8));
#99470=DIRECTION('',(0.499993047099282,0.866029418006325,0.));
#99480=VECTOR('',#99470,1.);
#99490=LINE('',#99460,#99480);
#99500=CARTESIAN_POINT('',(-11.9605104780973,9.7846786501039,15.8));
#99510=VERTEX_POINT('',#99500);
#99520=EDGE_CURVE('',#70500,#99510,#99490,.T.);
#99530=ORIENTED_EDGE('',*,*,#99520,.F.);
#99540=CARTESIAN_POINT('',(-11.9605104780973,9.7846786501039,16.));
#99550=DIRECTION('',(0.,0.,-1.));
#99560=VECTOR('',#99550,1.);
#99570=LINE('',#99540,#99560);
#99580=EDGE_CURVE('',#81290,#99510,#99570,.T.);
#99590=ORIENTED_EDGE('',*,*,#99580,.T.);
#99600=ORIENTED_EDGE('',*,*,#81300,.F.);
#99610=EDGE_LOOP('',(#99600,#99590,#99530,#99450));
#99620=FACE_OUTER_BOUND('',#99610,.T.);
#99630=ADVANCED_FACE('',(#99620),#99440,.T.);
#99640=CARTESIAN_POINT('',(-14.6909569494257,8.790874390018,16.));
#99650=DIRECTION('',(0.939694240100576,-0.342015694262415,0.));
#99660=DIRECTION('',(-0.342015694262415,-0.939694240100576,0.));
#99670=AXIS2_PLACEMENT_3D('',#99640,#99650,#99660);
#99680=PLANE('',#99670);
#99690=ORIENTED_EDGE('',*,*,#95730,.F.);
#99700=ORIENTED_EDGE('',*,*,#97950,.F.);
#99710=ORIENTED_EDGE('',*,*,#47820,.T.);
#99720=ORIENTED_EDGE('',*,*,#79650,.F.);
#99730=EDGE_LOOP('',(#99720,#99710,#99700,#99690));
#99740=FACE_OUTER_BOUND('',#99730,.T.);
#99750=ADVANCED_FACE('',(#99740),#99680,.T.);
#99760=CARTESIAN_POINT('',(-12.0390294943878,11.9513074269633,16.));
#99770=DIRECTION('',(-0.866004736700136,-0.500035794731666,-0.));
#99780=DIRECTION('',(-0.500035794731666,0.866004736700136,0.));
#99790=AXIS2_PLACEMENT_3D('',#99760,#99770,#99780);
#99800=PLANE('',#99790);
#99810=ORIENTED_EDGE('',*,*,#88860,.F.);
#99820=CARTESIAN_POINT('',(-5.37038222950307,0.401973999999999,15.8));
#99830=DIRECTION('',(-0.500035794731666,0.866004736700136,0.));
#99840=VECTOR('',#99830,1.);
#99850=LINE('',#99820,#99840);
#99860=CARTESIAN_POINT('',(-12.0390294943878,11.9513074269633,15.8));
#99870=VERTEX_POINT('',#99860);
#99880=EDGE_CURVE('',#88790,#99870,#99850,.T.);
#99890=ORIENTED_EDGE('',*,*,#99880,.F.);
#99900=CARTESIAN_POINT('',(-12.0390294943878,11.9513074269633,16.));
#99910=DIRECTION('',(0.,0.,-1.));
#99920=VECTOR('',#99910,1.);
#99930=LINE('',#99900,#99920);
#99940=EDGE_CURVE('',#80930,#99870,#99930,.T.);
#99950=ORIENTED_EDGE('',*,*,#99940,.T.);
#99960=ORIENTED_EDGE('',*,*,#80940,.F.);
#99970=EDGE_LOOP('',(#99960,#99950,#99890,#99810));
#99980=FACE_OUTER_BOUND('',#99970,.T.);
#99990=ADVANCED_FACE('',(#99980),#99800,.T.);
#100000=CARTESIAN_POINT('',(-16.023516894404,11.0988994052951,16.));
#100010=DIRECTION('',(0.984811369974542,-0.173627663604813,0.));
#100020=DIRECTION('',(-0.173627663604813,-0.984811369974542,0.));
#100030=AXIS2_PLACEMENT_3D('',#100000,#100010,#100020);
#100040=PLANE('',#100030);
#100050=ORIENTED_EDGE('',*,*,#71300,.F.);
#100060=ORIENTED_EDGE('',*,*,#37630,.F.);
#100070=ORIENTED_EDGE('',*,*,#59860,.T.);
#100080=ORIENTED_EDGE('',*,*,#82470,.F.);
#100090=EDGE_LOOP('',(#100080,#100070,#100060,#100050));
#100100=FACE_OUTER_BOUND('',#100090,.T.);
#100110=ADVANCED_FACE('',(#100100),#100040,.T.);
#100120=CARTESIAN_POINT('',(17.5,16.,0.));
#100130=DIRECTION('',(0.,0.,1.));
#100140=DIRECTION('',(1.,0.,0.));
#100150=AXIS2_PLACEMENT_3D('',#100120,#100130,#100140);
#100160=CYLINDRICAL_SURFACE('',#100150,1.);
#100170=ORIENTED_EDGE('',*,*,#94260,.T.);
#100180=CARTESIAN_POINT('',(17.5,16.,3.5));
#100190=DIRECTION('',(0.,0.,1.));
#100200=DIRECTION('',(1.,0.,0.));
#100210=AXIS2_PLACEMENT_3D('',#100180,#100190,#100200);
#100220=CIRCLE('',#100210,1.);
#100230=EDGE_CURVE('',#60430,#94190,#100220,.T.);
#100240=ORIENTED_EDGE('',*,*,#100230,.T.);
#100250=ORIENTED_EDGE('',*,*,#60440,.F.);
#100260=CARTESIAN_POINT('',(17.5,16.,15.5));
#100270=DIRECTION('',(0.,0.,1.));
#100280=DIRECTION('',(1.,0.,0.));
#100290=AXIS2_PLACEMENT_3D('',#100260,#100270,#100280);
#100300=CIRCLE('',#100290,1.);
#100310=EDGE_CURVE('',#60350,#93910,#100300,.T.);
#100320=ORIENTED_EDGE('',*,*,#100310,.F.);
#100330=EDGE_LOOP('',(#100320,#100250,#100240,#100170));
#100340=FACE_OUTER_BOUND('',#100330,.T.);
#100350=ADVANCED_FACE('',(#100340),#100160,.T.);
#100360=COLOUR_RGB('',0.,0.239215701818466,0.501960813999176);
#100370=FILL_AREA_STYLE_COLOUR('',#100360);
#100380=FILL_AREA_STYLE('',(#100370));
#100390=SURFACE_STYLE_FILL_AREA(#100380);
#100400=SURFACE_SIDE_STYLE('',(#100390));
#100410=SURFACE_STYLE_USAGE(.BOTH.,#100400);
#100420=PRESENTATION_STYLE_ASSIGNMENT((#100410));
#100430=CARTESIAN_POINT('',(0.461938332629783,12.0377374629063,16.));
#100440=DIRECTION('',(-0.,-1.,-0.));
#100450=DIRECTION('',(-1.,0.,0.));
#100460=AXIS2_PLACEMENT_3D('',#100430,#100440,#100450);
#100470=PLANE('',#100460);
#100480=CARTESIAN_POINT('',(0.77467816027936,12.0377374629063,16.));
#100490=DIRECTION('',(0.,0.,-1.));
#100500=VECTOR('',#100490,1.);
#100510=LINE('',#100480,#100500);
#100520=CARTESIAN_POINT('',(0.77467816027936,12.0377374629063,15.8));
#100530=VERTEX_POINT('',#100520);
#100540=EDGE_CURVE('',#27630,#100530,#100510,.T.);
#100550=ORIENTED_EDGE('',*,*,#100540,.F.);
#100560=CARTESIAN_POINT('',(-22.290130924827,12.0377374629063,15.8));
#100570=DIRECTION('',(1.,0.,0.));
#100580=VECTOR('',#100570,3.18399680751);
#100590=LINE('',#100560,#100580);
#100600=EDGE_CURVE('',#23070,#100530,#100590,.T.);
#100610=ORIENTED_EDGE('',*,*,#100600,.T.);
#100620=ORIENTED_EDGE('',*,*,#23080,.T.);
#100630=ORIENTED_EDGE('',*,*,#27700,.F.);
#100640=EDGE_LOOP('',(#100630,#100620,#100610,#100550));
#100650=FACE_OUTER_BOUND('',#100640,.T.);
#100660=ADVANCED_FACE('',(#100650),#100470,.T.);
#100670=CARTESIAN_POINT('',(0.656288252853245,11.2334958284843,16.));
#100680=DIRECTION('',(0.,0.,-1.));
#100690=DIRECTION('',(0.575701448572917,0.817659979521467,0.));
#100700=AXIS2_PLACEMENT_3D('',#100670,#100680,#100690);
#100710=CYLINDRICAL_SURFACE('',#100700,0.370689267236111);
#100720=ORIENTED_EDGE('',*,*,#92650,.F.);
#100730=CARTESIAN_POINT('',(0.656288252853245,11.2334958284843,15.8));
#100740=DIRECTION('',(0.,0.,-1.));
#100750=DIRECTION('',(0.575701448572917,0.817659979521467,0.));
#100760=AXIS2_PLACEMENT_3D('',#100730,#100740,#100750);
#100770=CIRCLE('',#100760,0.370689267236111);
#100780=EDGE_CURVE('',#92210,#92580,#100770,.T.);
#100790=ORIENTED_EDGE('',*,*,#100780,.T.);
#100800=ORIENTED_EDGE('',*,*,#92220,.T.);
#100810=ORIENTED_EDGE('',*,*,#27290,.F.);
#100820=EDGE_LOOP('',(#100810,#100800,#100790,#100720));
#100830=FACE_OUTER_BOUND('',#100820,.T.);
#100840=ADVANCED_FACE('',(#100830),#100710,.F.);
#100850=CARTESIAN_POINT('',(-11.756050990268,10.3464190398971,16.));
#100860=DIRECTION('',(0.173653562217081,0.98480680355556,0.));
#100870=DIRECTION('',(0.98480680355556,-0.173653562217081,0.));
#100880=AXIS2_PLACEMENT_3D('',#100850,#100860,#100870);
#100890=PLANE('',#100880);
#100900=ORIENTED_EDGE('',*,*,#45430,.F.);
#100910=CARTESIAN_POINT('',(-7.2108618527965,9.54495393849584,15.8));
#100920=DIRECTION('',(0.98480680355556,-0.173653562217081,0.));
#100930=VECTOR('',#100920,1.);
#100940=LINE('',#100910,#100930);
#100950=EDGE_CURVE('',#45340,#36420,#100940,.T.);
#100960=ORIENTED_EDGE('',*,*,#100950,.F.);
#100970=ORIENTED_EDGE('',*,*,#36430,.T.);
#100980=ORIENTED_EDGE('',*,*,#81840,.F.);
#100990=EDGE_LOOP('',(#100980,#100970,#100960,#100900));
#101000=FACE_OUTER_BOUND('',#100990,.T.);
#101010=ADVANCED_FACE('',(#101000),#100890,.T.);
#101020=CARTESIAN_POINT('',(-12.6405332162215,11.422695396067,16.));
#101030=DIRECTION('',(0.865986672364707,0.500067078787139,0.));
#101040=DIRECTION('',(0.500067078787139,-0.865986672364707,0.));
#101050=AXIS2_PLACEMENT_3D('',#101020,#101030,#101040);
#101060=PLANE('',#101050);
#101070=CARTESIAN_POINT('',(-12.7190677347857,11.5586968432371,16.));
#101080=DIRECTION('',(0.,0.,-1.));
#101090=VECTOR('',#101080,1.);
#101100=LINE('',#101070,#101090);
#101110=CARTESIAN_POINT('',(-12.7190677347857,11.5586968432371,15.8));
#101120=VERTEX_POINT('',#101110);
#101130=EDGE_CURVE('',#80770,#101120,#101100,.T.);
#101140=ORIENTED_EDGE('',*,*,#101130,.F.);
#101150=CARTESIAN_POINT('',(-6.27657851515288,0.401973999999999,15.8));
#101160=DIRECTION('',(0.500067078787139,-0.865986672364707,0.));
#101170=VECTOR('',#101160,1.);
#101180=LINE('',#101150,#101170);
#101190=EDGE_CURVE('',#101120,#88710,#101180,.T.);
#101200=ORIENTED_EDGE('',*,*,#101190,.F.);
#101210=ORIENTED_EDGE('',*,*,#88720,.T.);
#101220=ORIENTED_EDGE('',*,*,#80780,.F.);
#101230=EDGE_LOOP('',(#101220,#101210,#101200,#101140));
#101240=FACE_OUTER_BOUND('',#101230,.T.);
#101250=ADVANCED_FACE('',(#101240),#101060,.T.);
#101260=CARTESIAN_POINT('',(-15.033231650448,10.04128778666,16.));
#101270=DIRECTION('',(-0.499999305433875,0.866025804792006,0.));
#101280=DIRECTION('',(0.866025804792006,0.499999305433875,0.));
#101290=AXIS2_PLACEMENT_3D('',#101260,#101270,#101280);
#101300=PLANE('',#101290);
#101310=CARTESIAN_POINT('',(-15.7132543885722,9.6486772029338,16.));
#101320=DIRECTION('',(0.,0.,-1.));
#101330=VECTOR('',#101320,1.);
#101340=LINE('',#101310,#101330);
#101350=CARTESIAN_POINT('',(-15.7132543885722,9.6486772029338,15.8));
#101360=VERTEX_POINT('',#101350);
#101370=EDGE_CURVE('',#80320,#101360,#101340,.T.);
#101380=ORIENTED_EDGE('',*,*,#101370,.F.);
#101390=CARTESIAN_POINT('',(-7.2108618527965,14.5575267301543,15.8));
#101400=DIRECTION('',(0.866025804792006,0.499999305433875,0.));
#101410=VECTOR('',#101400,1.);
#101420=LINE('',#101390,#101410);
#101430=EDGE_CURVE('',#101360,#70110,#101420,.T.);
#101440=ORIENTED_EDGE('',*,*,#101430,.F.);
#101450=ORIENTED_EDGE('',*,*,#70120,.T.);
#101460=ORIENTED_EDGE('',*,*,#80390,.F.);
#101470=EDGE_LOOP('',(#101460,#101450,#101440,#101380));
#101480=FACE_OUTER_BOUND('',#101470,.T.);
#101490=ADVANCED_FACE('',(#101480),#101300,.T.);
#101500=CARTESIAN_POINT('',(-3.8876859465486,12.3000000692974,16.));
#101510=DIRECTION('',(-0.846430401766582,-0.532499366164188,-0.));
#101520=DIRECTION('',(-0.532499366164188,0.846430401766582,0.));
#101530=AXIS2_PLACEMENT_3D('',#101500,#101510,#101520);
#101540=PLANE('',#101530);
#101550=CARTESIAN_POINT('',(-2.4186129793681,9.9648460750453,16.));
#101560=DIRECTION('',(0.,0.,-1.));
#101570=VECTOR('',#101560,1.);
#101580=LINE('',#101550,#101570);
#101590=EDGE_CURVE('',#82160,#43980,#101580,.T.);
#101600=ORIENTED_EDGE('',*,*,#101590,.F.);
#101610=ORIENTED_EDGE('',*,*,#43990,.F.);
#101620=CARTESIAN_POINT('',(-3.8876859465486,12.3000000692974,16.));
#101630=DIRECTION('',(0.,0.,-1.));
#101640=VECTOR('',#101630,1.);
#101650=LINE('',#101620,#101640);
#101660=EDGE_CURVE('',#82240,#43900,#101650,.T.);
#101670=ORIENTED_EDGE('',*,*,#101660,.T.);
#101680=ORIENTED_EDGE('',*,*,#82250,.F.);
#101690=EDGE_LOOP('',(#101680,#101670,#101610,#101600));
#101700=FACE_OUTER_BOUND('',#101690,.T.);
#101710=ADVANCED_FACE('',(#101700),#101540,.T.);
#101720=CARTESIAN_POINT('',(11.3508722986056,6.12533168261052,16.));
#101730=DIRECTION('',(0.,0.,1.));
#101740=DIRECTION('',(1.,0.,0.));
#101750=AXIS2_PLACEMENT_3D('',#101720,#101730,#101740);
#101760=CYLINDRICAL_SURFACE('',#101750,0.105204169319449);
#101770=ORIENTED_EDGE('',*,*,#64260,.F.);
#101780=ORIENTED_EDGE('',*,*,#48480,.T.);
#101790=ORIENTED_EDGE('',*,*,#70790,.T.);
#101800=ORIENTED_EDGE('',*,*,#39410,.F.);
#101810=EDGE_LOOP('',(#101800,#101790,#101780,#101770));
#101820=FACE_OUTER_BOUND('',#101810,.T.);
#101830=ADVANCED_FACE('',(#101820),#101760,.T.);
#101840=CARTESIAN_POINT('',(-12.6405332162215,10.1772892338301,16.));
#101850=DIRECTION('',(-0.499999305433874,-0.866025804792007,-0.));
#101860=DIRECTION('',(-0.866025804792007,0.499999305433874,0.));
#101870=AXIS2_PLACEMENT_3D('',#101840,#101850,#101860);
#101880=PLANE('',#101870);
#101890=ORIENTED_EDGE('',*,*,#99580,.F.);
#101900=CARTESIAN_POINT('',(-7.2108618527965,7.04247281678498,15.8));
#101910=DIRECTION('',(-0.866025804792007,0.499999305433874,0.));
#101920=VECTOR('',#101910,1.);
#101930=LINE('',#101900,#101920);
#101940=EDGE_CURVE('',#99510,#18900,#101930,.T.);
#101950=ORIENTED_EDGE('',*,*,#101940,.F.);
#101960=ORIENTED_EDGE('',*,*,#18910,.T.);
#101970=ORIENTED_EDGE('',*,*,#81360,.F.);
#101980=EDGE_LOOP('',(#101970,#101960,#101950,#101890));
#101990=FACE_OUTER_BOUND('',#101980,.T.);
#102000=ADVANCED_FACE('',(#101990),#101880,.T.);
#102010=CARTESIAN_POINT('',(-2.4186129793681,9.9648460750453,16.));
#102020=DIRECTION('',(0.853209998867631,-0.521567539089902,0.));
#102030=DIRECTION('',(-0.521567539089902,-0.853209998867631,0.));
#102040=AXIS2_PLACEMENT_3D('',#102010,#102020,#102030);
#102050=PLANE('',#102040);
#102060=ORIENTED_EDGE('',*,*,#87800,.F.);
#102070=ORIENTED_EDGE('',*,*,#44070,.F.);
#102080=ORIENTED_EDGE('',*,*,#101590,.T.);
#102090=ORIENTED_EDGE('',*,*,#82170,.F.);
#102100=EDGE_LOOP('',(#102090,#102080,#102070,#102060));
#102110=FACE_OUTER_BOUND('',#102100,.T.);
#102120=ADVANCED_FACE('',(#102110),#102050,.T.);
#102130=CARTESIAN_POINT('',(10.3458354408728,10.968340433467,16.));
#102140=DIRECTION('',(0.,0.,1.));
#102150=DIRECTION('',(1.,0.,0.));
#102160=AXIS2_PLACEMENT_3D('',#102130,#102140,#102150);
#102170=CYLINDRICAL_SURFACE('',#102160,1.75881523674116);
#102180=ORIENTED_EDGE('',*,*,#67760,.F.);
#102190=CARTESIAN_POINT('',(10.3458354408728,10.968340433467,15.5));
#102200=DIRECTION('',(0.,0.,1.));
#102210=DIRECTION('',(1.,0.,0.));
#102220=AXIS2_PLACEMENT_3D('',#102190,#102200,#102210);
#102230=CIRCLE('',#102220,1.75881523674116);
#102240=CARTESIAN_POINT('',(10.5970947604072,12.7091160627024,15.5));
#102250=VERTEX_POINT('',#102240);
#102260=EDGE_CURVE('',#102250,#67670,#102230,.T.);
#102270=ORIENTED_EDGE('',*,*,#102260,.T.);
#102280=CARTESIAN_POINT('',(10.5970947604072,12.7091160627024,16.));
#102290=DIRECTION('',(0.,0.,-1.));
#102300=VECTOR('',#102290,1.);
#102310=LINE('',#102280,#102300);
#102320=EDGE_CURVE('',#77610,#102250,#102310,.T.);
#102330=ORIENTED_EDGE('',*,*,#102320,.T.);
#102340=ORIENTED_EDGE('',*,*,#77770,.F.);
#102350=EDGE_LOOP('',(#102340,#102330,#102270,#102180));
#102360=FACE_OUTER_BOUND('',#102350,.T.);
#102370=ADVANCED_FACE('',(#102360),#102170,.T.);
#102380=CARTESIAN_POINT('',(-14.7039478547863,9.6912929533351,16.));
#102390=DIRECTION('',(-0.766033796090007,0.642800298108155,0.));
#102400=DIRECTION('',(0.642800298108155,0.766033796090007,0.));
#102410=AXIS2_PLACEMENT_3D('',#102380,#102390,#102400);
#102420=PLANE('',#102410);
#102430=ORIENTED_EDGE('',*,*,#99340,.F.);
#102440=ORIENTED_EDGE('',*,*,#96160,.F.);
#102450=ORIENTED_EDGE('',*,*,#57020,.T.);
#102460=ORIENTED_EDGE('',*,*,#83060,.F.);
#102470=EDGE_LOOP('',(#102460,#102450,#102440,#102430));
#102480=FACE_OUTER_BOUND('',#102470,.T.);
#102490=ADVANCED_FACE('',(#102480),#102420,.T.);
#102500=CARTESIAN_POINT('',(-13.0483360281737,9.6912929533351,16.));
#102510=DIRECTION('',(0.642821604444749,-0.766015916844473,0.));
#102520=DIRECTION('',(-0.766015916844473,-0.642821604444749,0.));
#102530=AXIS2_PLACEMENT_3D('',#102500,#102510,#102520);
#102540=PLANE('',#102530);
#102550=ORIENTED_EDGE('',*,*,#30410,.F.);
#102560=ORIENTED_EDGE('',*,*,#56120,.F.);
#102570=ORIENTED_EDGE('',*,*,#69860,.T.);
#102580=ORIENTED_EDGE('',*,*,#81740,.F.);
#102590=EDGE_LOOP('',(#102580,#102570,#102560,#102550));
#102600=FACE_OUTER_BOUND('',#102590,.T.);
#102610=ADVANCED_FACE('',(#102600),#102540,.T.);
#102620=CARTESIAN_POINT('',(-32.,4.6114579395616E-15,15.));
#102630=DIRECTION('',(0.,0.,-1.));
#102640=DIRECTION('',(-1.,0.,0.));
#102650=AXIS2_PLACEMENT_3D('',#102620,#102630,#102640);
#102660=TOROIDAL_SURFACE('',#102650,17.7360679774998,1.);
#102670=ORIENTED_EDGE('',*,*,#62130,.F.);
#102680=ORIENTED_EDGE('',*,*,#1500,.T.);
#102690=ORIENTED_EDGE('',*,*,#20120,.F.);
#102700=ORIENTED_EDGE('',*,*,#84340,.F.);
#102710=EDGE_LOOP('',(#102700,#102690,#102680,#102670));
#102720=FACE_OUTER_BOUND('',#102710,.T.);
#102730=ADVANCED_FACE('',(#102720),#102660,.T.);
#102740=CARTESIAN_POINT('',(0.77467816027936,12.0377374629063,16.));
#102750=CARTESIAN_POINT('',(0.854689407220644,12.0377374629063,16.));
#102760=CARTESIAN_POINT('',(0.911896708395813,12.0295931965612,16.));
#102770=CARTESIAN_POINT('',(0.946151986234955,12.0135021006311,16.));
#102780=B_SPLINE_CURVE_WITH_KNOTS('',3,(#102740,#102750,#102760,#102770)
,.UNSPECIFIED.,.F.,.F.,(4,4),(0.,0.355844032150619),.UNSPECIFIED.);
#102790=DIRECTION('',(0.,0.,-1.));
#102800=VECTOR('',#102790,1.);
#102810=SURFACE_OF_LINEAR_EXTRUSION('',#102780,#102800);
#102820=ORIENTED_EDGE('',*,*,#98880,.F.);
#102830=CARTESIAN_POINT('',(0.77467816027936,12.0377374629063,15.8));
#102840=CARTESIAN_POINT('',(0.854689407220644,12.0377374629063,15.8));
#102850=CARTESIAN_POINT('',(0.911896708395813,12.0295931965612,15.8));
#102860=CARTESIAN_POINT('',(0.946151986234955,12.0135021006311,15.8));
#102870=B_SPLINE_CURVE_WITH_KNOTS('',3,(#102830,#102840,#102850,#102860)
,.UNSPECIFIED.,.F.,.F.,(4,4),(0.,0.355844032150619),.UNSPECIFIED.);
#102880=EDGE_CURVE('',#100530,#98810,#102870,.T.);
#102890=ORIENTED_EDGE('',*,*,#102880,.T.);
#102900=ORIENTED_EDGE('',*,*,#100540,.T.);
#102910=ORIENTED_EDGE('',*,*,#27640,.F.);
#102920=EDGE_LOOP('',(#102910,#102900,#102890,#102820));
#102930=FACE_OUTER_BOUND('',#102920,.T.);
#102940=ADVANCED_FACE('',(#102930),#102810,.F.);
#102950=CARTESIAN_POINT('',(0.823272989526288,11.7449608388296,16.));
#102960=DIRECTION('',(0.,0.,1.));
#102970=DIRECTION('',(0.311886762840114,-0.950119280493305,0.));
#102980=AXIS2_PLACEMENT_3D('',#102950,#102960,#102970);
#102990=CYLINDRICAL_SURFACE('',#102980,0.0818972689168693);
#103000=CARTESIAN_POINT('',(0.893535089726984,11.7028847181502,16.));
#103010=DIRECTION('',(0.,0.,-1.));
#103020=VECTOR('',#103010,1.);
#103030=LINE('',#103000,#103020);
#103040=CARTESIAN_POINT('',(0.893535089726985,11.7028847181502,16.));
#103050=VERTEX_POINT('',#103040);
#103060=CARTESIAN_POINT('',(0.893535089726984,11.7028847181502,15.8));
#103070=VERTEX_POINT('',#103060);
#103080=EDGE_CURVE('',#103050,#103070,#103030,.T.);
#103090=ORIENTED_EDGE('',*,*,#103080,.F.);
#103100=CARTESIAN_POINT('',(0.823272989526288,11.7449608388296,15.8));
#103110=DIRECTION('',(0.,0.,1.));
#103120=DIRECTION('',(0.311886762840114,-0.950119280493305,0.));
#103130=AXIS2_PLACEMENT_3D('',#103100,#103110,#103120);
#103140=CIRCLE('',#103130,0.0818972689168693);
#103150=CARTESIAN_POINT('',(0.848815663614223,11.6671486646119,15.8));
#103160=VERTEX_POINT('',#103150);
#103170=EDGE_CURVE('',#103160,#103070,#103140,.T.);
#103180=ORIENTED_EDGE('',*,*,#103170,.T.);
#103190=CARTESIAN_POINT('',(0.848815663614223,11.6671486646119,16.));
#103200=DIRECTION('',(0.,0.,-1.));
#103210=VECTOR('',#103200,1.);
#103220=LINE('',#103190,#103210);
#103230=CARTESIAN_POINT('',(0.848815663614223,11.6671486646119,16.));
#103240=VERTEX_POINT('',#103230);
#103250=EDGE_CURVE('',#103240,#103160,#103220,.T.);
#103260=ORIENTED_EDGE('',*,*,#103250,.T.);
#103270=CARTESIAN_POINT('',(0.823272989526288,11.7449608388296,16.));
#103280=DIRECTION('',(0.,0.,1.));
#103290=DIRECTION('',(0.311886762840114,-0.950119280493305,0.));
#103300=AXIS2_PLACEMENT_3D('',#103270,#103280,#103290);
#103310=CIRCLE('',#103300,0.0818972689168693);
#103320=EDGE_CURVE('',#103240,#103050,#103310,.T.);
#103330=ORIENTED_EDGE('',*,*,#103320,.F.);
#103340=EDGE_LOOP('',(#103330,#103260,#103180,#103090));
#103350=FACE_OUTER_BOUND('',#103340,.T.);
#103360=ADVANCED_FACE('',(#103350),#102990,.T.);
#103370=CARTESIAN_POINT('',(18.,-15.5,0.));
#103380=DIRECTION('',(0.,0.,-1.));
#103390=DIRECTION('',(-1.,0.,0.));
#103400=AXIS2_PLACEMENT_3D('',#103370,#103380,#103390);
#103410=CYLINDRICAL_SURFACE('',#103400,0.5);
#103420=ORIENTED_EDGE('',*,*,#61120,.T.);
#103430=CARTESIAN_POINT('',(18.,-15.5,3.5));
#103440=DIRECTION('',(0.,0.,-1.));
#103450=DIRECTION('',(-1.,0.,0.));
#103460=AXIS2_PLACEMENT_3D('',#103430,#103440,#103450);
#103470=CIRCLE('',#103460,0.5);
#103480=EDGE_CURVE('',#61050,#3700,#103470,.T.);
#103490=ORIENTED_EDGE('',*,*,#103480,.F.);
#103500=ORIENTED_EDGE('',*,*,#3730,.F.);
#103510=ORIENTED_EDGE('',*,*,#55540,.T.);
#103520=EDGE_LOOP('',(#103510,#103500,#103490,#103420));
#103530=FACE_OUTER_BOUND('',#103520,.T.);
#103540=ADVANCED_FACE('',(#103530),#103410,.T.);
#103550=CARTESIAN_POINT('',(-15.2502014731532,10.6374432240672,16.));
#103560=DIRECTION('',(-0.984811369974542,-0.173627663604813,-0.));
#103570=DIRECTION('',(-0.173627663604813,0.984811369974542,0.));
#103580=AXIS2_PLACEMENT_3D('',#103550,#103560,#103570);
#103590=PLANE('',#103580);
#103600=CARTESIAN_POINT('',(-15.2229329737149,10.4827770393623,16.));
#103610=DIRECTION('',(0.,0.,-1.));
#103620=VECTOR('',#103610,1.);
#103630=LINE('',#103600,#103620);
#103640=EDGE_CURVE('',#79910,#88060,#103630,.T.);
#103650=ORIENTED_EDGE('',*,*,#103640,.F.);
#103660=ORIENTED_EDGE('',*,*,#88070,.F.);
#103670=ORIENTED_EDGE('',*,*,#91710,.T.);
#103680=ORIENTED_EDGE('',*,*,#79920,.F.);
#103690=EDGE_LOOP('',(#103680,#103670,#103660,#103650));
#103700=FACE_OUTER_BOUND('',#103690,.T.);
#103710=ADVANCED_FACE('',(#103700),#103590,.T.);
#103720=CARTESIAN_POINT('',(0.726404872488753,11.8858592353688,16.));
#103730=DIRECTION('',(-0.,1.,0.));
#103740=DIRECTION('',(1.,0.,0.));
#103750=AXIS2_PLACEMENT_3D('',#103720,#103730,#103740);
#103760=PLANE('',#103750);
#103770=ORIENTED_EDGE('',*,*,#66060,.F.);
#103780=CARTESIAN_POINT('',(-22.290130924827,11.8858592353688,15.8));
#103790=DIRECTION('',(-1.,0.,0.));
#103800=VECTOR('',#103790,3.18399680751);
#103810=LINE('',#103780,#103800);
#103820=EDGE_CURVE('',#28370,#65970,#103810,.T.);
#103830=ORIENTED_EDGE('',*,*,#103820,.T.);
#103840=ORIENTED_EDGE('',*,*,#28380,.T.);
#103850=CARTESIAN_POINT('',(0.,11.8858592353688,16.));
#103860=DIRECTION('',(-1.,0.,0.));
#103870=VECTOR('',#103860,1.);
#103880=LINE('',#103850,#103870);
#103890=EDGE_CURVE('',#28350,#66050,#103880,.T.);
#103900=ORIENTED_EDGE('',*,*,#103890,.F.);
#103910=EDGE_LOOP('',(#103900,#103840,#103830,#103770));
#103920=FACE_OUTER_BOUND('',#103910,.T.);
#103930=ADVANCED_FACE('',(#103920),#103760,.T.);
#103940=CARTESIAN_POINT('',(-15.2229329737149,10.4827770393623,16.));
#103950=DIRECTION('',(-0.173650186042465,0.984807398879302,0.));
#103960=DIRECTION('',(0.984807398879302,0.173650186042465,0.));
#103970=AXIS2_PLACEMENT_3D('',#103940,#103950,#103960);
#103980=PLANE('',#103970);
#103990=ORIENTED_EDGE('',*,*,#96620,.F.);
#104000=ORIENTED_EDGE('',*,*,#88150,.F.);
#104010=ORIENTED_EDGE('',*,*,#103640,.T.);
#104020=ORIENTED_EDGE('',*,*,#80140,.F.);
#104030=EDGE_LOOP('',(#104020,#104010,#104000,#103990));
#104040=FACE_OUTER_BOUND('',#104030,.T.);
#104050=ADVANCED_FACE('',(#104040),#103980,.T.);
#104060=CARTESIAN_POINT('',(-13.2088930768846,8.7371590116475,16.));
#104070=DIRECTION('',(0.939687894998754,0.342033127040074,0.));
#104080=DIRECTION('',(0.342033127040074,-0.939687894998754,0.));
#104090=AXIS2_PLACEMENT_3D('',#104060,#104070,#104080);
#104100=PLANE('',#104090);
#104110=ORIENTED_EDGE('',*,*,#63120,.F.);
#104120=CARTESIAN_POINT('',(-10.1750034107895,0.401973999999999,15.8));
#104130=DIRECTION('',(0.342033127040074,-0.939687894998754,0.));
#104140=VECTOR('',#104130,1.);
#104150=LINE('',#104120,#104140);
#104160=EDGE_CURVE('',#63030,#97600,#104150,.T.);
#104170=ORIENTED_EDGE('',*,*,#104160,.F.);
#104180=ORIENTED_EDGE('',*,*,#97610,.T.);
#104190=ORIENTED_EDGE('',*,*,#78370,.F.);
#104200=EDGE_LOOP('',(#104190,#104180,#104170,#104110));
#104210=FACE_OUTER_BOUND('',#104200,.T.);
#104220=ADVANCED_FACE('',(#104210),#104100,.T.);
#104230=CARTESIAN_POINT('',(17.,0.,7.8));
#104240=DIRECTION('',(-0.999961923064171,0.,-0.00872653549837393));
#104250=DIRECTION('',(0.,1.,0.));
#104260=AXIS2_PLACEMENT_3D('',#104230,#104240,#104250);
#104270=PLANE('',#104260);
#104280=ORIENTED_EDGE('',*,*,#23990,.T.);
#104290=ORIENTED_EDGE('',*,*,#24820,.F.);
#104300=CARTESIAN_POINT('',(17.0375255315003,0.,3.5));
#104310=DIRECTION('',(0.,1.,0.));
#104320=VECTOR('',#104310,1.);
#104330=LINE('',#104300,#104320);
#104340=EDGE_CURVE('',#24750,#34710,#104330,.T.);
#104350=ORIENTED_EDGE('',*,*,#104340,.F.);
#104360=ORIENTED_EDGE('',*,*,#34720,.T.);
#104370=EDGE_LOOP('',(#104360,#104350,#104290,#104280));
#104380=FACE_OUTER_BOUND('',#104370,.T.);
#104390=ADVANCED_FACE('',(#104380),#104270,.T.);
#104400=CARTESIAN_POINT('',(-10.3097353608791,9.7302811716906,16.));
#104410=DIRECTION('',(-0.,-1.,-0.));
#104420=DIRECTION('',(-1.,0.,0.));
#104430=AXIS2_PLACEMENT_3D('',#104400,#104410,#104420);
#104440=PLANE('',#104430);
#104450=CARTESIAN_POINT('',(-8.0758422184354,9.7302811716906,16.));
#104460=DIRECTION('',(0.,0.,-1.));
#104470=VECTOR('',#104460,1.);
#104480=LINE('',#104450,#104470);
#104490=EDGE_CURVE('',#81470,#69210,#104480,.T.);
#104500=ORIENTED_EDGE('',*,*,#104490,.F.);
#104510=ORIENTED_EDGE('',*,*,#69220,.F.);
#104520=ORIENTED_EDGE('',*,*,#90770,.T.);
#104530=ORIENTED_EDGE('',*,*,#81480,.F.);
#104540=EDGE_LOOP('',(#104530,#104520,#104510,#104500));
#104550=FACE_OUTER_BOUND('',#104540,.T.);
#104560=ADVANCED_FACE('',(#104550),#104440,.T.);
#104570=CARTESIAN_POINT('',(-15.7917734048627,9.7846786501039,16.));
#104580=DIRECTION('',(0.499990756797494,-0.866030740284125,0.));
#104590=DIRECTION('',(-0.866030740284125,-0.499990756797494,0.));
#104600=AXIS2_PLACEMENT_3D('',#104570,#104580,#104590);
#104610=PLANE('',#104600);
#104620=ORIENTED_EDGE('',*,*,#70280,.F.);
#104630=CARTESIAN_POINT('',(-7.2108618527965,14.7387481321206,15.8));
#104640=DIRECTION('',(-0.866030740284125,-0.499990756797494,0.));
#104650=VECTOR('',#104640,1.);
#104660=LINE('',#104630,#104650);
#104670=CARTESIAN_POINT('',(-15.7917734048627,9.7846786501039,15.8));
#104680=VERTEX_POINT('',#104670);
#104690=EDGE_CURVE('',#70190,#104680,#104660,.T.);
#104700=ORIENTED_EDGE('',*,*,#104690,.F.);
#104710=CARTESIAN_POINT('',(-15.7917734048627,9.7846786501039,16.));
#104720=DIRECTION('',(0.,0.,-1.));
#104730=VECTOR('',#104720,1.);
#104740=LINE('',#104710,#104730);
#104750=EDGE_CURVE('',#80240,#104680,#104740,.T.);
#104760=ORIENTED_EDGE('',*,*,#104750,.T.);
#104770=ORIENTED_EDGE('',*,*,#80250,.F.);
#104780=EDGE_LOOP('',(#104770,#104760,#104700,#104620));
#104790=FACE_OUTER_BOUND('',#104780,.T.);
#104800=ADVANCED_FACE('',(#104790),#104610,.T.);
#104810=CARTESIAN_POINT('',(-13.9546609577705,8.6333557869523,16.));
#104820=DIRECTION('',(1.,0.,0.));
#104830=DIRECTION('',(0.,-1.,0.));
#104840=AXIS2_PLACEMENT_3D('',#104810,#104820,#104830);
#104850=PLANE('',#104840);
#104860=ORIENTED_EDGE('',*,*,#20970,.F.);
#104870=ORIENTED_EDGE('',*,*,#85200,.F.);
#104880=ORIENTED_EDGE('',*,*,#15940,.T.);
#104890=ORIENTED_EDGE('',*,*,#80660,.F.);
#104900=EDGE_LOOP('',(#104890,#104880,#104870,#104860));
#104910=FACE_OUTER_BOUND('',#104900,.T.);
#104920=ADVANCED_FACE('',(#104910),#104850,.T.);
#104930=CARTESIAN_POINT('',(1.40165656858926E-15,-8.90043634338974,15.8)
);
#104940=DIRECTION('',(0.,0.,1.));
#104950=DIRECTION('',(1.,0.,0.));
#104960=AXIS2_PLACEMENT_3D('',#104930,#104940,#104950);
#104970=PLANE('',#104960);
#104980=ORIENTED_EDGE('',*,*,#89350,.T.);
#104990=ORIENTED_EDGE('',*,*,#94790,.T.);
#105000=ORIENTED_EDGE('',*,*,#76010,.T.);
#105010=ORIENTED_EDGE('',*,*,#98350,.T.);
#105020=EDGE_LOOP('',(#105010,#105000,#104990,#104980));
#105030=FACE_OUTER_BOUND('',#105020,.T.);
#105040=ADVANCED_FACE('',(#105030),#104970,.T.);
#105050=CARTESIAN_POINT('',(0.,-15.4275479581442,15.5));
#105060=DIRECTION('',(-1.,0.,0.));
#105070=DIRECTION('',(0.,1.,0.));
#105080=AXIS2_PLACEMENT_3D('',#105050,#105060,#105070);
#105090=CYLINDRICAL_SURFACE('',#105080,0.5);
#105100=CARTESIAN_POINT('',(-16.,-15.4275479581442,15.5));
#105110=DIRECTION('',(-1.,0.,0.));
#105120=DIRECTION('',(0.,1.,0.));
#105130=AXIS2_PLACEMENT_3D('',#105100,#105110,#105120);
#105140=CIRCLE('',#105130,0.5);
#105150=EDGE_CURVE('',#18660,#84020,#105140,.T.);
#105160=ORIENTED_EDGE('',*,*,#105150,.F.);
#105170=ORIENTED_EDGE('',*,*,#84030,.F.);
#105180=ORIENTED_EDGE('',*,*,#29280,.T.);
#105190=ORIENTED_EDGE('',*,*,#18730,.T.);
#105200=EDGE_LOOP('',(#105190,#105180,#105170,#105160));
#105210=FACE_OUTER_BOUND('',#105200,.T.);
#105220=ADVANCED_FACE('',(#105210),#105090,.T.);
#105230=CARTESIAN_POINT('',(-17.5026180603372,16.,15.5));
#105240=DIRECTION('',(0.,0.,1.));
#105250=DIRECTION('',(1.,0.,0.));
#105260=AXIS2_PLACEMENT_3D('',#105230,#105240,#105250);
#105270=TOROIDAL_SURFACE('',#105260,0.5,0.5);
#105280=ORIENTED_EDGE('',*,*,#31150,.T.);
#105290=ORIENTED_EDGE('',*,*,#84490,.F.);
#105300=CARTESIAN_POINT('',(-18.0026180603372,16.,15.5));
#105310=DIRECTION('',(0.,-1.,0.));
#105320=DIRECTION('',(-1.,0.,0.));
#105330=AXIS2_PLACEMENT_3D('',#105300,#105310,#105320);
#105340=CIRCLE('',#105330,0.5);
#105350=EDGE_CURVE('',#84410,#10160,#105340,.T.);
#105360=ORIENTED_EDGE('',*,*,#105350,.F.);
#105370=ORIENTED_EDGE('',*,*,#24380,.T.);
#105380=EDGE_LOOP('',(#105370,#105360,#105290,#105280));
#105390=FACE_OUTER_BOUND('',#105380,.T.);
#105400=ADVANCED_FACE('',(#105390),#105270,.T.);
#105410=CARTESIAN_POINT('',(1.40165656858926E-15,-8.90043634338974,15.8)
);
#105420=DIRECTION('',(0.,0.,1.));
#105430=DIRECTION('',(1.,0.,0.));
#105440=AXIS2_PLACEMENT_3D('',#105410,#105420,#105430);
#105450=PLANE('',#105440);
#105460=ORIENTED_EDGE('',*,*,#18990,.T.);
#105470=ORIENTED_EDGE('',*,*,#101940,.T.);
#105480=ORIENTED_EDGE('',*,*,#99520,.T.);
#105490=ORIENTED_EDGE('',*,*,#70510,.T.);
#105500=EDGE_LOOP('',(#105490,#105480,#105470,#105460));
#105510=FACE_OUTER_BOUND('',#105500,.T.);
#105520=ADVANCED_FACE('',(#105510),#105450,.T.);
#105530=CARTESIAN_POINT('',(-4.8412152995619,11.8697034582065,16.));
#105540=DIRECTION('',(-0.,1.,0.));
#105550=DIRECTION('',(1.,0.,0.));
#105560=AXIS2_PLACEMENT_3D('',#105530,#105540,#105550);
#105570=PLANE('',#105560);
#105580=CARTESIAN_POINT('',(-7.2729949657861,11.8697034582065,16.));
#105590=DIRECTION('',(0.,0.,-1.));
#105600=VECTOR('',#105590,1.);
#105610=LINE('',#105580,#105600);
#105620=EDGE_CURVE('',#79070,#86710,#105610,.T.);
#105630=ORIENTED_EDGE('',*,*,#105620,.F.);
#105640=ORIENTED_EDGE('',*,*,#86720,.F.);
#105650=ORIENTED_EDGE('',*,*,#21670,.T.);
#105660=ORIENTED_EDGE('',*,*,#79140,.F.);
#105670=EDGE_LOOP('',(#105660,#105650,#105640,#105630));
#105680=FACE_OUTER_BOUND('',#105670,.T.);
#105690=ADVANCED_FACE('',(#105680),#105570,.T.);
#105700=CARTESIAN_POINT('',(-18.0026180603372,0.,15.5));
#105710=DIRECTION('',(0.,-1.,0.));
#105720=DIRECTION('',(-1.,0.,0.));
#105730=AXIS2_PLACEMENT_3D('',#105700,#105710,#105720);
#105740=CYLINDRICAL_SURFACE('',#105730,0.5);
#105750=ORIENTED_EDGE('',*,*,#105350,.T.);
#105760=ORIENTED_EDGE('',*,*,#84420,.T.);
#105770=ORIENTED_EDGE('',*,*,#20020,.F.);
#105780=ORIENTED_EDGE('',*,*,#10250,.F.);
#105790=EDGE_LOOP('',(#105780,#105770,#105760,#105750));
#105800=FACE_OUTER_BOUND('',#105790,.T.);
#105810=ADVANCED_FACE('',(#105800),#105740,.T.);
#105820=CARTESIAN_POINT('',(1.40165656858926E-15,-8.90043634338974,15.8)
);
#105830=DIRECTION('',(0.,0.,1.));
#105840=DIRECTION('',(1.,0.,0.));
#105850=AXIS2_PLACEMENT_3D('',#105820,#105830,#105840);
#105860=PLANE('',#105850);
#105870=ORIENTED_EDGE('',*,*,#45350,.T.);
#105880=ORIENTED_EDGE('',*,*,#11840,.T.);
#105890=ORIENTED_EDGE('',*,*,#36490,.T.);
#105900=ORIENTED_EDGE('',*,*,#100950,.T.);
#105910=EDGE_LOOP('',(#105900,#105890,#105880,#105870));
#105920=FACE_OUTER_BOUND('',#105910,.T.);
#105930=ADVANCED_FACE('',(#105920),#105860,.T.);
#105940=CARTESIAN_POINT('',(0.600000000000001,-8.90043634338974,15.5));
#105950=DIRECTION('',(0.,0.,1.));
#105960=DIRECTION('',(1.,0.,0.));
#105970=AXIS2_PLACEMENT_3D('',#105940,#105950,#105960);
#105980=PLANE('',#105970);
#105990=ORIENTED_EDGE('',*,*,#86410,.F.);
#106000=ORIENTED_EDGE('',*,*,#55810,.F.);
#106010=ORIENTED_EDGE('',*,*,#99160,.F.);
#106020=ORIENTED_EDGE('',*,*,#69560,.F.);
#106030=ORIENTED_EDGE('',*,*,#92810,.F.);
#106040=ORIENTED_EDGE('',*,*,#71940,.F.);
#106050=CARTESIAN_POINT('',(14.8685039859603,-7.78165913454252,15.5));
#106060=DIRECTION('',(0.,-1.,0.));
#106070=VECTOR('',#106060,1.66666666665794);
#106080=LINE('',#106050,#106070);
#106090=CARTESIAN_POINT('',(14.8685039859603,8.46834174672547,15.5));
#106100=VERTEX_POINT('',#106090);
#106110=EDGE_CURVE('',#71840,#106100,#106080,.T.);
#106120=ORIENTED_EDGE('',*,*,#106110,.F.);
#106130=CARTESIAN_POINT('',(14.6172445151107,10.9683419162192,15.5));
#106140=DIRECTION('',(0.,0.,1.));
#106150=DIRECTION('',(1.,0.,0.));
#106160=AXIS2_PLACEMENT_3D('',#106130,#106140,#106150);
#106170=CIRCLE('',#106160,2.51259470849562);
#106180=EDGE_CURVE('',#86400,#106100,#106170,.T.);
#106190=ORIENTED_EDGE('',*,*,#106180,.T.);
#106200=EDGE_LOOP('',(#106190,#106120,#106040,#106030,#106020,#106010,
#106000,#105990));
#106210=FACE_OUTER_BOUND('',#106200,.T.);
#106220=ADVANCED_FACE('',(#106210),#105980,.T.);
#106230=CARTESIAN_POINT('',(-8.0758422184354,9.7302811716906,16.));
#106240=DIRECTION('',(-1.,0.,0.));
#106250=DIRECTION('',(0.,1.,0.));
#106260=AXIS2_PLACEMENT_3D('',#106230,#106240,#106250);
#106270=PLANE('',#106260);
#106280=ORIENTED_EDGE('',*,*,#46140,.F.);
#106290=ORIENTED_EDGE('',*,*,#69280,.F.);
#106300=ORIENTED_EDGE('',*,*,#104490,.T.);
#106310=ORIENTED_EDGE('',*,*,#81630,.F.);
#106320=EDGE_LOOP('',(#106310,#106300,#106290,#106280));
#106330=FACE_OUTER_BOUND('',#106320,.T.);
#106340=ADVANCED_FACE('',(#106330),#106270,.T.);
#106350=CARTESIAN_POINT('',(0.720333692122453,11.6584120879873,16.));
#106360=CARTESIAN_POINT('',(0.787610268051489,11.6584120879873,16.));
#106370=CARTESIAN_POINT('',(0.830454044945405,11.6613242801955,16.));
#106380=CARTESIAN_POINT('',(0.848815663614223,11.6671486646119,16.));
#106390=B_SPLINE_CURVE_WITH_KNOTS('',3,(#106350,#106360,#106370,#106380)
,.UNSPECIFIED.,.F.,.F.,(4,4),(0.,0.262326944911936),.UNSPECIFIED.);
#106400=DIRECTION('',(0.,0.,-1.));
#106410=VECTOR('',#106400,1.);
#106420=SURFACE_OF_LINEAR_EXTRUSION('',#106390,#106410);
#106430=ORIENTED_EDGE('',*,*,#103250,.F.);
#106440=CARTESIAN_POINT('',(0.720333692122453,11.6584120879873,15.8));
#106450=CARTESIAN_POINT('',(0.787610268051489,11.6584120879873,15.8));
#106460=CARTESIAN_POINT('',(0.830454044945405,11.6613242801955,15.8));
#106470=CARTESIAN_POINT('',(0.848815663614223,11.6671486646119,15.8));
#106480=B_SPLINE_CURVE_WITH_KNOTS('',3,(#106440,#106450,#106460,#106470)
,.UNSPECIFIED.,.F.,.F.,(4,4),(0.,0.262326944911936),.UNSPECIFIED.);
#106490=EDGE_CURVE('',#91430,#103160,#106480,.T.);
#106500=ORIENTED_EDGE('',*,*,#106490,.T.);
#106510=ORIENTED_EDGE('',*,*,#91440,.T.);
#106520=CARTESIAN_POINT('',(0.720333692122453,11.6584120879873,16.));
#106530=CARTESIAN_POINT('',(0.787610268051489,11.6584120879873,16.));
#106540=CARTESIAN_POINT('',(0.830454044945405,11.6613242801955,16.));
#106550=CARTESIAN_POINT('',(0.848815663614223,11.6671486646119,16.));
#106560=B_SPLINE_CURVE_WITH_KNOTS('',3,(#106520,#106530,#106540,#106550)
,.UNSPECIFIED.,.F.,.F.,(4,4),(0.,0.262326944911936),.UNSPECIFIED.);
#106570=EDGE_CURVE('',#91410,#103240,#106560,.T.);
#106580=ORIENTED_EDGE('',*,*,#106570,.F.);
#106590=EDGE_LOOP('',(#106580,#106510,#106500,#106430));
#106600=FACE_OUTER_BOUND('',#106590,.T.);
#106610=ADVANCED_FACE('',(#106600),#106420,.F.);
#106620=CARTESIAN_POINT('',(-7.2729949657861,11.8697034582065,16.));
#106630=DIRECTION('',(-1.,0.,0.));
#106640=DIRECTION('',(0.,1.,0.));
#106650=AXIS2_PLACEMENT_3D('',#106620,#106630,#106640);
#106660=PLANE('',#106650);
#106670=ORIENTED_EDGE('',*,*,#91080,.F.);
#106680=ORIENTED_EDGE('',*,*,#86800,.F.);
#106690=ORIENTED_EDGE('',*,*,#105620,.T.);
#106700=ORIENTED_EDGE('',*,*,#79080,.F.);
#106710=EDGE_LOOP('',(#106700,#106690,#106680,#106670));
#106720=FACE_OUTER_BOUND('',#106710,.T.);
#106730=ADVANCED_FACE('',(#106720),#106660,.T.);
#106740=CARTESIAN_POINT('',(-13.7976229251895,9.4185769544047,16.));
#106750=DIRECTION('',(-1.,0.,0.));
#106760=DIRECTION('',(0.,1.,0.));
#106770=AXIS2_PLACEMENT_3D('',#106740,#106750,#106760);
#106780=PLANE('',#106770);
#106790=ORIENTED_EDGE('',*,*,#16100,.F.);
#106800=ORIENTED_EDGE('',*,*,#85130,.F.);
#106810=ORIENTED_EDGE('',*,*,#20810,.T.);
#106820=ORIENTED_EDGE('',*,*,#80590,.F.);
#106830=EDGE_LOOP('',(#106820,#106810,#106800,#106790));
#106840=FACE_OUTER_BOUND('',#106830,.T.);
#106850=ADVANCED_FACE('',(#106840),#106780,.T.);
#106860=CARTESIAN_POINT('',(-14.2748294164966,9.4750362352201,16.));
#106870=DIRECTION('',(-0.939694240100576,0.342015694262414,0.));
#106880=DIRECTION('',(0.342015694262414,0.939694240100576,0.));
#106890=AXIS2_PLACEMENT_3D('',#106860,#106870,#106880);
#106900=PLANE('',#106890);
#106910=ORIENTED_EDGE('',*,*,#47980,.F.);
#106920=ORIENTED_EDGE('',*,*,#98020,.F.);
#106930=ORIENTED_EDGE('',*,*,#95590,.T.);
#106940=ORIENTED_EDGE('',*,*,#79740,.F.);
#106950=EDGE_LOOP('',(#106940,#106930,#106920,#106910));
#106960=FACE_OUTER_BOUND('',#106950,.T.);
#106970=ADVANCED_FACE('',(#106960),#106900,.T.);
#106980=CARTESIAN_POINT('',(1.40165656858926E-15,-8.90043634338974,15.8)
);
#106990=DIRECTION('',(0.,0.,1.));
#107000=DIRECTION('',(1.,0.,0.));
#107010=AXIS2_PLACEMENT_3D('',#106980,#106990,#107000);
#107020=PLANE('',#107010);
#107030=ORIENTED_EDGE('',*,*,#23160,.F.);
#107040=ORIENTED_EDGE('',*,*,#100600,.F.);
#107050=ORIENTED_EDGE('',*,*,#102880,.F.);
#107060=ORIENTED_EDGE('',*,*,#98820,.F.);
#107070=ORIENTED_EDGE('',*,*,#11030,.F.);
#107080=CARTESIAN_POINT('',(1.06357749917346,11.7868447002891,15.8));
#107090=CARTESIAN_POINT('',(1.06357749917346,11.7166559321518,15.8));
#107100=CARTESIAN_POINT('',(1.04684473377365,11.6600409412563,15.8));
#107110=CARTESIAN_POINT('',(1.01323112540411,11.6172465235523,15.8));
#107120=B_SPLINE_CURVE_WITH_KNOTS('',3,(#107080,#107090,#107100,#107110)
,.UNSPECIFIED.,.F.,.F.,(4,4),(0.,0.37205221474141),.UNSPECIFIED.);
#107130=EDGE_CURVE('',#10930,#92300,#107120,.T.);
#107140=ORIENTED_EDGE('',*,*,#107130,.F.);
#107150=ORIENTED_EDGE('',*,*,#92310,.F.);
#107160=ORIENTED_EDGE('',*,*,#100780,.F.);
#107170=ORIENTED_EDGE('',*,*,#92590,.F.);
#107180=ORIENTED_EDGE('',*,*,#67350,.F.);
#107190=ORIENTED_EDGE('',*,*,#28860,.F.);
#107200=ORIENTED_EDGE('',*,*,#96440,.F.);
#107210=CARTESIAN_POINT('',(0.838351515340594,11.3358497815337,15.8));
#107220=CARTESIAN_POINT('',(0.799752628784096,11.4062359864308,15.8));
#107230=CARTESIAN_POINT('',(0.773394821340146,11.4505111798338,15.8));
#107240=CARTESIAN_POINT('',(0.759426170578649,11.468280488223,15.8));
#107250=B_SPLINE_CURVE_WITH_KNOTS('',3,(#107210,#107220,#107230,#107240)
,.UNSPECIFIED.,.F.,.F.,(4,4),(0.,0.312818181191557),.UNSPECIFIED.);
#107260=CARTESIAN_POINT('',(0.759426170578648,11.468280488223,15.8));
#107270=VERTEX_POINT('',#107260);
#107280=EDGE_CURVE('',#96370,#107270,#107250,.T.);
#107290=ORIENTED_EDGE('',*,*,#107280,.F.);
#107300=CARTESIAN_POINT('',(0.663788225228442,11.3984466967465,15.8));
#107310=DIRECTION('',(0.,0.,1.));
#107320=DIRECTION('',(0.807614231128347,0.589711161229775,0.));
#107330=AXIS2_PLACEMENT_3D('',#107300,#107310,#107320);
#107340=CIRCLE('',#107330,0.118420331965407);
#107350=EDGE_CURVE('',#107270,#64850,#107340,.T.);
#107360=ORIENTED_EDGE('',*,*,#107350,.F.);
#107370=ORIENTED_EDGE('',*,*,#64860,.F.);
#107380=CARTESIAN_POINT('',(-22.290130924827,11.5150730003145,15.8));
#107390=DIRECTION('',(-1.,0.,0.));
#107400=VECTOR('',#107390,3.18399680751);
#107410=LINE('',#107380,#107400);
#107420=EDGE_CURVE('',#64760,#68050,#107410,.T.);
#107430=ORIENTED_EDGE('',*,*,#107420,.F.);
#107440=ORIENTED_EDGE('',*,*,#68060,.F.);
#107450=ORIENTED_EDGE('',*,*,#97190,.F.);
#107460=EDGE_LOOP('',(#107450,#107440,#107430,#107370,#107360,#107290,
#107200,#107190,#107180,#107170,#107160,#107150,#107140,#107070,#107060,
#107050,#107040,#107030));
#107470=FACE_OUTER_BOUND('',#107460,.T.);
#107480=ORIENTED_EDGE('',*,*,#106490,.F.);
#107490=ORIENTED_EDGE('',*,*,#103170,.F.);
#107500=CARTESIAN_POINT('',(0.893535089726991,11.7028847181502,15.8));
#107510=CARTESIAN_POINT('',(0.90478898504014,11.7208514632992,15.8));
#107520=CARTESIAN_POINT('',(0.910662728646564,11.7448893888146,15.8));
#107530=CARTESIAN_POINT('',(0.910662728646564,11.7745542619865,15.8));
#107540=B_SPLINE_CURVE_WITH_KNOTS('',3,(#107500,#107510,#107520,#107530)
,.UNSPECIFIED.,.F.,.F.,(4,4),(0.,0.153183958604706),.UNSPECIFIED.);
#107550=EDGE_CURVE('',#103070,#85840,#107540,.T.);
#107560=ORIENTED_EDGE('',*,*,#107550,.F.);
#107570=ORIENTED_EDGE('',*,*,#85850,.F.);
#107580=ORIENTED_EDGE('',*,*,#86160,.F.);
#107590=ORIENTED_EDGE('',*,*,#28470,.F.);
#107600=ORIENTED_EDGE('',*,*,#103820,.F.);
#107610=ORIENTED_EDGE('',*,*,#65980,.F.);
#107620=ORIENTED_EDGE('',*,*,#91500,.F.);
#107630=EDGE_LOOP('',(#107620,#107610,#107600,#107590,#107580,#107570,
#107560,#107490,#107480));
#107640=FACE_BOUND('',#107630,.T.);
#107650=ADVANCED_FACE('',(#107470,#107640),#107020,.T.);
#107660=CARTESIAN_POINT('',(14.6172445151107,10.9683419162192,16.));
#107670=DIRECTION('',(0.,0.,1.));
#107680=DIRECTION('',(1.,0.,0.));
#107690=AXIS2_PLACEMENT_3D('',#107660,#107670,#107680);
#107700=CYLINDRICAL_SURFACE('',#107690,2.51259470849562);
#107710=ORIENTED_EDGE('',*,*,#86470,.F.);
#107720=ORIENTED_EDGE('',*,*,#106180,.F.);
#107730=CARTESIAN_POINT('',(14.8685039859603,8.46834174672547,16.));
#107740=DIRECTION('',(0.,0.,-1.));
#107750=VECTOR('',#107740,1.);
#107760=LINE('',#107730,#107750);
#107770=EDGE_CURVE('',#83410,#106100,#107760,.T.);
#107780=ORIENTED_EDGE('',*,*,#107770,.T.);
#107790=ORIENTED_EDGE('',*,*,#83420,.T.);
#107800=EDGE_LOOP('',(#107790,#107780,#107720,#107710));
#107810=FACE_OUTER_BOUND('',#107800,.T.);
#107820=ADVANCED_FACE('',(#107810),#107700,.F.);
#107830=CARTESIAN_POINT('',(-13.9546609577705,12.1814076754924,16.));
#107840=DIRECTION('',(1.,0.,0.));
#107850=DIRECTION('',(0.,-1.,0.));
#107860=AXIS2_PLACEMENT_3D('',#107830,#107840,#107850);
#107870=PLANE('',#107860);
#107880=ORIENTED_EDGE('',*,*,#63430,.F.);
#107890=ORIENTED_EDGE('',*,*,#96920,.F.);
#107900=ORIENTED_EDGE('',*,*,#94560,.T.);
#107910=ORIENTED_EDGE('',*,*,#81110,.F.);
#107920=EDGE_LOOP('',(#107910,#107900,#107890,#107880));
#107930=FACE_OUTER_BOUND('',#107920,.T.);
#107940=ADVANCED_FACE('',(#107930),#107870,.T.);
#107950=CARTESIAN_POINT('',(-18.5026180603372,-10.5481315704368,
15.4533794767274));
#107960=CARTESIAN_POINT('',(-18.5026180603372,-9.2933208929899,
15.0755501908298));
#107970=CARTESIAN_POINT('',(-18.5026180603372,-8.02600318086451,
14.7378226904338));
#107980=CARTESIAN_POINT('',(-18.5026180603372,-4.52911338167792,
13.9790351451995));
#107990=CARTESIAN_POINT('',(-18.5026180603372,-2.26877672597317,
13.6896960523922));
#108000=CARTESIAN_POINT('',(-18.5026180603372,2.2682365136457,
13.6896519011266));
#108010=CARTESIAN_POINT('',(-18.5026180603372,4.52859489440494,
13.9789525891131));
#108020=CARTESIAN_POINT('',(-18.5026180603372,8.02566609879935,
14.7377321849186));
#108030=CARTESIAN_POINT('',(-18.5026180603372,9.29315519318421,
15.0754999687111));
#108040=CARTESIAN_POINT('',(-18.5026180603372,10.5481316935851,
15.4533794579055));
#108050=CARTESIAN_POINT('',(-18.5026180603372,-10.4724673355986,
15.6540988075488));
#108060=CARTESIAN_POINT('',(-18.5026180603372,-9.22819502934302,
15.2764554675996));
#108070=CARTESIAN_POINT('',(-18.5026180603372,-7.96746970742914,
14.9373120515008));
#108080=CARTESIAN_POINT('',(-18.5026180603372,-4.49785872028702,
14.1757714490552));
#108090=CARTESIAN_POINT('',(-18.5026180603372,-2.25439731544827,
13.884358885463));
#108100=CARTESIAN_POINT('',(-18.5026180603372,2.2538608643732,
13.8843144031413));
#108110=CARTESIAN_POINT('',(-18.5026180603372,4.49734337754061,
14.1756883194027));
#108120=CARTESIAN_POINT('',(-18.5026180603372,7.96713557360283,
14.9372214403934));
#108130=CARTESIAN_POINT('',(-18.5026180603372,9.22803117619726,
15.2764053114766));
#108140=CARTESIAN_POINT('',(-18.5026180603372,10.4724671703788,
15.6540986320021));
#108150=CARTESIAN_POINT('',(-18.3813131223447,-10.4218101509385,
15.8230605959407));
#108160=CARTESIAN_POINT('',(-18.3846423962989,-9.1815446266352,
15.444812383801));
#108170=CARTESIAN_POINT('',(-18.3879919167848,-7.92551811961718,
15.1050413067393));
#108180=CARTESIAN_POINT('',(-18.3962651411809,-4.47149245037915,
14.3420297591896));
#108190=CARTESIAN_POINT('',(-18.4002605161572,-2.24251201377496,
14.0499078163627));
#108200=CARTESIAN_POINT('',(-18.4002610913186,2.24197875682026,
14.0498632015763));
#108210=CARTESIAN_POINT('',(-18.3962661760965,4.47097959023393,
14.341946397848));
#108220=CARTESIAN_POINT('',(-18.3879928266075,7.92518538107503,
15.1049505632007));
#108230=CARTESIAN_POINT('',(-18.3846428439756,9.18138143006795,
15.4447621798964));
#108240=CARTESIAN_POINT('',(-18.3813131224883,10.4218100585794,
15.8230604392095));
#108250=CARTESIAN_POINT('',(-18.1812919140223,-10.4138841650438,
15.9006905266957));
#108260=CARTESIAN_POINT('',(-18.189013031006,-9.16926637048299,
15.522847443703));
#108270=CARTESIAN_POINT('',(-18.1968483819959,-7.91404575922494,
15.1850528234734));
#108280=CARTESIAN_POINT('',(-18.2165267791893,-4.45779991842126,
14.4262202184537));
#108290=CARTESIAN_POINT('',(-18.2262241514137,-2.23671010763496,
14.1369096891986));
#108300=CARTESIAN_POINT('',(-18.2262255646774,2.23617853369213,
14.13686545532));
#108310=CARTESIAN_POINT('',(-18.2165292827702,4.45728820336888,
14.4261375748019));
#108320=CARTESIAN_POINT('',(-18.1968505187065,7.91371221071616,
15.1849623710632));
#108330=CARTESIAN_POINT('',(-18.1890140714818,9.16910229016329,
15.5227972840995));
#108340=CARTESIAN_POINT('',(-18.1812919110119,10.413884440749,
15.9006905429692));
#108350=(BOUNDED_SURFACE() B_SPLINE_SURFACE(3,3,((#107950,#108050,
#108150,#108250),(#107960,#108060,#108160,#108260),(#107970,#108070,
#108170,#108270),(#107980,#108080,#108180,#108280),(#107990,#108090,
#108190,#108290),(#108000,#108100,#108200,#108300),(#108010,#108110,
#108210,#108310),(#108020,#108120,#108220,#108320),(#108030,#108130,
#108230,#108330),(#108040,#108140,#108240,#108340)),.UNSPECIFIED.,.F.,
.F.,.F.) B_SPLINE_SURFACE_WITH_KNOTS((4,2,2,2,4),(4,4),(22.4152763677281
,26.3331197974748,33.0902127593362,39.8473195462878,43.7657221007788),(
0.,1.),.UNSPECIFIED.) GEOMETRIC_REPRESENTATION_ITEM() 
RATIONAL_B_SPLINE_SURFACE(((1.,0.882528278851808,0.882528278851808,1.),(
1.,0.885645559854154,0.885645559854154,1.),(1.,0.888782139440865,
0.888782139440865,1.),(1.,0.896550683893411,0.896550683893411,1.),(1.,
0.900350094924891,0.900350094924891,1.),(1.,0.9003506412724,
0.9003506412724,1.),(1.,0.89655166284507,0.89655166284507,1.),(1.,
0.888782994720615,0.888782994720615,1.),(1.,0.885645978702567,
0.885645978702567,1.),(1.,0.882528276794082,0.882528276794082,1.))) 
REPRESENTATION_ITEM('') SURFACE());
#108360=ORIENTED_EDGE('',*,*,#20220,.F.);
#108370=ORIENTED_EDGE('',*,*,#1430,.T.);
#108380=ORIENTED_EDGE('',*,*,#62010,.F.);
#108390=ORIENTED_EDGE('',*,*,#8090,.F.);
#108400=EDGE_LOOP('',(#108390,#108380,#108370,#108360));
#108410=FACE_OUTER_BOUND('',#108400,.T.);
#108420=ADVANCED_FACE('',(#108410),#108350,.F.);
#108430=CARTESIAN_POINT('',(0.663788225228442,11.3984466967465,16.));
#108440=DIRECTION('',(0.,0.,1.));
#108450=DIRECTION('',(0.807614231128347,0.589711161229775,0.));
#108460=AXIS2_PLACEMENT_3D('',#108430,#108440,#108450);
#108470=CYLINDRICAL_SURFACE('',#108460,0.118420331965407);
#108480=ORIENTED_EDGE('',*,*,#64920,.F.);
#108490=ORIENTED_EDGE('',*,*,#107350,.T.);
#108500=CARTESIAN_POINT('',(0.759426170578648,11.468280488223,16.));
#108510=DIRECTION('',(0.,0.,-1.));
#108520=VECTOR('',#108510,1.);
#108530=LINE('',#108500,#108520);
#108540=EDGE_CURVE('',#26770,#107270,#108530,.T.);
#108550=ORIENTED_EDGE('',*,*,#108540,.T.);
#108560=ORIENTED_EDGE('',*,*,#26780,.F.);
#108570=EDGE_LOOP('',(#108560,#108550,#108490,#108480));
#108580=FACE_OUTER_BOUND('',#108570,.T.);
#108590=ADVANCED_FACE('',(#108580),#108470,.T.);
#108600=CARTESIAN_POINT('',(0.640766677890896,11.5150730003145,16.));
#108610=DIRECTION('',(-0.,1.,0.));
#108620=DIRECTION('',(1.,0.,0.));
#108630=AXIS2_PLACEMENT_3D('',#108600,#108610,#108620);
#108640=PLANE('',#108630);
#108650=ORIENTED_EDGE('',*,*,#68120,.F.);
#108660=ORIENTED_EDGE('',*,*,#107420,.T.);
#108670=ORIENTED_EDGE('',*,*,#64770,.T.);
#108680=ORIENTED_EDGE('',*,*,#26600,.F.);
#108690=EDGE_LOOP('',(#108680,#108670,#108660,#108650));
#108700=FACE_OUTER_BOUND('',#108690,.T.);
#108710=ADVANCED_FACE('',(#108700),#108640,.T.);
#108720=CARTESIAN_POINT('',(14.8685039859603,9.2275663060847,16.));
#108730=DIRECTION('',(-1.,0.,0.));
#108740=DIRECTION('',(0.,1.,0.));
#108750=AXIS2_PLACEMENT_3D('',#108720,#108730,#108740);
#108760=PLANE('',#108750);
#108770=ORIENTED_EDGE('',*,*,#107770,.F.);
#108780=ORIENTED_EDGE('',*,*,#106110,.T.);
#108790=ORIENTED_EDGE('',*,*,#71850,.T.);
#108800=ORIENTED_EDGE('',*,*,#83480,.F.);
#108810=EDGE_LOOP('',(#108800,#108790,#108780,#108770));
#108820=FACE_OUTER_BOUND('',#108810,.T.);
#108830=ADVANCED_FACE('',(#108820),#108760,.T.);
#108840=CARTESIAN_POINT('',(18.5,10.5446515825256,15.453376836245));
#108850=CARTESIAN_POINT('',(18.5,9.29130286278974,15.0761145957573));
#108860=CARTESIAN_POINT('',(18.5,8.0254743624243,14.7388786045516));
#108870=CARTESIAN_POINT('',(18.5,4.52969517977902,13.9803557066275));
#108880=CARTESIAN_POINT('',(18.5,2.26893088826832,13.6909830052173));
#108890=CARTESIAN_POINT('',(18.5,-2.26893088826834,13.6909830052173));
#108900=CARTESIAN_POINT('',(18.5,-4.52970581574535,13.9803580144461));
#108910=CARTESIAN_POINT('',(18.5,-8.0254786155621,14.738879527408));
#108920=CARTESIAN_POINT('',(18.5,-9.29130632304507,15.0761154118915));
#108930=CARTESIAN_POINT('',(18.5,-10.5446519185085,15.4533767666864));
#108940=CARTESIAN_POINT('',(18.5,10.4690112449887,15.6540902899106));
#108950=CARTESIAN_POINT('',(18.5,9.22618246698809,15.2770119092401));
#108960=CARTESIAN_POINT('',(18.5,7.96693924177385,14.9383625806316));
#108970=CARTESIAN_POINT('',(18.5,4.49844212329745,14.1770917162578));
#108980=CARTESIAN_POINT('',(18.5,2.25455335837871,13.8856456730304));
#108990=CARTESIAN_POINT('',(18.5,-2.2545533586558,13.8856456723413));
#109000=CARTESIAN_POINT('',(18.5,-4.49845270180395,14.1770940371464));
#109010=CARTESIAN_POINT('',(18.5,-7.96694343266784,14.9383634989877));
#109020=CARTESIAN_POINT('',(18.5,-9.2261858898349,15.2770127228449));
#109030=CARTESIAN_POINT('',(18.5,-10.4690116016267,15.6540902270331));
#109040=CARTESIAN_POINT('',(18.378709577992,10.4183715664457,
15.8230494491624));
#109050=CARTESIAN_POINT('',(18.3820342999765,9.17954604487734,
15.4453669728452));
#109060=CARTESIAN_POINT('',(18.3853787533897,7.92499669233245,
15.1060909731534));
#109070=CARTESIAN_POINT('',(18.39364761351,4.47207716798449,
14.343349917492));
#109080=CARTESIAN_POINT('',(18.3976427447474,2.24266965035471,
14.0511945367816));
#109090=CARTESIAN_POINT('',(18.3976427423009,-2.24266965018026,
14.0511945379026));
#109100=CARTESIAN_POINT('',(18.393647586527,-4.47208760081581,
14.3433522227073));
#109110=CARTESIAN_POINT('',(18.3853787421616,-7.92500092005077,
15.1060919076292));
#109120=CARTESIAN_POINT('',(18.3820342915253,-9.17954948742848,
15.4453677954951));
#109130=CARTESIAN_POINT('',(18.3787095775391,-10.4183719325439,
15.8230493886857));
#109140=CARTESIAN_POINT('',(18.1787073983173,10.4104485491275,
15.9006878431769));
#109150=CARTESIAN_POINT('',(18.1864181947035,9.16728420002791,
15.5234116829296));
#109160=CARTESIAN_POINT('',(18.19424186316,7.91354031289409,
15.1861087343842));
#109170=CARTESIAN_POINT('',(18.2139100041713,4.4583852176129,
14.4275407458839));
#109180=CARTESIAN_POINT('',(18.2236067977892,2.23686858568003,
14.1381966006977));
#109190=CARTESIAN_POINT('',(18.2236067977892,-2.23686858568005,
14.1381966006977));
#109200=CARTESIAN_POINT('',(18.2139099448832,-4.45839563289997,
14.4275430325261));
#109210=CARTESIAN_POINT('',(18.1942418389108,-7.9135445728173,
15.1861096696364));
#109220=CARTESIAN_POINT('',(18.1864181767673,-9.16728765705015,
15.5234125046144));
#109230=CARTESIAN_POINT('',(18.1787073988248,-10.4104488886016,
15.9006877741569));
#109240=(BOUNDED_SURFACE() B_SPLINE_SURFACE(3,3,((#108840,#108940,
#109040,#109140),(#108850,#108950,#109050,#109150),(#108860,#108960,
#109060,#109160),(#108870,#108970,#109070,#109170),(#108880,#108980,
#109080,#109180),(#108890,#108990,#109090,#109190),(#108900,#109000,
#109100,#109200),(#108910,#109010,#109110,#109210),(#108920,#109020,
#109120,#109220),(#108930,#109030,#109130,#109230)),.UNSPECIFIED.,.F.,
.F.,.F.) B_SPLINE_SURFACE_WITH_KNOTS((4,2,2,2,4),(4,4),(22.4245166178087
,26.3376850735534,33.0960577761284,39.8544304787035,43.7676307176346),(
0.,1.),.UNSPECIFIED.) GEOMETRIC_REPRESENTATION_ITEM() 
RATIONAL_B_SPLINE_SURFACE(((1.,0.88254182106072,0.88254182106072,1.),(1.
,0.885654857532741,0.885654857532741,1.),(1.,0.888786701539786,
0.888786701539786,1.),(1.,0.896551187250602,0.896551187250602,1.),(1.,
0.900350368678638,0.900350368678638,1.),(1.,0.900350367646716,
0.900350367646716,1.),(1.,0.896551162660454,0.896551162660454,1.),(1.,
0.888786692051617,0.888786692051617,1.),(1.,0.88565485074832,
0.88565485074832,1.),(1.,0.882541821802569,0.882541821802569,1.))) 
REPRESENTATION_ITEM('') SURFACE());
#109250=ORIENTED_EDGE('',*,*,#14040,.F.);
#109260=ORIENTED_EDGE('',*,*,#23510,.T.);
#109270=ORIENTED_EDGE('',*,*,#22680,.F.);
#109280=ORIENTED_EDGE('',*,*,#60270,.F.);
#109290=EDGE_LOOP('',(#109280,#109270,#109260,#109250));
#109300=FACE_OUTER_BOUND('',#109290,.T.);
#109310=ADVANCED_FACE('',(#109300),#109240,.F.);
#109320=CARTESIAN_POINT('',(11.3508722986056,6.54614835988831,16.));
#109330=DIRECTION('',(0.,0.,1.));
#109340=DIRECTION('',(1.,0.,0.));
#109350=AXIS2_PLACEMENT_3D('',#109320,#109330,#109340);
#109360=CYLINDRICAL_SURFACE('',#109350,0.210408338638898);
#109370=ORIENTED_EDGE('',*,*,#98190,.F.);
#109380=ORIENTED_EDGE('',*,*,#48750,.F.);
#109390=ORIENTED_EDGE('',*,*,#6980,.T.);
#109400=ORIENTED_EDGE('',*,*,#83250,.T.);
#109410=EDGE_LOOP('',(#109400,#109390,#109380,#109370));
#109420=FACE_OUTER_BOUND('',#109410,.T.);
#109430=ADVANCED_FACE('',(#109420),#109360,.F.);
#109440=CARTESIAN_POINT('',(0.893535089726991,11.7028847181502,16.));
#109450=CARTESIAN_POINT('',(0.90478898504014,11.7208514632992,16.));
#109460=CARTESIAN_POINT('',(0.910662728646564,11.7448893888146,16.));
#109470=CARTESIAN_POINT('',(0.910662728646564,11.7745542619865,16.));
#109480=B_SPLINE_CURVE_WITH_KNOTS('',3,(#109440,#109450,#109460,#109470)
,.UNSPECIFIED.,.F.,.F.,(4,4),(0.,0.153183958604706),.UNSPECIFIED.);
#109490=DIRECTION('',(0.,0.,-1.));
#109500=VECTOR('',#109490,1.);
#109510=SURFACE_OF_LINEAR_EXTRUSION('',#109480,#109500);
#109520=ORIENTED_EDGE('',*,*,#85930,.F.);
#109530=ORIENTED_EDGE('',*,*,#107550,.T.);
#109540=ORIENTED_EDGE('',*,*,#103080,.T.);
#109550=CARTESIAN_POINT('',(0.893535089726991,11.7028847181502,16.));
#109560=CARTESIAN_POINT('',(0.90478898504014,11.7208514632992,16.));
#109570=CARTESIAN_POINT('',(0.910662728646564,11.7448893888146,16.));
#109580=CARTESIAN_POINT('',(0.910662728646564,11.7745542619865,16.));
#109590=B_SPLINE_CURVE_WITH_KNOTS('',3,(#109550,#109560,#109570,#109580)
,.UNSPECIFIED.,.F.,.F.,(4,4),(0.,0.153183958604706),.UNSPECIFIED.);
#109600=EDGE_CURVE('',#103050,#85920,#109590,.T.);
#109610=ORIENTED_EDGE('',*,*,#109600,.F.);
#109620=EDGE_LOOP('',(#109610,#109540,#109530,#109520));
#109630=FACE_OUTER_BOUND('',#109620,.T.);
#109640=ADVANCED_FACE('',(#109630),#109510,.F.);
#109650=CARTESIAN_POINT('',(-0.827707643179297,11.6605622837198,16.));
#109660=DIRECTION('',(-0.853207308951433,0.521571939383105,0.));
#109670=DIRECTION('',(0.521571939383105,0.853207308951433,0.));
#109680=AXIS2_PLACEMENT_3D('',#109650,#109660,#109670);
#109690=PLANE('',#109680);
#109700=ORIENTED_EDGE('',*,*,#61320,.F.);
#109710=ORIENTED_EDGE('',*,*,#44380,.F.);
#109720=ORIENTED_EDGE('',*,*,#63650,.T.);
#109730=ORIENTED_EDGE('',*,*,#81930,.F.);
#109740=EDGE_LOOP('',(#109730,#109720,#109710,#109700));
#109750=FACE_OUTER_BOUND('',#109740,.T.);
#109760=ADVANCED_FACE('',(#109750),#109690,.T.);
#109770=ORIENTED_EDGE('',*,*,#66120,.T.);
#109780=ORIENTED_EDGE('',*,*,#103890,.T.);
#109790=ORIENTED_EDGE('',*,*,#28620,.T.);
#109800=ORIENTED_EDGE('',*,*,#86240,.T.);
#109810=ORIENTED_EDGE('',*,*,#86000,.T.);
#109820=ORIENTED_EDGE('',*,*,#109600,.T.);
#109830=ORIENTED_EDGE('',*,*,#103320,.T.);
#109840=ORIENTED_EDGE('',*,*,#106570,.T.);
#109850=ORIENTED_EDGE('',*,*,#91570,.T.);
#109860=EDGE_LOOP('',(#109850,#109840,#109830,#109820,#109810,#109800,
#109790,#109780,#109770));
#109870=FACE_OUTER_BOUND('',#109860,.T.);
#109880=ADVANCED_FACE('',(#109870),#26370,.T.);
#109890=CARTESIAN_POINT('',(-15.3289840280966,12.409260094335,16.));
#109900=DIRECTION('',(0.642879522013541,-0.765967310122071,0.));
#109910=DIRECTION('',(-0.765967310122071,-0.642879522013541,0.));
#109920=AXIS2_PLACEMENT_3D('',#109890,#109900,#109910);
#109930=PLANE('',#109920);
#109940=CARTESIAN_POINT('',(-15.2086863841846,12.5102264029431,16.));
#109950=DIRECTION('',(0.,0.,-1.));
#109960=VECTOR('',#109950,1.);
#109970=LINE('',#109940,#109960);
#109980=EDGE_CURVE('',#82740,#93660,#109970,.T.);
#109990=ORIENTED_EDGE('',*,*,#109980,.F.);
#110000=ORIENTED_EDGE('',*,*,#93670,.F.);
#110010=ORIENTED_EDGE('',*,*,#31970,.T.);
#110020=ORIENTED_EDGE('',*,*,#82750,.F.);
#110030=EDGE_LOOP('',(#110020,#110010,#110000,#109990));
#110040=FACE_OUTER_BOUND('',#110030,.T.);
#110050=ADVANCED_FACE('',(#110040),#109930,.T.);
#110060=CARTESIAN_POINT('',(1.40165656858926E-15,-8.90043634338974,15.8)
);
#110070=DIRECTION('',(0.,0.,1.));
#110080=DIRECTION('',(1.,0.,0.));
#110090=AXIS2_PLACEMENT_3D('',#110060,#110070,#110080);
#110100=PLANE('',#110090);
#110110=ORIENTED_EDGE('',*,*,#104690,.T.);
#110120=ORIENTED_EDGE('',*,*,#70200,.T.);
#110130=ORIENTED_EDGE('',*,*,#101430,.T.);
#110140=CARTESIAN_POINT('',(-10.3747667876535,0.401973999999999,15.8));
#110150=DIRECTION('',(0.499993047099285,-0.866029418006324,0.));
#110160=VECTOR('',#110150,1.);
#110170=LINE('',#110140,#110160);
#110180=EDGE_CURVE('',#104680,#101360,#110170,.T.);
#110190=ORIENTED_EDGE('',*,*,#110180,.T.);
#110200=EDGE_LOOP('',(#110190,#110130,#110120,#110110));
#110210=FACE_OUTER_BOUND('',#110200,.T.);
#110220=ADVANCED_FACE('',(#110210),#110100,.T.);
#110230=CARTESIAN_POINT('',(17.5,16.,15.5));
#110240=DIRECTION('',(0.,0.,1.));
#110250=DIRECTION('',(1.,0.,0.));
#110260=AXIS2_PLACEMENT_3D('',#110230,#110240,#110250);
#110270=TOROIDAL_SURFACE('',#110260,0.5,0.5);
#110280=CARTESIAN_POINT('',(18.,16.,15.5));
#110290=DIRECTION('',(0.,1.,0.));
#110300=DIRECTION('',(1.,0.,0.));
#110310=AXIS2_PLACEMENT_3D('',#110280,#110290,#110300);
#110320=CIRCLE('',#110310,0.5);
#110330=EDGE_CURVE('',#84730,#60350,#110320,.T.);
#110340=ORIENTED_EDGE('',*,*,#110330,.T.);
#110350=ORIENTED_EDGE('',*,*,#84740,.F.);
#110360=ORIENTED_EDGE('',*,*,#93920,.F.);
#110370=ORIENTED_EDGE('',*,*,#100310,.T.);
#110380=EDGE_LOOP('',(#110370,#110360,#110350,#110340));
#110390=FACE_OUTER_BOUND('',#110380,.T.);
#110400=ADVANCED_FACE('',(#110390),#110270,.T.);
#110410=CARTESIAN_POINT('',(-4.51586908142,12.3000000692974,16.));
#110420=DIRECTION('',(-0.,-1.,-0.));
#110430=DIRECTION('',(-1.,0.,0.));
#110440=AXIS2_PLACEMENT_3D('',#110410,#110420,#110430);
#110450=PLANE('',#110440);
#110460=ORIENTED_EDGE('',*,*,#101660,.F.);
#110470=ORIENTED_EDGE('',*,*,#43910,.F.);
#110480=ORIENTED_EDGE('',*,*,#34020,.T.);
#110490=ORIENTED_EDGE('',*,*,#82310,.F.);
#110500=EDGE_LOOP('',(#110490,#110480,#110470,#110460));
#110510=FACE_OUTER_BOUND('',#110500,.T.);
#110520=ADVANCED_FACE('',(#110510),#110450,.T.);
#110530=CARTESIAN_POINT('',(0.600000000000001,-8.90043634338974,15.5));
#110540=DIRECTION('',(0.,0.,1.));
#110550=DIRECTION('',(1.,0.,0.));
#110560=AXIS2_PLACEMENT_3D('',#110530,#110540,#110550);
#110570=PLANE('',#110560);
#110580=CARTESIAN_POINT('',(10.5970906870055,-7.78165913454252,15.5));
#110590=DIRECTION('',(-1.98791977347958E-7,-0.99999999999998,0.));
#110600=VECTOR('',#110590,1.66666666665794);
#110610=LINE('',#110580,#110600);
#110620=EDGE_CURVE('',#95330,#102250,#110610,.T.);
#110630=ORIENTED_EDGE('',*,*,#110620,.F.);
#110640=ORIENTED_EDGE('',*,*,#102260,.F.);
#110650=ORIENTED_EDGE('',*,*,#67680,.F.);
#110660=ORIENTED_EDGE('',*,*,#95410,.T.);
#110670=EDGE_LOOP('',(#110660,#110650,#110640,#110630));
#110680=FACE_OUTER_BOUND('',#110670,.T.);
#110690=ADVANCED_FACE('',(#110680),#110570,.T.);
#110700=CARTESIAN_POINT('',(-12.7190677347857,11.5586968432371,16.));
#110710=DIRECTION('',(0.499990756797496,-0.866030740284124,0.));
#110720=DIRECTION('',(-0.866030740284124,-0.499990756797496,0.));
#110730=AXIS2_PLACEMENT_3D('',#110700,#110710,#110720);
#110740=PLANE('',#110730);
#110750=ORIENTED_EDGE('',*,*,#99940,.F.);
#110760=CARTESIAN_POINT('',(-7.2108618527965,14.7387826062767,15.8));
#110770=DIRECTION('',(-0.866030740284124,-0.499990756797496,0.));
#110780=VECTOR('',#110770,1.);
#110790=LINE('',#110760,#110780);
#110800=EDGE_CURVE('',#99870,#101120,#110790,.T.);
#110810=ORIENTED_EDGE('',*,*,#110800,.F.);
#110820=ORIENTED_EDGE('',*,*,#101130,.T.);
#110830=ORIENTED_EDGE('',*,*,#81000,.F.);
#110840=EDGE_LOOP('',(#110830,#110820,#110810,#110750));
#110850=FACE_OUTER_BOUND('',#110840,.T.);
#110860=ADVANCED_FACE('',(#110850),#110740,.T.);
#110870=CARTESIAN_POINT('',(1.40165656858926E-15,-8.90043634338974,15.8)
);
#110880=DIRECTION('',(0.,0.,1.));
#110890=DIRECTION('',(1.,0.,0.));
#110900=AXIS2_PLACEMENT_3D('',#110870,#110880,#110890);
#110910=PLANE('',#110900);
#110920=ORIENTED_EDGE('',*,*,#63040,.T.);
#110930=ORIENTED_EDGE('',*,*,#95960,.T.);
#110940=ORIENTED_EDGE('',*,*,#97670,.T.);
#110950=ORIENTED_EDGE('',*,*,#104160,.T.);
#110960=EDGE_LOOP('',(#110950,#110940,#110930,#110920));
#110970=FACE_OUTER_BOUND('',#110960,.T.);
#110980=ADVANCED_FACE('',(#110970),#110910,.T.);
#110990=CARTESIAN_POINT('',(0.,-15.5,15.5));
#111000=DIRECTION('',(1.,0.,0.));
#111010=DIRECTION('',(0.,-1.,0.));
#111020=AXIS2_PLACEMENT_3D('',#110990,#111000,#111010);
#111030=CYLINDRICAL_SURFACE('',#111020,0.5);
#111040=CARTESIAN_POINT('',(17.,-15.5,15.5));
#111050=DIRECTION('',(1.,0.,0.));
#111060=DIRECTION('',(0.,-1.,0.));
#111070=AXIS2_PLACEMENT_3D('',#111040,#111050,#111060);
#111080=CIRCLE('',#111070,0.5);
#111090=EDGE_CURVE('',#83790,#3880,#111080,.T.);
#111100=ORIENTED_EDGE('',*,*,#111090,.T.);
#111110=ORIENTED_EDGE('',*,*,#83800,.T.);
#111120=ORIENTED_EDGE('',*,*,#55460,.F.);
#111130=ORIENTED_EDGE('',*,*,#3950,.F.);
#111140=EDGE_LOOP('',(#111130,#111120,#111110,#111100));
#111150=FACE_OUTER_BOUND('',#111140,.T.);
#111160=ADVANCED_FACE('',(#111150),#111030,.T.);
#111170=CARTESIAN_POINT('',(0.838351515340594,11.3358497815337,16.));
#111180=CARTESIAN_POINT('',(0.799752628784096,11.4062359864308,16.));
#111190=CARTESIAN_POINT('',(0.773394821340146,11.4505111798338,16.));
#111200=CARTESIAN_POINT('',(0.759426170578649,11.468280488223,16.));
#111210=B_SPLINE_CURVE_WITH_KNOTS('',3,(#111170,#111180,#111190,#111200)
,.UNSPECIFIED.,.F.,.F.,(4,4),(0.,0.312818181191557),.UNSPECIFIED.);
#111220=DIRECTION('',(0.,0.,-1.));
#111230=VECTOR('',#111220,1.);
#111240=SURFACE_OF_LINEAR_EXTRUSION('',#111210,#111230);
#111250=ORIENTED_EDGE('',*,*,#108540,.F.);
#111260=ORIENTED_EDGE('',*,*,#107280,.T.);
#111270=ORIENTED_EDGE('',*,*,#96380,.T.);
#111280=ORIENTED_EDGE('',*,*,#26870,.F.);
#111290=EDGE_LOOP('',(#111280,#111270,#111260,#111250));
#111300=FACE_OUTER_BOUND('',#111290,.T.);
#111310=ADVANCED_FACE('',(#111300),#111240,.F.);
#111320=CARTESIAN_POINT('',(18.,0.,15.5));
#111330=DIRECTION('',(0.,1.,0.));
#111340=DIRECTION('',(1.,0.,0.));
#111350=AXIS2_PLACEMENT_3D('',#111320,#111330,#111340);
#111360=CYLINDRICAL_SURFACE('',#111350,0.5);
#111370=ORIENTED_EDGE('',*,*,#84800,.T.);
#111380=ORIENTED_EDGE('',*,*,#110330,.F.);
#111390=ORIENTED_EDGE('',*,*,#60360,.F.);
#111400=ORIENTED_EDGE('',*,*,#22900,.F.);
#111410=EDGE_LOOP('',(#111400,#111390,#111380,#111370));
#111420=FACE_OUTER_BOUND('',#111410,.T.);
#111430=ADVANCED_FACE('',(#111420),#111360,.T.);
#111440=CARTESIAN_POINT('',(-15.7132543885722,9.6486772029338,16.));
#111450=DIRECTION('',(0.866029418006324,0.499993047099285,0.));
#111460=DIRECTION('',(0.499993047099285,-0.866029418006324,0.));
#111470=AXIS2_PLACEMENT_3D('',#111440,#111450,#111460);
#111480=PLANE('',#111470);
#111490=ORIENTED_EDGE('',*,*,#104750,.F.);
#111500=ORIENTED_EDGE('',*,*,#110180,.F.);
#111510=ORIENTED_EDGE('',*,*,#101370,.T.);
#111520=ORIENTED_EDGE('',*,*,#80330,.F.);
#111530=EDGE_LOOP('',(#111520,#111510,#111500,#111490));
#111540=FACE_OUTER_BOUND('',#111530,.T.);
#111550=ADVANCED_FACE('',(#111540),#111480,.T.);
#111560=CARTESIAN_POINT('',(10.597094911335,13.4683405991065,16.));
#111570=DIRECTION('',(-0.99999999999998,1.98791977347958E-7,0.));
#111580=DIRECTION('',(1.98791977347958E-7,0.99999999999998,0.));
#111590=AXIS2_PLACEMENT_3D('',#111560,#111570,#111580);
#111600=PLANE('',#111590);
#111610=ORIENTED_EDGE('',*,*,#102320,.F.);
#111620=ORIENTED_EDGE('',*,*,#110620,.T.);
#111630=ORIENTED_EDGE('',*,*,#95340,.T.);
#111640=ORIENTED_EDGE('',*,*,#77620,.F.);
#111650=EDGE_LOOP('',(#111640,#111630,#111620,#111610));
#111660=FACE_OUTER_BOUND('',#111650,.T.);
#111670=ADVANCED_FACE('',(#111660),#111600,.T.);
#111680=CARTESIAN_POINT('',(1.40165656858926E-15,-8.90043634338974,15.8)
);
#111690=DIRECTION('',(0.,0.,1.));
#111700=DIRECTION('',(1.,0.,0.));
#111710=AXIS2_PLACEMENT_3D('',#111680,#111690,#111700);
#111720=PLANE('',#111710);
#111730=ORIENTED_EDGE('',*,*,#110800,.T.);
#111740=ORIENTED_EDGE('',*,*,#99880,.T.);
#111750=ORIENTED_EDGE('',*,*,#88800,.T.);
#111760=ORIENTED_EDGE('',*,*,#101190,.T.);
#111770=EDGE_LOOP('',(#111760,#111750,#111740,#111730));
#111780=FACE_OUTER_BOUND('',#111770,.T.);
#111790=ADVANCED_FACE('',(#111780),#111720,.T.);
#111800=CARTESIAN_POINT('',(-15.2086863841846,12.5102264029431,16.));
#111810=DIRECTION('',(-0.766050110352378,-0.642780855680309,-0.));
#111820=DIRECTION('',(-0.642780855680309,0.766050110352378,0.));
#111830=AXIS2_PLACEMENT_3D('',#111800,#111810,#111820);
#111840=PLANE('',#111830);
#111850=ORIENTED_EDGE('',*,*,#89100,.F.);
#111860=ORIENTED_EDGE('',*,*,#93730,.F.);
#111870=ORIENTED_EDGE('',*,*,#109980,.T.);
#111880=ORIENTED_EDGE('',*,*,#82900,.F.);
#111890=EDGE_LOOP('',(#111880,#111870,#111860,#111850));
#111900=FACE_OUTER_BOUND('',#111890,.T.);
#111910=ADVANCED_FACE('',(#111900),#111840,.T.);
#111920=CARTESIAN_POINT('',(1.06357749917346,11.7868447002891,16.));
#111930=CARTESIAN_POINT('',(1.06357749917346,11.7166559321518,16.));
#111940=CARTESIAN_POINT('',(1.04684473377365,11.6600409412563,16.));
#111950=CARTESIAN_POINT('',(1.01323112540411,11.6172465235523,16.));
#111960=B_SPLINE_CURVE_WITH_KNOTS('',3,(#111920,#111930,#111940,#111950)
,.UNSPECIFIED.,.F.,.F.,(4,4),(0.,0.37205221474141),.UNSPECIFIED.);
#111970=DIRECTION('',(0.,0.,-1.));
#111980=VECTOR('',#111970,1.);
#111990=SURFACE_OF_LINEAR_EXTRUSION('',#111960,#111980);
#112000=ORIENTED_EDGE('',*,*,#92370,.F.);
#112010=ORIENTED_EDGE('',*,*,#107130,.T.);
#112020=ORIENTED_EDGE('',*,*,#10940,.T.);
#112030=ORIENTED_EDGE('',*,*,#27450,.F.);
#112040=EDGE_LOOP('',(#112030,#112020,#112010,#112000));
#112050=FACE_OUTER_BOUND('',#112040,.T.);
#112060=ADVANCED_FACE('',(#112050),#111990,.F.);
#112070=CARTESIAN_POINT('',(0.,9.,1.));
#112080=DIRECTION('',(0.,-0.999961923064171,0.00872653549837393));
#112090=DIRECTION('',(-1.,0.,0.));
#112100=AXIS2_PLACEMENT_3D('',#112070,#112080,#112090);
#112110=PLANE('',#112100);
#112120=ORIENTED_EDGE('',*,*,#77110,.T.);
#112130=ORIENTED_EDGE('',*,*,#36030,.T.);
#112140=CARTESIAN_POINT('',(0.,9.,1.));
#112150=DIRECTION('',(-1.,0.,0.));
#112160=VECTOR('',#112150,1.);
#112170=LINE('',#112140,#112160);
#112180=EDGE_CURVE('',#36000,#13190,#112170,.T.);
#112190=ORIENTED_EDGE('',*,*,#112180,.F.);
#112200=ORIENTED_EDGE('',*,*,#13200,.T.);
#112210=ORIENTED_EDGE('',*,*,#150,.T.);
#112220=ORIENTED_EDGE('',*,*,#59690,.T.);
#112230=EDGE_LOOP('',(#112220,#112210,#112200,#112190,#112130,#112120));
#112240=FACE_OUTER_BOUND('',#112230,.T.);
#112250=ADVANCED_FACE('',(#112240),#112110,.T.);
#112260=ORIENTED_EDGE('',*,*,#9210,.F.);
#112270=ORIENTED_EDGE('',*,*,#90450,.T.);
#112280=CARTESIAN_POINT('',(-17.7,-6.51633650601052,3.5));
#112290=VERTEX_POINT('',#112280);
#112300=EDGE_CURVE('',#112290,#90380,#94890,.T.);
#112310=ORIENTED_EDGE('',*,*,#112300,.T.);
#112320=CARTESIAN_POINT('',(0.,-6.51633650601052,3.5));
#112330=DIRECTION('',(-1.,0.,0.));
#112340=VECTOR('',#112330,1.);
#112350=LINE('',#112320,#112340);
#112360=EDGE_CURVE('',#112290,#9200,#112350,.T.);
#112370=ORIENTED_EDGE('',*,*,#112360,.F.);
#112380=EDGE_LOOP('',(#112370,#112310,#112270,#112260));
#112390=FACE_OUTER_BOUND('',#112380,.T.);
#112400=ADVANCED_FACE('',(#112390),#71450,.T.);
#112410=CARTESIAN_POINT('',(0.,-2.6,1.));
#112420=DIRECTION('',(-0.,0.999961923064171,0.00872653549837393));
#112430=DIRECTION('',(1.,0.,0.));
#112440=AXIS2_PLACEMENT_3D('',#112410,#112420,#112430);
#112450=PLANE('',#112440);
#112460=ORIENTED_EDGE('',*,*,#4690,.T.);
#112470=ORIENTED_EDGE('',*,*,#29100,.T.);
#112480=ORIENTED_EDGE('',*,*,#12470,.T.);
#112490=CARTESIAN_POINT('',(0.,-2.6,1.));
#112500=DIRECTION('',(1.,0.,0.));
#112510=VECTOR('',#112500,1.);
#112520=LINE('',#112490,#112510);
#112530=EDGE_CURVE('',#12440,#5080,#112520,.T.);
#112540=ORIENTED_EDGE('',*,*,#112530,.F.);
#112550=ORIENTED_EDGE('',*,*,#5090,.T.);
#112560=ORIENTED_EDGE('',*,*,#31360,.T.);
#112570=EDGE_LOOP('',(#112560,#112550,#112540,#112480,#112470,#112460));
#112580=FACE_OUTER_BOUND('',#112570,.T.);
#112590=ADVANCED_FACE('',(#112580),#112450,.T.);
#112600=CARTESIAN_POINT('',(-17.7,0.,3.5));
#112610=DIRECTION('',(0.999961923064171,0.,-0.00872653549837393));
#112620=DIRECTION('',(0.,-1.,0.));
#112630=AXIS2_PLACEMENT_3D('',#112600,#112610,#112620);
#112640=PLANE('',#112630);
#112650=ORIENTED_EDGE('',*,*,#38250,.T.);
#112660=ORIENTED_EDGE('',*,*,#38010,.F.);
#112670=ORIENTED_EDGE('',*,*,#38540,.T.);
#112680=ORIENTED_EDGE('',*,*,#47630,.F.);
#112690=EDGE_LOOP('',(#112680,#112670,#112660,#112650));
#112700=FACE_OUTER_BOUND('',#112690,.T.);
#112710=CARTESIAN_POINT('',(-17.7013090301686,0.,3.35));
#112720=DIRECTION('',(0.,-1.,0.));
#112730=VECTOR('',#112720,1.);
#112740=LINE('',#112710,#112730);
#112750=CARTESIAN_POINT('',(-17.7013090301686,-9.00087268677907,3.35));
#112760=VERTEX_POINT('',#112750);
#112770=CARTESIAN_POINT('',(-17.7013090301686,-11.9991273132209,3.35));
#112780=VERTEX_POINT('',#112770);
#112790=EDGE_CURVE('',#112760,#112780,#112740,.T.);
#112800=ORIENTED_EDGE('',*,*,#112790,.F.);
#112810=CARTESIAN_POINT('',(-17.7305440372677,-11.9988721831791,0.));
#112820=DIRECTION('',(0.00872653547306858,-7.61553213492777E-5,
0.999961920164465));
#112830=VECTOR('',#112820,1.);
#112840=LINE('',#112810,#112830);
#112850=CARTESIAN_POINT('',(-17.6907561186896,-11.9992194070842,
4.55924388131037));
#112860=VERTEX_POINT('',#112850);
#112870=EDGE_CURVE('',#112780,#112860,#112840,.T.);
#112880=ORIENTED_EDGE('',*,*,#112870,.F.);
#112890=CARTESIAN_POINT('',(-17.6907561186896,0.,4.55924388131037));
#112900=DIRECTION('',(0.,-1.,0.));
#112910=VECTOR('',#112900,1.);
#112920=LINE('',#112890,#112910);
#112930=CARTESIAN_POINT('',(-17.6907561186896,-9.00078059291579,
4.55924388131037));
#112940=VERTEX_POINT('',#112930);
#112950=EDGE_CURVE('',#112940,#112860,#112920,.T.);
#112960=ORIENTED_EDGE('',*,*,#112950,.T.);
#112970=CARTESIAN_POINT('',(-17.7305440372677,-9.00112781682089,0.));
#112980=DIRECTION('',(-0.00872653547306858,-7.61553213448366E-5,
-0.999961920164465));
#112990=VECTOR('',#112980,1.);
#113000=LINE('',#112970,#112990);
#113010=EDGE_CURVE('',#112940,#112760,#113000,.T.);
#113020=ORIENTED_EDGE('',*,*,#113010,.F.);
#113030=EDGE_LOOP('',(#113020,#112960,#112880,#112800));
#113040=FACE_BOUND('',#113030,.T.);
#113050=ADVANCED_FACE('',(#112700,#113040),#112640,.F.);
#113060=COLOUR_RGB('',0.,0.239215701818466,0.501960813999176);
#113070=FILL_AREA_STYLE_COLOUR('',#113060);
#113080=FILL_AREA_STYLE('',(#113070));
#113090=SURFACE_STYLE_FILL_AREA(#113080);
#113100=SURFACE_SIDE_STYLE('',(#113090));
#113110=SURFACE_STYLE_USAGE(.BOTH.,#113100);
#113120=PRESENTATION_STYLE_ASSIGNMENT((#113110));
#113130=CARTESIAN_POINT('',(13.7117120632379,-15.0366528447212,0.));
#113140=DIRECTION('',(0.0174524064372835,0.,-0.999847695156391));
#113150=VECTOR('',#113140,1.);
#113160=LINE('',#113130,#113150);
#113170=CARTESIAN_POINT('',(13.5999996476973,-15.0366528447212,6.4));
#113180=VERTEX_POINT('',#113170);
#113190=EDGE_CURVE('',#40640,#113180,#113160,.T.);
#113200=ORIENTED_EDGE('',*,*,#113190,.T.);
#113210=ORIENTED_EDGE('',*,*,#40650,.F.);
#113220=ORIENTED_EDGE('',*,*,#1040,.T.);
#113230=CARTESIAN_POINT('',(0.,-15.0366528447212,6.4));
#113240=DIRECTION('',(1.,0.,0.));
#113250=VECTOR('',#113240,1.);
#113260=LINE('',#113230,#113250);
#113270=EDGE_CURVE('',#113180,#950,#113260,.T.);
#113280=ORIENTED_EDGE('',*,*,#113270,.T.);
#113290=EDGE_LOOP('',(#113280,#113220,#113210,#113200));
#113300=FACE_OUTER_BOUND('',#113290,.T.);
#113310=CARTESIAN_POINT('',(0.,-15.0366528447212,7.1));
#113320=DIRECTION('',(-1.,0.,0.));
#113330=VECTOR('',#113320,1.);
#113340=LINE('',#113310,#113330);
#113350=CARTESIAN_POINT('',(14.2999996476973,-15.0366528447212,7.1));
#113360=VERTEX_POINT('',#113350);
#113370=CARTESIAN_POINT('',(13.6999996476973,-15.0366528447212,7.1));
#113380=VERTEX_POINT('',#113370);
#113390=EDGE_CURVE('',#113360,#113380,#113340,.T.);
#113400=ORIENTED_EDGE('',*,*,#113390,.F.);
#113410=CARTESIAN_POINT('',(13.6999996476973,-15.0366528447212,0.));
#113420=DIRECTION('',(0.,0.,1.));
#113430=VECTOR('',#113420,1.);
#113440=LINE('',#113410,#113430);
#113450=CARTESIAN_POINT('',(13.6999996476973,-15.0366528447212,6.5));
#113460=VERTEX_POINT('',#113450);
#113470=EDGE_CURVE('',#113460,#113380,#113440,.T.);
#113480=ORIENTED_EDGE('',*,*,#113470,.T.);
#113490=CARTESIAN_POINT('',(0.,-15.0366528447212,6.5));
#113500=DIRECTION('',(1.,0.,0.));
#113510=VECTOR('',#113500,1.);
#113520=LINE('',#113490,#113510);
#113530=CARTESIAN_POINT('',(14.2999996476973,-15.0366528447212,6.5));
#113540=VERTEX_POINT('',#113530);
#113550=EDGE_CURVE('',#113460,#113540,#113520,.T.);
#113560=ORIENTED_EDGE('',*,*,#113550,.F.);
#113570=CARTESIAN_POINT('',(14.2999996476973,-15.0366528447212,0.));
#113580=DIRECTION('',(0.,0.,1.));
#113590=VECTOR('',#113580,1.);
#113600=LINE('',#113570,#113590);
#113610=EDGE_CURVE('',#113540,#113360,#113600,.T.);
#113620=ORIENTED_EDGE('',*,*,#113610,.F.);
#113630=EDGE_LOOP('',(#113620,#113560,#113480,#113400));
#113640=FACE_BOUND('',#113630,.T.);
#113650=ADVANCED_FACE('',(#113300,#113640),#34650,.F.);
#113660=CARTESIAN_POINT('',(0.,-15.4,7.2));
#113670=DIRECTION('',(-1.,0.,0.));
#113680=VECTOR('',#113670,1.);
#113690=LINE('',#113660,#113680);
#113700=EDGE_CURVE('',#43490,#89590,#113690,.T.);
#113710=ORIENTED_EDGE('',*,*,#113700,.F.);
#113720=ORIENTED_EDGE('',*,*,#89800,.F.);
#113730=ORIENTED_EDGE('',*,*,#18510,.F.);
#113740=ORIENTED_EDGE('',*,*,#43560,.F.);
#113750=EDGE_LOOP('',(#113740,#113730,#113720,#113710));
#113760=FACE_OUTER_BOUND('',#113750,.T.);
#113770=ADVANCED_FACE('',(#113760),#19220,.T.);
#113780=ORIENTED_EDGE('',*,*,#45740,.F.);
#113790=CARTESIAN_POINT('',(-17.7043634338954,-14.4836634939895,3.));
#113800=DIRECTION('',(0.999961923064171,0.,-0.00872653549837393));
#113810=DIRECTION('',(-0.00872653549837393,0.,-0.999961923064171));
#113820=AXIS2_PLACEMENT_3D('',#113790,#113800,#113810);
#113830=ELLIPSE('',#113820,0.500019039192869,0.5);
#113840=CARTESIAN_POINT('',(-17.7032340941012,-14.0007005808449,
3.12940952255126));
#113850=VERTEX_POINT('',#113840);
#113860=EDGE_CURVE('',#113850,#45650,#113830,.T.);
#113870=ORIENTED_EDGE('',*,*,#113860,.T.);
#113880=CARTESIAN_POINT('',(-17.7305440372677,-13.1621778264911,0.));
#113890=DIRECTION('',(0.00842920751166139,-0.258809850193415,
0.965891510421118));
#113900=VECTOR('',#113890,1.);
#113910=LINE('',#113880,#113900);
#113920=CARTESIAN_POINT('',(-17.708624140057,-13.8352049533598,
2.51177143234622));
#113930=VERTEX_POINT('',#113920);
#113940=EDGE_CURVE('',#113930,#113850,#113910,.T.);
#113950=ORIENTED_EDGE('',*,*,#113940,.T.);
#113960=CARTESIAN_POINT('',(-17.7052361206745,-12.3863162139262,2.9));
#113970=DIRECTION('',(0.999961923064171,0.,-0.00872653549837393));
#113980=DIRECTION('',(-0.00872653549837393,0.,-0.999961923064171));
#113990=AXIS2_PLACEMENT_3D('',#113960,#113970,#113980);
#114000=ELLIPSE('',#113990,1.50005711757861,1.5);
#114010=CARTESIAN_POINT('',(-17.7183264223606,-12.3863162139262,1.4));
#114020=VERTEX_POINT('',#114010);
#114030=EDGE_CURVE('',#113930,#114020,#114000,.T.);
#114040=ORIENTED_EDGE('',*,*,#114030,.F.);
#114050=CARTESIAN_POINT('',(-17.7183264223606,0.,1.4));
#114060=DIRECTION('',(-1.11876274204211E-18,-1.,-1.28197512425571E-16));
#114070=VECTOR('',#114060,1.);
#114080=LINE('',#114050,#114070);
#114090=CARTESIAN_POINT('',(-17.7183264223606,-8.6136837860738,1.4));
#114100=VERTEX_POINT('',#114090);
#114110=EDGE_CURVE('',#114100,#114020,#114080,.T.);
#114120=ORIENTED_EDGE('',*,*,#114110,.T.);
#114130=CARTESIAN_POINT('',(-17.7052361206745,-8.6136837860738,2.9));
#114140=DIRECTION('',(0.999961923064171,0.,-0.00872653549837393));
#114150=DIRECTION('',(-0.00872653549837393,0.,-0.999961923064171));
#114160=AXIS2_PLACEMENT_3D('',#114130,#114140,#114150);
#114170=ELLIPSE('',#114160,1.50005711757861,1.5);
#114180=CARTESIAN_POINT('',(-17.708624140057,-7.1647950466402,
2.51177143234622));
#114190=VERTEX_POINT('',#114180);
#114200=EDGE_CURVE('',#114100,#114190,#114170,.T.);
#114210=ORIENTED_EDGE('',*,*,#114200,.F.);
#114220=CARTESIAN_POINT('',(-17.7305440372677,-7.83782217350893,0.));
#114230=DIRECTION('',(-0.00842920751166141,-0.258809850193416,
-0.965891510421117));
#114240=VECTOR('',#114230,1.);
#114250=LINE('',#114220,#114240);
#114260=CARTESIAN_POINT('',(-17.7032340941012,-6.99929941915506,
3.12940952255126));
#114270=VERTEX_POINT('',#114260);
#114280=EDGE_CURVE('',#114270,#114190,#114250,.T.);
#114290=ORIENTED_EDGE('',*,*,#114280,.T.);
#114300=CARTESIAN_POINT('',(-17.7043634338954,-6.51633650601052,3.));
#114310=DIRECTION('',(0.999961923064171,0.,-0.00872653549837393));
#114320=DIRECTION('',(-0.00872653549837393,0.,-0.999961923064171));
#114330=AXIS2_PLACEMENT_3D('',#114300,#114310,#114320);
#114340=ELLIPSE('',#114330,0.500019039192869,0.5);
#114350=EDGE_CURVE('',#112290,#114270,#114340,.T.);
#114360=ORIENTED_EDGE('',*,*,#114350,.T.);
#114370=ORIENTED_EDGE('',*,*,#112300,.F.);
#114380=ORIENTED_EDGE('',*,*,#90390,.F.);
#114390=ORIENTED_EDGE('',*,*,#43670,.T.);
#114400=ORIENTED_EDGE('',*,*,#43120,.T.);
#114410=ORIENTED_EDGE('',*,*,#44850,.T.);
#114420=ORIENTED_EDGE('',*,*,#45170,.T.);
#114430=ORIENTED_EDGE('',*,*,#46430,.T.);
#114440=ORIENTED_EDGE('',*,*,#65300,.F.);
#114450=EDGE_LOOP('',(#114440,#114430,#114420,#114410,#114400,#114390,
#114380,#114370,#114360,#114290,#114210,#114120,#114040,#113950,#113870,
#113780));
#114460=FACE_OUTER_BOUND('',#114450,.T.);
#114470=ADVANCED_FACE('',(#114460),#112640,.F.);
#114480=COLOUR_RGB('',0.,0.239215701818466,0.501960813999176);
#114490=FILL_AREA_STYLE_COLOUR('',#114480);
#114500=FILL_AREA_STYLE('',(#114490));
#114510=SURFACE_STYLE_FILL_AREA(#114500);
#114520=SURFACE_SIDE_STYLE('',(#114510));
#114530=SURFACE_STYLE_USAGE(.BOTH.,#114520);
#114540=PRESENTATION_STYLE_ASSIGNMENT((#114530));
#114550=ORIENTED_EDGE('',*,*,#21270,.F.);
#114560=ORIENTED_EDGE('',*,*,#18090,.F.);
#114570=ORIENTED_EDGE('',*,*,#29750,.F.);
#114580=ORIENTED_EDGE('',*,*,#89990,.F.);
#114590=CARTESIAN_POINT('',(0.,-15.4177086852549,7.2));
#114600=DIRECTION('',(-1.,0.,0.));
#114610=VECTOR('',#114600,1.);
#114620=LINE('',#114590,#114610);
#114630=EDGE_CURVE('',#89920,#21260,#114620,.T.);
#114640=ORIENTED_EDGE('',*,*,#114630,.F.);
#114650=EDGE_LOOP('',(#114640,#114580,#114570,#114560,#114550));
#114660=FACE_OUTER_BOUND('',#114650,.T.);
#114670=ADVANCED_FACE('',(#114660),#19220,.T.);
#114680=CARTESIAN_POINT('',(15.2249998238487,-15.3504363433895,3.5));
#114690=DIRECTION('',(0.,0.,1.));
#114700=DIRECTION('',(1.,0.,0.));
#114710=AXIS2_PLACEMENT_3D('',#114680,#114690,#114700);
#114720=PLANE('',#114710);
#114730=ORIENTED_EDGE('',*,*,#21430,.T.);
#114740=CARTESIAN_POINT('',(-1.41849199053468E-10,-15.4499980960807,3.5)
);
#114750=DIRECTION('',(-1.,0.,0.));
#114760=VECTOR('',#114750,1.);
#114770=LINE('',#114740,#114760);
#114780=CARTESIAN_POINT('',(16.2288620174272,-15.4499980960807,3.5));
#114790=VERTEX_POINT('',#114780);
#114800=EDGE_CURVE('',#114790,#21340,#114770,.T.);
#114810=ORIENTED_EDGE('',*,*,#114800,.T.);
#114820=CARTESIAN_POINT('',(16.2288587196376,-15.1499809610609,3.5));
#114830=DIRECTION('',(0.,0.,1.));
#114840=DIRECTION('',(1.09920040907759E-5,-0.999999999939588,0.));
#114850=AXIS2_PLACEMENT_3D('',#114820,#114830,#114840);
#114860=CIRCLE('',#114850,0.300017135037977);
#114870=CARTESIAN_POINT('',(16.4886828290512,-15.299986672565,3.5));
#114880=VERTEX_POINT('',#114870);
#114890=EDGE_CURVE('',#114790,#114880,#114860,.T.);
#114900=ORIENTED_EDGE('',*,*,#114890,.F.);
#114910=CARTESIAN_POINT('',(25.3221342530543,0.,3.5));
#114920=DIRECTION('',(-0.500000000000001,-0.866025403784438,0.));
#114930=VECTOR('',#114920,1.);
#114940=LINE('',#114910,#114930);
#114950=CARTESIAN_POINT('',(16.5752710794615,-15.1500114235157,3.5));
#114960=VERTEX_POINT('',#114950);
#114970=EDGE_CURVE('',#114960,#114880,#114940,.T.);
#114980=ORIENTED_EDGE('',*,*,#114970,.T.);
#114990=CARTESIAN_POINT('',(16.8350951888751,-15.3000171350198,3.5));
#115000=DIRECTION('',(0.,0.,1.));
#115010=DIRECTION('',(-1.09920040670929E-5,0.999999999939588,0.));
#115020=AXIS2_PLACEMENT_3D('',#114990,#115000,#115010);
#115030=CIRCLE('',#115020,0.300017135037965);
#115040=EDGE_CURVE('',#34790,#114960,#115030,.T.);
#115050=ORIENTED_EDGE('',*,*,#115040,.T.);
#115060=ORIENTED_EDGE('',*,*,#34800,.F.);
#115070=ORIENTED_EDGE('',*,*,#104340,.T.);
#115080=ORIENTED_EDGE('',*,*,#24760,.F.);
#115090=EDGE_LOOP('',(#115080,#115070,#115060,#115050,#114980,#114900,
#114810,#114730));
#115100=FACE_OUTER_BOUND('',#115090,.T.);
#115110=ADVANCED_FACE('',(#115100),#114720,.T.);
#115120=ORIENTED_EDGE('',*,*,#13000,.F.);
#115130=ORIENTED_EDGE('',*,*,#18370,.F.);
#115140=ORIENTED_EDGE('',*,*,#32700,.F.);
#115150=ORIENTED_EDGE('',*,*,#16870,.F.);
#115160=EDGE_LOOP('',(#115150,#115140,#115130,#115120));
#115170=FACE_OUTER_BOUND('',#115160,.T.);
#115180=ADVANCED_FACE('',(#115170),#19220,.T.);
#115190=ORIENTED_EDGE('',*,*,#10010,.F.);
#115200=ORIENTED_EDGE('',*,*,#64050,.T.);
#115210=CARTESIAN_POINT('',(-17.7,0.,3.5));
#115220=DIRECTION('',(0.,-1.,0.));
#115230=VECTOR('',#115220,1.);
#115240=LINE('',#115210,#115230);
#115250=CARTESIAN_POINT('',(-17.7,14.4836634939895,3.5));
#115260=VERTEX_POINT('',#115250);
#115270=EDGE_CURVE('',#115260,#63980,#115240,.T.);
#115280=ORIENTED_EDGE('',*,*,#115270,.T.);
#115290=CARTESIAN_POINT('',(0.,14.4836634939895,3.5));
#115300=DIRECTION('',(-1.,0.,0.));
#115310=VECTOR('',#115300,1.);
#115320=LINE('',#115290,#115310);
#115330=EDGE_CURVE('',#115260,#10000,#115320,.T.);
#115340=ORIENTED_EDGE('',*,*,#115330,.F.);
#115350=EDGE_LOOP('',(#115340,#115280,#115200,#115190));
#115360=FACE_OUTER_BOUND('',#115350,.T.);
#115370=ADVANCED_FACE('',(#115360),#39960,.T.);
#115380=ORIENTED_EDGE('',*,*,#34430,.F.);
#115390=ORIENTED_EDGE('',*,*,#94920,.F.);
#115400=CARTESIAN_POINT('',(-17.7043634338954,6.51633650601052,3.));
#115410=DIRECTION('',(0.999961923064171,0.,-0.00872653549837393));
#115420=DIRECTION('',(-0.00872653549837393,0.,-0.999961923064171));
#115430=AXIS2_PLACEMENT_3D('',#115400,#115410,#115420);
#115440=ELLIPSE('',#115430,0.500019039192869,0.5);
#115450=CARTESIAN_POINT('',(-17.7032340941012,6.99929941915505,
3.12940952255126));
#115460=VERTEX_POINT('',#115450);
#115470=EDGE_CURVE('',#115460,#94910,#115440,.T.);
#115480=ORIENTED_EDGE('',*,*,#115470,.T.);
#115490=CARTESIAN_POINT('',(-17.7305440372677,7.83782217350893,0.));
#115500=DIRECTION('',(0.00842920751166141,-0.258809850193416,
0.965891510421117));
#115510=VECTOR('',#115500,1.);
#115520=LINE('',#115490,#115510);
#115530=CARTESIAN_POINT('',(-17.708624140057,7.16479504664019,
2.51177143234622));
#115540=VERTEX_POINT('',#115530);
#115550=EDGE_CURVE('',#115540,#115460,#115520,.T.);
#115560=ORIENTED_EDGE('',*,*,#115550,.T.);
#115570=CARTESIAN_POINT('',(-17.7052361206745,8.6136837860738,2.9));
#115580=DIRECTION('',(0.999961923064171,0.,-0.00872653549837393));
#115590=DIRECTION('',(-0.00872653549837393,0.,-0.999961923064171));
#115600=AXIS2_PLACEMENT_3D('',#115570,#115580,#115590);
#115610=ELLIPSE('',#115600,1.50005711757861,1.5);
#115620=CARTESIAN_POINT('',(-17.7183264223606,8.6136837860738,1.4));
#115630=VERTEX_POINT('',#115620);
#115640=EDGE_CURVE('',#115540,#115630,#115610,.T.);
#115650=ORIENTED_EDGE('',*,*,#115640,.F.);
#115660=CARTESIAN_POINT('',(-17.7183264223606,0.,1.4));
#115670=DIRECTION('',(-1.11876274204211E-18,-1.,-1.28197512425571E-16));
#115680=VECTOR('',#115670,1.);
#115690=LINE('',#115660,#115680);
#115700=CARTESIAN_POINT('',(-17.7183264223606,12.3863162139262,1.4));
#115710=VERTEX_POINT('',#115700);
#115720=EDGE_CURVE('',#115710,#115630,#115690,.T.);
#115730=ORIENTED_EDGE('',*,*,#115720,.T.);
#115740=CARTESIAN_POINT('',(-17.7052361206745,12.3863162139262,2.9));
#115750=DIRECTION('',(0.999961923064171,0.,-0.00872653549837393));
#115760=DIRECTION('',(-0.00872653549837393,0.,-0.999961923064171));
#115770=AXIS2_PLACEMENT_3D('',#115740,#115750,#115760);
#115780=ELLIPSE('',#115770,1.50005711757861,1.5);
#115790=CARTESIAN_POINT('',(-17.708624140057,13.8352049533598,
2.51177143234622));
#115800=VERTEX_POINT('',#115790);
#115810=EDGE_CURVE('',#115710,#115800,#115780,.T.);
#115820=ORIENTED_EDGE('',*,*,#115810,.F.);
#115830=CARTESIAN_POINT('',(-17.7305440372677,13.1621778264911,0.));
#115840=DIRECTION('',(-0.00842920751166139,-0.258809850193415,
-0.965891510421118));
#115850=VECTOR('',#115840,1.);
#115860=LINE('',#115830,#115850);
#115870=CARTESIAN_POINT('',(-17.7032340941012,14.000700580845,
3.12940952255126));
#115880=VERTEX_POINT('',#115870);
#115890=EDGE_CURVE('',#115880,#115800,#115860,.T.);
#115900=ORIENTED_EDGE('',*,*,#115890,.T.);
#115910=CARTESIAN_POINT('',(-17.7043634338954,14.4836634939895,3.));
#115920=DIRECTION('',(0.999961923064171,0.,-0.00872653549837393));
#115930=DIRECTION('',(-0.00872653549837393,0.,-0.999961923064171));
#115940=AXIS2_PLACEMENT_3D('',#115910,#115920,#115930);
#115950=ELLIPSE('',#115940,0.500019039192869,0.5);
#115960=EDGE_CURVE('',#115260,#115880,#115950,.T.);
#115970=ORIENTED_EDGE('',*,*,#115960,.T.);
#115980=ORIENTED_EDGE('',*,*,#115270,.F.);
#115990=ORIENTED_EDGE('',*,*,#63990,.F.);
#116000=ORIENTED_EDGE('',*,*,#39740,.T.);
#116010=ORIENTED_EDGE('',*,*,#42680,.T.);
#116020=ORIENTED_EDGE('',*,*,#42830,.T.);
#116030=ORIENTED_EDGE('',*,*,#17130,.T.);
#116040=ORIENTED_EDGE('',*,*,#46550,.T.);
#116050=EDGE_LOOP('',(#116040,#116030,#116020,#116010,#116000,#115990,
#115980,#115970,#115900,#115820,#115730,#115650,#115560,#115480,#115390,
#115380));
#116060=FACE_OUTER_BOUND('',#116050,.T.);
#116070=ADVANCED_FACE('',(#116060),#112640,.F.);
#116080=COLOUR_RGB('',0.,0.239215701818466,0.501960813999176);
#116090=FILL_AREA_STYLE_COLOUR('',#116080);
#116100=FILL_AREA_STYLE('',(#116090));
#116110=SURFACE_STYLE_FILL_AREA(#116100);
#116120=SURFACE_SIDE_STYLE('',(#116110));
#116130=SURFACE_STYLE_USAGE(.BOTH.,#116120);
#116140=PRESENTATION_STYLE_ASSIGNMENT((#116130));
#116150=CARTESIAN_POINT('',(-13.5500003523026,-16.,6.4));
#116160=DIRECTION('',(0.,0.,1.));
#116170=DIRECTION('',(1.,0.,0.));
#116180=AXIS2_PLACEMENT_3D('',#116150,#116160,#116170);
#116190=PLANE('',#116180);
#116200=ORIENTED_EDGE('',*,*,#89680,.T.);
#116210=CARTESIAN_POINT('',(0.,-15.4,6.4));
#116220=DIRECTION('',(1.,0.,0.));
#116230=VECTOR('',#116220,1.);
#116240=LINE('',#116210,#116230);
#116250=EDGE_CURVE('',#89570,#43410,#116240,.T.);
#116260=ORIENTED_EDGE('',*,*,#116250,.F.);
#116270=ORIENTED_EDGE('',*,*,#43420,.T.);
#116280=CARTESIAN_POINT('',(0.,-15.9930185057674,6.4));
#116290=DIRECTION('',(1.,0.,0.));
#116300=VECTOR('',#116290,1.);
#116310=LINE('',#116280,#116300);
#116320=EDGE_CURVE('',#89670,#43330,#116310,.T.);
#116330=ORIENTED_EDGE('',*,*,#116320,.T.);
#116340=EDGE_LOOP('',(#116330,#116270,#116260,#116200));
#116350=FACE_OUTER_BOUND('',#116340,.T.);
#116360=ADVANCED_FACE('',(#116350),#116190,.T.);
#116370=CARTESIAN_POINT('',(17.7,6.51633650601052,3.5));
#116380=VERTEX_POINT('',#116370);
#116390=EDGE_CURVE('',#116380,#26210,#71490,.T.);
#116400=ORIENTED_EDGE('',*,*,#116390,.F.);
#116410=ORIENTED_EDGE('',*,*,#26220,.F.);
#116420=ORIENTED_EDGE('',*,*,#42360,.T.);
#116430=ORIENTED_EDGE('',*,*,#41470,.T.);
#116440=ORIENTED_EDGE('',*,*,#41690,.T.);
#116450=ORIENTED_EDGE('',*,*,#49990,.T.);
#116460=ORIENTED_EDGE('',*,*,#41050,.T.);
#116470=ORIENTED_EDGE('',*,*,#85350,.F.);
#116480=ORIENTED_EDGE('',*,*,#40210,.F.);
#116490=CARTESIAN_POINT('',(17.7043634338954,14.4836634939895,3.));
#116500=DIRECTION('',(-0.999961923064171,0.,-0.00872653549837394));
#116510=DIRECTION('',(-0.00872653549837394,0.,0.999961923064171));
#116520=AXIS2_PLACEMENT_3D('',#116490,#116500,#116510);
#116530=ELLIPSE('',#116520,0.500019039192869,0.5);
#116540=CARTESIAN_POINT('',(17.7032340941012,14.000700580845,
3.12940952255126));
#116550=VERTEX_POINT('',#116540);
#116560=EDGE_CURVE('',#116550,#40120,#116530,.T.);
#116570=ORIENTED_EDGE('',*,*,#116560,.T.);
#116580=CARTESIAN_POINT('',(17.7305440372677,13.1621778264911,0.));
#116590=DIRECTION('',(-0.00842920751166139,0.258809850193415,
0.965891510421118));
#116600=VECTOR('',#116590,1.);
#116610=LINE('',#116580,#116600);
#116620=CARTESIAN_POINT('',(17.708624140057,13.8352049533598,
2.51177143234622));
#116630=VERTEX_POINT('',#116620);
#116640=EDGE_CURVE('',#116630,#116550,#116610,.T.);
#116650=ORIENTED_EDGE('',*,*,#116640,.T.);
#116660=CARTESIAN_POINT('',(17.7052361206745,12.3863162139262,2.9));
#116670=DIRECTION('',(-0.999961923064171,0.,-0.00872653549837394));
#116680=DIRECTION('',(-0.00872653549837394,0.,0.999961923064171));
#116690=AXIS2_PLACEMENT_3D('',#116660,#116670,#116680);
#116700=ELLIPSE('',#116690,1.50005711757861,1.5);
#116710=CARTESIAN_POINT('',(17.7183264223606,12.3863162139262,1.4));
#116720=VERTEX_POINT('',#116710);
#116730=EDGE_CURVE('',#116630,#116720,#116700,.T.);
#116740=ORIENTED_EDGE('',*,*,#116730,.F.);
#116750=CARTESIAN_POINT('',(17.7183264223606,0.,1.4));
#116760=DIRECTION('',(-1.11876274204211E-18,1.,1.28197512425571E-16));
#116770=VECTOR('',#116760,1.);
#116780=LINE('',#116750,#116770);
#116790=CARTESIAN_POINT('',(17.7183264223606,8.6136837860738,1.4));
#116800=VERTEX_POINT('',#116790);
#116810=EDGE_CURVE('',#116800,#116720,#116780,.T.);
#116820=ORIENTED_EDGE('',*,*,#116810,.T.);
#116830=CARTESIAN_POINT('',(17.7052361206745,8.6136837860738,2.9));
#116840=DIRECTION('',(-0.999961923064171,0.,-0.00872653549837394));
#116850=DIRECTION('',(-0.00872653549837394,0.,0.999961923064171));
#116860=AXIS2_PLACEMENT_3D('',#116830,#116840,#116850);
#116870=ELLIPSE('',#116860,1.50005711757861,1.5);
#116880=CARTESIAN_POINT('',(17.708624140057,7.16479504664019,
2.51177143234622));
#116890=VERTEX_POINT('',#116880);
#116900=EDGE_CURVE('',#116800,#116890,#116870,.T.);
#116910=ORIENTED_EDGE('',*,*,#116900,.F.);
#116920=CARTESIAN_POINT('',(17.7305440372677,7.83782217350893,0.));
#116930=DIRECTION('',(0.00842920751166141,0.258809850193416,
-0.965891510421117));
#116940=VECTOR('',#116930,1.);
#116950=LINE('',#116920,#116940);
#116960=CARTESIAN_POINT('',(17.7032340941012,6.99929941915505,
3.12940952255126));
#116970=VERTEX_POINT('',#116960);
#116980=EDGE_CURVE('',#116970,#116890,#116950,.T.);
#116990=ORIENTED_EDGE('',*,*,#116980,.T.);
#117000=CARTESIAN_POINT('',(17.7043634338954,6.51633650601052,3.));
#117010=DIRECTION('',(-0.999961923064171,0.,-0.00872653549837394));
#117020=DIRECTION('',(-0.00872653549837394,0.,0.999961923064171));
#117030=AXIS2_PLACEMENT_3D('',#117000,#117010,#117020);
#117040=ELLIPSE('',#117030,0.500019039192869,0.5);
#117050=EDGE_CURVE('',#116380,#116970,#117040,.T.);
#117060=ORIENTED_EDGE('',*,*,#117050,.T.);
#117070=EDGE_LOOP('',(#117060,#116990,#116910,#116820,#116740,#116650,
#116570,#116480,#116470,#116460,#116450,#116440,#116430,#116420,#116410,
#116400));
#117080=FACE_OUTER_BOUND('',#117070,.T.);
#117090=ADVANCED_FACE('',(#117080),#32790,.F.);
#117100=ORIENTED_EDGE('',*,*,#43500,.F.);
#117110=ORIENTED_EDGE('',*,*,#116250,.T.);
#117120=ORIENTED_EDGE('',*,*,#89600,.F.);
#117130=ORIENTED_EDGE('',*,*,#113700,.T.);
#117140=EDGE_LOOP('',(#117130,#117120,#117110,#117100));
#117150=FACE_OUTER_BOUND('',#117140,.T.);
#117160=ADVANCED_FACE('',(#117150),#16650,.T.);
#117170=ORIENTED_EDGE('',*,*,#60720,.T.);
#117180=ORIENTED_EDGE('',*,*,#26280,.T.);
#117190=ORIENTED_EDGE('',*,*,#116390,.T.);
#117200=CARTESIAN_POINT('',(0.,6.51633650601052,3.5));
#117210=DIRECTION('',(1.,0.,0.));
#117220=VECTOR('',#117210,1.);
#117230=LINE('',#117200,#117220);
#117240=EDGE_CURVE('',#116380,#60710,#117230,.T.);
#117250=ORIENTED_EDGE('',*,*,#117240,.F.);
#117260=EDGE_LOOP('',(#117250,#117190,#117180,#117170));
#117270=FACE_OUTER_BOUND('',#117260,.T.);
#117280=ADVANCED_FACE('',(#117270),#71450,.T.);
#117290=CARTESIAN_POINT('',(-16.,-15.7,16.));
#117300=DIRECTION('',(-1.,0.,0.));
#117310=DIRECTION('',(0.,1.,0.));
#117320=AXIS2_PLACEMENT_3D('',#117290,#117300,#117310);
#117330=PLANE('',#117320);
#117340=ORIENTED_EDGE('',*,*,#42220,.F.);
#117350=CARTESIAN_POINT('',(-16.,-15.9371665519065,0.));
#117360=DIRECTION('',(0.,0.00872653549837393,-0.999961923064171));
#117370=VECTOR('',#117360,1.);
#117380=LINE('',#117350,#117370);
#117390=CARTESIAN_POINT('',(-16.,-15.9414919081411,0.495636732250813));
#117400=VERTEX_POINT('',#117390);
#117410=EDGE_CURVE('',#42150,#117400,#117380,.T.);
#117420=ORIENTED_EDGE('',*,*,#117410,.F.);
#117430=CARTESIAN_POINT('',(-16.,-15.4415109466091,0.5));
#117440=DIRECTION('',(1.,0.,0.));
#117450=DIRECTION('',(0.,-1.,0.));
#117460=AXIS2_PLACEMENT_3D('',#117430,#117440,#117450);
#117470=CIRCLE('',#117460,0.5);
#117480=CARTESIAN_POINT('',(-16.,-15.4415109466091,1.11022302462516E-16)
);
#117490=VERTEX_POINT('',#117480);
#117500=EDGE_CURVE('',#117400,#117490,#117470,.T.);
#117510=ORIENTED_EDGE('',*,*,#117500,.F.);
#117520=CARTESIAN_POINT('',(-16.,0.,0.));
#117530=DIRECTION('',(0.,-1.,0.));
#117540=VECTOR('',#117530,1.);
#117550=LINE('',#117520,#117540);
#117560=CARTESIAN_POINT('',(-16.,-16.5,0.));
#117570=VERTEX_POINT('',#117560);
#117580=EDGE_CURVE('',#117490,#117570,#117550,.T.);
#117590=ORIENTED_EDGE('',*,*,#117580,.F.);
#117600=CARTESIAN_POINT('',(-16.,-16.5,0.));
#117610=DIRECTION('',(0.,0.,-1.));
#117620=VECTOR('',#117610,1.);
#117630=LINE('',#117600,#117620);
#117640=EDGE_CURVE('',#84100,#117570,#117630,.T.);
#117650=ORIENTED_EDGE('',*,*,#117640,.T.);
#117660=ORIENTED_EDGE('',*,*,#84110,.F.);
#117670=ORIENTED_EDGE('',*,*,#105150,.T.);
#117680=ORIENTED_EDGE('',*,*,#18670,.T.);
#117690=ORIENTED_EDGE('',*,*,#94380,.T.);
#117700=ORIENTED_EDGE('',*,*,#62780,.T.);
#117710=EDGE_LOOP('',(#117700,#117690,#117680,#117670,#117660,#117650,
#117590,#117510,#117420,#117340));
#117720=FACE_OUTER_BOUND('',#117710,.T.);
#117730=ADVANCED_FACE('',(#117720),#117330,.F.);
#117740=ORIENTED_EDGE('',*,*,#47000,.T.);
#117750=ORIENTED_EDGE('',*,*,#46800,.F.);
#117760=ORIENTED_EDGE('',*,*,#47460,.T.);
#117770=ORIENTED_EDGE('',*,*,#47300,.T.);
#117780=EDGE_LOOP('',(#117770,#117760,#117750,#117740));
#117790=FACE_OUTER_BOUND('',#117780,.T.);
#117800=CARTESIAN_POINT('',(-17.7305440372677,11.9988721831791,0.));
#117810=DIRECTION('',(-0.00872653547306858,-7.61553213448366E-5,
-0.999961920164465));
#117820=VECTOR('',#117810,1.);
#117830=LINE('',#117800,#117820);
#117840=CARTESIAN_POINT('',(-17.6907561186896,11.9992194070842,
4.55924388131037));
#117850=VERTEX_POINT('',#117840);
#117860=CARTESIAN_POINT('',(-17.7013090301686,11.9991273132209,3.35));
#117870=VERTEX_POINT('',#117860);
#117880=EDGE_CURVE('',#117850,#117870,#117830,.T.);
#117890=ORIENTED_EDGE('',*,*,#117880,.F.);
#117900=CARTESIAN_POINT('',(-17.7013090301686,0.,3.35));
#117910=DIRECTION('',(0.,-1.,0.));
#117920=VECTOR('',#117910,1.);
#117930=LINE('',#117900,#117920);
#117940=CARTESIAN_POINT('',(-17.7013090301686,9.00087268677908,3.35));
#117950=VERTEX_POINT('',#117940);
#117960=EDGE_CURVE('',#117870,#117950,#117930,.T.);
#117970=ORIENTED_EDGE('',*,*,#117960,.F.);
#117980=CARTESIAN_POINT('',(-17.7305440372677,9.00112781682089,0.));
#117990=DIRECTION('',(0.00872653547306858,-7.61553213448366E-5,
0.999961920164465));
#118000=VECTOR('',#117990,1.);
#118010=LINE('',#117980,#118000);
#118020=CARTESIAN_POINT('',(-17.6907561186896,9.00078059291579,
4.55924388131037));
#118030=VERTEX_POINT('',#118020);
#118040=EDGE_CURVE('',#117950,#118030,#118010,.T.);
#118050=ORIENTED_EDGE('',*,*,#118040,.F.);
#118060=CARTESIAN_POINT('',(-17.6907561186896,0.,4.55924388131037));
#118070=DIRECTION('',(0.,-1.,0.));
#118080=VECTOR('',#118070,1.);
#118090=LINE('',#118060,#118080);
#118100=EDGE_CURVE('',#117850,#118030,#118090,.T.);
#118110=ORIENTED_EDGE('',*,*,#118100,.T.);
#118120=EDGE_LOOP('',(#118110,#118050,#117970,#117890));
#118130=FACE_BOUND('',#118120,.T.);
#118140=ADVANCED_FACE('',(#117790,#118130),#112640,.F.);
#118150=COLOUR_RGB('',0.,0.239215701818466,0.501960813999176);
#118160=FILL_AREA_STYLE_COLOUR('',#118150);
#118170=FILL_AREA_STYLE('',(#118160));
#118180=SURFACE_STYLE_FILL_AREA(#118170);
#118190=SURFACE_SIDE_STYLE('',(#118180));
#118200=SURFACE_STYLE_USAGE(.BOTH.,#118190);
#118210=PRESENTATION_STYLE_ASSIGNMENT((#118200));
#118220=ORIENTED_EDGE('',*,*,#71540,.F.);
#118230=CARTESIAN_POINT('',(17.7043634338954,-6.51633650601052,3.));
#118240=DIRECTION('',(-0.999961923064171,0.,-0.00872653549837394));
#118250=DIRECTION('',(-0.00872653549837394,0.,0.999961923064171));
#118260=AXIS2_PLACEMENT_3D('',#118230,#118240,#118250);
#118270=ELLIPSE('',#118260,0.500019039192869,0.5);
#118280=CARTESIAN_POINT('',(17.7032340941012,-6.99929941915506,
3.12940952255126));
#118290=VERTEX_POINT('',#118280);
#118300=EDGE_CURVE('',#118290,#71530,#118270,.T.);
#118310=ORIENTED_EDGE('',*,*,#118300,.T.);
#118320=CARTESIAN_POINT('',(17.7305440372677,-7.83782217350893,0.));
#118330=DIRECTION('',(0.00842920751166141,-0.258809850193416,
-0.965891510421117));
#118340=VECTOR('',#118330,1.);
#118350=LINE('',#118320,#118340);
#118360=CARTESIAN_POINT('',(17.708624140057,-7.16479504664019,
2.51177143234622));
#118370=VERTEX_POINT('',#118360);
#118380=EDGE_CURVE('',#118290,#118370,#118350,.T.);
#118390=ORIENTED_EDGE('',*,*,#118380,.F.);
#118400=CARTESIAN_POINT('',(17.7052361206745,-8.6136837860738,2.9));
#118410=DIRECTION('',(-0.999961923064171,0.,-0.00872653549837394));
#118420=DIRECTION('',(-0.00872653549837394,0.,0.999961923064171));
#118430=AXIS2_PLACEMENT_3D('',#118400,#118410,#118420);
#118440=ELLIPSE('',#118430,1.50005711757861,1.5);
#118450=CARTESIAN_POINT('',(17.7183264223606,-8.6136837860738,1.4));
#118460=VERTEX_POINT('',#118450);
#118470=EDGE_CURVE('',#118370,#118460,#118440,.T.);
#118480=ORIENTED_EDGE('',*,*,#118470,.F.);
#118490=CARTESIAN_POINT('',(17.7183264223606,0.,1.4));
#118500=DIRECTION('',(1.11876274204211E-18,1.,-1.28197512425571E-16));
#118510=VECTOR('',#118500,1.);
#118520=LINE('',#118490,#118510);
#118530=CARTESIAN_POINT('',(17.7183264223606,-12.3863162139262,1.4));
#118540=VERTEX_POINT('',#118530);
#118550=EDGE_CURVE('',#118540,#118460,#118520,.T.);
#118560=ORIENTED_EDGE('',*,*,#118550,.T.);
#118570=CARTESIAN_POINT('',(17.7052361206745,-12.3863162139262,2.9));
#118580=DIRECTION('',(-0.999961923064171,0.,-0.00872653549837394));
#118590=DIRECTION('',(-0.00872653549837394,0.,0.999961923064171));
#118600=AXIS2_PLACEMENT_3D('',#118570,#118580,#118590);
#118610=ELLIPSE('',#118600,1.50005711757861,1.5);
#118620=CARTESIAN_POINT('',(17.708624140057,-13.8352049533598,
2.51177143234622));
#118630=VERTEX_POINT('',#118620);
#118640=EDGE_CURVE('',#118540,#118630,#118610,.T.);
#118650=ORIENTED_EDGE('',*,*,#118640,.F.);
#118660=CARTESIAN_POINT('',(17.7305440372677,-13.1621778264911,0.));
#118670=DIRECTION('',(0.00842920751166139,0.258809850193415,
-0.965891510421118));
#118680=VECTOR('',#118670,1.);
#118690=LINE('',#118660,#118680);
#118700=CARTESIAN_POINT('',(17.7032340941012,-14.0007005808449,
3.12940952255126));
#118710=VERTEX_POINT('',#118700);
#118720=EDGE_CURVE('',#118710,#118630,#118690,.T.);
#118730=ORIENTED_EDGE('',*,*,#118720,.T.);
#118740=CARTESIAN_POINT('',(17.7043634338954,-14.4836634939895,3.));
#118750=DIRECTION('',(-0.999961923064171,0.,-0.00872653549837394));
#118760=DIRECTION('',(-0.00872653549837394,0.,0.999961923064171));
#118770=AXIS2_PLACEMENT_3D('',#118740,#118750,#118760);
#118780=ELLIPSE('',#118770,0.500019039192869,0.5);
#118790=EDGE_CURVE('',#20400,#118710,#118780,.T.);
#118800=ORIENTED_EDGE('',*,*,#118790,.T.);
#118810=ORIENTED_EDGE('',*,*,#20630,.F.);
#118820=ORIENTED_EDGE('',*,*,#25850,.F.);
#118830=ORIENTED_EDGE('',*,*,#16500,.T.);
#118840=ORIENTED_EDGE('',*,*,#17820,.T.);
#118850=ORIENTED_EDGE('',*,*,#14320,.T.);
#118860=ORIENTED_EDGE('',*,*,#56830,.T.);
#118870=ORIENTED_EDGE('',*,*,#35530,.T.);
#118880=ORIENTED_EDGE('',*,*,#95150,.F.);
#118890=EDGE_LOOP('',(#118880,#118870,#118860,#118850,#118840,#118830,
#118820,#118810,#118800,#118730,#118650,#118560,#118480,#118390,#118310,
#118220));
#118900=FACE_OUTER_BOUND('',#118890,.T.);
#118910=ADVANCED_FACE('',(#118900),#32790,.F.);
#118920=CARTESIAN_POINT('',(-11.0000003523026,0.,6.4));
#118930=DIRECTION('',(-0.999847695156391,0.,0.0174524064372835));
#118940=DIRECTION('',(0.,1.,0.));
#118950=AXIS2_PLACEMENT_3D('',#118920,#118930,#118940);
#118960=PLANE('',#118950);
#118970=CARTESIAN_POINT('',(-11.1117127678432,-15.9371665519065,0.));
#118980=DIRECTION('',(0.0174517421055201,-0.00872520650594019,
0.999809635615156));
#118990=VECTOR('',#118980,1.);
#119000=LINE('',#118970,#118990);
#119010=CARTESIAN_POINT('',(-11.0000003523026,-15.9930185057674,6.4));
#119020=VERTEX_POINT('',#119010);
#119030=EDGE_CURVE('',#119020,#18400,#119000,.T.);
#119040=ORIENTED_EDGE('',*,*,#119030,.T.);
#119050=CARTESIAN_POINT('',(-11.0000003523026,0.,6.4));
#119060=DIRECTION('',(0.,1.,0.));
#119070=VECTOR('',#119060,1.);
#119080=LINE('',#119050,#119070);
#119090=CARTESIAN_POINT('',(-11.0000003523026,-15.4,6.4));
#119100=VERTEX_POINT('',#119090);
#119110=EDGE_CURVE('',#119020,#119100,#119080,.T.);
#119120=ORIENTED_EDGE('',*,*,#119110,.F.);
#119130=CARTESIAN_POINT('',(-11.1117127678432,-15.4,0.));
#119140=DIRECTION('',(-0.0174524064372835,0.,-0.999847695156391));
#119150=VECTOR('',#119140,1.);
#119160=LINE('',#119130,#119150);
#119170=EDGE_CURVE('',#19290,#119100,#119160,.T.);
#119180=ORIENTED_EDGE('',*,*,#119170,.T.);
#119190=ORIENTED_EDGE('',*,*,#19300,.T.);
#119200=EDGE_LOOP('',(#119190,#119180,#119120,#119040));
#119210=FACE_OUTER_BOUND('',#119200,.T.);
#119220=ADVANCED_FACE('',(#119210),#118960,.T.);
#119230=ORIENTED_EDGE('',*,*,#119170,.F.);
#119240=EDGE_CURVE('',#119100,#2950,#16790,.T.);
#119250=ORIENTED_EDGE('',*,*,#119240,.F.);
#119260=ORIENTED_EDGE('',*,*,#2980,.F.);
#119270=ORIENTED_EDGE('',*,*,#19360,.T.);
#119280=EDGE_LOOP('',(#119270,#119260,#119250,#119230));
#119290=FACE_OUTER_BOUND('',#119280,.T.);
#119300=CARTESIAN_POINT('',(0.,-15.4,6.5));
#119310=DIRECTION('',(-1.,0.,0.));
#119320=VECTOR('',#119310,1.);
#119330=LINE('',#119300,#119320);
#119340=CARTESIAN_POINT('',(-11.1000003523026,-15.4,6.5));
#119350=VERTEX_POINT('',#119340);
#119360=CARTESIAN_POINT('',(-11.7000003523027,-15.4,6.5));
#119370=VERTEX_POINT('',#119360);
#119380=EDGE_CURVE('',#119350,#119370,#119330,.T.);
#119390=ORIENTED_EDGE('',*,*,#119380,.T.);
#119400=CARTESIAN_POINT('',(-11.1000003523026,-15.4,0.));
#119410=DIRECTION('',(0.,0.,-1.));
#119420=VECTOR('',#119410,1.);
#119430=LINE('',#119400,#119420);
#119440=CARTESIAN_POINT('',(-11.1000003523026,-15.4,7.1));
#119450=VERTEX_POINT('',#119440);
#119460=EDGE_CURVE('',#119450,#119350,#119430,.T.);
#119470=ORIENTED_EDGE('',*,*,#119460,.T.);
#119480=CARTESIAN_POINT('',(0.,-15.4,7.1));
#119490=DIRECTION('',(1.,0.,0.));
#119500=VECTOR('',#119490,1.);
#119510=LINE('',#119480,#119500);
#119520=CARTESIAN_POINT('',(-11.7000003523027,-15.4,7.1));
#119530=VERTEX_POINT('',#119520);
#119540=EDGE_CURVE('',#119530,#119450,#119510,.T.);
#119550=ORIENTED_EDGE('',*,*,#119540,.T.);
#119560=CARTESIAN_POINT('',(-11.7000003523027,-15.4,0.));
#119570=DIRECTION('',(0.,0.,-1.));
#119580=VECTOR('',#119570,1.);
#119590=LINE('',#119560,#119580);
#119600=EDGE_CURVE('',#119530,#119370,#119590,.T.);
#119610=ORIENTED_EDGE('',*,*,#119600,.F.);
#119620=EDGE_LOOP('',(#119610,#119550,#119470,#119390));
#119630=FACE_BOUND('',#119620,.T.);
#119640=ADVANCED_FACE('',(#119290,#119630),#16650,.T.);
#119650=ORIENTED_EDGE('',*,*,#10730,.F.);
#119660=ORIENTED_EDGE('',*,*,#6660,.T.);
#119670=ORIENTED_EDGE('',*,*,#12290,.T.);
#119680=ORIENTED_EDGE('',*,*,#32410,.F.);
#119690=EDGE_LOOP('',(#119680,#119670,#119660,#119650));
#119700=FACE_OUTER_BOUND('',#119690,.T.);
#119710=CARTESIAN_POINT('',(17.7305440372677,9.00112781682089,0.));
#119720=DIRECTION('',(-0.00872653547306858,-7.61553213448366E-5,
0.999961920164465));
#119730=VECTOR('',#119720,1.);
#119740=LINE('',#119710,#119730);
#119750=CARTESIAN_POINT('',(17.7013090301686,9.00087268677908,3.35));
#119760=VERTEX_POINT('',#119750);
#119770=CARTESIAN_POINT('',(17.6907561186896,9.00078059291579,
4.55924388131036));
#119780=VERTEX_POINT('',#119770);
#119790=EDGE_CURVE('',#119760,#119780,#119740,.T.);
#119800=ORIENTED_EDGE('',*,*,#119790,.T.);
#119810=CARTESIAN_POINT('',(17.7013090301686,0.,3.35));
#119820=DIRECTION('',(0.,-1.,0.));
#119830=VECTOR('',#119820,1.);
#119840=LINE('',#119810,#119830);
#119850=CARTESIAN_POINT('',(17.7013090301686,11.9991273132209,3.35));
#119860=VERTEX_POINT('',#119850);
#119870=EDGE_CURVE('',#119860,#119760,#119840,.T.);
#119880=ORIENTED_EDGE('',*,*,#119870,.T.);
#119890=CARTESIAN_POINT('',(17.7305440372677,11.9988721831791,0.));
#119900=DIRECTION('',(-0.00872653547306858,7.61553213448366E-5,
0.999961920164465));
#119910=VECTOR('',#119900,1.);
#119920=LINE('',#119890,#119910);
#119930=CARTESIAN_POINT('',(17.6907561186896,11.9992194070842,
4.55924388131036));
#119940=VERTEX_POINT('',#119930);
#119950=EDGE_CURVE('',#119860,#119940,#119920,.T.);
#119960=ORIENTED_EDGE('',*,*,#119950,.F.);
#119970=CARTESIAN_POINT('',(17.6907561186896,0.,4.55924388131036));
#119980=DIRECTION('',(0.,-1.,0.));
#119990=VECTOR('',#119980,1.);
#120000=LINE('',#119970,#119990);
#120010=EDGE_CURVE('',#119940,#119780,#120000,.T.);
#120020=ORIENTED_EDGE('',*,*,#120010,.F.);
#120030=EDGE_LOOP('',(#120020,#119960,#119880,#119800));
#120040=FACE_BOUND('',#120030,.T.);
#120050=ADVANCED_FACE('',(#119700,#120040),#32790,.F.);
#120060=CARTESIAN_POINT('',(0.,-16.,7.2));
#120070=DIRECTION('',(-0.,-0.999961923064171,-0.00872653549837393));
#120080=DIRECTION('',(-1.,0.,0.));
#120090=AXIS2_PLACEMENT_3D('',#120060,#120070,#120080);
#120100=PLANE('',#120090);
#120110=CARTESIAN_POINT('',(0.,-15.9414919081411,0.495636732250813));
#120120=DIRECTION('',(1.,0.,0.));
#120130=VECTOR('',#120120,1.);
#120140=LINE('',#120110,#120130);
#120150=EDGE_CURVE('',#117400,#29600,#120140,.T.);
#120160=ORIENTED_EDGE('',*,*,#120150,.T.);
#120170=ORIENTED_EDGE('',*,*,#117410,.T.);
#120180=ORIENTED_EDGE('',*,*,#42160,.T.);
#120190=ORIENTED_EDGE('',*,*,#18550,.T.);
#120200=ORIENTED_EDGE('',*,*,#89740,.F.);
#120210=ORIENTED_EDGE('',*,*,#116320,.F.);
#120220=ORIENTED_EDGE('',*,*,#43340,.F.);
#120230=ORIENTED_EDGE('',*,*,#18470,.T.);
#120240=ORIENTED_EDGE('',*,*,#3140,.F.);
#120250=EDGE_CURVE('',#3050,#119020,#116310,.T.);
#120260=ORIENTED_EDGE('',*,*,#120250,.F.);
#120270=ORIENTED_EDGE('',*,*,#119030,.F.);
#120280=ORIENTED_EDGE('',*,*,#18410,.T.);
#120290=ORIENTED_EDGE('',*,*,#12940,.F.);
#120300=EDGE_CURVE('',#12850,#32560,#116310,.T.);
#120310=ORIENTED_EDGE('',*,*,#120300,.F.);
#120320=ORIENTED_EDGE('',*,*,#32570,.F.);
#120330=ORIENTED_EDGE('',*,*,#18350,.T.);
#120340=CARTESIAN_POINT('',(1.01171206323795,-15.9371665519065,0.));
#120350=DIRECTION('',(0.0174517421055201,0.00872520650594019,
-0.999809635615156));
#120360=VECTOR('',#120350,1.);
#120370=LINE('',#120340,#120360);
#120380=CARTESIAN_POINT('',(0.899999647697355,-15.9930185057674,6.4));
#120390=VERTEX_POINT('',#120380);
#120400=EDGE_CURVE('',#18260,#120390,#120370,.T.);
#120410=ORIENTED_EDGE('',*,*,#120400,.F.);
#120420=CARTESIAN_POINT('',(1.69999964769736,-15.9930185057674,6.4));
#120430=VERTEX_POINT('',#120420);
#120440=EDGE_CURVE('',#120390,#120430,#116310,.T.);
#120450=ORIENTED_EDGE('',*,*,#120440,.F.);
#120460=CARTESIAN_POINT('',(1.58828723215676,-15.9371665519065,0.));
#120470=DIRECTION('',(0.0174517421055201,-0.00872520650594019,
0.999809635615156));
#120480=VECTOR('',#120470,1.);
#120490=LINE('',#120460,#120480);
#120500=EDGE_CURVE('',#120430,#18220,#120490,.T.);
#120510=ORIENTED_EDGE('',*,*,#120500,.F.);
#120520=ORIENTED_EDGE('',*,*,#18230,.T.);
#120530=CARTESIAN_POINT('',(13.7117120632379,-15.9371665519065,0.));
#120540=DIRECTION('',(0.0174517421055201,0.00872520650594019,
-0.999809635615156));
#120550=VECTOR('',#120540,1.);
#120560=LINE('',#120530,#120550);
#120570=CARTESIAN_POINT('',(13.5999996476973,-15.9930185057674,6.4));
#120580=VERTEX_POINT('',#120570);
#120590=EDGE_CURVE('',#18180,#120580,#120560,.T.);
#120600=ORIENTED_EDGE('',*,*,#120590,.F.);
#120610=EDGE_CURVE('',#120580,#930,#116310,.T.);
#120620=ORIENTED_EDGE('',*,*,#120610,.F.);
#120630=ORIENTED_EDGE('',*,*,#1180,.F.);
#120640=ORIENTED_EDGE('',*,*,#18150,.T.);
#120650=ORIENTED_EDGE('',*,*,#21190,.T.);
#120660=ORIENTED_EDGE('',*,*,#29670,.F.);
#120670=EDGE_LOOP('',(#120660,#120650,#120640,#120630,#120620,#120600,
#120520,#120510,#120450,#120410,#120330,#120320,#120310,#120290,#120280,
#120270,#120260,#120240,#120230,#120220,#120210,#120200,#120190,#120180,
#120170,#120160));
#120680=FACE_OUTER_BOUND('',#120670,.T.);
#120690=ADVANCED_FACE('',(#120680),#120100,.T.);
#120700=ORIENTED_EDGE('',*,*,#960,.T.);
#120710=ORIENTED_EDGE('',*,*,#120610,.T.);
#120720=CARTESIAN_POINT('',(13.5999996476973,0.,6.4));
#120730=DIRECTION('',(0.,-1.,0.));
#120740=VECTOR('',#120730,1.);
#120750=LINE('',#120720,#120740);
#120760=EDGE_CURVE('',#113180,#120580,#120750,.T.);
#120770=ORIENTED_EDGE('',*,*,#120760,.T.);
#120780=ORIENTED_EDGE('',*,*,#113270,.F.);
#120790=EDGE_LOOP('',(#120780,#120770,#120710,#120700));
#120800=FACE_OUTER_BOUND('',#120790,.T.);
#120810=ADVANCED_FACE('',(#120800),#116190,.T.);
#120820=ORIENTED_EDGE('',*,*,#35040,.T.);
#120830=ORIENTED_EDGE('',*,*,#115040,.F.);
#120840=CARTESIAN_POINT('',(16.5473086941756,-15.1338673328437,
7.19985911533743));
#120850=DIRECTION('',(0.00755740142861852,-0.00436326774918698,
-0.999961923064171));
#120860=VECTOR('',#120850,1.);
#120870=LINE('',#120840,#120860);
#120880=CARTESIAN_POINT('',(16.543528784812,-15.1316850011551,7.7));
#120890=VERTEX_POINT('',#120880);
#120900=EDGE_CURVE('',#120890,#114960,#120870,.T.);
#120910=ORIENTED_EDGE('',*,*,#120900,.T.);
#120920=CARTESIAN_POINT('',(16.8350951888751,-15.3000171350198,7.7));
#120930=DIRECTION('',(0.,0.,1.));
#120940=DIRECTION('',(-1.09920040670929E-5,0.999999999939588,0.));
#120950=AXIS2_PLACEMENT_3D('',#120920,#120930,#120940);
#120960=CIRCLE('',#120950,0.336669979759152);
#120970=EDGE_CURVE('',#35030,#120890,#120960,.T.);
#120980=ORIENTED_EDGE('',*,*,#120970,.T.);
#120990=EDGE_LOOP('',(#120980,#120910,#120830,#120820));
#121000=FACE_OUTER_BOUND('',#120990,.T.);
#121010=ADVANCED_FACE('',(#121000),#34860,.F.);
#121020=CARTESIAN_POINT('',(25.3221342530543,0.,3.5));
#121030=DIRECTION('',(0.865992428190712,-0.499980961532087,
0.00872653549837393));
#121040=DIRECTION('',(-0.500000000000001,-0.866025403784438,
4.33680868994202E-19));
#121050=AXIS2_PLACEMENT_3D('',#121020,#121030,#121040);
#121060=PLANE('',#121050);
#121070=ORIENTED_EDGE('',*,*,#120900,.F.);
#121080=ORIENTED_EDGE('',*,*,#114970,.F.);
#121090=CARTESIAN_POINT('',(16.4607202663088,-15.2838428892605,
7.19985911533743));
#121100=DIRECTION('',(0.00755744938982751,-0.00436318467688181,
-0.999961923064171));
#121110=VECTOR('',#121100,1.);
#121120=LINE('',#121090,#121110);
#121130=CARTESIAN_POINT('',(16.4569403329569,-15.2816605991214,7.7));
#121140=VERTEX_POINT('',#121130);
#121150=EDGE_CURVE('',#121140,#114880,#121120,.T.);
#121160=ORIENTED_EDGE('',*,*,#121150,.T.);
#121170=CARTESIAN_POINT('',(25.2798111935216,0.,7.7));
#121180=DIRECTION('',(-0.500000000000001,-0.866025403784438,0.));
#121190=VECTOR('',#121180,1.);
#121200=LINE('',#121170,#121190);
#121210=EDGE_CURVE('',#120890,#121140,#121200,.T.);
#121220=ORIENTED_EDGE('',*,*,#121210,.T.);
#121230=EDGE_LOOP('',(#121220,#121160,#121080,#121070));
#121240=FACE_OUTER_BOUND('',#121230,.T.);
#121250=ADVANCED_FACE('',(#121240),#121060,.T.);
#121260=CARTESIAN_POINT('',(16.2288587196376,-15.1499809610609,3.5));
#121270=DIRECTION('',(0.,0.,-1.));
#121280=DIRECTION('',(1.09920040907759E-5,-0.999999999939588,0.));
#121290=AXIS2_PLACEMENT_3D('',#121260,#121270,#121280);
#121300=CONICAL_SURFACE('',#121290,0.300017135037977,0.00872664625997165
);
#121310=ORIENTED_EDGE('',*,*,#121150,.F.);
#121320=ORIENTED_EDGE('',*,*,#114890,.T.);
#121330=CARTESIAN_POINT('',(16.2288620174272,-15.4177099147367,
7.19985911533743));
#121340=DIRECTION('',(0.,-0.00872653549837393,-0.999961923064171));
#121350=VECTOR('',#121340,1.);
#121360=LINE('',#121330,#121350);
#121370=CARTESIAN_POINT('',(16.2288620174272,-15.4133452513595,7.7));
#121380=VERTEX_POINT('',#121370);
#121390=EDGE_CURVE('',#121380,#114790,#121360,.T.);
#121400=ORIENTED_EDGE('',*,*,#121390,.T.);
#121410=CARTESIAN_POINT('',(16.2288587196376,-15.1499809610609,7.7));
#121420=DIRECTION('',(0.,0.,-1.));
#121430=DIRECTION('',(1.09920040907759E-5,-0.999999999939588,0.));
#121440=AXIS2_PLACEMENT_3D('',#121410,#121420,#121430);
#121450=CIRCLE('',#121440,0.26336429031679);
#121460=EDGE_CURVE('',#121140,#121380,#121450,.T.);
#121470=ORIENTED_EDGE('',*,*,#121460,.T.);
#121480=EDGE_LOOP('',(#121470,#121400,#121320,#121310));
#121490=FACE_OUTER_BOUND('',#121480,.T.);
#121500=ADVANCED_FACE('',(#121490),#121300,.T.);
#121510=CARTESIAN_POINT('',(0.,-15.4499980960807,3.5));
#121520=DIRECTION('',(0.,-0.999961923064171,0.00872653549837393));
#121530=DIRECTION('',(-1.,0.,0.));
#121540=AXIS2_PLACEMENT_3D('',#121510,#121520,#121530);
#121550=PLANE('',#121540);
#121560=CARTESIAN_POINT('',(0.,-15.4133452513595,7.7));
#121570=DIRECTION('',(-1.,0.,0.));
#121580=VECTOR('',#121570,1.);
#121590=LINE('',#121560,#121580);
#121600=EDGE_CURVE('',#121380,#89900,#121590,.T.);
#121610=ORIENTED_EDGE('',*,*,#121600,.T.);
#121620=ORIENTED_EDGE('',*,*,#121390,.F.);
#121630=ORIENTED_EDGE('',*,*,#114800,.F.);
#121640=ORIENTED_EDGE('',*,*,#21350,.F.);
#121650=ORIENTED_EDGE('',*,*,#114630,.T.);
#121660=ORIENTED_EDGE('',*,*,#89930,.T.);
#121670=EDGE_LOOP('',(#121660,#121650,#121640,#121630,#121620,#121610));
#121680=FACE_OUTER_BOUND('',#121670,.T.);
#121690=ADVANCED_FACE('',(#121680),#121550,.T.);
#121700=CARTESIAN_POINT('',(-11.4000003523026,-15.65,7.7));
#121710=DIRECTION('',(0.,0.,1.));
#121720=DIRECTION('',(-1.,0.,0.));
#121730=AXIS2_PLACEMENT_3D('',#121700,#121710,#121720);
#121740=PLANE('',#121730);
#121750=ORIENTED_EDGE('',*,*,#120970,.F.);
#121760=ORIENTED_EDGE('',*,*,#121210,.F.);
#121770=ORIENTED_EDGE('',*,*,#121460,.F.);
#121780=ORIENTED_EDGE('',*,*,#121600,.F.);
#121790=ORIENTED_EDGE('',*,*,#90080,.T.);
#121800=ORIENTED_EDGE('',*,*,#35120,.F.);
#121810=EDGE_LOOP('',(#121800,#121790,#121780,#121770,#121760,#121750));
#121820=FACE_OUTER_BOUND('',#121810,.T.);
#121830=ADVANCED_FACE('',(#121820),#121740,.T.);
#121840=ORIENTED_EDGE('',*,*,#3060,.T.);
#121850=ORIENTED_EDGE('',*,*,#119240,.T.);
#121860=ORIENTED_EDGE('',*,*,#119110,.T.);
#121870=ORIENTED_EDGE('',*,*,#120250,.T.);
#121880=EDGE_LOOP('',(#121870,#121860,#121850,#121840));
#121890=FACE_OUTER_BOUND('',#121880,.T.);
#121900=ADVANCED_FACE('',(#121890),#116190,.T.);
#121910=CARTESIAN_POINT('',(0.,-6.51633650601052,3.));
#121920=DIRECTION('',(-1.,0.,0.));
#121930=DIRECTION('',(0.,1.,0.));
#121940=AXIS2_PLACEMENT_3D('',#121910,#121920,#121930);
#121950=CYLINDRICAL_SURFACE('',#121940,0.5);
#121960=ORIENTED_EDGE('',*,*,#114350,.F.);
#121970=CARTESIAN_POINT('',(0.,-6.99929941915506,3.12940952255126));
#121980=DIRECTION('',(-1.,0.,0.));
#121990=VECTOR('',#121980,1.);
#122000=LINE('',#121970,#121990);
#122010=CARTESIAN_POINT('',(-18.4967659058988,-6.99929941915506,
3.12940952255126));
#122020=VERTEX_POINT('',#122010);
#122030=EDGE_CURVE('',#114270,#122020,#122000,.T.);
#122040=ORIENTED_EDGE('',*,*,#122030,.F.);
#122050=CARTESIAN_POINT('',(-18.4956365661046,-6.51633650601052,3.));
#122060=DIRECTION('',(0.999961923064171,0.,0.00872653549837393));
#122070=DIRECTION('',(0.00872653549837393,0.,-0.999961923064171));
#122080=AXIS2_PLACEMENT_3D('',#122050,#122060,#122070);
#122090=ELLIPSE('',#122080,0.500019039192869,0.5);
#122100=EDGE_CURVE('',#9200,#122020,#122090,.T.);
#122110=ORIENTED_EDGE('',*,*,#122100,.T.);
#122120=ORIENTED_EDGE('',*,*,#112360,.T.);
#122130=EDGE_LOOP('',(#122120,#122110,#122040,#121960));
#122140=FACE_OUTER_BOUND('',#122130,.T.);
#122150=ADVANCED_FACE('',(#122140),#121950,.T.);
#122160=CARTESIAN_POINT('',(18.5,14.1,3.5));
#122170=DIRECTION('',(0.,-0.965925826289069,0.25881904510252));
#122180=DIRECTION('',(0.,0.25881904510252,0.965925826289069));
#122190=AXIS2_PLACEMENT_3D('',#122160,#122170,#122180);
#122200=PLANE('',#122190);
#122210=CARTESIAN_POINT('',(0.,14.000700580845,3.12940952255126));
#122220=DIRECTION('',(-1.,0.,0.));
#122230=VECTOR('',#122220,1.);
#122240=LINE('',#122210,#122230);
#122250=CARTESIAN_POINT('',(18.4967659058988,14.000700580845,
3.12940952255126));
#122260=VERTEX_POINT('',#122250);
#122270=EDGE_CURVE('',#122260,#116550,#122240,.T.);
#122280=ORIENTED_EDGE('',*,*,#122270,.T.);
#122290=CARTESIAN_POINT('',(18.4694559627323,13.1621778264911,0.));
#122300=DIRECTION('',(0.00842920751166139,0.258809850193415,
0.965891510421118));
#122310=VECTOR('',#122300,1.);
#122320=LINE('',#122290,#122310);
#122330=CARTESIAN_POINT('',(18.491375859943,13.8352049533598,
2.51177143234622));
#122340=VERTEX_POINT('',#122330);
#122350=EDGE_CURVE('',#122340,#122260,#122320,.T.);
#122360=ORIENTED_EDGE('',*,*,#122350,.T.);
#122370=CARTESIAN_POINT('',(0.,13.8352049533598,2.51177143234622));
#122380=DIRECTION('',(-1.,0.,0.));
#122390=VECTOR('',#122380,1.);
#122400=LINE('',#122370,#122390);
#122410=EDGE_CURVE('',#122340,#116630,#122400,.T.);
#122420=ORIENTED_EDGE('',*,*,#122410,.F.);
#122430=ORIENTED_EDGE('',*,*,#116640,.F.);
#122440=EDGE_LOOP('',(#122430,#122420,#122360,#122280));
#122450=FACE_OUTER_BOUND('',#122440,.T.);
#122460=ADVANCED_FACE('',(#122450),#122200,.T.);
#122470=CARTESIAN_POINT('',(17.7,6.93139857453542,3.38281892454857));
#122480=DIRECTION('',(0.,0.965925826289068,0.258819045102521));
#122490=DIRECTION('',(0.,0.258819045102521,-0.965925826289068));
#122500=AXIS2_PLACEMENT_3D('',#122470,#122480,#122490);
#122510=PLANE('',#122500);
#122520=CARTESIAN_POINT('',(18.4694559627323,7.83782217350893,0.));
#122530=DIRECTION('',(-0.00842920751166141,0.258809850193416,
-0.965891510421117));
#122540=VECTOR('',#122530,1.);
#122550=LINE('',#122520,#122540);
#122560=CARTESIAN_POINT('',(18.4967659058988,6.99929941915505,
3.12940952255126));
#122570=VERTEX_POINT('',#122560);
#122580=CARTESIAN_POINT('',(18.491375859943,7.1647950466402,
2.51177143234622));
#122590=VERTEX_POINT('',#122580);
#122600=EDGE_CURVE('',#122570,#122590,#122550,.T.);
#122610=ORIENTED_EDGE('',*,*,#122600,.T.);
#122620=CARTESIAN_POINT('',(0.,6.99929941915505,3.12940952255126));
#122630=DIRECTION('',(1.,0.,0.));
#122640=VECTOR('',#122630,1.);
#122650=LINE('',#122620,#122640);
#122660=EDGE_CURVE('',#116970,#122570,#122650,.T.);
#122670=ORIENTED_EDGE('',*,*,#122660,.T.);
#122680=ORIENTED_EDGE('',*,*,#116980,.F.);
#122690=CARTESIAN_POINT('',(0.,7.1647950466402,2.51177143234622));
#122700=DIRECTION('',(1.,0.,0.));
#122710=VECTOR('',#122700,1.);
#122720=LINE('',#122690,#122710);
#122730=EDGE_CURVE('',#116890,#122590,#122720,.T.);
#122740=ORIENTED_EDGE('',*,*,#122730,.F.);
#122750=EDGE_LOOP('',(#122740,#122680,#122670,#122610));
#122760=FACE_OUTER_BOUND('',#122750,.T.);
#122770=ADVANCED_FACE('',(#122760),#122510,.T.);
#122780=CARTESIAN_POINT('',(0.,14.4836634939895,3.));
#122790=DIRECTION('',(-1.,0.,0.));
#122800=DIRECTION('',(0.,1.,0.));
#122810=AXIS2_PLACEMENT_3D('',#122780,#122790,#122800);
#122820=CYLINDRICAL_SURFACE('',#122810,0.5);
#122830=ORIENTED_EDGE('',*,*,#40130,.T.);
#122840=CARTESIAN_POINT('',(18.4956365661046,14.4836634939895,3.));
#122850=DIRECTION('',(0.999961923064171,0.,-0.00872653549837393));
#122860=DIRECTION('',(-0.00872653549837393,0.,-0.999961923064171));
#122870=AXIS2_PLACEMENT_3D('',#122840,#122850,#122860);
#122880=ELLIPSE('',#122870,0.500019039192869,0.5);
#122890=EDGE_CURVE('',#40020,#122260,#122880,.T.);
#122900=ORIENTED_EDGE('',*,*,#122890,.F.);
#122910=ORIENTED_EDGE('',*,*,#122270,.F.);
#122920=ORIENTED_EDGE('',*,*,#116560,.F.);
#122930=EDGE_LOOP('',(#122920,#122910,#122900,#122830));
#122940=FACE_OUTER_BOUND('',#122930,.T.);
#122950=ADVANCED_FACE('',(#122940),#122820,.T.);
#122960=CARTESIAN_POINT('',(18.5,0.,3.5));
#122970=DIRECTION('',(0.999961923064171,0.,-0.00872653549837393));
#122980=DIRECTION('',(0.,-1.,0.));
#122990=AXIS2_PLACEMENT_3D('',#122960,#122970,#122980);
#123000=PLANE('',#122990);
#123010=CARTESIAN_POINT('',(18.4737813189669,0.,0.495636732250813));
#123020=DIRECTION('',(0.,1.,0.));
#123030=VECTOR('',#123020,1.);
#123040=LINE('',#123010,#123030);
#123050=CARTESIAN_POINT('',(18.473781318967,10.85512924333,
0.495636732250813));
#123060=VERTEX_POINT('',#123050);
#123070=CARTESIAN_POINT('',(18.4737813189698,15.9738193959056,
0.495636732578783));
#123080=VERTEX_POINT('',#123070);
#123090=EDGE_CURVE('',#123060,#123080,#123040,.T.);
#123100=ORIENTED_EDGE('',*,*,#123090,.T.);
#123110=CARTESIAN_POINT('',(18.473781318967,10.85512924333,
0.495636732250813));
#123120=CARTESIAN_POINT('',(18.4737813189669,10.7928857567751,
0.495636732250813));
#123130=CARTESIAN_POINT('',(18.4738124297821,10.7306311892927,
0.499201678518457));
#123140=CARTESIAN_POINT('',(18.4738747349063,10.6686346531012,
0.506341138753485));
#123150=CARTESIAN_POINT('',(18.4739683178403,10.6071652604197,
0.51706468065587));
#123160=CARTESIAN_POINT('',(18.474093262075,10.5464921234657,
0.531381871925272));
#123170=CARTESIAN_POINT('',(18.4742496511093,10.4868843544582,
0.549302280261592));
#123180=B_SPLINE_CURVE_WITH_KNOTS('',6,(#123110,#123120,#123130,#123140,
#123150,#123160,#123170),.UNSPECIFIED.,.F.,.F.,(7,7),(0.,1.),
.UNSPECIFIED.);
#123190=CARTESIAN_POINT('',(18.4742496511093,10.4868843544582,
0.549302280261591));
#123200=VERTEX_POINT('',#123190);
#123210=EDGE_CURVE('',#123060,#123200,#123180,.T.);
#123220=ORIENTED_EDGE('',*,*,#123210,.F.);
#123230=CARTESIAN_POINT('',(18.4742496511091,10.4868843545543,
0.549302280232702));
#123240=CARTESIAN_POINT('',(18.4775097223062,9.24430637123273,
0.922869438033669));
#123250=CARTESIAN_POINT('',(18.4804244376677,7.9893994534606,
1.25686273682209));
#123260=CARTESIAN_POINT('',(18.4870071377545,4.51285481012828,
2.01116545396643));
#123270=CARTESIAN_POINT('',(18.4895229429507,2.26034593669107,
2.29944817539264));
#123280=CARTESIAN_POINT('',(18.4895225316996,-2.26092254645549,
2.29940105068581));
#123290=CARTESIAN_POINT('',(18.4870063672902,-4.5134090179413,
2.01107716751268));
#123300=CARTESIAN_POINT('',(18.4804235945197,-7.98975987456874,
1.25676612162797));
#123310=CARTESIAN_POINT('',(18.4775092534269,-9.24448401465758,
0.922815709788423));
#123320=CARTESIAN_POINT('',(18.4742496490903,-10.4868849496035,
0.549302048901607));
#123330=B_SPLINE_CURVE_WITH_KNOTS('',3,(#123230,#123240,#123250,#123260,
#123270,#123280,#123290,#123300,#123310,#123320),.UNSPECIFIED.,.F.,.F.,(
4,2,2,2,4),(22.3617293303555,26.240916776772,32.9746143895884,
39.7082972293284,43.5868912560663),.UNSPECIFIED.);
#123340=CARTESIAN_POINT('',(18.4742496490906,-10.4868849495074,
0.549302048930498));
#123350=VERTEX_POINT('',#123340);
#123360=EDGE_CURVE('',#123200,#123350,#123330,.T.);
#123370=ORIENTED_EDGE('',*,*,#123360,.F.);
#123380=CARTESIAN_POINT('',(18.4742496490906,-10.4868849495074,
0.549302048930497));
#123390=CARTESIAN_POINT('',(18.4740932604219,-10.5464926221275,
0.531381682492505));
#123400=CARTESIAN_POINT('',(18.473968316664,-10.6071656625424,
0.517064545868991));
#123410=CARTESIAN_POINT('',(18.4738747342258,-10.6686349578091,
0.506341060796423));
#123420=CARTESIAN_POINT('',(18.473812429525,-10.7306313949917,
0.499201649011577));
#123430=CARTESIAN_POINT('',(18.4737813189669,-10.7928858611447,
0.495636732250813));
#123440=CARTESIAN_POINT('',(18.4737813189669,-10.85512924333,
0.495636732250813));
#123450=B_SPLINE_CURVE_WITH_KNOTS('',6,(#123380,#123390,#123400,#123410,
#123420,#123430,#123440),.UNSPECIFIED.,.F.,.F.,(7,7),(0.,1.),
.UNSPECIFIED.);
#123460=CARTESIAN_POINT('',(18.473781318967,-10.85512924333,
0.495636732250813));
#123470=VERTEX_POINT('',#123460);
#123480=EDGE_CURVE('',#123350,#123470,#123450,.T.);
#123490=ORIENTED_EDGE('',*,*,#123480,.F.);
#123500=CARTESIAN_POINT('',(18.4737813189669,0.,0.495636732250813));
#123510=DIRECTION('',(0.,1.,0.));
#123520=VECTOR('',#123510,1.);
#123530=LINE('',#123500,#123520);
#123540=CARTESIAN_POINT('',(18.4737813189669,-15.4738003574349,
0.495636732250813));
#123550=VERTEX_POINT('',#123540);
#123560=EDGE_CURVE('',#123550,#123470,#123530,.T.);
#123570=ORIENTED_EDGE('',*,*,#123560,.T.);
#123580=CARTESIAN_POINT('',(18.4694178850716,-15.4694369235395,
-0.00436326774918697));
#123590=DIRECTION('',(-0.00872620324394422,0.00872620324394422,
-0.99992385047757));
#123600=VECTOR('',#123590,1.);
#123610=LINE('',#123580,#123600);
#123620=EDGE_CURVE('',#61050,#123550,#123610,.T.);
#123630=ORIENTED_EDGE('',*,*,#123620,.T.);
#123640=ORIENTED_EDGE('',*,*,#61060,.F.);
#123650=CARTESIAN_POINT('',(18.4956365661046,-14.4836634939895,3.));
#123660=DIRECTION('',(0.999961923064171,0.,-0.00872653549837393));
#123670=DIRECTION('',(-0.00872653549837393,0.,-0.999961923064171));
#123680=AXIS2_PLACEMENT_3D('',#123650,#123660,#123670);
#123690=ELLIPSE('',#123680,0.500019039192869,0.5);
#123700=CARTESIAN_POINT('',(18.4967659058988,-14.0007005808449,
3.12940952255126));
#123710=VERTEX_POINT('',#123700);
#123720=EDGE_CURVE('',#123710,#20380,#123690,.T.);
#123730=ORIENTED_EDGE('',*,*,#123720,.T.);
#123740=CARTESIAN_POINT('',(18.4694559627323,-13.1621778264911,0.));
#123750=DIRECTION('',(-0.00842920751166139,0.258809850193415,
-0.965891510421118));
#123760=VECTOR('',#123750,1.);
#123770=LINE('',#123740,#123760);
#123780=CARTESIAN_POINT('',(18.491375859943,-13.8352049533598,
2.51177143234622));
#123790=VERTEX_POINT('',#123780);
#123800=EDGE_CURVE('',#123710,#123790,#123770,.T.);
#123810=ORIENTED_EDGE('',*,*,#123800,.F.);
#123820=CARTESIAN_POINT('',(18.4947638793255,-12.3863162139262,2.9));
#123830=DIRECTION('',(0.999961923064171,0.,-0.00872653549837393));
#123840=DIRECTION('',(-0.00872653549837393,0.,-0.999961923064171));
#123850=AXIS2_PLACEMENT_3D('',#123820,#123830,#123840);
#123860=ELLIPSE('',#123850,1.50005711757861,1.5);
#123870=CARTESIAN_POINT('',(18.4816735776394,-12.3863162139262,1.4));
#123880=VERTEX_POINT('',#123870);
#123890=EDGE_CURVE('',#123790,#123880,#123860,.T.);
#123900=ORIENTED_EDGE('',*,*,#123890,.F.);
#123910=CARTESIAN_POINT('',(18.4816735776394,0.5,1.4));
#123920=DIRECTION('',(-1.11876274204211E-18,1.,-1.28197512425571E-16));
#123930=VECTOR('',#123920,1.);
#123940=LINE('',#123910,#123930);
#123950=CARTESIAN_POINT('',(18.4816735776394,-8.6136837860738,1.4));
#123960=VERTEX_POINT('',#123950);
#123970=EDGE_CURVE('',#123880,#123960,#123940,.T.);
#123980=ORIENTED_EDGE('',*,*,#123970,.F.);
#123990=CARTESIAN_POINT('',(18.4947638793255,-8.6136837860738,2.9));
#124000=DIRECTION('',(0.999961923064171,0.,-0.00872653549837393));
#124010=DIRECTION('',(-0.00872653549837393,0.,-0.999961923064171));
#124020=AXIS2_PLACEMENT_3D('',#123990,#124000,#124010);
#124030=ELLIPSE('',#124020,1.50005711757861,1.5);
#124040=CARTESIAN_POINT('',(18.491375859943,-7.1647950466402,
2.51177143234622));
#124050=VERTEX_POINT('',#124040);
#124060=EDGE_CURVE('',#123960,#124050,#124030,.T.);
#124070=ORIENTED_EDGE('',*,*,#124060,.F.);
#124080=CARTESIAN_POINT('',(18.4694559627323,-7.83782217350893,0.));
#124090=DIRECTION('',(-0.00842920751166141,-0.258809850193416,
-0.965891510421117));
#124100=VECTOR('',#124090,1.);
#124110=LINE('',#124080,#124100);
#124120=CARTESIAN_POINT('',(18.4967659058988,-6.99929941915506,
3.12940952255126));
#124130=VERTEX_POINT('',#124120);
#124140=EDGE_CURVE('',#124130,#124050,#124110,.T.);
#124150=ORIENTED_EDGE('',*,*,#124140,.T.);
#124160=CARTESIAN_POINT('',(18.4956365661046,-6.51633650601052,3.));
#124170=DIRECTION('',(0.999961923064171,0.,-0.00872653549837393));
#124180=DIRECTION('',(-0.00872653549837393,0.,-0.999961923064171));
#124190=AXIS2_PLACEMENT_3D('',#124160,#124170,#124180);
#124200=ELLIPSE('',#124190,0.500019039192869,0.5);
#124210=EDGE_CURVE('',#60790,#124130,#124200,.T.);
#124220=ORIENTED_EDGE('',*,*,#124210,.T.);
#124230=ORIENTED_EDGE('',*,*,#60800,.T.);
#124240=CARTESIAN_POINT('',(18.4956365661046,6.51633650601052,3.));
#124250=DIRECTION('',(0.999961923064171,0.,-0.00872653549837393));
#124260=DIRECTION('',(-0.00872653549837393,0.,-0.999961923064171));
#124270=AXIS2_PLACEMENT_3D('',#124240,#124250,#124260);
#124280=ELLIPSE('',#124270,0.500019039192869,0.5);
#124290=EDGE_CURVE('',#122570,#60710,#124280,.T.);
#124300=ORIENTED_EDGE('',*,*,#124290,.T.);
#124310=ORIENTED_EDGE('',*,*,#122600,.F.);
#124320=CARTESIAN_POINT('',(18.4947638793255,8.6136837860738,2.9));
#124330=DIRECTION('',(0.999961923064171,0.,-0.00872653549837393));
#124340=DIRECTION('',(-0.00872653549837393,0.,-0.999961923064171));
#124350=AXIS2_PLACEMENT_3D('',#124320,#124330,#124340);
#124360=ELLIPSE('',#124350,1.50005711757861,1.5);
#124370=CARTESIAN_POINT('',(18.4816735776394,8.6136837860738,1.4));
#124380=VERTEX_POINT('',#124370);
#124390=EDGE_CURVE('',#122590,#124380,#124360,.T.);
#124400=ORIENTED_EDGE('',*,*,#124390,.F.);
#124410=CARTESIAN_POINT('',(18.4816735776394,-0.5,1.4));
#124420=DIRECTION('',(1.11876274204211E-18,1.,1.28197512425571E-16));
#124430=VECTOR('',#124420,1.);
#124440=LINE('',#124410,#124430);
#124450=CARTESIAN_POINT('',(18.4816735776394,12.3863162139262,1.4));
#124460=VERTEX_POINT('',#124450);
#124470=EDGE_CURVE('',#124380,#124460,#124440,.T.);
#124480=ORIENTED_EDGE('',*,*,#124470,.F.);
#124490=CARTESIAN_POINT('',(18.4947638793255,12.3863162139262,2.9));
#124500=DIRECTION('',(0.999961923064171,0.,-0.00872653549837393));
#124510=DIRECTION('',(-0.00872653549837393,0.,-0.999961923064171));
#124520=AXIS2_PLACEMENT_3D('',#124490,#124500,#124510);
#124530=ELLIPSE('',#124520,1.50005711757861,1.5);
#124540=EDGE_CURVE('',#124460,#122340,#124530,.T.);
#124550=ORIENTED_EDGE('',*,*,#124540,.F.);
#124560=ORIENTED_EDGE('',*,*,#122350,.F.);
#124570=ORIENTED_EDGE('',*,*,#122890,.T.);
#124580=ORIENTED_EDGE('',*,*,#60500,.T.);
#124590=CARTESIAN_POINT('',(18.4693798074108,15.9694178843466,
-0.00872653549837393));
#124600=DIRECTION('',(0.00872620324394422,0.00872620324394422,
0.99992385047757));
#124610=VECTOR('',#124600,1.);
#124620=LINE('',#124590,#124610);
#124630=EDGE_CURVE('',#123080,#60430,#124620,.T.);
#124640=ORIENTED_EDGE('',*,*,#124630,.T.);
#124650=EDGE_LOOP('',(#124640,#124580,#124570,#124560,#124550,#124480,
#124400,#124310,#124300,#124230,#124220,#124150,#124070,#123980,#123900,
#123810,#123730,#123640,#123630,#123570,#123490,#123370,#123220,#123100)
);
#124660=FACE_OUTER_BOUND('',#124650,.T.);
#124670=ADVANCED_FACE('',(#124660),#123000,.T.);
#124680=CARTESIAN_POINT('',(17.9694369235395,-15.4694369235395,0.));
#124690=DIRECTION('',(-0.00872620324394422,0.00872620324394422,
-0.99992385047757));
#124700=DIRECTION('',(-0.999961923064171,0.,0.00872653549837393));
#124710=AXIS2_PLACEMENT_3D('',#124680,#124690,#124700);
#124720=CYLINDRICAL_SURFACE('',#124710,0.5);
#124730=ORIENTED_EDGE('',*,*,#103480,.T.);
#124740=ORIENTED_EDGE('',*,*,#123620,.F.);
#124750=CARTESIAN_POINT('',(17.9738003574349,-15.4738003574349,0.5));
#124760=DIRECTION('',(-0.00872620324394422,0.00872620324394422,
-0.99992385047757));
#124770=DIRECTION('',(-0.999961923064171,-3.9357629020879E-19,
0.00872653549837393));
#124780=AXIS2_PLACEMENT_3D('',#124750,#124760,#124770);
#124790=CIRCLE('',#124780,0.5);
#124800=CARTESIAN_POINT('',(17.9738003574349,-15.9737813189669,
0.495636732250813));
#124810=VERTEX_POINT('',#124800);
#124820=EDGE_CURVE('',#123550,#124810,#124790,.T.);
#124830=ORIENTED_EDGE('',*,*,#124820,.F.);
#124840=CARTESIAN_POINT('',(17.9694369235395,-15.9694178850716,
-0.00436326774918697));
#124850=DIRECTION('',(-0.00872620324394422,0.00872620324394422,
-0.99992385047757));
#124860=VECTOR('',#124850,1.);
#124870=LINE('',#124840,#124860);
#124880=EDGE_CURVE('',#3700,#124810,#124870,.T.);
#124890=ORIENTED_EDGE('',*,*,#124880,.T.);
#124900=EDGE_LOOP('',(#124890,#124830,#124740,#124730));
#124910=FACE_OUTER_BOUND('',#124900,.T.);
#124920=ADVANCED_FACE('',(#124910),#124720,.T.);
#124930=CARTESIAN_POINT('',(17.,-16.5,0.));
#124940=DIRECTION('',(-1.,0.,0.));
#124950=DIRECTION('',(0.,-1.,0.));
#124960=AXIS2_PLACEMENT_3D('',#124930,#124940,#124950);
#124970=PLANE('',#124960);
#124980=CARTESIAN_POINT('',(17.,-15.4738003574349,0.5));
#124990=DIRECTION('',(-1.,0.,0.));
#125000=DIRECTION('',(0.,1.,0.));
#125010=AXIS2_PLACEMENT_3D('',#124980,#124990,#125000);
#125020=CIRCLE('',#125010,0.5);
#125030=CARTESIAN_POINT('',(17.,-15.4738003574349,0.));
#125040=VERTEX_POINT('',#125030);
#125050=CARTESIAN_POINT('',(17.,-15.9737813189669,0.495636732250813));
#125060=VERTEX_POINT('',#125050);
#125070=EDGE_CURVE('',#125040,#125060,#125020,.T.);
#125080=ORIENTED_EDGE('',*,*,#125070,.T.);
#125090=CARTESIAN_POINT('',(17.,0.,0.));
#125100=DIRECTION('',(0.,-1.,0.));
#125110=VECTOR('',#125100,1.);
#125120=LINE('',#125090,#125110);
#125130=CARTESIAN_POINT('',(17.,-16.5,0.));
#125140=VERTEX_POINT('',#125130);
#125150=EDGE_CURVE('',#125040,#125140,#125120,.T.);
#125160=ORIENTED_EDGE('',*,*,#125150,.F.);
#125170=CARTESIAN_POINT('',(17.,-16.5,16.));
#125180=DIRECTION('',(0.,0.,-1.));
#125190=VECTOR('',#125180,1.);
#125200=LINE('',#125170,#125190);
#125210=EDGE_CURVE('',#83870,#125140,#125200,.T.);
#125220=ORIENTED_EDGE('',*,*,#125210,.T.);
#125230=ORIENTED_EDGE('',*,*,#83880,.F.);
#125240=ORIENTED_EDGE('',*,*,#111090,.F.);
#125250=ORIENTED_EDGE('',*,*,#3890,.F.);
#125260=CARTESIAN_POINT('',(17.,-15.9694559627323,0.));
#125270=DIRECTION('',(0.,0.00872653549837393,-0.999961923064171));
#125280=VECTOR('',#125270,1.);
#125290=LINE('',#125260,#125280);
#125300=EDGE_CURVE('',#3800,#125060,#125290,.T.);
#125310=ORIENTED_EDGE('',*,*,#125300,.F.);
#125320=EDGE_LOOP('',(#125310,#125250,#125240,#125230,#125220,#125160,
#125080));
#125330=FACE_OUTER_BOUND('',#125320,.T.);
#125340=ADVANCED_FACE('',(#125330),#124970,.F.);
#125350=CARTESIAN_POINT('',(-18.5,-16.,0.));
#125360=DIRECTION('',(0.,0.,1.));
#125370=DIRECTION('',(1.,0.,0.));
#125380=AXIS2_PLACEMENT_3D('',#125350,#125360,#125370);
#125390=PLANE('',#125380);
#125400=CARTESIAN_POINT('',(-7.25438256403867,-1.30442068752287,0.));
#125410=CARTESIAN_POINT('',(-7.25438261762581,-1.33565555020308,0.));
#125420=CARTESIAN_POINT('',(-7.25291919916394,-1.36687309815768,0.));
#125430=CARTESIAN_POINT('',(-7.23915086471863,-1.51339998019089,0.));
#125440=CARTESIAN_POINT('',(-7.20827721125941,-1.62644871037478,0.));
#125450=CARTESIAN_POINT('',(-7.10930344002483,-1.83573491823339,0.));
#125460=CARTESIAN_POINT('',(-7.04269951326757,-1.93031053839923,0.));
#125470=CARTESIAN_POINT('',(-6.9615050258334,-2.0115050258334,0.));
#125480=CARTESIAN_POINT('',(-6.84425117751569,-2.12875887415111,0.));
#125490=CARTESIAN_POINT('',(-6.69967204981937,-2.21501336250537,0.));
#125500=CARTESIAN_POINT('',(-6.47773027613283,-2.28135070851543,0.));
#125510=CARTESIAN_POINT('',(-6.41319373582922,-2.29385796668367,0.));
#125520=CARTESIAN_POINT('',(-6.31698428322492,-2.3029136407237,0.));
#125530=CARTESIAN_POINT('',(-6.28571156697854,-2.30438220470946,0.));
#125540=CARTESIAN_POINT('',(-6.25442148763102,-2.30438232412804,0.));
#125550=B_SPLINE_CURVE_WITH_KNOTS('',3,(#125400,#125410,#125420,#125430,
#125440,#125450,#125460,#125470,#125480,#125490,#125500,#125510,#125520,
#125530,#125540),.UNSPECIFIED.,.F.,.F.,(4,2,2,3,2,2,4),(0.,
0.0705590305516707,0.332458046808918,0.590183103215465,0.962366675970845
,1.11011431305622,1.18086324504827),.UNSPECIFIED.);
#125560=CARTESIAN_POINT('',(-7.25438256403867,-1.30442068752287,0.));
#125570=VERTEX_POINT('',#125560);
#125580=CARTESIAN_POINT('',(-6.25442148763102,-2.30438232412804,0.));
#125590=VERTEX_POINT('',#125580);
#125600=EDGE_CURVE('',#125570,#125590,#125550,.T.);
#125610=ORIENTED_EDGE('',*,*,#125600,.T.);
#125620=CARTESIAN_POINT('',(-7.25438256403867,-1.30442068752287,0.));
#125630=CARTESIAN_POINT('',(-7.25438256403867,-1.2809534820683,0.));
#125640=CARTESIAN_POINT('',(-7.25438247308825,-1.25748625369808,
1.11022302462516E-16));
#125650=CARTESIAN_POINT('',(-7.25438247308825,0.243987285893858,
1.11022302462516E-16));
#125660=CARTESIAN_POINT('',(-7.25438247308825,1.72199364294693,
1.11022302462516E-16));
#125670=CARTESIAN_POINT('',(-7.25438247308825,4.67800636255867,
1.11022302462516E-16));
#125680=CARTESIAN_POINT('',(-7.25438247308825,6.15601272511736,
1.11022302462516E-16));
#125690=CARTESIAN_POINT('',(-7.25438247308825,7.65748639156545,
1.11022302462516E-16));
#125700=CARTESIAN_POINT('',(-7.25438233031614,7.68095399501262,0.));
#125710=CARTESIAN_POINT('',(-7.25438233031614,7.70442144868099,0.));
#125720=B_SPLINE_CURVE_WITH_KNOTS('',3,(#125620,#125630,#125640,#125650,
#125660,#125670,#125680,#125690,#125700,#125710),.UNSPECIFIED.,.F.,.F.,(
4,2,2,2,4),(0.,0.0704015476166081,4.50442061877582,8.93843970645185,
9.00884161812012),.UNSPECIFIED.);
#125730=CARTESIAN_POINT('',(-7.25438233031614,7.70442144868099,0.));
#125740=VERTEX_POINT('',#125730);
#125750=EDGE_CURVE('',#125570,#125740,#125720,.T.);
#125760=ORIENTED_EDGE('',*,*,#125750,.F.);
#125770=CARTESIAN_POINT('',(-6.25442069348241,8.70438256798069,0.));
#125780=CARTESIAN_POINT('',(-6.28565555436282,8.70438262156782,0.));
#125790=CARTESIAN_POINT('',(-6.31687309936333,8.70291919906232,0.));
#125800=CARTESIAN_POINT('',(-6.4633999804327,8.68915086465259,0.));
#125810=CARTESIAN_POINT('',(-6.57644871048758,8.65827721120606,0.));
#125820=CARTESIAN_POINT('',(-6.78573491823338,8.55930344002483,0.));
#125830=CARTESIAN_POINT('',(-6.88031053839922,8.49269951326758,0.));
#125840=CARTESIAN_POINT('',(-6.9615050258334,8.4115050258334,0.));
#125850=CARTESIAN_POINT('',(-7.07875887415111,8.29425117751569,0.));
#125860=CARTESIAN_POINT('',(-7.16501336250536,8.14967204981937,0.));
#125870=CARTESIAN_POINT('',(-7.23135070845908,7.92773027632136,0.));
#125880=CARTESIAN_POINT('',(-7.24385796660889,7.86319373621505,0.));
#125890=CARTESIAN_POINT('',(-7.2529136413179,7.76698427710763,0.));
#125900=CARTESIAN_POINT('',(-7.25438221089751,7.73571154129696,0.));
#125910=CARTESIAN_POINT('',(-7.25438233031614,7.70442144868099,0.));
#125920=B_SPLINE_CURVE_WITH_KNOTS('',3,(#125770,#125780,#125790,#125800,
#125810,#125820,#125830,#125840,#125850,#125860,#125870,#125880,#125890,
#125900,#125910),.UNSPECIFIED.,.F.,.F.,(4,2,2,3,2,2,4),(0.,
0.0705590286595624,0.332458044636695,0.590183101043254,0.962366673798624
,1.11011431044236,1.18086325765541),.UNSPECIFIED.);
#125930=CARTESIAN_POINT('',(-6.25442069348241,8.70438256798069,0.));
#125940=VERTEX_POINT('',#125930);
#125950=EDGE_CURVE('',#125940,#125740,#125920,.T.);
#125960=ORIENTED_EDGE('',*,*,#125950,.T.);
#125970=CARTESIAN_POINT('',(-6.7544206934824,8.70438247308825,
1.11022302462516E-16));
#125980=CARTESIAN_POINT('',(-4.50294712898827,8.70438247308825,
1.11022302462516E-16));
#125990=CARTESIAN_POINT('',(-2.25147356449414,8.70438247308825,
1.11022302462516E-16));
#126000=CARTESIAN_POINT('',(2.06133969603849,8.70438247308825,
1.11022302462516E-16));
#126010=CARTESIAN_POINT('',(4.12267939207699,8.70438247308825,
1.11022302462516E-16));
#126020=CARTESIAN_POINT('',(6.20748639834993,8.70438247308825,
1.11022302462516E-16));
#126030=CARTESIAN_POINT('',(6.23095402112579,8.70438232412804,0.));
#126040=CARTESIAN_POINT('',(6.25442148763102,8.70438232412804,0.));
#126050=B_SPLINE_CURVE_WITH_KNOTS('',3,(#125970,#125980,#125990,#126000,
#126010,#126020,#126030,#126040),.UNSPECIFIED.,.F.,.F.,(4,2,2,4),(
-6.75442069348239,0.,6.1840190881155,6.25442101881882),.UNSPECIFIED.);
#126060=CARTESIAN_POINT('',(6.25442148763102,8.70438232412804,0.));
#126070=VERTEX_POINT('',#126060);
#126080=EDGE_CURVE('',#125940,#126070,#126050,.T.);
#126090=ORIENTED_EDGE('',*,*,#126080,.F.);
#126100=CARTESIAN_POINT('',(7.25438256403867,7.70442068752287,0.));
#126110=CARTESIAN_POINT('',(7.25438261762581,7.73565555020308,0.));
#126120=CARTESIAN_POINT('',(7.25291919916394,7.76687309815768,0.));
#126130=CARTESIAN_POINT('',(7.23915086471863,7.91339998019088,0.));
#126140=CARTESIAN_POINT('',(7.20827721125941,8.02644871037477,0.));
#126150=CARTESIAN_POINT('',(7.10930344002483,8.23573491823338,0.));
#126160=CARTESIAN_POINT('',(7.04269951326758,8.33031053839922,0.));
#126170=CARTESIAN_POINT('',(6.9615050258334,8.4115050258334,0.));
#126180=CARTESIAN_POINT('',(6.84425117751569,8.52875887415111,0.));
#126190=CARTESIAN_POINT('',(6.69967204981937,8.61501336250536,0.));
#126200=CARTESIAN_POINT('',(6.47773027613284,8.68135070851543,0.));
#126210=CARTESIAN_POINT('',(6.41319373582922,8.69385796668367,0.));
#126220=CARTESIAN_POINT('',(6.31698428322492,8.7029136407237,0.));
#126230=CARTESIAN_POINT('',(6.28571156697855,8.70438220470946,0.));
#126240=CARTESIAN_POINT('',(6.25442148763102,8.70438232412804,0.));
#126250=B_SPLINE_CURVE_WITH_KNOTS('',3,(#126100,#126110,#126120,#126130,
#126140,#126150,#126160,#126170,#126180,#126190,#126200,#126210,#126220,
#126230,#126240),.UNSPECIFIED.,.F.,.F.,(4,2,2,3,2,2,4),(0.,
0.0705590305516721,0.332458046808906,0.590183103215461,0.96236667597084,
1.11011431305622,1.18086324504827),.UNSPECIFIED.);
#126260=CARTESIAN_POINT('',(7.25438256403867,7.70442068752287,0.));
#126270=VERTEX_POINT('',#126260);
#126280=EDGE_CURVE('',#126270,#126070,#126250,.T.);
#126290=ORIENTED_EDGE('',*,*,#126280,.T.);
#126300=CARTESIAN_POINT('',(7.25438256403867,7.70442068752287,0.));
#126310=CARTESIAN_POINT('',(7.25438256403867,7.68095348206829,0.));
#126320=CARTESIAN_POINT('',(7.25438247308825,7.65748625369807,
1.11022302462516E-16));
#126330=CARTESIAN_POINT('',(7.25438247308825,6.15601271410614,
1.11022302462516E-16));
#126340=CARTESIAN_POINT('',(7.25438247308825,4.67800635705308,
1.11022302462516E-16));
#126350=CARTESIAN_POINT('',(7.25438247308825,1.72199363744134,
1.11022302462516E-16));
#126360=CARTESIAN_POINT('',(7.25438247308825,0.243987274882657,
1.11022302462516E-16));
#126370=CARTESIAN_POINT('',(7.25438247308825,-1.25748639156545,
1.11022302462516E-16));
#126380=CARTESIAN_POINT('',(7.25438233031614,-1.28095399501262,0.));
#126390=CARTESIAN_POINT('',(7.25438233031614,-1.30442144868099,0.));
#126400=B_SPLINE_CURVE_WITH_KNOTS('',3,(#126300,#126310,#126320,#126330,
#126340,#126350,#126360,#126370,#126380,#126390),.UNSPECIFIED.,.F.,.F.,(
4,2,2,2,4),(0.,0.0704015476166181,4.50442061877581,8.93843970645184,
9.00884161812012),.UNSPECIFIED.);
#126410=CARTESIAN_POINT('',(7.25438233031614,-1.30442144868099,0.));
#126420=VERTEX_POINT('',#126410);
#126430=EDGE_CURVE('',#126270,#126420,#126400,.T.);
#126440=ORIENTED_EDGE('',*,*,#126430,.F.);
#126450=CARTESIAN_POINT('',(6.25442069348241,-2.30438256798069,0.));
#126460=CARTESIAN_POINT('',(6.28565555436283,-2.30438262156782,0.));
#126470=CARTESIAN_POINT('',(6.31687309936333,-2.30291919906233,0.));
#126480=CARTESIAN_POINT('',(6.4633999804327,-2.28915086465259,0.));
#126490=CARTESIAN_POINT('',(6.57644871048758,-2.25827721120606,0.));
#126500=CARTESIAN_POINT('',(6.78573491823338,-2.15930344002483,0.));
#126510=CARTESIAN_POINT('',(6.88031053839922,-2.09269951326758,0.));
#126520=CARTESIAN_POINT('',(6.9615050258334,-2.0115050258334,0.));
#126530=CARTESIAN_POINT('',(7.07875887415111,-1.89425117751569,0.));
#126540=CARTESIAN_POINT('',(7.16501336250536,-1.74967204981938,0.));
#126550=CARTESIAN_POINT('',(7.23135070845908,-1.52773027632137,0.));
#126560=CARTESIAN_POINT('',(7.24385796660889,-1.46319373621505,0.));
#126570=CARTESIAN_POINT('',(7.2529136413179,-1.36698427710763,0.));
#126580=CARTESIAN_POINT('',(7.25438221089751,-1.33571154129696,0.));
#126590=CARTESIAN_POINT('',(7.25438233031614,-1.30442144868099,0.));
#126600=B_SPLINE_CURVE_WITH_KNOTS('',3,(#126450,#126460,#126470,#126480,
#126490,#126500,#126510,#126520,#126530,#126540,#126550,#126560,#126570,
#126580,#126590),.UNSPECIFIED.,.F.,.F.,(4,2,2,3,2,2,4),(0.,
0.070559028659562,0.332458044636689,0.590183101043247,0.962366673798611,
1.11011431044235,1.1808632576554),.UNSPECIFIED.);
#126610=CARTESIAN_POINT('',(6.25442069348241,-2.30438256798069,0.));
#126620=VERTEX_POINT('',#126610);
#126630=EDGE_CURVE('',#126620,#126420,#126600,.T.);
#126640=ORIENTED_EDGE('',*,*,#126630,.T.);
#126650=CARTESIAN_POINT('',(6.7544206934824,-2.30438247308825,
1.11022302462516E-16));
#126660=CARTESIAN_POINT('',(4.50294712898827,-2.30438247308825,
1.11022302462516E-16));
#126670=CARTESIAN_POINT('',(2.25147356449414,-2.30438247308825,
1.11022302462516E-16));
#126680=CARTESIAN_POINT('',(-2.06133969603849,-2.30438247308825,
1.11022302462516E-16));
#126690=CARTESIAN_POINT('',(-4.12267939207699,-2.30438247308825,
1.11022302462516E-16));
#126700=CARTESIAN_POINT('',(-6.20748639834993,-2.30438247308825,
1.11022302462516E-16));
#126710=CARTESIAN_POINT('',(-6.23095402112579,-2.30438232412804,0.));
#126720=CARTESIAN_POINT('',(-6.25442148763102,-2.30438232412804,0.));
#126730=B_SPLINE_CURVE_WITH_KNOTS('',3,(#126650,#126660,#126670,#126680,
#126690,#126700,#126710,#126720),.UNSPECIFIED.,.F.,.F.,(4,2,2,4),(
-6.75442069348239,0.,6.1840190881155,6.25442101881882),.UNSPECIFIED.);
#126740=EDGE_CURVE('',#126620,#125590,#126730,.T.);
#126750=ORIENTED_EDGE('',*,*,#126740,.F.);
#126760=EDGE_LOOP('',(#126750,#126640,#126440,#126290,#126090,#125960,
#125760,#125610));
#126770=FACE_BOUND('',#126760,.T.);
#126780=ORIENTED_EDGE('',*,*,#29520,.T.);
#126790=CARTESIAN_POINT('',(1.4432899320127E-15,-16.5,0.));
#126800=DIRECTION('',(-1.,0.,0.));
#126810=VECTOR('',#126800,1.);
#126820=LINE('',#126790,#126810);
#126830=EDGE_CURVE('',#125140,#29430,#126820,.T.);
#126840=ORIENTED_EDGE('',*,*,#126830,.T.);
#126850=ORIENTED_EDGE('',*,*,#125150,.T.);
#126860=CARTESIAN_POINT('',(0.,-15.4738003574349,1.11022302462516E-16));
#126870=DIRECTION('',(-1.,0.,0.));
#126880=VECTOR('',#126870,1.);
#126890=LINE('',#126860,#126880);
#126900=CARTESIAN_POINT('',(17.9738003574349,-15.4738003574349,
1.11022302462516E-16));
#126910=VERTEX_POINT('',#126900);
#126920=EDGE_CURVE('',#126910,#125040,#126890,.T.);
#126930=ORIENTED_EDGE('',*,*,#126920,.T.);
#126940=CARTESIAN_POINT('',(17.9738003574349,0.,1.11022302462516E-16));
#126950=DIRECTION('',(0.,1.,0.));
#126960=VECTOR('',#126950,1.);
#126970=LINE('',#126940,#126960);
#126980=CARTESIAN_POINT('',(17.9738003574349,-10.85512924333,
1.11022302462516E-16));
#126990=VERTEX_POINT('',#126980);
#127000=EDGE_CURVE('',#126910,#126990,#126970,.T.);
#127010=ORIENTED_EDGE('',*,*,#127000,.F.);
#127020=CARTESIAN_POINT('',(32.,9.9390601989947E-15,
-1.33226762955019E-15));
#127030=DIRECTION('',(0.,0.,1.));
#127040=DIRECTION('',(1.,0.,0.));
#127050=AXIS2_PLACEMENT_3D('',#127020,#127030,#127040);
#127060=CIRCLE('',#127050,17.7360679774998);
#127070=CARTESIAN_POINT('',(17.9738003574349,10.85512924333,
-1.33226762955019E-15));
#127080=VERTEX_POINT('',#127070);
#127090=EDGE_CURVE('',#127080,#126990,#127060,.T.);
#127100=ORIENTED_EDGE('',*,*,#127090,.T.);
#127110=CARTESIAN_POINT('',(17.9738003574349,0.,1.11022302462516E-16));
#127120=DIRECTION('',(0.,1.,0.));
#127130=VECTOR('',#127120,1.);
#127140=LINE('',#127110,#127130);
#127150=CARTESIAN_POINT('',(17.9738004160249,15.9738193784235,0.));
#127160=VERTEX_POINT('',#127150);
#127170=EDGE_CURVE('',#127080,#127160,#127140,.T.);
#127180=ORIENTED_EDGE('',*,*,#127170,.F.);
#127190=CARTESIAN_POINT('',(17.9738004160249,15.9738193784235,0.));
#127200=CARTESIAN_POINT('',(17.9738004604752,15.9894375514423,0.));
#127210=CARTESIAN_POINT('',(17.9730686963569,16.0050471715432,0.));
#127220=CARTESIAN_POINT('',(17.9661841832232,16.078311708151,0.));
#127230=CARTESIAN_POINT('',(17.9507470126199,16.1348351642717,0.));
#127240=CARTESIAN_POINT('',(17.9012600984855,16.2394779741276,0.));
#127250=CARTESIAN_POINT('',(17.8679588470138,16.286764420601,0.));
#127260=CARTESIAN_POINT('',(17.8273616338074,16.3273616338074,0.));
#127270=CARTESIAN_POINT('',(17.768734733373,16.3859885342418,0.));
#127280=CARTESIAN_POINT('',(17.6964468808424,16.4291153967899,0.));
#127290=CARTESIAN_POINT('',(17.5854747152315,16.4622842938181,0.));
#127300=CARTESIAN_POINT('',(17.5532072509857,16.4685378816393,0.));
#127310=CARTESIAN_POINT('',(17.5051023020638,16.4730659172774,0.));
#127320=CARTESIAN_POINT('',(17.4894650975936,16.4738002652254,0.));
#127330=CARTESIAN_POINT('',(17.4738192843228,16.4738003036219,0.));
#127340=B_SPLINE_CURVE_WITH_KNOTS('',3,(#127190,#127200,#127210,#127220,
#127230,#127240,#127250,#127260,#127270,#127280,#127290,#127300,#127310,
#127320,#127330),.UNSPECIFIED.,.F.,.F.,(4,2,2,3,2,2,4),(0.,
0.0705581790414741,0.332445555877513,0.590168502157836,0.962349159647921
,1.11008617178186,1.18083417647403),.UNSPECIFIED.);
#127350=CARTESIAN_POINT('',(17.4738193959028,16.4738003574349,
1.11022302462516E-16));
#127360=VERTEX_POINT('',#127350);
#127370=EDGE_CURVE('',#127160,#127360,#127340,.T.);
#127380=ORIENTED_EDGE('',*,*,#127370,.F.);
#127390=CARTESIAN_POINT('',(0.,16.4738003574349,1.11022302462516E-16));
#127400=DIRECTION('',(1.,0.,0.));
#127410=VECTOR('',#127400,1.);
#127420=LINE('',#127390,#127410);
#127430=CARTESIAN_POINT('',(13.1712511141897,16.4738003574349,
1.11022302462516E-16));
#127440=VERTEX_POINT('',#127430);
#127450=EDGE_CURVE('',#127440,#127360,#127420,.T.);
#127460=ORIENTED_EDGE('',*,*,#127450,.T.);
#127470=CARTESIAN_POINT('',(-1.55431223446994E-14,38.0000000000004,
6.3540284145347E-12));
#127480=DIRECTION('',(8.31685356444616E-15,-1.20532467984799E-13,1.));
#127490=DIRECTION('',(0.,1.,1.20532467984799E-13));
#127500=AXIS2_PLACEMENT_3D('',#127470,#127480,#127490);
#127510=CIRCLE('',#127500,25.2360679774927);
#127520=CARTESIAN_POINT('',(-13.1712511141897,16.4738003574349,
1.11022302462516E-16));
#127530=VERTEX_POINT('',#127520);
#127540=EDGE_CURVE('',#127530,#127440,#127510,.T.);
#127550=ORIENTED_EDGE('',*,*,#127540,.T.);
#127560=CARTESIAN_POINT('',(0.,16.4738003574349,1.11022302462516E-16));
#127570=DIRECTION('',(1.,0.,0.));
#127580=VECTOR('',#127570,1.);
#127590=LINE('',#127560,#127580);
#127600=CARTESIAN_POINT('',(-17.4738193959028,16.4738003574349,
1.11022302462516E-16));
#127610=VERTEX_POINT('',#127600);
#127620=EDGE_CURVE('',#127610,#127530,#127590,.T.);
#127630=ORIENTED_EDGE('',*,*,#127620,.T.);
#127640=CARTESIAN_POINT('',(-17.4738193788537,16.4738004145829,0.));
#127650=CARTESIAN_POINT('',(-17.4894375517293,16.4738004590332,0.));
#127660=CARTESIAN_POINT('',(-17.5050471716711,16.473068696347,0.));
#127670=CARTESIAN_POINT('',(-17.5783117081952,16.4661841832111,0.));
#127680=CARTESIAN_POINT('',(-17.6348351642923,16.4507470126102,0.));
#127690=CARTESIAN_POINT('',(-17.7394779741276,16.4012600984854,0.));
#127700=CARTESIAN_POINT('',(-17.7867644206011,16.3679588470138,0.));
#127710=CARTESIAN_POINT('',(-17.8273616338074,16.3273616338074,0.));
#127720=CARTESIAN_POINT('',(-17.8859885342419,16.268734733373,0.));
#127730=CARTESIAN_POINT('',(-17.9291153967899,16.1964468808424,0.));
#127740=CARTESIAN_POINT('',(-17.9622842938119,16.0854747152521,0.));
#127750=CARTESIAN_POINT('',(-17.9685378816311,16.053207251028,0.));
#127760=CARTESIAN_POINT('',(-17.9730659173183,16.0051023016503,0.));
#127770=CARTESIAN_POINT('',(-17.9738002638676,15.9894650957164,0.));
#127780=CARTESIAN_POINT('',(-17.9738003022641,15.9738192815074,0.));
#127790=B_SPLINE_CURVE_WITH_KNOTS('',3,(#127640,#127650,#127660,#127670,
#127680,#127690,#127700,#127710,#127720,#127730,#127740,#127750,#127760,
#127770,#127780),.UNSPECIFIED.,.F.,.F.,(4,2,2,3,2,2,4),(0.,
0.0705581787696286,0.33244555550325,0.590168501783539,0.962349159273633,
1.11008617131064,1.18083417817224),.UNSPECIFIED.);
#127800=CARTESIAN_POINT('',(-17.9738003574349,15.9738193959028,
1.11022302462516E-16));
#127810=VERTEX_POINT('',#127800);
#127820=EDGE_CURVE('',#127610,#127810,#127790,.T.);
#127830=ORIENTED_EDGE('',*,*,#127820,.F.);
#127840=CARTESIAN_POINT('',(-17.9738003574349,0.,1.11022302462516E-16));
#127850=DIRECTION('',(0.,1.,0.));
#127860=VECTOR('',#127850,1.);
#127870=LINE('',#127840,#127860);
#127880=CARTESIAN_POINT('',(-17.9738003574349,10.8551292434056,
1.11022302462516E-16));
#127890=VERTEX_POINT('',#127880);
#127900=EDGE_CURVE('',#127890,#127810,#127870,.T.);
#127910=ORIENTED_EDGE('',*,*,#127900,.T.);
#127920=CARTESIAN_POINT('',(-32.,1.11870145104854E-15,0.));
#127930=DIRECTION('',(0.,0.,1.));
#127940=DIRECTION('',(1.,0.,0.));
#127950=AXIS2_PLACEMENT_3D('',#127920,#127930,#127940);
#127960=CIRCLE('',#127950,17.736067977546);
#127970=CARTESIAN_POINT('',(-17.9738003574349,-10.8551292434056,
1.11022302462516E-16));
#127980=VERTEX_POINT('',#127970);
#127990=EDGE_CURVE('',#127980,#127890,#127960,.T.);
#128000=ORIENTED_EDGE('',*,*,#127990,.T.);
#128010=CARTESIAN_POINT('',(-17.9738003574349,0.,1.11022302462516E-16));
#128020=DIRECTION('',(0.,1.,0.));
#128030=VECTOR('',#128020,1.);
#128040=LINE('',#128010,#128030);
#128050=CARTESIAN_POINT('',(-17.9738003574349,-15.4738003574349,
1.11022302462516E-16));
#128060=VERTEX_POINT('',#128050);
#128070=EDGE_CURVE('',#128060,#127980,#128040,.T.);
#128080=ORIENTED_EDGE('',*,*,#128070,.T.);
#128090=CARTESIAN_POINT('',(0.,-15.4738003574349,1.11022302462516E-16));
#128100=DIRECTION('',(-1.,0.,0.));
#128110=VECTOR('',#128100,1.);
#128120=LINE('',#128090,#128110);
#128130=CARTESIAN_POINT('',(-17.,-15.4738003574349,1.11022302462516E-16)
);
#128140=VERTEX_POINT('',#128130);
#128150=EDGE_CURVE('',#128140,#128060,#128120,.T.);
#128160=ORIENTED_EDGE('',*,*,#128150,.T.);
#128170=CARTESIAN_POINT('',(-17.,0.,0.));
#128180=DIRECTION('',(0.,-1.,0.));
#128190=VECTOR('',#128180,1.);
#128200=LINE('',#128170,#128190);
#128210=CARTESIAN_POINT('',(-17.,-16.5,0.));
#128220=VERTEX_POINT('',#128210);
#128230=EDGE_CURVE('',#128140,#128220,#128200,.T.);
#128240=ORIENTED_EDGE('',*,*,#128230,.F.);
#128250=CARTESIAN_POINT('',(-15.7,-16.5,0.));
#128260=DIRECTION('',(-1.,0.,0.));
#128270=VECTOR('',#128260,1.);
#128280=LINE('',#128250,#128270);
#128290=EDGE_CURVE('',#117570,#128220,#128280,.T.);
#128300=ORIENTED_EDGE('',*,*,#128290,.T.);
#128310=ORIENTED_EDGE('',*,*,#117580,.T.);
#128320=CARTESIAN_POINT('',(0.,-15.4415109466091,1.11022302462516E-16));
#128330=DIRECTION('',(1.,0.,0.));
#128340=VECTOR('',#128330,1.);
#128350=LINE('',#128320,#128340);
#128360=EDGE_CURVE('',#117490,#29510,#128350,.T.);
#128370=ORIENTED_EDGE('',*,*,#128360,.F.);
#128380=EDGE_LOOP('',(#128370,#128310,#128300,#128240,#128160,#128080,
#128000,#127910,#127830,#127630,#127550,#127460,#127380,#127180,#127100,
#127010,#126930,#126850,#126840,#126780));
#128390=FACE_OUTER_BOUND('',#128380,.T.);
#128400=ADVANCED_FACE('',(#126770,#128390),#125390,.F.);
#128410=COLOUR_RGB('',0.,0.239215701818466,0.501960813999176);
#128420=FILL_AREA_STYLE_COLOUR('',#128410);
#128430=FILL_AREA_STYLE('',(#128420));
#128440=SURFACE_STYLE_FILL_AREA(#128430);
#128450=SURFACE_SIDE_STYLE('',(#128440));
#128460=SURFACE_STYLE_USAGE(.BOTH.,#128450);
#128470=PRESENTATION_STYLE_ASSIGNMENT((#128460));
#128480=CARTESIAN_POINT('',(7.25438256403867,7.70442068752287,0.));
#128490=CARTESIAN_POINT('',(7.25438256403867,7.68095348206829,0.));
#128500=CARTESIAN_POINT('',(7.25438247308825,7.65748625369807,
1.11022302462516E-16));
#128510=CARTESIAN_POINT('',(7.25438247308825,6.15601271410614,
1.11022302462516E-16));
#128520=CARTESIAN_POINT('',(7.25438247308825,4.67800635705308,
1.11022302462516E-16));
#128530=CARTESIAN_POINT('',(7.25438247308825,1.72199363744134,
1.11022302462516E-16));
#128540=CARTESIAN_POINT('',(7.25438247308825,0.243987274882657,
1.11022302462516E-16));
#128550=CARTESIAN_POINT('',(7.25438247308825,-1.25748639156545,
1.11022302462516E-16));
#128560=CARTESIAN_POINT('',(7.25438233031614,-1.28095399501262,0.));
#128570=CARTESIAN_POINT('',(7.25438233031614,-1.30442144868099,0.));
#128580=CARTESIAN_POINT('',(6.96351200993994,7.70468618560831,0.));
#128590=CARTESIAN_POINT('',(6.96351193196963,7.68111637723545,0.));
#128600=CARTESIAN_POINT('',(6.9635118545778,7.65748425133382,
1.11022302462516E-16));
#128610=CARTESIAN_POINT('',(6.96351185994215,6.15601271410614,
1.11022302462516E-16));
#128620=CARTESIAN_POINT('',(6.96351185994215,4.67800635705308,
1.11022302462516E-16));
#128630=CARTESIAN_POINT('',(6.96351185994215,1.72199363744134,
1.11022302462516E-16));
#128640=CARTESIAN_POINT('',(6.96351185994216,0.243987274882657,
1.11022302462516E-16));
#128650=CARTESIAN_POINT('',(6.96351185994219,-1.25748639156545,
1.11022302462516E-16));
#128660=CARTESIAN_POINT('',(6.96351175888926,-1.28095399501262,0.));
#128670=CARTESIAN_POINT('',(6.96351175888895,-1.30442144868099,0.));
#128680=CARTESIAN_POINT('',(6.75693980483349,7.70441356273182,
0.204777131968983));
#128690=CARTESIAN_POINT('',(6.75693980455109,7.6809491033818,
0.204777164328762));
#128700=CARTESIAN_POINT('',(6.75693980426778,7.65748630639528,
0.204777196793254));
#128710=CARTESIAN_POINT('',(6.75693980428721,6.15601271410614,
0.204777194566388));
#128720=CARTESIAN_POINT('',(6.75693980428722,4.67800635705308,
0.204777194566387));
#128730=CARTESIAN_POINT('',(6.75693980428722,1.72199363744134,
0.204777194566386));
#128740=CARTESIAN_POINT('',(6.75693980428722,0.243987274882657,
0.204777194566388));
#128750=CARTESIAN_POINT('',(6.75693980428722,-1.25748639156545,
0.204777194566423));
#128760=CARTESIAN_POINT('',(6.75693980391801,-1.28095339590463,
0.20477723687331));
#128770=CARTESIAN_POINT('',(6.75693980391801,-1.30442055001893,
0.204777236872997));
#128780=CARTESIAN_POINT('',(6.75440151156106,7.70442055002898,
0.495636731689151));
#128790=CARTESIAN_POINT('',(6.75440151156106,7.68095339040572,
0.495636731689151));
#128800=CARTESIAN_POINT('',(6.75440151155616,7.65748625369807,
0.495636732250813));
#128810=CARTESIAN_POINT('',(6.75440151155616,6.15601271410614,
0.495636732250813));
#128820=CARTESIAN_POINT('',(6.75440151155616,4.67800635705308,
0.495636732250813));
#128830=CARTESIAN_POINT('',(6.75440151155616,1.72199363744134,
0.495636732250813));
#128840=CARTESIAN_POINT('',(6.75440151155616,0.243987274882657,
0.495636732250813));
#128850=CARTESIAN_POINT('',(6.75440151155616,-1.25748639156545,
0.495636732250813));
#128860=CARTESIAN_POINT('',(6.75440151155102,-1.28095339590463,
0.495636732840101));
#128870=CARTESIAN_POINT('',(6.75440151155102,-1.30442055001893,
0.495636732840101));
#128880=(BOUNDED_SURFACE() B_SPLINE_SURFACE(3,3,((#128480,#128580,
#128680,#128780),(#128490,#128590,#128690,#128790),(#128500,#128600,
#128700,#128800),(#128510,#128610,#128710,#128810),(#128520,#128620,
#128720,#128820),(#128530,#128630,#128730,#128830),(#128540,#128640,
#128740,#128840),(#128550,#128650,#128750,#128850),(#128560,#128660,
#128760,#128860),(#128570,#128670,#128770,#128870)),.UNSPECIFIED.,.F.,
.F.,.F.) B_SPLINE_SURFACE_WITH_KNOTS((4,2,2,2,4),(4,4),(0.,
0.0704015476166181,4.50442061877581,8.93843970645184,9.00884161812012),(
0.,1.),.UNSPECIFIED.) GEOMETRIC_REPRESENTATION_ITEM() 
RATIONAL_B_SPLINE_SURFACE(((1.,0.806790151671106,0.806790151671106,1.),(
1.,0.80679024164318,0.80679024164318,1.),(1.,0.806790256607031,
0.806790256607031,1.),(1.,0.806790250415523,0.806790250415523,1.),(1.,
0.806790250415524,0.806790250415524,1.),(1.,0.806790250415523,
0.806790250415523,1.),(1.,0.806790250415523,0.806790250415523,1.),(1.,
0.806790250415559,0.806790250415559,1.),(1.,0.806790250415459,
0.806790250415459,1.),(1.,0.806790250415139,0.806790250415139,1.))) 
REPRESENTATION_ITEM('') SURFACE());
#128890=CARTESIAN_POINT('',(6.75440151156106,7.70442055002898,
0.495636731689152));
#128900=CARTESIAN_POINT('',(6.75693980483349,7.70441356273182,
0.204777131968983));
#128910=CARTESIAN_POINT('',(6.96351200993994,7.70468618560831,0.));
#128920=CARTESIAN_POINT('',(7.25438256403867,7.70442068752287,0.));
#128930=(BOUNDED_CURVE() B_SPLINE_CURVE(3,(#128890,#128900,#128910,
#128920),.UNSPECIFIED.,.F.,.F.) B_SPLINE_CURVE_WITH_KNOTS((4,4),(0.,1.),
.UNSPECIFIED.) CURVE() GEOMETRIC_REPRESENTATION_ITEM() 
RATIONAL_B_SPLINE_CURVE((1.,0.806790151671107,0.806790151671107,1.)) 
REPRESENTATION_ITEM(''));
#128940=CARTESIAN_POINT('',(6.75440151156106,7.70442055002898,
0.495636731689152));
#128950=VERTEX_POINT('',#128940);
#128960=EDGE_CURVE('',#128950,#126270,#128930,.T.);
#128970=ORIENTED_EDGE('',*,*,#128960,.T.);
#128980=CARTESIAN_POINT('',(6.75440151156106,7.70442055002898,
0.495636731689151));
#128990=CARTESIAN_POINT('',(6.75440151156106,7.68095339040572,
0.495636731689151));
#129000=CARTESIAN_POINT('',(6.75440151155616,7.65748625369807,
0.495636732250813));
#129010=CARTESIAN_POINT('',(6.75440151155616,6.15601271410614,
0.495636732250813));
#129020=CARTESIAN_POINT('',(6.75440151155616,4.67800635705308,
0.495636732250813));
#129030=CARTESIAN_POINT('',(6.75440151155616,1.72199363744134,
0.495636732250813));
#129040=CARTESIAN_POINT('',(6.75440151155616,0.243987274882657,
0.495636732250813));
#129050=CARTESIAN_POINT('',(6.75440151155616,-1.25748639156545,
0.495636732250813));
#129060=CARTESIAN_POINT('',(6.75440151155102,-1.28095339590463,
0.495636732840101));
#129070=CARTESIAN_POINT('',(6.75440151155102,-1.30442055001893,
0.495636732840101));
#129080=B_SPLINE_CURVE_WITH_KNOTS('',3,(#128980,#128990,#129000,#129010,
#129020,#129030,#129040,#129050,#129060,#129070),.UNSPECIFIED.,.F.,.F.,(
4,2,2,2,4),(0.,0.0704015476166181,4.50442061877581,8.93843970645184,
9.00884161812012),.UNSPECIFIED.);
#129090=CARTESIAN_POINT('',(6.75440151155102,-1.30442055001893,
0.495636732840101));
#129100=VERTEX_POINT('',#129090);
#129110=EDGE_CURVE('',#128950,#129100,#129080,.T.);
#129120=ORIENTED_EDGE('',*,*,#129110,.F.);
#129130=CARTESIAN_POINT('',(7.25438233031614,-1.30442144868099,0.));
#129140=CARTESIAN_POINT('',(6.96351175888895,-1.30442144868099,0.));
#129150=CARTESIAN_POINT('',(6.75693980391801,-1.30442055001893,
0.204777236872997));
#129160=CARTESIAN_POINT('',(6.75440151155102,-1.30442055001893,
0.495636732840101));
#129170=(BOUNDED_CURVE() B_SPLINE_CURVE(3,(#129130,#129140,#129150,
#129160),.UNSPECIFIED.,.F.,.F.) B_SPLINE_CURVE_WITH_KNOTS((4,4),(0.,1.),
.UNSPECIFIED.) CURVE() GEOMETRIC_REPRESENTATION_ITEM() 
RATIONAL_B_SPLINE_CURVE((1.,0.806790250415138,0.806790250415138,1.)) 
REPRESENTATION_ITEM(''));
#129180=EDGE_CURVE('',#126420,#129100,#129170,.T.);
#129190=ORIENTED_EDGE('',*,*,#129180,.T.);
#129200=ORIENTED_EDGE('',*,*,#126430,.T.);
#129210=EDGE_LOOP('',(#129200,#129190,#129120,#128970));
#129220=FACE_OUTER_BOUND('',#129210,.T.);
#129230=ADVANCED_FACE('',(#129220),#128880,.T.);
#129240=CARTESIAN_POINT('',(6.25442055002898,-1.80440151156106,
0.495636731689152));
#129250=CARTESIAN_POINT('',(6.27003892592118,-1.8044027007639,
0.49550046254171));
#129260=CARTESIAN_POINT('',(6.28564892796481,-1.80367226126804,
0.495370651453005));
#129270=CARTESIAN_POINT('',(6.35891706447483,-1.79679331184085,
0.494791458235897));
#129280=CARTESIAN_POINT('',(6.41544430643051,-1.78135977796566,
0.494432948092424));
#129290=CARTESIAN_POINT('',(6.52009325529622,-1.73187631447766,
0.493951672807198));
#129300=CARTESIAN_POINT('',(6.56738071688583,-1.69857639943812,
0.493829642512195));
#129310=CARTESIAN_POINT('',(6.60797855816197,-1.65797855816197,
0.493829642512195));
#129320=CARTESIAN_POINT('',(6.6666063452624,-1.59935077106154,
0.493829642512195));
#129330=CARTESIAN_POINT('',(6.70973025013929,-1.52706070537816,
0.494084094227142));
#129340=CARTESIAN_POINT('',(6.74289335601092,-1.41608269867229,
0.494762967771667));
#129350=CARTESIAN_POINT('',(6.749145004359,-1.38381227777647,
0.494989961010164));
#129360=CARTESIAN_POINT('',(6.75366948140219,-1.33570416828305,
0.495370193776995));
#129370=CARTESIAN_POINT('',(6.75440270284696,-1.32006658707961,
0.495500223846331));
#129380=CARTESIAN_POINT('',(6.75440151155102,-1.30442055001893,
0.495636732840101));
#129390=CARTESIAN_POINT('',(6.25442055002897,-1.80693980453365,
0.204777166327231));
#129400=CARTESIAN_POINT('',(6.27013064112271,-1.80702125296877,
0.204705137378737));
#129410=CARTESIAN_POINT('',(6.28579860904545,-1.80635451119599,
0.204633734242481));
#129420=CARTESIAN_POINT('',(6.35951895514315,-1.79975645906011,
0.204320097730049));
#129430=CARTESIAN_POINT('',(6.41652076503242,-1.7844264066504,
0.204135339262968));
#129440=CARTESIAN_POINT('',(6.52189410780487,-1.73490651707443,
0.203878648161216));
#129450=CARTESIAN_POINT('',(6.5696555590345,-1.70136341567788,
0.203813878139227));
#129460=CARTESIAN_POINT('',(6.61050946453839,-1.66050946453839,
0.203816497235334));
#129470=CARTESIAN_POINT('',(6.66950709651338,-1.60151191698238,
0.203810876647406));
#129480=CARTESIAN_POINT('',(6.71289389082577,-1.52846504754969,
0.203944633198376));
#129490=CARTESIAN_POINT('',(6.7458582994906,-1.41678680859632,
0.20431200584502));
#129500=CARTESIAN_POINT('',(6.75201192291083,-1.3842964301978,
0.20442949525039));
#129510=CARTESIAN_POINT('',(6.75634291661192,-1.3358891656607,
0.204631236242228));
#129520=CARTESIAN_POINT('',(6.75702114811549,-1.32017225414435,
0.204704627884663));
#129530=CARTESIAN_POINT('',(6.75693980391801,-1.30442055001893,
0.204777236872997));
#129540=CARTESIAN_POINT('',(6.25442069348241,-2.01351192715604,0.));
#129550=CARTESIAN_POINT('',(6.27571380438789,-2.01360172204634,
-1.05434606281608E-14));
#129560=CARTESIAN_POINT('',(6.29936055518701,-2.01258467514852,
-3.89667873929583E-13));
#129570=CARTESIAN_POINT('',(6.40329585080302,-2.00282631322227,
-3.82877006747995E-13));
#129580=CARTESIAN_POINT('',(6.4819097409251,-1.98171506245387,
-3.81301116332376E-13));
#129590=CARTESIAN_POINT('',(6.63250697284682,-1.91068343436627,
-3.77896741040866E-13));
#129600=CARTESIAN_POINT('',(6.69788082700965,-1.86471673145034,
7.10058587962849E-17));
#129610=CARTESIAN_POINT('',(6.75641914698316,-1.80641914698316,
3.64305703560032E-16));
#129620=CARTESIAN_POINT('',(6.84034865641214,-1.72189897682259,
2.3481067212799E-16));
#129630=CARTESIAN_POINT('',(6.8997326197009,-1.62255961085098,
-3.90993625669835E-13));
#129640=CARTESIAN_POINT('',(6.94781037574932,-1.46203816022852,
-3.89804346597784E-13));
#129650=CARTESIAN_POINT('',(6.95641835878217,-1.41635065468722,
-3.91039153456582E-13));
#129660=CARTESIAN_POINT('',(6.96263089562597,-1.34848874174459,
-3.99549809086276E-13));
#129670=CARTESIAN_POINT('',(6.96359881507376,-1.32533381965026,
-1.0782267302015E-14));
#129680=CARTESIAN_POINT('',(6.96351175888895,-1.30442144868099,0.));
#129690=CARTESIAN_POINT('',(6.25442069348241,-2.30438256798069,0.));
#129700=CARTESIAN_POINT('',(6.28565555436283,-2.30438262156782,0.));
#129710=CARTESIAN_POINT('',(6.31687309936333,-2.30291919906233,0.));
#129720=CARTESIAN_POINT('',(6.4633999804327,-2.28915086465259,0.));
#129730=CARTESIAN_POINT('',(6.57644871048758,-2.25827721120606,0.));
#129740=CARTESIAN_POINT('',(6.78573491823338,-2.15930344002483,0.));
#129750=CARTESIAN_POINT('',(6.88031053839922,-2.09269951326758,0.));
#129760=CARTESIAN_POINT('',(6.9615050258334,-2.0115050258334,0.));
#129770=CARTESIAN_POINT('',(7.07875887415111,-1.89425117751569,0.));
#129780=CARTESIAN_POINT('',(7.16501336250536,-1.74967204981938,0.));
#129790=CARTESIAN_POINT('',(7.23135070845908,-1.52773027632137,0.));
#129800=CARTESIAN_POINT('',(7.24385796660889,-1.46319373621505,0.));
#129810=CARTESIAN_POINT('',(7.2529136413179,-1.36698427710763,0.));
#129820=CARTESIAN_POINT('',(7.25438221089751,-1.33571154129696,0.));
#129830=CARTESIAN_POINT('',(7.25438233031614,-1.30442144868099,0.));
#129840=(BOUNDED_SURFACE() B_SPLINE_SURFACE(3,3,((#129240,#129390,
#129540,#129690),(#129250,#129400,#129550,#129700),(#129260,#129410,
#129560,#129710),(#129270,#129420,#129570,#129720),(#129280,#129430,
#129580,#129730),(#129290,#129440,#129590,#129740),(#129300,#129450,
#129600,#129750),(#129310,#129460,#129610,#129760),(#129320,#129470,
#129620,#129770),(#129330,#129480,#129630,#129780),(#129340,#129490,
#129640,#129790),(#129350,#129500,#129650,#129800),(#129360,#129510,
#129660,#129810),(#129370,#129520,#129670,#129820),(#129380,#129530,
#129680,#129830)),.UNSPECIFIED.,.F.,.F.,.F.) B_SPLINE_SURFACE_WITH_KNOTS
((4,2,2,3,2,2,4),(4,4),(0.,0.070559028659562,0.332458044636689,
0.590183101043247,0.962366673798611,1.11011431044235,1.1808632576554),(
0.,1.),.UNSPECIFIED.) GEOMETRIC_REPRESENTATION_ITEM() 
RATIONAL_B_SPLINE_SURFACE(((1.,0.806790250415514,0.806790250415514,1.),(
1.,0.806855613962189,0.806855613962189,1.),(1.,0.806910157647111,
0.806910157647111,1.),(1.,0.807166583308086,0.807166583308086,1.),(1.,
0.807350900995207,0.807350900995207,1.),(1.,0.807573285857998,
0.807573285857998,1.),(1.,0.807630486214454,0.807630486214454,1.),(1.,
0.807637669522571,0.807637669522571,1.),(1.,0.807622331985611,
0.807622331985611,1.),(1.,0.807499520563439,0.807499520563439,1.),(1.,
0.807199317531692,0.807199317531692,1.),(1.,0.807084224104042,
0.807084224104042,1.),(1.,0.8069041859891,0.8069041859891,1.),(1.,
0.806854355960016,0.806854355960016,1.),(1.,0.806790250415139,
0.806790250415139,1.))) REPRESENTATION_ITEM('') SURFACE());
#129850=CARTESIAN_POINT('',(6.25442069348241,-2.30438256798069,0.));
#129860=CARTESIAN_POINT('',(6.25442069348241,-2.01351192715604,0.));
#129870=CARTESIAN_POINT('',(6.25442055002898,-1.80693980453365,
0.204777166327231));
#129880=CARTESIAN_POINT('',(6.25442055002898,-1.80440151156106,
0.495636731689152));
#129890=(BOUNDED_CURVE() B_SPLINE_CURVE(3,(#129850,#129860,#129870,
#129880),.UNSPECIFIED.,.F.,.F.) B_SPLINE_CURVE_WITH_KNOTS((4,4),(0.,1.),
.UNSPECIFIED.) CURVE() GEOMETRIC_REPRESENTATION_ITEM() 
RATIONAL_B_SPLINE_CURVE((1.,0.806790250415514,0.806790250415514,1.)) 
REPRESENTATION_ITEM(''));
#129900=CARTESIAN_POINT('',(6.25442055002898,-1.80440151156106,
0.495636731689152));
#129910=VERTEX_POINT('',#129900);
#129920=EDGE_CURVE('',#126620,#129910,#129890,.T.);
#129930=ORIENTED_EDGE('',*,*,#129920,.T.);
#129940=ORIENTED_EDGE('',*,*,#126630,.F.);
#129950=ORIENTED_EDGE('',*,*,#129180,.F.);
#129960=CARTESIAN_POINT('',(6.25442055002898,-1.80440151156106,
0.495636731689152));
#129970=CARTESIAN_POINT('',(6.27003892592118,-1.8044027007639,
0.49550046254171));
#129980=CARTESIAN_POINT('',(6.28564892796481,-1.80367226126804,
0.495370651453005));
#129990=CARTESIAN_POINT('',(6.35891706447483,-1.79679331184085,
0.494791458235897));
#130000=CARTESIAN_POINT('',(6.41544430643051,-1.78135977796566,
0.494432948092424));
#130010=CARTESIAN_POINT('',(6.52009325529622,-1.73187631447766,
0.493951672807198));
#130020=CARTESIAN_POINT('',(6.56738071688583,-1.69857639943812,
0.493829642512195));
#130030=CARTESIAN_POINT('',(6.60797855816197,-1.65797855816197,
0.493829642512195));
#130040=CARTESIAN_POINT('',(6.6666063452624,-1.59935077106154,
0.493829642512195));
#130050=CARTESIAN_POINT('',(6.70973025013929,-1.52706070537816,
0.494084094227142));
#130060=CARTESIAN_POINT('',(6.74289335601092,-1.41608269867229,
0.494762967771667));
#130070=CARTESIAN_POINT('',(6.749145004359,-1.38381227777647,
0.494989961010164));
#130080=CARTESIAN_POINT('',(6.75366948140219,-1.33570416828305,
0.495370193776995));
#130090=CARTESIAN_POINT('',(6.75440270284696,-1.32006658707961,
0.495500223846331));
#130100=CARTESIAN_POINT('',(6.75440151155102,-1.30442055001893,
0.495636732840101));
#130110=B_SPLINE_CURVE_WITH_KNOTS('',3,(#129960,#129970,#129980,#129990,
#130000,#130010,#130020,#130030,#130040,#130050,#130060,#130070,#130080,
#130090,#130100),.UNSPECIFIED.,.F.,.F.,(4,2,2,3,2,2,4),(0.,
0.070559028659562,0.332458044636689,0.590183101043247,0.962366673798611,
1.11011431044235,1.1808632576554),.UNSPECIFIED.);
#130120=EDGE_CURVE('',#129910,#129100,#130110,.T.);
#130130=ORIENTED_EDGE('',*,*,#130120,.T.);
#130140=EDGE_LOOP('',(#130130,#129950,#129940,#129930));
#130150=FACE_OUTER_BOUND('',#130140,.T.);
#130160=ADVANCED_FACE('',(#130150),#129840,.T.);
#130170=CARTESIAN_POINT('',(6.7544206935824,-2.30438247308825,
1.11022302462516E-16));
#130180=CARTESIAN_POINT('',(4.50294712905493,-2.30438247308825,
1.11022302462516E-16));
#130190=CARTESIAN_POINT('',(2.25147356452747,-2.30438247308825,
1.11022302462516E-16));
#130200=CARTESIAN_POINT('',(-2.06133969603849,-2.30438247308825,
1.11022302462516E-16));
#130210=CARTESIAN_POINT('',(-4.12267939207699,-2.30438247308825,
1.11022302462516E-16));
#130220=CARTESIAN_POINT('',(-6.20748639834993,-2.30438247308825,
1.11022302462516E-16));
#130230=CARTESIAN_POINT('',(-6.23095402112579,-2.30438232412804,0.));
#130240=CARTESIAN_POINT('',(-6.25442148763102,-2.30438232412804,0.));
#130250=CARTESIAN_POINT('',(6.7544206935824,-2.01351185994215,
1.11022302462516E-16));
#130260=CARTESIAN_POINT('',(4.50294712905493,-2.01351185994215,
1.11022302462516E-16));
#130270=CARTESIAN_POINT('',(2.25147356452747,-2.01351185994215,
1.11022302462516E-16));
#130280=CARTESIAN_POINT('',(-2.06133969603849,-2.01351185994215,
1.11022302462516E-16));
#130290=CARTESIAN_POINT('',(-4.12267939207699,-2.01351185994215,
1.11022302462516E-16));
#130300=CARTESIAN_POINT('',(-6.20748639834993,-2.01351185994219,
1.11022302462516E-16));
#130310=CARTESIAN_POINT('',(-6.23095402112579,-2.01351175451687,0.));
#130320=CARTESIAN_POINT('',(-6.25442148763102,-2.01351175451653,0.));
#130330=CARTESIAN_POINT('',(6.7544206935824,-1.80693980428722,
0.204777194566388));
#130340=CARTESIAN_POINT('',(4.50294712905493,-1.80693980428722,
0.204777194566388));
#130350=CARTESIAN_POINT('',(2.25147356452747,-1.80693980428722,
0.204777194566388));
#130360=CARTESIAN_POINT('',(-2.06133969603849,-1.80693980428722,
0.204777194566388));
#130370=CARTESIAN_POINT('',(-4.12267939207699,-1.80693980428722,
0.204777194566388));
#130380=CARTESIAN_POINT('',(-6.20748639834993,-1.80693980428722,
0.204777194566426));
#130390=CARTESIAN_POINT('',(-6.23095339605112,-1.80693980390216,
0.204777238688947));
#130400=CARTESIAN_POINT('',(-6.25442055001893,-1.80693980390217,
0.204777238688605));
#130410=CARTESIAN_POINT('',(6.7544206935824,-1.80440151155616,
0.495636732250813));
#130420=CARTESIAN_POINT('',(4.50294712905493,-1.80440151155616,
0.495636732250813));
#130430=CARTESIAN_POINT('',(2.25147356452747,-1.80440151155616,
0.495636732250813));
#130440=CARTESIAN_POINT('',(-2.06133969603849,-1.80440151155616,
0.495636732250813));
#130450=CARTESIAN_POINT('',(-4.12267939207699,-1.80440151155616,
0.495636732250813));
#130460=CARTESIAN_POINT('',(-6.20748639834993,-1.80440151155616,
0.495636732250813));
#130470=CARTESIAN_POINT('',(-6.23095339605112,-1.80440151155102,
0.495636732840101));
#130480=CARTESIAN_POINT('',(-6.25442055001893,-1.80440151155102,
0.495636732840101));
#130490=(BOUNDED_SURFACE() B_SPLINE_SURFACE(3,3,((#130170,#130250,
#130330,#130410),(#130180,#130260,#130340,#130420),(#130190,#130270,
#130350,#130430),(#130200,#130280,#130360,#130440),(#130210,#130290,
#130370,#130450),(#130220,#130300,#130380,#130460),(#130230,#130310,
#130390,#130470),(#130240,#130320,#130400,#130480)),.UNSPECIFIED.,.F.,
.F.,.F.) B_SPLINE_SURFACE_WITH_KNOTS((4,2,2,4),(4,4),(-6.75442069358239,
0.,6.1840190881155,6.25442101881882),(0.,1.),.UNSPECIFIED.) 
GEOMETRIC_REPRESENTATION_ITEM() RATIONAL_B_SPLINE_SURFACE(((1.,
0.806790250415523,0.806790250415523,1.),(1.,0.806790250415523,
0.806790250415523,1.),(1.,0.806790250415523,0.806790250415523,1.),(1.,
0.806790250415523,0.806790250415523,1.),(1.,0.806790250415524,
0.806790250415524,1.),(1.,0.806790250415562,0.806790250415562,1.),(1.,
0.806790250415452,0.806790250415452,1.),(1.,0.806790250415103,
0.806790250415103,1.))) REPRESENTATION_ITEM('') SURFACE());
#130500=ORIENTED_EDGE('',*,*,#129920,.F.);
#130510=CARTESIAN_POINT('',(6.75442055002893,-1.80440151155616,
0.495636732250813));
#130520=CARTESIAN_POINT('',(4.50294703335263,-1.80440151155616,
0.495636732250813));
#130530=CARTESIAN_POINT('',(2.25147351667632,-1.80440151155616,
0.495636732250813));
#130540=CARTESIAN_POINT('',(-2.06133969603849,-1.80440151155616,
0.495636732250813));
#130550=CARTESIAN_POINT('',(-4.12267939207699,-1.80440151155616,
0.495636732250813));
#130560=CARTESIAN_POINT('',(-6.20748639834993,-1.80440151155616,
0.495636732250813));
#130570=CARTESIAN_POINT('',(-6.23095339605112,-1.80440151155102,
0.495636732840101));
#130580=CARTESIAN_POINT('',(-6.25442055001893,-1.80440151155102,
0.495636732840101));
#130590=B_SPLINE_CURVE_WITH_KNOTS('',3,(#130510,#130520,#130530,#130540,
#130550,#130560,#130570,#130580),.UNSPECIFIED.,.F.,.F.,(4,2,2,4),(
-6.75442055002893,0.,6.1840190881155,6.25442101881882),.UNSPECIFIED.);
#130600=CARTESIAN_POINT('',(-6.25442055001893,-1.80440151155102,
0.495636732840101));
#130610=VERTEX_POINT('',#130600);
#130620=EDGE_CURVE('',#129910,#130610,#130590,.T.);
#130630=ORIENTED_EDGE('',*,*,#130620,.F.);
#130640=CARTESIAN_POINT('',(-6.25442148763102,-2.30438232412804,0.));
#130650=CARTESIAN_POINT('',(-6.25442148763102,-2.01351175451653,0.));
#130660=CARTESIAN_POINT('',(-6.25442055001893,-1.80693980390217,
0.204777238688605));
#130670=CARTESIAN_POINT('',(-6.25442055001893,-1.80440151155102,
0.495636732840101));
#130680=(BOUNDED_CURVE() B_SPLINE_CURVE(3,(#130640,#130650,#130660,
#130670),.UNSPECIFIED.,.F.,.F.) B_SPLINE_CURVE_WITH_KNOTS((4,4),(0.,1.),
.UNSPECIFIED.) CURVE() GEOMETRIC_REPRESENTATION_ITEM() 
RATIONAL_B_SPLINE_CURVE((1.,0.806790250415103,0.806790250415103,1.)) 
REPRESENTATION_ITEM(''));
#130690=EDGE_CURVE('',#125590,#130610,#130680,.T.);
#130700=ORIENTED_EDGE('',*,*,#130690,.T.);
#130710=ORIENTED_EDGE('',*,*,#126740,.T.);
#130720=EDGE_LOOP('',(#130710,#130700,#130630,#130500));
#130730=FACE_OUTER_BOUND('',#130720,.T.);
#130740=ADVANCED_FACE('',(#130730),#130490,.T.);
#130750=CARTESIAN_POINT('',(6.75440151156106,7.70442055002898,
0.495636731689152));
#130760=CARTESIAN_POINT('',(6.75440270076389,7.72003892585914,
0.495500462542251));
#130770=CARTESIAN_POINT('',(6.75367226131881,7.73564892736195,
0.495370651457822));
#130780=CARTESIAN_POINT('',(6.74679331187386,7.80891706435392,
0.494791458236664));
#130790=CARTESIAN_POINT('',(6.73135977799233,7.8654443063741,
0.494432948092683));
#130800=CARTESIAN_POINT('',(6.68187631447765,7.97009325529622,
0.493951672807198));
#130810=CARTESIAN_POINT('',(6.64857639943812,8.01738071688583,
0.493829642512195));
#130820=CARTESIAN_POINT('',(6.60797855816197,8.05797855816197,
0.493829642512195));
#130830=CARTESIAN_POINT('',(6.54935077106154,8.1166063452624,
0.493829642512195));
#130840=CARTESIAN_POINT('',(6.47706070537816,8.15973025013929,
0.494084094227143));
#130850=CARTESIAN_POINT('',(6.36608269857802,8.19289335603909,
0.494762967772244));
#130860=CARTESIAN_POINT('',(6.33381227758354,8.19914500439638,
0.494989961011522));
#130870=CARTESIAN_POINT('',(6.28570417134191,8.2036694811053,
0.495370193752899));
#130880=CARTESIAN_POINT('',(6.27006658698189,8.20440270284695,
0.495500223847184));
#130890=CARTESIAN_POINT('',(6.25442055001893,8.20440151155102,
0.495636732840101));
#130900=CARTESIAN_POINT('',(6.75693980483349,7.70441356273182,
0.204777131968982));
#130910=CARTESIAN_POINT('',(6.7570214638284,7.72012635436664,
0.204705238271287));
#130920=CARTESIAN_POINT('',(6.75635450647543,7.73579866124384,
0.204633631585693));
#130930=CARTESIAN_POINT('',(6.7497564590929,7.80951895502122,
0.20432009773045));
#130940=CARTESIAN_POINT('',(6.73442640667709,7.86652076497562,
0.204135339263101));
#130950=CARTESIAN_POINT('',(6.68490651707443,7.97189410780487,
0.203878648161215));
#130960=CARTESIAN_POINT('',(6.65136341567788,8.01965555903451,
0.203813878139227));
#130970=CARTESIAN_POINT('',(6.61050946453839,8.06050946453838,
0.203816497235334));
#130980=CARTESIAN_POINT('',(6.55151191698238,8.11950709651338,
0.203810876647407));
#130990=CARTESIAN_POINT('',(6.47846504754968,8.16289389082577,
0.203944633198374));
#131000=CARTESIAN_POINT('',(6.36678680850146,8.1958582995186,
0.204312005845323));
#131010=CARTESIAN_POINT('',(6.33429643000356,8.20201192294763,
0.204429495251097));
#131020=CARTESIAN_POINT('',(6.28588916873879,8.20634291632794,
0.204631236162293));
#131030=CARTESIAN_POINT('',(6.27017225404644,8.20702114810241,
0.204704629307349));
#131040=CARTESIAN_POINT('',(6.25442055001893,8.20693980390216,
0.204777238688604));
#131050=CARTESIAN_POINT('',(6.96351200993994,7.70468618560831,0.));
#131060=CARTESIAN_POINT('',(6.96359153571141,7.72587694960535,
-1.05445278544577E-14));
#131070=CARTESIAN_POINT('',(6.96258349006182,7.74935818234173,
-3.89673630119043E-13));
#131080=CARTESIAN_POINT('',(6.95282631326806,7.85329585063487,
-3.82877006750632E-13));
#131090=CARTESIAN_POINT('',(6.93171506249164,7.93190974084385,
-3.81301116334697E-13));
#131100=CARTESIAN_POINT('',(6.86068343436627,8.08250697284682,
-3.77896741040867E-13));
#131110=CARTESIAN_POINT('',(6.81471673145033,8.14788082700966,
7.10058587967892E-17));
#131120=CARTESIAN_POINT('',(6.75641914698316,8.20641914698316,
3.64305703560033E-16));
#131130=CARTESIAN_POINT('',(6.67189897682259,8.29034865641215,
2.34823183311899E-16));
#131140=CARTESIAN_POINT('',(6.57255961085097,8.34973261970089,
-3.90956578828469E-13));
#131150=CARTESIAN_POINT('',(6.41203816009212,8.39781037578966,
-3.89767376483099E-13));
#131160=CARTESIAN_POINT('',(6.3663506544142,8.40641835883377,
-3.91184200806922E-13));
#131170=CARTESIAN_POINT('',(6.29848874604082,8.4126308951169,
-4.00026929250157E-13));
#131180=CARTESIAN_POINT('',(6.27533384534914,8.41359881026936,
-1.07953315252022E-14));
#131190=CARTESIAN_POINT('',(6.25442148763102,8.41351175451653,0.));
#131200=CARTESIAN_POINT('',(7.25438256403867,7.70442068752287,0.));
#131210=CARTESIAN_POINT('',(7.25438261762581,7.73565555020308,0.));
#131220=CARTESIAN_POINT('',(7.25291919916394,7.76687309815768,0.));
#131230=CARTESIAN_POINT('',(7.23915086471863,7.91339998019088,0.));
#131240=CARTESIAN_POINT('',(7.20827721125941,8.02644871037477,0.));
#131250=CARTESIAN_POINT('',(7.10930344002483,8.23573491823338,0.));
#131260=CARTESIAN_POINT('',(7.04269951326758,8.33031053839922,0.));
#131270=CARTESIAN_POINT('',(6.9615050258334,8.4115050258334,0.));
#131280=CARTESIAN_POINT('',(6.84425117751569,8.52875887415111,0.));
#131290=CARTESIAN_POINT('',(6.69967204981937,8.61501336250536,0.));
#131300=CARTESIAN_POINT('',(6.47773027613284,8.68135070851543,0.));
#131310=CARTESIAN_POINT('',(6.41319373582922,8.69385796668367,0.));
#131320=CARTESIAN_POINT('',(6.31698428322492,8.7029136407237,0.));
#131330=CARTESIAN_POINT('',(6.28571156697855,8.70438220470946,0.));
#131340=CARTESIAN_POINT('',(6.25442148763102,8.70438232412804,0.));
#131350=(BOUNDED_SURFACE() B_SPLINE_SURFACE(3,3,((#130750,#130900,
#131050,#131200),(#130760,#130910,#131060,#131210),(#130770,#130920,
#131070,#131220),(#130780,#130930,#131080,#131230),(#130790,#130940,
#131090,#131240),(#130800,#130950,#131100,#131250),(#130810,#130960,
#131110,#131260),(#130820,#130970,#131120,#131270),(#130830,#130980,
#131130,#131280),(#130840,#130990,#131140,#131290),(#130850,#131000,
#131150,#131300),(#130860,#131010,#131160,#131310),(#130870,#131020,
#131170,#131320),(#130880,#131030,#131180,#131330),(#130890,#131040,
#131190,#131340)),.UNSPECIFIED.,.F.,.F.,.F.) B_SPLINE_SURFACE_WITH_KNOTS
((4,2,2,3,2,2,4),(4,4),(0.,0.0705590305516721,0.332458046808906,
0.590183103215461,0.96236667597084,1.11011431305622,1.18086324504827),(
0.,1.),.UNSPECIFIED.) GEOMETRIC_REPRESENTATION_ITEM() 
RATIONAL_B_SPLINE_SURFACE(((1.,0.806790151671106,0.806790151671106,1.),(
1.,0.806855891975117,0.806855891975117,1.),(1.,0.806909873511725,
0.806909873511725,1.),(1.,0.807166583307706,0.807166583307706,1.),(1.,
0.807350900995072,0.807350900995072,1.),(1.,0.807573285857998,
0.807573285857998,1.),(1.,0.807630486214454,0.807630486214454,1.),(1.,
0.807637669522571,0.807637669522571,1.),(1.,0.807622331985612,
0.807622331985612,1.),(1.,0.807499520563438,0.807499520563438,1.),(1.,
0.807199317531415,0.807199317531415,1.),(1.,0.807084224103362,
0.807084224103362,1.),(1.,0.806904185981831,0.806904185981831,1.),(1.,
0.806854356025026,0.806854356025026,1.),(1.,0.806790250415103,
0.806790250415103,1.))) REPRESENTATION_ITEM('') SURFACE());
#131360=ORIENTED_EDGE('',*,*,#128960,.F.);
#131370=ORIENTED_EDGE('',*,*,#126280,.F.);
#131380=CARTESIAN_POINT('',(6.25442148763102,8.70438232412804,0.));
#131390=CARTESIAN_POINT('',(6.25442148763102,8.41351175451653,0.));
#131400=CARTESIAN_POINT('',(6.25442055001893,8.20693980390216,
0.204777238688605));
#131410=CARTESIAN_POINT('',(6.25442055001893,8.20440151155102,
0.495636732840101));
#131420=(BOUNDED_CURVE() B_SPLINE_CURVE(3,(#131380,#131390,#131400,
#131410),.UNSPECIFIED.,.F.,.F.) B_SPLINE_CURVE_WITH_KNOTS((4,4),(0.,1.),
.UNSPECIFIED.) CURVE() GEOMETRIC_REPRESENTATION_ITEM() 
RATIONAL_B_SPLINE_CURVE((1.,0.806790250415104,0.806790250415104,1.)) 
REPRESENTATION_ITEM(''));
#131430=CARTESIAN_POINT('',(6.25442055001893,8.20440151155102,
0.495636732840101));
#131440=VERTEX_POINT('',#131430);
#131450=EDGE_CURVE('',#126070,#131440,#131420,.T.);
#131460=ORIENTED_EDGE('',*,*,#131450,.F.);
#131470=CARTESIAN_POINT('',(6.75440151156106,7.70442055002898,
0.495636731689152));
#131480=CARTESIAN_POINT('',(6.75440270076389,7.72003892585914,
0.495500462542251));
#131490=CARTESIAN_POINT('',(6.75367226131881,7.73564892736195,
0.495370651457822));
#131500=CARTESIAN_POINT('',(6.74679331187386,7.80891706435392,
0.494791458236664));
#131510=CARTESIAN_POINT('',(6.73135977799233,7.8654443063741,
0.494432948092683));
#131520=CARTESIAN_POINT('',(6.68187631447765,7.97009325529622,
0.493951672807198));
#131530=CARTESIAN_POINT('',(6.64857639943812,8.01738071688583,
0.493829642512195));
#131540=CARTESIAN_POINT('',(6.60797855816197,8.05797855816197,
0.493829642512195));
#131550=CARTESIAN_POINT('',(6.54935077106154,8.1166063452624,
0.493829642512195));
#131560=CARTESIAN_POINT('',(6.47706070537816,8.15973025013929,
0.494084094227143));
#131570=CARTESIAN_POINT('',(6.36608269857802,8.19289335603909,
0.494762967772244));
#131580=CARTESIAN_POINT('',(6.33381227758354,8.19914500439638,
0.494989961011522));
#131590=CARTESIAN_POINT('',(6.28570417134191,8.2036694811053,
0.495370193752899));
#131600=CARTESIAN_POINT('',(6.27006658698189,8.20440270284695,
0.495500223847184));
#131610=CARTESIAN_POINT('',(6.25442055001893,8.20440151155102,
0.495636732840101));
#131620=B_SPLINE_CURVE_WITH_KNOTS('',3,(#131470,#131480,#131490,#131500,
#131510,#131520,#131530,#131540,#131550,#131560,#131570,#131580,#131590,
#131600,#131610),.UNSPECIFIED.,.F.,.F.,(4,2,2,3,2,2,4),(0.,
0.0705590305516721,0.332458046808906,0.590183103215461,0.96236667597084,
1.11011431305622,1.18086324504827),.UNSPECIFIED.);
#131630=EDGE_CURVE('',#128950,#131440,#131620,.T.);
#131640=ORIENTED_EDGE('',*,*,#131630,.T.);
#131650=EDGE_LOOP('',(#131640,#131460,#131370,#131360));
#131660=FACE_OUTER_BOUND('',#131650,.T.);
#131670=ADVANCED_FACE('',(#131660),#131350,.T.);
#131680=CARTESIAN_POINT('',(-7.25438256403867,-1.30442068752287,
4.10536659470161E-48));
#131690=CARTESIAN_POINT('',(-7.25438256403867,-1.2809534820683,0.));
#131700=CARTESIAN_POINT('',(-7.25438247308825,-1.25748625369808,
1.11022302462516E-16));
#131710=CARTESIAN_POINT('',(-7.25438247308825,0.243987285893858,
1.11022302462516E-16));
#131720=CARTESIAN_POINT('',(-7.25438247308825,1.72199364294693,
1.11022302462516E-16));
#131730=CARTESIAN_POINT('',(-7.25438247308825,4.67800636255867,
1.11022302462516E-16));
#131740=CARTESIAN_POINT('',(-7.25438247308825,6.15601272511736,
1.11022302462516E-16));
#131750=CARTESIAN_POINT('',(-7.25438247308825,7.65748639156545,
1.11022302462516E-16));
#131760=CARTESIAN_POINT('',(-7.25438233031614,7.68095399501262,0.));
#131770=CARTESIAN_POINT('',(-7.25438233031614,7.70442144868099,0.));
#131780=CARTESIAN_POINT('',(-6.96351200993994,-1.30468618560831,
4.10536659470161E-48));
#131790=CARTESIAN_POINT('',(-6.96351193196963,-1.28111637723546,0.));
#131800=CARTESIAN_POINT('',(-6.9635118545778,-1.25748425133383,
1.11022302462516E-16));
#131810=CARTESIAN_POINT('',(-6.96351185994215,0.243987285893858,
1.11022302462516E-16));
#131820=CARTESIAN_POINT('',(-6.96351185994215,1.72199364294693,
1.11022302462516E-16));
#131830=CARTESIAN_POINT('',(-6.96351185994216,4.67800636255867,
1.11022302462516E-16));
#131840=CARTESIAN_POINT('',(-6.96351185994215,6.15601272511736,
1.11022302462516E-16));
#131850=CARTESIAN_POINT('',(-6.96351185994219,7.65748639156545,
1.11022302462516E-16));
#131860=CARTESIAN_POINT('',(-6.96351175888927,7.68095399501262,0.));
#131870=CARTESIAN_POINT('',(-6.96351175888895,7.70442144868099,0.));
#131880=CARTESIAN_POINT('',(-6.7569398048335,-1.30441356273182,
0.204777131968983));
#131890=CARTESIAN_POINT('',(-6.7569398045511,-1.2809491033818,
0.204777164328763));
#131900=CARTESIAN_POINT('',(-6.75693980426778,-1.25748630639529,
0.204777196793254));
#131910=CARTESIAN_POINT('',(-6.75693980428722,0.243987285893858,
0.204777194566387));
#131920=CARTESIAN_POINT('',(-6.75693980428722,1.72199364294693,
0.204777194566387));
#131930=CARTESIAN_POINT('',(-6.75693980428722,4.67800636255867,
0.204777194566386));
#131940=CARTESIAN_POINT('',(-6.75693980428722,6.15601272511736,
0.204777194566389));
#131950=CARTESIAN_POINT('',(-6.75693980428722,7.65748639156545,
0.204777194566423));
#131960=CARTESIAN_POINT('',(-6.75693980391801,7.68095339590463,
0.204777236873309));
#131970=CARTESIAN_POINT('',(-6.75693980391801,7.70442055001893,
0.204777236872996));
#131980=CARTESIAN_POINT('',(-6.75440151156106,-1.30442055002898,
0.495636731689151));
#131990=CARTESIAN_POINT('',(-6.75440151156106,-1.28095339040572,
0.495636731689151));
#132000=CARTESIAN_POINT('',(-6.75440151155616,-1.25748625369808,
0.495636732250813));
#132010=CARTESIAN_POINT('',(-6.75440151155616,0.243987285893858,
0.495636732250813));
#132020=CARTESIAN_POINT('',(-6.75440151155616,1.72199364294693,
0.495636732250813));
#132030=CARTESIAN_POINT('',(-6.75440151155616,4.67800636255867,
0.495636732250813));
#132040=CARTESIAN_POINT('',(-6.75440151155616,6.15601272511736,
0.495636732250813));
#132050=CARTESIAN_POINT('',(-6.75440151155616,7.65748639156545,
0.495636732250813));
#132060=CARTESIAN_POINT('',(-6.75440151155102,7.68095339590463,
0.4956367328401));
#132070=CARTESIAN_POINT('',(-6.75440151155102,7.70442055001893,
0.4956367328401));
#132080=(BOUNDED_SURFACE() B_SPLINE_SURFACE(3,3,((#131680,#131780,
#131880,#131980),(#131690,#131790,#131890,#131990),(#131700,#131800,
#131900,#132000),(#131710,#131810,#131910,#132010),(#131720,#131820,
#131920,#132020),(#131730,#131830,#131930,#132030),(#131740,#131840,
#131940,#132040),(#131750,#131850,#131950,#132050),(#131760,#131860,
#131960,#132060),(#131770,#131870,#131970,#132070)),.UNSPECIFIED.,.F.,
.F.,.F.) B_SPLINE_SURFACE_WITH_KNOTS((4,2,2,2,4),(4,4),(0.,
0.0704015476166081,4.50442061877582,8.93843970645185,9.00884161812012),(
0.,1.),.UNSPECIFIED.) GEOMETRIC_REPRESENTATION_ITEM() 
RATIONAL_B_SPLINE_SURFACE(((1.,0.806790151671107,0.806790151671107,1.),(
1.,0.806790241643183,0.806790241643183,1.),(1.,0.80679025660703,
0.80679025660703,1.),(1.,0.806790250415523,0.806790250415523,1.),(1.,
0.806790250415523,0.806790250415523,1.),(1.,0.806790250415523,
0.806790250415523,1.),(1.,0.806790250415524,0.806790250415524,1.),(1.,
0.806790250415559,0.806790250415559,1.),(1.,0.806790250415458,
0.806790250415458,1.),(1.,0.806790250415138,0.806790250415138,1.))) 
REPRESENTATION_ITEM('') SURFACE());
#132090=CARTESIAN_POINT('',(-6.75440151156106,-1.30442055002898,
0.495636731689151));
#132100=CARTESIAN_POINT('',(-6.75693980483349,-1.30441356273182,
0.204777131968982));
#132110=CARTESIAN_POINT('',(-6.96351200993994,-1.30468618560831,0.));
#132120=CARTESIAN_POINT('',(-7.25438256403867,-1.30442068752287,0.));
#132130=(BOUNDED_CURVE() B_SPLINE_CURVE(3,(#132090,#132100,#132110,
#132120),.UNSPECIFIED.,.F.,.F.) B_SPLINE_CURVE_WITH_KNOTS((4,4),(0.,1.),
.UNSPECIFIED.) CURVE() GEOMETRIC_REPRESENTATION_ITEM() 
RATIONAL_B_SPLINE_CURVE((1.,0.806790151671107,0.806790151671107,1.)) 
REPRESENTATION_ITEM(''));
#132140=CARTESIAN_POINT('',(-6.75440151156106,-1.30442055002898,
0.495636731689151));
#132150=VERTEX_POINT('',#132140);
#132160=EDGE_CURVE('',#132150,#125570,#132130,.T.);
#132170=ORIENTED_EDGE('',*,*,#132160,.T.);
#132180=CARTESIAN_POINT('',(-6.75440151156106,-1.30442055002898,
0.495636731689151));
#132190=CARTESIAN_POINT('',(-6.75440151156106,-1.28095339040572,
0.495636731689151));
#132200=CARTESIAN_POINT('',(-6.75440151155616,-1.25748625369808,
0.495636732250813));
#132210=CARTESIAN_POINT('',(-6.75440151155616,0.243987285893858,
0.495636732250813));
#132220=CARTESIAN_POINT('',(-6.75440151155616,1.72199364294693,
0.495636732250813));
#132230=CARTESIAN_POINT('',(-6.75440151155616,4.67800636255867,
0.495636732250813));
#132240=CARTESIAN_POINT('',(-6.75440151155616,6.15601272511736,
0.495636732250813));
#132250=CARTESIAN_POINT('',(-6.75440151155616,7.65748639156545,
0.495636732250813));
#132260=CARTESIAN_POINT('',(-6.75440151155102,7.68095339590463,
0.4956367328401));
#132270=CARTESIAN_POINT('',(-6.75440151155102,7.70442055001893,
0.4956367328401));
#132280=B_SPLINE_CURVE_WITH_KNOTS('',3,(#132180,#132190,#132200,#132210,
#132220,#132230,#132240,#132250,#132260,#132270),.UNSPECIFIED.,.F.,.F.,(
4,2,2,2,4),(0.,0.0704015476166081,4.50442061877582,8.93843970645185,
9.00884161812012),.UNSPECIFIED.);
#132290=CARTESIAN_POINT('',(-6.75440151155102,7.70442055001893,
0.4956367328401));
#132300=VERTEX_POINT('',#132290);
#132310=EDGE_CURVE('',#132150,#132300,#132280,.T.);
#132320=ORIENTED_EDGE('',*,*,#132310,.F.);
#132330=CARTESIAN_POINT('',(-6.75440151155102,7.70442055001893,
0.4956367328401));
#132340=CARTESIAN_POINT('',(-6.75693980391801,7.70442055001893,
0.204777236872996));
#132350=CARTESIAN_POINT('',(-6.96351175888895,7.70442144868099,0.));
#132360=CARTESIAN_POINT('',(-7.25438233031614,7.70442144868099,0.));
#132370=(BOUNDED_CURVE() B_SPLINE_CURVE(3,(#132330,#132340,#132350,
#132360),.UNSPECIFIED.,.F.,.F.) B_SPLINE_CURVE_WITH_KNOTS((4,4),(0.,1.),
.UNSPECIFIED.) CURVE() GEOMETRIC_REPRESENTATION_ITEM() 
RATIONAL_B_SPLINE_CURVE((1.,0.806790250415138,0.806790250415138,1.)) 
REPRESENTATION_ITEM(''));
#132380=EDGE_CURVE('',#132300,#125740,#132370,.T.);
#132390=ORIENTED_EDGE('',*,*,#132380,.F.);
#132400=ORIENTED_EDGE('',*,*,#125750,.T.);
#132410=EDGE_LOOP('',(#132400,#132390,#132320,#132170));
#132420=FACE_OUTER_BOUND('',#132410,.T.);
#132430=ADVANCED_FACE('',(#132420),#132080,.T.);
#132440=CARTESIAN_POINT('',(-6.25442055002898,8.20440151156106,
0.495636731689152));
#132450=CARTESIAN_POINT('',(-6.27003892592118,8.2044027007639,
0.49550046254171));
#132460=CARTESIAN_POINT('',(-6.28564892796481,8.20367226126804,
0.495370651453005));
#132470=CARTESIAN_POINT('',(-6.35891706447483,8.19679331184085,
0.494791458235897));
#132480=CARTESIAN_POINT('',(-6.41544430643051,8.18135977796566,
0.494432948092424));
#132490=CARTESIAN_POINT('',(-6.52009325529622,8.13187631447765,
0.493951672807198));
#132500=CARTESIAN_POINT('',(-6.56738071688583,8.09857639943812,
0.493829642512195));
#132510=CARTESIAN_POINT('',(-6.60797855816197,8.05797855816197,
0.493829642512195));
#132520=CARTESIAN_POINT('',(-6.6666063452624,7.99935077106154,
0.493829642512195));
#132530=CARTESIAN_POINT('',(-6.70973025013929,7.92706070537816,
0.494084094227143));
#132540=CARTESIAN_POINT('',(-6.74289335601092,7.81608269867229,
0.494762967771667));
#132550=CARTESIAN_POINT('',(-6.749145004359,7.78381227777647,
0.494989961010165));
#132560=CARTESIAN_POINT('',(-6.75366948140219,7.73570416828305,
0.495370193776995));
#132570=CARTESIAN_POINT('',(-6.75440270284696,7.72006658707961,
0.495500223846331));
#132580=CARTESIAN_POINT('',(-6.75440151155102,7.70442055001893,
0.4956367328401));
#132590=CARTESIAN_POINT('',(-6.25442055002897,8.20693980453365,
0.204777166327231));
#132600=CARTESIAN_POINT('',(-6.27013064112271,8.20702125296877,
0.204705137378738));
#132610=CARTESIAN_POINT('',(-6.28579860904545,8.20635451119599,
0.204633734242482));
#132620=CARTESIAN_POINT('',(-6.35951895514315,8.19975645906012,
0.204320097730049));
#132630=CARTESIAN_POINT('',(-6.41652076503242,8.1844264066504,
0.204135339262969));
#132640=CARTESIAN_POINT('',(-6.52189410780487,8.13490651707443,
0.203878648161216));
#132650=CARTESIAN_POINT('',(-6.5696555590345,8.10136341567788,
0.203813878139228));
#132660=CARTESIAN_POINT('',(-6.61050946453839,8.06050946453838,
0.203816497235335));
#132670=CARTESIAN_POINT('',(-6.66950709651338,8.00151191698238,
0.203810876647409));
#132680=CARTESIAN_POINT('',(-6.71289389082577,7.92846504754968,
0.203944633198374));
#132690=CARTESIAN_POINT('',(-6.7458582994906,7.81678680859632,
0.204312005845019));
#132700=CARTESIAN_POINT('',(-6.75201192291084,7.7842964301978,
0.20442949525039));
#132710=CARTESIAN_POINT('',(-6.75634291661192,7.7358891656607,
0.204631236242229));
#132720=CARTESIAN_POINT('',(-6.75702114811549,7.72017225414435,
0.204704627884663));
#132730=CARTESIAN_POINT('',(-6.75693980391801,7.70442055001893,
0.204777236872996));
#132740=CARTESIAN_POINT('',(-6.25442069348241,8.41351192715604,0.));
#132750=CARTESIAN_POINT('',(-6.27571380438789,8.41360172204635,
-1.05403636637036E-14));
#132760=CARTESIAN_POINT('',(-6.29936055518701,8.41258467514851,
-3.89550210945091E-13));
#132770=CARTESIAN_POINT('',(-6.40329585080302,8.40282631322227,
-3.82515587271171E-13));
#132780=CARTESIAN_POINT('',(-6.48190974092511,8.38171506245387,
-3.80611130552424E-13));
#132790=CARTESIAN_POINT('',(-6.63250697284682,8.31068343436626,
-3.77213027391082E-13));
#132800=CARTESIAN_POINT('',(-6.69788082700966,8.26471673145034,
5.6015121895174E-16));
#132810=CARTESIAN_POINT('',(-6.75641914698316,8.20641914698316,
7.28611407120068E-16));
#132820=CARTESIAN_POINT('',(-6.84034865641215,8.12189897682259,
4.18800094668081E-16));
#132830=CARTESIAN_POINT('',(-6.8997326197009,8.02255961085097,
-3.9095721887446E-13));
#132840=CARTESIAN_POINT('',(-6.94781037574931,7.86203816022851,
-3.89767398735724E-13));
#132850=CARTESIAN_POINT('',(-6.95641835878217,7.81635065468722,
-3.91071272168361E-13));
#132860=CARTESIAN_POINT('',(-6.96263089562597,7.74848874174459,
-3.99707565259868E-13));
#132870=CARTESIAN_POINT('',(-6.96359881507376,7.72533381965026,
-1.07865961999224E-14));
#132880=CARTESIAN_POINT('',(-6.96351175888895,7.70442144868099,0.));
#132890=CARTESIAN_POINT('',(-6.25442069348241,8.70438256798069,0.));
#132900=CARTESIAN_POINT('',(-6.28565555436282,8.70438262156782,0.));
#132910=CARTESIAN_POINT('',(-6.31687309936333,8.70291919906232,0.));
#132920=CARTESIAN_POINT('',(-6.4633999804327,8.68915086465259,0.));
#132930=CARTESIAN_POINT('',(-6.57644871048758,8.65827721120606,0.));
#132940=CARTESIAN_POINT('',(-6.78573491823338,8.55930344002483,0.));
#132950=CARTESIAN_POINT('',(-6.88031053839922,8.49269951326758,0.));
#132960=CARTESIAN_POINT('',(-6.9615050258334,8.4115050258334,0.));
#132970=CARTESIAN_POINT('',(-7.07875887415111,8.29425117751569,0.));
#132980=CARTESIAN_POINT('',(-7.16501336250536,8.14967204981937,0.));
#132990=CARTESIAN_POINT('',(-7.23135070845908,7.92773027632136,0.));
#133000=CARTESIAN_POINT('',(-7.24385796660889,7.86319373621505,0.));
#133010=CARTESIAN_POINT('',(-7.2529136413179,7.76698427710763,0.));
#133020=CARTESIAN_POINT('',(-7.25438221089751,7.73571154129696,0.));
#133030=CARTESIAN_POINT('',(-7.25438233031614,7.70442144868099,0.));
#133040=(BOUNDED_SURFACE() B_SPLINE_SURFACE(3,3,((#132440,#132590,
#132740,#132890),(#132450,#132600,#132750,#132900),(#132460,#132610,
#132760,#132910),(#132470,#132620,#132770,#132920),(#132480,#132630,
#132780,#132930),(#132490,#132640,#132790,#132940),(#132500,#132650,
#132800,#132950),(#132510,#132660,#132810,#132960),(#132520,#132670,
#132820,#132970),(#132530,#132680,#132830,#132980),(#132540,#132690,
#132840,#132990),(#132550,#132700,#132850,#133000),(#132560,#132710,
#132860,#133010),(#132570,#132720,#132870,#133020),(#132580,#132730,
#132880,#133030)),.UNSPECIFIED.,.F.,.F.,.F.) B_SPLINE_SURFACE_WITH_KNOTS
((4,2,2,3,2,2,4),(4,4),(0.,0.0705590286595624,0.332458044636695,
0.590183101043254,0.962366673798624,1.11011431044236,1.18086325765541),(
0.,1.),.UNSPECIFIED.) GEOMETRIC_REPRESENTATION_ITEM() 
RATIONAL_B_SPLINE_SURFACE(((1.,0.806790250415514,0.806790250415514,1.),(
1.,0.806855613962189,0.806855613962189,1.),(1.,0.80691015764711,
0.80691015764711,1.),(1.,0.807166583308089,0.807166583308089,1.),(1.,
0.807350900995207,0.807350900995207,1.),(1.,0.807573285858,
0.807573285858,1.),(1.,0.807630486214455,0.807630486214455,1.),(1.,
0.807637669522571,0.807637669522571,1.),(1.,0.80762233198561,
0.80762233198561,1.),(1.,0.807499520563439,0.807499520563439,1.),(1.,
0.807199317531693,0.807199317531693,1.),(1.,0.807084224104042,
0.807084224104042,1.),(1.,0.806904185989099,0.806904185989099,1.),(1.,
0.806854355960015,0.806854355960015,1.),(1.,0.806790250415138,
0.806790250415138,1.))) REPRESENTATION_ITEM('') SURFACE());
#133050=CARTESIAN_POINT('',(-6.25442069348241,8.70438256798069,0.));
#133060=CARTESIAN_POINT('',(-6.25442069348241,8.41351192715604,0.));
#133070=CARTESIAN_POINT('',(-6.25442055002898,8.20693980453365,
0.204777166327231));
#133080=CARTESIAN_POINT('',(-6.25442055002898,8.20440151156106,
0.495636731689152));
#133090=(BOUNDED_CURVE() B_SPLINE_CURVE(3,(#133050,#133060,#133070,
#133080),.UNSPECIFIED.,.F.,.F.) B_SPLINE_CURVE_WITH_KNOTS((4,4),(0.,1.),
.UNSPECIFIED.) CURVE() GEOMETRIC_REPRESENTATION_ITEM() 
RATIONAL_B_SPLINE_CURVE((1.,0.806790250415514,0.806790250415514,1.)) 
REPRESENTATION_ITEM(''));
#133100=CARTESIAN_POINT('',(-6.25442055002898,8.20440151156106,
0.495636731689152));
#133110=VERTEX_POINT('',#133100);
#133120=EDGE_CURVE('',#125940,#133110,#133090,.T.);
#133130=ORIENTED_EDGE('',*,*,#133120,.T.);
#133140=ORIENTED_EDGE('',*,*,#125950,.F.);
#133150=ORIENTED_EDGE('',*,*,#132380,.T.);
#133160=CARTESIAN_POINT('',(-6.25442055002898,8.20440151156106,
0.495636731689152));
#133170=CARTESIAN_POINT('',(-6.27003892592118,8.2044027007639,
0.49550046254171));
#133180=CARTESIAN_POINT('',(-6.28564892796481,8.20367226126804,
0.495370651453005));
#133190=CARTESIAN_POINT('',(-6.35891706447483,8.19679331184085,
0.494791458235897));
#133200=CARTESIAN_POINT('',(-6.41544430643051,8.18135977796566,
0.494432948092424));
#133210=CARTESIAN_POINT('',(-6.52009325529622,8.13187631447765,
0.493951672807198));
#133220=CARTESIAN_POINT('',(-6.56738071688583,8.09857639943812,
0.493829642512195));
#133230=CARTESIAN_POINT('',(-6.60797855816197,8.05797855816197,
0.493829642512195));
#133240=CARTESIAN_POINT('',(-6.6666063452624,7.99935077106154,
0.493829642512195));
#133250=CARTESIAN_POINT('',(-6.70973025013929,7.92706070537816,
0.494084094227143));
#133260=CARTESIAN_POINT('',(-6.74289335601092,7.81608269867229,
0.494762967771667));
#133270=CARTESIAN_POINT('',(-6.749145004359,7.78381227777647,
0.494989961010165));
#133280=CARTESIAN_POINT('',(-6.75366948140219,7.73570416828305,
0.495370193776995));
#133290=CARTESIAN_POINT('',(-6.75440270284696,7.72006658707961,
0.495500223846331));
#133300=CARTESIAN_POINT('',(-6.75440151155102,7.70442055001893,
0.4956367328401));
#133310=B_SPLINE_CURVE_WITH_KNOTS('',3,(#133160,#133170,#133180,#133190,
#133200,#133210,#133220,#133230,#133240,#133250,#133260,#133270,#133280,
#133290,#133300),.UNSPECIFIED.,.F.,.F.,(4,2,2,3,2,2,4),(0.,
0.0705590286595624,0.332458044636695,0.590183101043254,0.962366673798624
,1.11011431044236,1.18086325765541),.UNSPECIFIED.);
#133320=EDGE_CURVE('',#133110,#132300,#133310,.T.);
#133330=ORIENTED_EDGE('',*,*,#133320,.T.);
#133340=EDGE_LOOP('',(#133330,#133150,#133140,#133130));
#133350=FACE_OUTER_BOUND('',#133340,.T.);
#133360=ADVANCED_FACE('',(#133350),#133040,.T.);
#133370=CARTESIAN_POINT('',(-6.7544206935824,8.70438247308825,
1.11022302462516E-16));
#133380=CARTESIAN_POINT('',(-4.50294712905493,8.70438247308825,
1.11022302462516E-16));
#133390=CARTESIAN_POINT('',(-2.25147356452747,8.70438247308825,
1.11022302462516E-16));
#133400=CARTESIAN_POINT('',(2.06133969603849,8.70438247308825,
1.11022302462516E-16));
#133410=CARTESIAN_POINT('',(4.12267939207699,8.70438247308825,
1.11022302462516E-16));
#133420=CARTESIAN_POINT('',(6.20748639834993,8.70438247308825,
1.11022302462516E-16));
#133430=CARTESIAN_POINT('',(6.23095402112579,8.70438232412804,0.));
#133440=CARTESIAN_POINT('',(6.25442148763102,8.70438232412804,0.));
#133450=CARTESIAN_POINT('',(-6.75442069358241,8.41351185994215,
1.11022302462516E-16));
#133460=CARTESIAN_POINT('',(-4.50294712905495,8.41351185994215,
1.11022302462516E-16));
#133470=CARTESIAN_POINT('',(-2.25147356452748,8.41351185994215,
1.11022302462516E-16));
#133480=CARTESIAN_POINT('',(2.06133969603849,8.41351185994215,
1.11022302462516E-16));
#133490=CARTESIAN_POINT('',(4.12267939207699,8.41351185994215,
1.11022302462516E-16));
#133500=CARTESIAN_POINT('',(6.20748639834993,8.41351185994219,
1.11022302462516E-16));
#133510=CARTESIAN_POINT('',(6.23095402112579,8.41351175451688,0.));
#133520=CARTESIAN_POINT('',(6.25442148763102,8.41351175451653,0.));
#133530=CARTESIAN_POINT('',(-6.75442069358241,8.20693980428721,
0.204777194566387));
#133540=CARTESIAN_POINT('',(-4.50294712905495,8.20693980428721,
0.204777194566387));
#133550=CARTESIAN_POINT('',(-2.25147356452748,8.20693980428721,
0.204777194566387));
#133560=CARTESIAN_POINT('',(2.06133969603849,8.20693980428721,
0.204777194566387));
#133570=CARTESIAN_POINT('',(4.12267939207699,8.20693980428721,
0.204777194566387));
#133580=CARTESIAN_POINT('',(6.20748639834993,8.20693980428721,
0.204777194566423));
#133590=CARTESIAN_POINT('',(6.23095339605112,8.20693980390216,
0.20477723868895));
#133600=CARTESIAN_POINT('',(6.25442055001893,8.20693980390216,
0.204777238688605));
#133610=CARTESIAN_POINT('',(-6.7544206935824,8.20440151155616,
0.495636732250813));
#133620=CARTESIAN_POINT('',(-4.50294712905493,8.20440151155616,
0.495636732250813));
#133630=CARTESIAN_POINT('',(-2.25147356452747,8.20440151155616,
0.495636732250813));
#133640=CARTESIAN_POINT('',(2.06133969603849,8.20440151155616,
0.495636732250813));
#133650=CARTESIAN_POINT('',(4.12267939207699,8.20440151155616,
0.495636732250813));
#133660=CARTESIAN_POINT('',(6.20748639834993,8.20440151155616,
0.495636732250813));
#133670=CARTESIAN_POINT('',(6.23095339605112,8.20440151155102,
0.4956367328401));
#133680=CARTESIAN_POINT('',(6.25442055001893,8.20440151155102,
0.4956367328401));
#133690=(BOUNDED_SURFACE() B_SPLINE_SURFACE(3,3,((#133370,#133450,
#133530,#133610),(#133380,#133460,#133540,#133620),(#133390,#133470,
#133550,#133630),(#133400,#133480,#133560,#133640),(#133410,#133490,
#133570,#133650),(#133420,#133500,#133580,#133660),(#133430,#133510,
#133590,#133670),(#133440,#133520,#133600,#133680)),.UNSPECIFIED.,.F.,
.F.,.F.) B_SPLINE_SURFACE_WITH_KNOTS((4,2,2,4),(4,4),(-6.75442069358239,
0.,6.1840190881155,6.25442101881882),(0.,1.),.UNSPECIFIED.) 
GEOMETRIC_REPRESENTATION_ITEM() RATIONAL_B_SPLINE_SURFACE(((1.,
0.806790250415523,0.806790250415523,1.),(1.,0.806790250415523,
0.806790250415523,1.),(1.,0.806790250415523,0.806790250415523,1.),(1.,
0.806790250415523,0.806790250415523,1.),(1.,0.806790250415523,
0.806790250415523,1.),(1.,0.80679025041556,0.80679025041556,1.),(1.,
0.806790250415455,0.806790250415455,1.),(1.,0.806790250415103,
0.806790250415103,1.))) REPRESENTATION_ITEM('') SURFACE());
#133700=ORIENTED_EDGE('',*,*,#133120,.F.);
#133710=CARTESIAN_POINT('',(-6.75442055002893,8.20440151155616,
0.495636732250813));
#133720=CARTESIAN_POINT('',(-4.50294703335263,8.20440151155616,
0.495636732250813));
#133730=CARTESIAN_POINT('',(-2.25147351667632,8.20440151155616,
0.495636732250813));
#133740=CARTESIAN_POINT('',(2.06133969603849,8.20440151155616,
0.495636732250813));
#133750=CARTESIAN_POINT('',(4.12267939207699,8.20440151155616,
0.495636732250813));
#133760=CARTESIAN_POINT('',(6.20748639834993,8.20440151155616,
0.495636732250813));
#133770=CARTESIAN_POINT('',(6.23095339605112,8.20440151155102,
0.4956367328401));
#133780=CARTESIAN_POINT('',(6.25442055001893,8.20440151155102,
0.4956367328401));
#133790=B_SPLINE_CURVE_WITH_KNOTS('',3,(#133710,#133720,#133730,#133740,
#133750,#133760,#133770,#133780),.UNSPECIFIED.,.F.,.F.,(4,2,2,4),(
-6.75442055002893,0.,6.1840190881155,6.25442101881882),.UNSPECIFIED.);
#133800=EDGE_CURVE('',#133110,#131440,#133790,.T.);
#133810=ORIENTED_EDGE('',*,*,#133800,.F.);
#133820=ORIENTED_EDGE('',*,*,#131450,.T.);
#133830=ORIENTED_EDGE('',*,*,#126080,.T.);
#133840=EDGE_LOOP('',(#133830,#133820,#133810,#133700));
#133850=FACE_OUTER_BOUND('',#133840,.T.);
#133860=ADVANCED_FACE('',(#133850),#133690,.T.);
#133870=CARTESIAN_POINT('',(-6.75440151156106,-1.30442055002898,
0.495636731689151));
#133880=CARTESIAN_POINT('',(-6.75440270076389,-1.32003892585915,
0.49550046254225));
#133890=CARTESIAN_POINT('',(-6.75367226131881,-1.33564892736195,
0.495370651457822));
#133900=CARTESIAN_POINT('',(-6.74679331187386,-1.40891706435392,
0.494791458236664));
#133910=CARTESIAN_POINT('',(-6.73135977799233,-1.4654443063741,
0.494432948092683));
#133920=CARTESIAN_POINT('',(-6.68187631447765,-1.57009325529623,
0.493951672807198));
#133930=CARTESIAN_POINT('',(-6.64857639943811,-1.61738071688583,
0.493829642512195));
#133940=CARTESIAN_POINT('',(-6.60797855816197,-1.65797855816197,
0.493829642512195));
#133950=CARTESIAN_POINT('',(-6.54935077106154,-1.7166063452624,
0.493829642512195));
#133960=CARTESIAN_POINT('',(-6.47706070537816,-1.7597302501393,
0.494084094227143));
#133970=CARTESIAN_POINT('',(-6.36608269857802,-1.79289335603909,
0.494762967772244));
#133980=CARTESIAN_POINT('',(-6.33381227758354,-1.79914500439638,
0.494989961011522));
#133990=CARTESIAN_POINT('',(-6.28570417134191,-1.8036694811053,
0.495370193752899));
#134000=CARTESIAN_POINT('',(-6.27006658698189,-1.80440270284695,
0.495500223847184));
#134010=CARTESIAN_POINT('',(-6.25442055001893,-1.80440151155102,
0.495636732840101));
#134020=CARTESIAN_POINT('',(-6.75693980483349,-1.30441356273182,
0.204777131968982));
#134030=CARTESIAN_POINT('',(-6.7570214638284,-1.32012635436664,
0.204705238271287));
#134040=CARTESIAN_POINT('',(-6.75635450647543,-1.33579866124384,
0.204633631585693));
#134050=CARTESIAN_POINT('',(-6.7497564590929,-1.40951895502122,
0.20432009773045));
#134060=CARTESIAN_POINT('',(-6.73442640667709,-1.46652076497562,
0.204135339263101));
#134070=CARTESIAN_POINT('',(-6.68490651707443,-1.57189410780488,
0.203878648161216));
#134080=CARTESIAN_POINT('',(-6.65136341567788,-1.61965555903451,
0.203813878139226));
#134090=CARTESIAN_POINT('',(-6.61050946453839,-1.66050946453839,
0.203816497235333));
#134100=CARTESIAN_POINT('',(-6.55151191698238,-1.71950709651338,
0.203810876647406));
#134110=CARTESIAN_POINT('',(-6.47846504754968,-1.76289389082577,
0.203944633198376));
#134120=CARTESIAN_POINT('',(-6.36678680850145,-1.7958582995186,
0.204312005845324));
#134130=CARTESIAN_POINT('',(-6.33429643000356,-1.80201192294763,
0.204429495251097));
#134140=CARTESIAN_POINT('',(-6.28588916873879,-1.80634291632794,
0.204631236162294));
#134150=CARTESIAN_POINT('',(-6.27017225404644,-1.80702114810241,
0.204704629307348));
#134160=CARTESIAN_POINT('',(-6.25442055001893,-1.80693980390217,
0.204777238688605));
#134170=CARTESIAN_POINT('',(-6.96351200993994,-1.30468618560831,0.));
#134180=CARTESIAN_POINT('',(-6.96359153571141,-1.32587694960536,
-1.05447387885899E-14));
#134190=CARTESIAN_POINT('',(-6.96258349006182,-1.34935818234174,
-3.89682754039315E-13));
#134200=CARTESIAN_POINT('',(-6.95282631326806,-1.45329585063487,
-3.8298774507689E-13));
#134210=CARTESIAN_POINT('',(-6.93171506249164,-1.53190974084386,
-3.8154805405149E-13));
#134220=CARTESIAN_POINT('',(-6.86068343436626,-1.68250697284682,
-3.78141738629729E-13));
#134230=CARTESIAN_POINT('',(-6.81471673145034,-1.74788082700966,
-5.3626426408309E-16));
#134240=CARTESIAN_POINT('',(-6.75641914698316,-1.80641914698316,
-1.82152851780017E-16));
#134250=CARTESIAN_POINT('',(-6.67189897682258,-1.89034865641215,
-2.23851655511295E-16));
#134260=CARTESIAN_POINT('',(-6.57255961085097,-1.9497326197009,
-3.90459677536625E-13));
#134270=CARTESIAN_POINT('',(-6.41203816009212,-1.99781037578966,
-3.89273092218847E-13));
#134280=CARTESIAN_POINT('',(-6.3663506544142,-2.00641835883378,
-3.90727410112245E-13));
#134290=CARTESIAN_POINT('',(-6.29848874604082,-2.0126308951169,
-3.99630733982591E-13));
#134300=CARTESIAN_POINT('',(-6.27533384534914,-2.01359881026936,
-1.07846802544399E-14));
#134310=CARTESIAN_POINT('',(-6.25442148763102,-2.01351175451653,0.));
#134320=CARTESIAN_POINT('',(-7.25438256403867,-1.30442068752287,0.));
#134330=CARTESIAN_POINT('',(-7.25438261762581,-1.33565555020308,0.));
#134340=CARTESIAN_POINT('',(-7.25291919916394,-1.36687309815768,0.));
#134350=CARTESIAN_POINT('',(-7.23915086471863,-1.51339998019089,0.));
#134360=CARTESIAN_POINT('',(-7.20827721125941,-1.62644871037478,0.));
#134370=CARTESIAN_POINT('',(-7.10930344002483,-1.83573491823339,0.));
#134380=CARTESIAN_POINT('',(-7.04269951326757,-1.93031053839923,0.));
#134390=CARTESIAN_POINT('',(-6.9615050258334,-2.0115050258334,0.));
#134400=CARTESIAN_POINT('',(-6.84425117751569,-2.12875887415111,0.));
#134410=CARTESIAN_POINT('',(-6.69967204981937,-2.21501336250537,0.));
#134420=CARTESIAN_POINT('',(-6.47773027613283,-2.28135070851543,0.));
#134430=CARTESIAN_POINT('',(-6.41319373582922,-2.29385796668367,0.));
#134440=CARTESIAN_POINT('',(-6.31698428322492,-2.3029136407237,0.));
#134450=CARTESIAN_POINT('',(-6.28571156697854,-2.30438220470946,0.));
#134460=CARTESIAN_POINT('',(-6.25442148763102,-2.30438232412804,0.));
#134470=(BOUNDED_SURFACE() B_SPLINE_SURFACE(3,3,((#133870,#134020,
#134170,#134320),(#133880,#134030,#134180,#134330),(#133890,#134040,
#134190,#134340),(#133900,#134050,#134200,#134350),(#133910,#134060,
#134210,#134360),(#133920,#134070,#134220,#134370),(#133930,#134080,
#134230,#134380),(#133940,#134090,#134240,#134390),(#133950,#134100,
#134250,#134400),(#133960,#134110,#134260,#134410),(#133970,#134120,
#134270,#134420),(#133980,#134130,#134280,#134430),(#133990,#134140,
#134290,#134440),(#134000,#134150,#134300,#134450),(#134010,#134160,
#134310,#134460)),.UNSPECIFIED.,.F.,.F.,.F.) B_SPLINE_SURFACE_WITH_KNOTS
((4,2,2,3,2,2,4),(4,4),(0.,0.0705590305516707,0.332458046808918,
0.590183103215465,0.962366675970845,1.11011431305622,1.18086324504827),(
0.,1.),.UNSPECIFIED.) GEOMETRIC_REPRESENTATION_ITEM() 
RATIONAL_B_SPLINE_SURFACE(((1.,0.806790151671108,0.806790151671108,1.),(
1.,0.806855891975118,0.806855891975118,1.),(1.,0.806909873511725,
0.806909873511725,1.),(1.,0.807166583307706,0.807166583307706,1.),(1.,
0.807350900995073,0.807350900995073,1.),(1.,0.807573285857999,
0.807573285857999,1.),(1.,0.807630486214453,0.807630486214453,1.),(1.,
0.807637669522571,0.807637669522571,1.),(1.,0.807622331985611,
0.807622331985611,1.),(1.,0.807499520563439,0.807499520563439,1.),(1.,
0.807199317531414,0.807199317531414,1.),(1.,0.807084224103364,
0.807084224103364,1.),(1.,0.806904185981832,0.806904185981832,1.),(1.,
0.806854356025025,0.806854356025025,1.),(1.,0.806790250415103,
0.806790250415103,1.))) REPRESENTATION_ITEM('') SURFACE());
#134480=ORIENTED_EDGE('',*,*,#132160,.F.);
#134490=ORIENTED_EDGE('',*,*,#125600,.F.);
#134500=ORIENTED_EDGE('',*,*,#130690,.F.);
#134510=CARTESIAN_POINT('',(-6.75440151156106,-1.30442055002898,
0.495636731689151));
#134520=CARTESIAN_POINT('',(-6.75440270076389,-1.32003892585915,
0.49550046254225));
#134530=CARTESIAN_POINT('',(-6.75367226131881,-1.33564892736195,
0.495370651457822));
#134540=CARTESIAN_POINT('',(-6.74679331187386,-1.40891706435392,
0.494791458236664));
#134550=CARTESIAN_POINT('',(-6.73135977799233,-1.4654443063741,
0.494432948092683));
#134560=CARTESIAN_POINT('',(-6.68187631447765,-1.57009325529623,
0.493951672807198));
#134570=CARTESIAN_POINT('',(-6.64857639943811,-1.61738071688583,
0.493829642512195));
#134580=CARTESIAN_POINT('',(-6.60797855816197,-1.65797855816197,
0.493829642512195));
#134590=CARTESIAN_POINT('',(-6.54935077106154,-1.7166063452624,
0.493829642512195));
#134600=CARTESIAN_POINT('',(-6.47706070537816,-1.7597302501393,
0.494084094227143));
#134610=CARTESIAN_POINT('',(-6.36608269857802,-1.79289335603909,
0.494762967772244));
#134620=CARTESIAN_POINT('',(-6.33381227758354,-1.79914500439638,
0.494989961011522));
#134630=CARTESIAN_POINT('',(-6.28570417134191,-1.8036694811053,
0.495370193752899));
#134640=CARTESIAN_POINT('',(-6.27006658698189,-1.80440270284695,
0.495500223847184));
#134650=CARTESIAN_POINT('',(-6.25442055001893,-1.80440151155102,
0.495636732840101));
#134660=B_SPLINE_CURVE_WITH_KNOTS('',3,(#134510,#134520,#134530,#134540,
#134550,#134560,#134570,#134580,#134590,#134600,#134610,#134620,#134630,
#134640,#134650),.UNSPECIFIED.,.F.,.F.,(4,2,2,3,2,2,4),(0.,
0.0705590305516707,0.332458046808918,0.590183103215465,0.962366675970845
,1.11011431305622,1.18086324504827),.UNSPECIFIED.);
#134670=EDGE_CURVE('',#132150,#130610,#134660,.T.);
#134680=ORIENTED_EDGE('',*,*,#134670,.T.);
#134690=EDGE_LOOP('',(#134680,#134500,#134490,#134480));
#134700=FACE_OUTER_BOUND('',#134690,.T.);
#134710=ADVANCED_FACE('',(#134700),#134470,.T.);
#134720=CARTESIAN_POINT('',(-6.25870782859789,-1.30870782859789,0.));
#134730=DIRECTION('',(-0.00872620324394422,-0.00872620324394422,
-0.99992385047757));
#134740=DIRECTION('',(-0.999961923064171,0.,0.00872653549837393));
#134750=AXIS2_PLACEMENT_3D('',#134720,#134730,#134740);
#134760=CYLINDRICAL_SURFACE('',#134750,0.5);
#134770=CARTESIAN_POINT('',(-6.25870782859789,-1.80868879012998,
0.00436326774918697));
#134780=DIRECTION('',(-0.00872620324394422,-0.00872620324394422,
-0.99992385047757));
#134790=VECTOR('',#134780,1.);
#134800=LINE('',#134770,#134790);
#134810=EDGE_CURVE('',#5320,#130610,#134800,.T.);
#134820=ORIENTED_EDGE('',*,*,#134810,.T.);
#134830=ORIENTED_EDGE('',*,*,#72600,.T.);
#134840=CARTESIAN_POINT('',(-6.75868879012998,-1.30870782859789,
0.00436326774918697));
#134850=DIRECTION('',(-0.00872620324394422,-0.00872620324394422,
-0.99992385047757));
#134860=VECTOR('',#134850,1.);
#134870=LINE('',#134840,#134860);
#134880=EDGE_CURVE('',#50380,#132150,#134870,.T.);
#134890=ORIENTED_EDGE('',*,*,#134880,.F.);
#134900=ORIENTED_EDGE('',*,*,#134670,.F.);
#134910=EDGE_LOOP('',(#134900,#134890,#134830,#134820));
#134920=FACE_OUTER_BOUND('',#134910,.T.);
#134930=ADVANCED_FACE('',(#134920),#134760,.F.);
#134940=CARTESIAN_POINT('',(-6.75,0.,1.));
#134950=DIRECTION('',(0.999961923064171,0.,-0.00872653549837393));
#134960=DIRECTION('',(0.,-1.,0.));
#134970=AXIS2_PLACEMENT_3D('',#134940,#134950,#134960);
#134980=PLANE('',#134970);
#134990=ORIENTED_EDGE('',*,*,#132310,.T.);
#135000=ORIENTED_EDGE('',*,*,#134880,.T.);
#135010=ORIENTED_EDGE('',*,*,#50390,.F.);
#135020=CARTESIAN_POINT('',(-6.75868879012998,7.70870782859789,
0.00436326774918697));
#135030=DIRECTION('',(0.00872620324394422,-0.00872620324394422,
0.99992385047757));
#135040=VECTOR('',#135030,1.);
#135050=LINE('',#135020,#135040);
#135060=EDGE_CURVE('',#132300,#50300,#135050,.T.);
#135070=ORIENTED_EDGE('',*,*,#135060,.T.);
#135080=EDGE_LOOP('',(#135070,#135010,#135000,#134990));
#135090=FACE_OUTER_BOUND('',#135080,.T.);
#135100=ADVANCED_FACE('',(#135090),#134980,.T.);
#135110=COLOUR_RGB('',0.,0.239215701818466,0.501960813999176);
#135120=FILL_AREA_STYLE_COLOUR('',#135110);
#135130=FILL_AREA_STYLE('',(#135120));
#135140=SURFACE_STYLE_FILL_AREA(#135130);
#135150=SURFACE_SIDE_STYLE('',(#135140));
#135160=SURFACE_STYLE_USAGE(.BOTH.,#135150);
#135170=PRESENTATION_STYLE_ASSIGNMENT((#135160));
#135180=CARTESIAN_POINT('',(-6.25870782859789,7.70870782859789,0.));
#135190=DIRECTION('',(0.00872620324394422,-0.00872620324394422,
0.99992385047757));
#135200=DIRECTION('',(0.999961923064171,0.,-0.00872653549837393));
#135210=AXIS2_PLACEMENT_3D('',#135180,#135190,#135200);
#135220=CYLINDRICAL_SURFACE('',#135210,0.5);
#135230=ORIENTED_EDGE('',*,*,#135060,.F.);
#135240=ORIENTED_EDGE('',*,*,#72950,.T.);
#135250=CARTESIAN_POINT('',(-6.25870782859789,8.20868879012997,
0.00436326774918697));
#135260=DIRECTION('',(0.00872620324394422,-0.00872620324394422,
0.99992385047757));
#135270=VECTOR('',#135260,1.);
#135280=LINE('',#135250,#135270);
#135290=EDGE_CURVE('',#133110,#58390,#135280,.T.);
#135300=ORIENTED_EDGE('',*,*,#135290,.T.);
#135310=ORIENTED_EDGE('',*,*,#133320,.F.);
#135320=EDGE_LOOP('',(#135310,#135300,#135240,#135230));
#135330=FACE_OUTER_BOUND('',#135320,.T.);
#135340=ADVANCED_FACE('',(#135330),#135220,.F.);
#135350=CARTESIAN_POINT('',(0.,8.2,1.));
#135360=DIRECTION('',(-0.,-0.999961923064171,-0.00872653549837393));
#135370=DIRECTION('',(-1.,0.,0.));
#135380=AXIS2_PLACEMENT_3D('',#135350,#135360,#135370);
#135390=PLANE('',#135380);
#135400=ORIENTED_EDGE('',*,*,#133800,.T.);
#135410=ORIENTED_EDGE('',*,*,#135290,.F.);
#135420=ORIENTED_EDGE('',*,*,#58400,.T.);
#135430=CARTESIAN_POINT('',(0.,8.2,1.));
#135440=DIRECTION('',(1.,0.,0.));
#135450=VECTOR('',#135440,1.);
#135460=LINE('',#135430,#135450);
#135470=EDGE_CURVE('',#13100,#36180,#135460,.T.);
#135480=ORIENTED_EDGE('',*,*,#135470,.F.);
#135490=ORIENTED_EDGE('',*,*,#58180,.T.);
#135500=CARTESIAN_POINT('',(6.25870782859789,8.20868879012997,
0.00436326774918697));
#135510=DIRECTION('',(-0.00872620324394422,-0.00872620324394422,
0.99992385047757));
#135520=VECTOR('',#135510,1.);
#135530=LINE('',#135500,#135520);
#135540=EDGE_CURVE('',#131440,#58170,#135530,.T.);
#135550=ORIENTED_EDGE('',*,*,#135540,.T.);
#135560=EDGE_LOOP('',(#135550,#135490,#135480,#135420,#135410,#135400));
#135570=FACE_OUTER_BOUND('',#135560,.T.);
#135580=ADVANCED_FACE('',(#135570),#135390,.T.);
#135590=COLOUR_RGB('',0.,0.239215701818466,0.501960813999176);
#135600=FILL_AREA_STYLE_COLOUR('',#135590);
#135610=FILL_AREA_STYLE('',(#135600));
#135620=SURFACE_STYLE_FILL_AREA(#135610);
#135630=SURFACE_SIDE_STYLE('',(#135620));
#135640=SURFACE_STYLE_USAGE(.BOTH.,#135630);
#135650=PRESENTATION_STYLE_ASSIGNMENT((#135640));
#135660=CARTESIAN_POINT('',(6.25870782859789,7.70870782859789,0.));
#135670=DIRECTION('',(0.00872620324394422,0.00872620324394422,
-0.99992385047757));
#135680=DIRECTION('',(-0.999961923064171,0.,-0.00872653549837393));
#135690=AXIS2_PLACEMENT_3D('',#135660,#135670,#135680);
#135700=CYLINDRICAL_SURFACE('',#135690,0.5);
#135710=ORIENTED_EDGE('',*,*,#135540,.F.);
#135720=ORIENTED_EDGE('',*,*,#73130,.T.);
#135730=CARTESIAN_POINT('',(6.75868879012998,7.70870782859789,
0.00436326774918697));
#135740=DIRECTION('',(-0.00872620324394422,-0.00872620324394422,
0.99992385047757));
#135750=VECTOR('',#135740,1.);
#135760=LINE('',#135730,#135750);
#135770=EDGE_CURVE('',#128950,#57490,#135760,.T.);
#135780=ORIENTED_EDGE('',*,*,#135770,.T.);
#135790=ORIENTED_EDGE('',*,*,#131630,.F.);
#135800=EDGE_LOOP('',(#135790,#135780,#135720,#135710));
#135810=FACE_OUTER_BOUND('',#135800,.T.);
#135820=ADVANCED_FACE('',(#135810),#135700,.F.);
#135830=CARTESIAN_POINT('',(6.75,0.,1.));
#135840=DIRECTION('',(-0.999961923064171,0.,-0.00872653549837393));
#135850=DIRECTION('',(0.,1.,0.));
#135860=AXIS2_PLACEMENT_3D('',#135830,#135840,#135850);
#135870=PLANE('',#135860);
#135880=ORIENTED_EDGE('',*,*,#129110,.T.);
#135890=ORIENTED_EDGE('',*,*,#135770,.F.);
#135900=ORIENTED_EDGE('',*,*,#57500,.T.);
#135910=CARTESIAN_POINT('',(6.75868879012998,-1.30870782859789,
0.00436326774918697));
#135920=DIRECTION('',(-0.00872620324394422,0.00872620324394422,
0.99992385047757));
#135930=VECTOR('',#135920,1.);
#135940=LINE('',#135910,#135930);
#135950=EDGE_CURVE('',#129100,#57390,#135940,.T.);
#135960=ORIENTED_EDGE('',*,*,#135950,.T.);
#135970=EDGE_LOOP('',(#135960,#135900,#135890,#135880));
#135980=FACE_OUTER_BOUND('',#135970,.T.);
#135990=ADVANCED_FACE('',(#135980),#135870,.T.);
#136000=COLOUR_RGB('',0.,0.239215701818466,0.501960813999176);
#136010=FILL_AREA_STYLE_COLOUR('',#136000);
#136020=FILL_AREA_STYLE('',(#136010));
#136030=SURFACE_STYLE_FILL_AREA(#136020);
#136040=SURFACE_SIDE_STYLE('',(#136030));
#136050=SURFACE_STYLE_USAGE(.BOTH.,#136040);
#136060=PRESENTATION_STYLE_ASSIGNMENT((#136050));
#136070=CARTESIAN_POINT('',(6.25870782859789,-1.30870782859789,0.));
#136080=DIRECTION('',(0.00872620324394422,-0.00872620324394422,
-0.99992385047757));
#136090=DIRECTION('',(-0.999961923064171,0.,-0.00872653549837393));
#136100=AXIS2_PLACEMENT_3D('',#136070,#136080,#136090);
#136110=CYLINDRICAL_SURFACE('',#136100,0.5);
#136120=ORIENTED_EDGE('',*,*,#135950,.F.);
#136130=ORIENTED_EDGE('',*,*,#72250,.T.);
#136140=CARTESIAN_POINT('',(6.25870782859789,-1.80868879012998,
0.00436326774918697));
#136150=DIRECTION('',(-0.00872620324394422,0.00872620324394422,
0.99992385047757));
#136160=VECTOR('',#136150,1.);
#136170=LINE('',#136140,#136160);
#136180=EDGE_CURVE('',#129910,#5680,#136170,.T.);
#136190=ORIENTED_EDGE('',*,*,#136180,.T.);
#136200=ORIENTED_EDGE('',*,*,#130120,.F.);
#136210=EDGE_LOOP('',(#136200,#136190,#136130,#136120));
#136220=FACE_OUTER_BOUND('',#136210,.T.);
#136230=ADVANCED_FACE('',(#136220),#136110,.F.);
#136240=CARTESIAN_POINT('',(0.,-1.8,1.));
#136250=DIRECTION('',(0.,0.999961923064171,-0.00872653549837393));
#136260=DIRECTION('',(1.,0.,0.));
#136270=AXIS2_PLACEMENT_3D('',#136240,#136250,#136260);
#136280=PLANE('',#136270);
#136290=ORIENTED_EDGE('',*,*,#130620,.T.);
#136300=ORIENTED_EDGE('',*,*,#136180,.F.);
#136310=ORIENTED_EDGE('',*,*,#5690,.T.);
#136320=CARTESIAN_POINT('',(0.,-1.8,1.));
#136330=DIRECTION('',(-1.,0.,0.));
#136340=VECTOR('',#136330,1.);
#136350=LINE('',#136320,#136340);
#136360=EDGE_CURVE('',#4900,#5400,#136350,.T.);
#136370=ORIENTED_EDGE('',*,*,#136360,.F.);
#136380=ORIENTED_EDGE('',*,*,#5410,.T.);
#136390=ORIENTED_EDGE('',*,*,#134810,.F.);
#136400=EDGE_LOOP('',(#136390,#136380,#136370,#136310,#136300,#136290));
#136410=FACE_OUTER_BOUND('',#136400,.T.);
#136420=ADVANCED_FACE('',(#136410),#136280,.T.);
#136430=COLOUR_RGB('',0.,0.239215701818466,0.501960813999176);
#136440=FILL_AREA_STYLE_COLOUR('',#136430);
#136450=FILL_AREA_STYLE('',(#136440));
#136460=SURFACE_STYLE_FILL_AREA(#136450);
#136470=SURFACE_SIDE_STYLE('',(#136460));
#136480=SURFACE_STYLE_USAGE(.BOTH.,#136470);
#136490=PRESENTATION_STYLE_ASSIGNMENT((#136480));
#136500=CARTESIAN_POINT('',(-7.55,-2.6,1.));
#136510=DIRECTION('',(0.,0.,1.));
#136520=DIRECTION('',(1.,0.,0.));
#136530=AXIS2_PLACEMENT_3D('',#136500,#136510,#136520);
#136540=PLANE('',#136530);
#136550=ORIENTED_EDGE('',*,*,#136360,.T.);
#136560=ORIENTED_EDGE('',*,*,#5150,.T.);
#136570=ORIENTED_EDGE('',*,*,#112530,.T.);
#136580=ORIENTED_EDGE('',*,*,#12600,.T.);
#136590=EDGE_LOOP('',(#136580,#136570,#136560,#136550));
#136600=FACE_OUTER_BOUND('',#136590,.T.);
#136610=ADVANCED_FACE('',(#136600),#136540,.T.);
#136620=COLOUR_RGB('',0.,0.239215701818466,0.501960813999176);
#136630=FILL_AREA_STYLE_COLOUR('',#136620);
#136640=FILL_AREA_STYLE('',(#136630));
#136650=SURFACE_STYLE_FILL_AREA(#136640);
#136660=SURFACE_SIDE_STYLE('',(#136650));
#136670=SURFACE_STYLE_USAGE(.BOTH.,#136660);
#136680=PRESENTATION_STYLE_ASSIGNMENT((#136670));
#136690=ORIENTED_EDGE('',*,*,#112180,.T.);
#136700=ORIENTED_EDGE('',*,*,#36250,.T.);
#136710=ORIENTED_EDGE('',*,*,#135470,.T.);
#136720=ORIENTED_EDGE('',*,*,#13260,.T.);
#136730=EDGE_LOOP('',(#136720,#136710,#136700,#136690));
#136740=FACE_OUTER_BOUND('',#136730,.T.);
#136750=ADVANCED_FACE('',(#136740),#136540,.T.);
#136760=COLOUR_RGB('',0.,0.239215701818466,0.501960813999176);
#136770=FILL_AREA_STYLE_COLOUR('',#136760);
#136780=FILL_AREA_STYLE('',(#136770));
#136790=SURFACE_STYLE_FILL_AREA(#136780);
#136800=SURFACE_SIDE_STYLE('',(#136790));
#136810=SURFACE_STYLE_USAGE(.BOTH.,#136800);
#136820=PRESENTATION_STYLE_ASSIGNMENT((#136810));
#136830=CARTESIAN_POINT('',(0.,-15.4415109466091,0.5));
#136840=DIRECTION('',(1.,0.,0.));
#136850=DIRECTION('',(0.,-1.,0.));
#136860=AXIS2_PLACEMENT_3D('',#136830,#136840,#136850);
#136870=CYLINDRICAL_SURFACE('',#136860,0.5);
#136880=ORIENTED_EDGE('',*,*,#117500,.T.);
#136890=ORIENTED_EDGE('',*,*,#120150,.F.);
#136900=ORIENTED_EDGE('',*,*,#29610,.F.);
#136910=ORIENTED_EDGE('',*,*,#128360,.T.);
#136920=EDGE_LOOP('',(#136910,#136900,#136890,#136880));
#136930=FACE_OUTER_BOUND('',#136920,.T.);
#136940=ADVANCED_FACE('',(#136930),#136870,.T.);
#136950=CARTESIAN_POINT('',(16.,-16.5,0.));
#136960=DIRECTION('',(0.,1.,-0.));
#136970=DIRECTION('',(-1.,0.,0.));
#136980=AXIS2_PLACEMENT_3D('',#136950,#136960,#136970);
#136990=PLANE('',#136980);
#137000=ORIENTED_EDGE('',*,*,#126830,.F.);
#137010=ORIENTED_EDGE('',*,*,#29440,.F.);
#137020=ORIENTED_EDGE('',*,*,#83940,.F.);
#137030=ORIENTED_EDGE('',*,*,#125210,.F.);
#137040=EDGE_LOOP('',(#137030,#137020,#137010,#137000));
#137050=FACE_OUTER_BOUND('',#137040,.T.);
#137060=ADVANCED_FACE('',(#137050),#136990,.F.);
#137070=ORIENTED_EDGE('',*,*,#12860,.T.);
#137080=ORIENTED_EDGE('',*,*,#16800,.T.);
#137090=ORIENTED_EDGE('',*,*,#32630,.T.);
#137100=ORIENTED_EDGE('',*,*,#120300,.T.);
#137110=EDGE_LOOP('',(#137100,#137090,#137080,#137070));
#137120=FACE_OUTER_BOUND('',#137110,.T.);
#137130=ADVANCED_FACE('',(#137120),#116190,.T.);
#137140=CARTESIAN_POINT('',(-17.,-16.,0.));
#137150=DIRECTION('',(-1.,0.,0.));
#137160=DIRECTION('',(0.,0.,1.));
#137170=AXIS2_PLACEMENT_3D('',#137140,#137150,#137160);
#137180=PLANE('',#137170);
#137190=ORIENTED_EDGE('',*,*,#560,.F.);
#137200=ORIENTED_EDGE('',*,*,#40500,.T.);
#137210=ORIENTED_EDGE('',*,*,#84250,.F.);
#137220=CARTESIAN_POINT('',(-17.,-16.5,0.));
#137230=DIRECTION('',(0.,0.,1.));
#137240=VECTOR('',#137230,1.);
#137250=LINE('',#137220,#137240);
#137260=EDGE_CURVE('',#128220,#84180,#137250,.T.);
#137270=ORIENTED_EDGE('',*,*,#137260,.T.);
#137280=ORIENTED_EDGE('',*,*,#128230,.T.);
#137290=CARTESIAN_POINT('',(-17.,-15.4738003574349,0.5));
#137300=DIRECTION('',(-1.,0.,0.));
#137310=DIRECTION('',(0.,1.,0.));
#137320=AXIS2_PLACEMENT_3D('',#137290,#137300,#137310);
#137330=CIRCLE('',#137320,0.5);
#137340=CARTESIAN_POINT('',(-17.,-15.9737813189669,0.495636732250813));
#137350=VERTEX_POINT('',#137340);
#137360=EDGE_CURVE('',#128140,#137350,#137330,.T.);
#137370=ORIENTED_EDGE('',*,*,#137360,.F.);
#137380=CARTESIAN_POINT('',(-17.,-15.9694559627323,0.));
#137390=DIRECTION('',(0.,0.00872653549837393,-0.999961923064171));
#137400=VECTOR('',#137390,1.);
#137410=LINE('',#137380,#137400);
#137420=EDGE_CURVE('',#530,#137350,#137410,.T.);
#137430=ORIENTED_EDGE('',*,*,#137420,.T.);
#137440=EDGE_LOOP('',(#137430,#137370,#137280,#137270,#137210,#137200,
#137190));
#137450=FACE_OUTER_BOUND('',#137440,.T.);
#137460=ADVANCED_FACE('',(#137450),#137180,.T.);
#137470=CARTESIAN_POINT('',(0.,-16.,3.5));
#137480=DIRECTION('',(-0.,0.999961923064171,0.00872653549837393));
#137490=DIRECTION('',(1.,0.,0.));
#137500=AXIS2_PLACEMENT_3D('',#137470,#137480,#137490);
#137510=PLANE('',#137500);
#137520=ORIENTED_EDGE('',*,*,#640,.T.);
#137530=ORIENTED_EDGE('',*,*,#137420,.F.);
#137540=CARTESIAN_POINT('',(0.,-15.9737813189669,0.495636732250813));
#137550=DIRECTION('',(-1.,0.,0.));
#137560=VECTOR('',#137550,1.);
#137570=LINE('',#137540,#137560);
#137580=CARTESIAN_POINT('',(-17.9738003574349,-15.9737813189669,
0.495636732250813));
#137590=VERTEX_POINT('',#137580);
#137600=EDGE_CURVE('',#137350,#137590,#137570,.T.);
#137610=ORIENTED_EDGE('',*,*,#137600,.F.);
#137620=CARTESIAN_POINT('',(-17.9694369235395,-15.9694178850716,
-0.00436326774918697));
#137630=DIRECTION('',(0.00872620324394422,0.00872620324394422,
-0.99992385047757));
#137640=VECTOR('',#137630,1.);
#137650=LINE('',#137620,#137640);
#137660=EDGE_CURVE('',#630,#137590,#137650,.T.);
#137670=ORIENTED_EDGE('',*,*,#137660,.T.);
#137680=EDGE_LOOP('',(#137670,#137610,#137530,#137520));
#137690=FACE_OUTER_BOUND('',#137680,.T.);
#137700=ADVANCED_FACE('',(#137690),#137510,.F.);
#137710=COLOUR_RGB('',0.,0.239215701818466,0.501960813999176);
#137720=FILL_AREA_STYLE_COLOUR('',#137710);
#137730=FILL_AREA_STYLE('',(#137720));
#137740=SURFACE_STYLE_FILL_AREA(#137730);
#137750=SURFACE_SIDE_STYLE('',(#137740));
#137760=SURFACE_STYLE_USAGE(.BOTH.,#137750);
#137770=PRESENTATION_STYLE_ASSIGNMENT((#137760));
#137780=CARTESIAN_POINT('',(-17.9694369235395,-15.4694369235395,0.));
#137790=DIRECTION('',(0.00872620324394422,0.00872620324394422,
-0.99992385047757));
#137800=DIRECTION('',(-0.999961923064171,0.,-0.00872653549837393));
#137810=AXIS2_PLACEMENT_3D('',#137780,#137790,#137800);
#137820=CYLINDRICAL_SURFACE('',#137810,0.5);
#137830=CARTESIAN_POINT('',(-18.4694178850716,-15.4694369235395,
-0.00436326774918697));
#137840=DIRECTION('',(0.00872620324394422,0.00872620324394422,
-0.99992385047757));
#137850=VECTOR('',#137840,1.);
#137860=LINE('',#137830,#137850);
#137870=CARTESIAN_POINT('',(-18.4737813189669,-15.4738003574349,
0.495636732250813));
#137880=VERTEX_POINT('',#137870);
#137890=EDGE_CURVE('',#8360,#137880,#137860,.T.);
#137900=ORIENTED_EDGE('',*,*,#137890,.T.);
#137910=ORIENTED_EDGE('',*,*,#90620,.F.);
#137920=ORIENTED_EDGE('',*,*,#137660,.F.);
#137930=CARTESIAN_POINT('',(-17.9738003574349,-15.4738003574349,0.5));
#137940=DIRECTION('',(0.00872620324394422,0.00872620324394422,
-0.99992385047757));
#137950=DIRECTION('',(-0.999961923064171,-5.7522688568977E-19,
-0.00872653549837393));
#137960=AXIS2_PLACEMENT_3D('',#137930,#137940,#137950);
#137970=CIRCLE('',#137960,0.499999999999999);
#137980=EDGE_CURVE('',#137590,#137880,#137970,.T.);
#137990=ORIENTED_EDGE('',*,*,#137980,.F.);
#138000=EDGE_LOOP('',(#137990,#137920,#137910,#137900));
#138010=FACE_OUTER_BOUND('',#138000,.T.);
#138020=ADVANCED_FACE('',(#138010),#137820,.T.);
#138030=CARTESIAN_POINT('',(-17.9738003574349,0.,1.11022302462516E-16));
#138040=CARTESIAN_POINT('',(-18.264670970581,0.,1.11022302462516E-16));
#138050=CARTESIAN_POINT('',(-18.4712430262359,0.,0.204777194566388));
#138060=CARTESIAN_POINT('',(-18.4737813189669,0.,0.495636732250813));
#138070=(BOUNDED_CURVE() B_SPLINE_CURVE(3,(#138030,#138040,#138050,
#138060),.UNSPECIFIED.,.F.,.F.) B_SPLINE_CURVE_WITH_KNOTS((4,4),(0.,1.),
.UNSPECIFIED.) CURVE() GEOMETRIC_REPRESENTATION_ITEM() 
RATIONAL_B_SPLINE_CURVE((1.,0.806790250415523,0.806790250415523,1.)) 
REPRESENTATION_ITEM(''));
#138080=DIRECTION('',(0.,1.,0.));
#138090=VECTOR('',#138080,1.);
#138100=SURFACE_OF_LINEAR_EXTRUSION('',#138070,#138090);
#138110=CARTESIAN_POINT('',(-18.4737813189645,15.9738193959004,
0.495636731973871));
#138120=CARTESIAN_POINT('',(-18.4712430260929,15.9738193959004,
0.204777178183117));
#138130=CARTESIAN_POINT('',(-18.2646709315172,15.9738192815074,0.));
#138140=CARTESIAN_POINT('',(-17.9738003022641,15.9738192815074,0.));
#138150=(BOUNDED_CURVE() B_SPLINE_CURVE(3,(#138110,#138120,#138130,
#138140),.UNSPECIFIED.,.F.,.F.) B_SPLINE_CURVE_WITH_KNOTS((4,4),(0.,1.),
.UNSPECIFIED.) CURVE() GEOMETRIC_REPRESENTATION_ITEM() 
RATIONAL_B_SPLINE_CURVE((1.,0.806790250415517,0.806790250415517,1.)) 
REPRESENTATION_ITEM(''));
#138160=CARTESIAN_POINT('',(-18.4737813189645,15.9738193959004,
0.495636731973871));
#138170=VERTEX_POINT('',#138160);
#138180=EDGE_CURVE('',#138170,#127810,#138150,.T.);
#138190=ORIENTED_EDGE('',*,*,#138180,.T.);
#138200=CARTESIAN_POINT('',(-18.4737813189669,0.,0.495636732250813));
#138210=DIRECTION('',(0.,1.,0.));
#138220=VECTOR('',#138210,1.);
#138230=LINE('',#138200,#138220);
#138240=CARTESIAN_POINT('',(-18.473781318967,10.8551292434056,
0.495636732250813));
#138250=VERTEX_POINT('',#138240);
#138260=EDGE_CURVE('',#138250,#138170,#138230,.T.);
#138270=ORIENTED_EDGE('',*,*,#138260,.T.);
#138280=CARTESIAN_POINT('',(-18.473781318967,10.8551292434056,
0.495636732250813));
#138290=CARTESIAN_POINT('',(-18.4727573840529,10.8551292434056,
0.378305412628732));
#138300=CARTESIAN_POINT('',(-18.4390551196954,10.8551292434062,
0.248690171452141));
#138310=CARTESIAN_POINT('',(-18.355957142456,10.8551292434044,
0.114493631325576));
#138320=CARTESIAN_POINT('',(-18.2210405546768,10.8551292434063,
0.0325698890761293));
#138330=CARTESIAN_POINT('',(-18.0911361448442,10.8551292434056,
1.11022480726917E-16));
#138340=CARTESIAN_POINT('',(-17.9738003574349,10.8551292434056,
1.11022421799216E-16));
#138350=B_SPLINE_CURVE_WITH_KNOTS('',6,(#138280,#138290,#138300,#138310,
#138320,#138330,#138340),.UNSPECIFIED.,.F.,.F.,(7,7),(0.,1.),
.UNSPECIFIED.);
#138360=EDGE_CURVE('',#138250,#127890,#138350,.T.);
#138370=ORIENTED_EDGE('',*,*,#138360,.F.);
#138380=ORIENTED_EDGE('',*,*,#127900,.F.);
#138390=EDGE_LOOP('',(#138380,#138370,#138270,#138190));
#138400=FACE_OUTER_BOUND('',#138390,.T.);
#138410=ADVANCED_FACE('',(#138400),#138100,.T.);
#138420=CARTESIAN_POINT('',(-18.4742496501235,10.4868843603457,
0.549302167289202));
#138430=CARTESIAN_POINT('',(-18.4740932611617,10.5464921278129,
0.531381767272453));
#138440=CARTESIAN_POINT('',(-18.4739683171386,10.6071652648449,
0.517064600261445));
#138450=CARTESIAN_POINT('',(-18.4738747344787,10.6686346581793,
0.506341089754895));
#138460=CARTESIAN_POINT('',(-18.4738124296142,10.7306311945596,
0.499201659251815));
#138470=CARTESIAN_POINT('',(-18.4737813189669,10.7928857607211,
0.495636732250813));
#138480=CARTESIAN_POINT('',(-18.4737813189669,10.8551292434056,
0.495636732250813));
#138490=CARTESIAN_POINT('',(-18.4734817894148,10.4538107128164,
0.461314045196479));
#138500=CARTESIAN_POINT('',(-18.4732758763566,10.5139558178992,
0.43771874581079));
#138510=CARTESIAN_POINT('',(-18.4730974797568,10.5803477364592,
0.41727652020555));
#138520=CARTESIAN_POINT('',(-18.4729579281382,10.6504266726275,
0.401285488769824));
#138530=CARTESIAN_POINT('',(-18.4728596692294,10.7213479787971,
0.390026132859872));
#138540=CARTESIAN_POINT('',(-18.4727971152758,10.7903703924534,
0.382858159834658));
#138550=CARTESIAN_POINT('',(-18.4727573840529,10.8551292434056,
0.378305412628733));
#138560=CARTESIAN_POINT('',(-18.4516600702616,10.4204860020431,
0.366778343819279));
#138570=CARTESIAN_POINT('',(-18.4489691695056,10.4834671569428,
0.337235348200343));
#138580=CARTESIAN_POINT('',(-18.4471631174789,10.5550488441122,
0.309717892097617));
#138590=CARTESIAN_POINT('',(-18.4452283556641,10.6321574880215,
0.288085896965795));
#138600=CARTESIAN_POINT('',(-18.4436320891933,10.7102443167487,
0.270616312813726));
#138610=CARTESIAN_POINT('',(-18.4416122257607,10.7857692224897,
0.258477710950757));
#138620=CARTESIAN_POINT('',(-18.4390551196954,10.8551292434062,
0.248690171452141));
#138630=CARTESIAN_POINT('',(-18.4030076218472,10.3899311799564,
0.272155635141576));
#138640=CARTESIAN_POINT('',(-18.3955621008444,10.4571415057503,
0.237109354120355));
#138650=CARTESIAN_POINT('',(-18.3889693136897,10.5332002076398,
0.201728608626008));
#138660=CARTESIAN_POINT('',(-18.3812726577251,10.6155968897039,
0.173023240996155));
#138670=CARTESIAN_POINT('',(-18.373865065021,10.6990123012957,
0.147267419921279));
#138680=CARTESIAN_POINT('',(-18.3653886628165,10.7802089275011,
0.128892441188478));
#138690=CARTESIAN_POINT('',(-18.355957142456,10.8551292434044,
0.114493631325576));
#138700=CARTESIAN_POINT('',(-18.3273187163573,10.3685042168764,
0.194325919864352));
#138710=CARTESIAN_POINT('',(-18.3133773781016,10.4411929894894,
0.157820193195191));
#138720=CARTESIAN_POINT('',(-18.2977763201103,10.5203171567571,
0.120650891250964));
#138730=CARTESIAN_POINT('',(-18.2790234040479,10.6048687435909,
0.0911080054193867));
#138740=CARTESIAN_POINT('',(-18.2601045254148,10.6903161273933,
0.0639661050431951));
#138750=CARTESIAN_POINT('',(-18.2403460030907,10.7748161841678,
0.0455954440598008));
#138760=CARTESIAN_POINT('',(-18.2210405546768,10.8551292434063,
0.0325698890761294));
#138770=CARTESIAN_POINT('',(-18.2413956147524,10.3568209652821,
0.13960512813549));
#138780=CARTESIAN_POINT('',(-18.2213832087299,10.4338039938374,
0.102255343815647));
#138790=CARTESIAN_POINT('',(-18.1985592059546,10.5145737809247,
0.0677580888070491));
#138800=CARTESIAN_POINT('',(-18.1721762829101,10.5991651971875,
0.04209053625354));
#138810=CARTESIAN_POINT('',(-18.1452339784439,10.6847557177589,
0.0202679662512646));
#138820=CARTESIAN_POINT('',(-18.1176891996389,10.7707176691578,
0.00723289389468571));
#138830=CARTESIAN_POINT('',(-18.0911361448442,10.8551292434056,
1.11022480726917E-16));
#138840=CARTESIAN_POINT('',(-18.1537603567385,10.3530748792389,
0.10557243491325));
#138850=CARTESIAN_POINT('',(-18.1270416883058,10.4327604321115,
0.0710143026981846));
#138860=CARTESIAN_POINT('',(-18.0981584218631,10.5146373621387,
0.0428652920649183));
#138870=CARTESIAN_POINT('',(-18.0677312643485,10.598290532245,
0.0214968373221838));
#138880=CARTESIAN_POINT('',(-18.0364175444037,10.6832568858563,
0.00716560971511159));
#138890=CARTESIAN_POINT('',(-18.0048876014516,10.7690400591484,
3.46807293039377E-16));
#138900=CARTESIAN_POINT('',(-17.9738003574349,10.8551292434056,
1.11022421799216E-16));
#138910=B_SPLINE_SURFACE_WITH_KNOTS('',6,6,((#138420,#138490,#138560,
#138630,#138700,#138770,#138840),(#138430,#138500,#138570,#138640,
#138710,#138780,#138850),(#138440,#138510,#138580,#138650,#138720,
#138790,#138860),(#138450,#138520,#138590,#138660,#138730,#138800,
#138870),(#138460,#138530,#138600,#138670,#138740,#138810,#138880),(
#138470,#138540,#138610,#138680,#138750,#138820,#138890),(#138480,
#138550,#138620,#138690,#138760,#138830,#138900)),.UNSPECIFIED.,.F.,.F.,
.F.,(7,7),(7,7),(0.,1.),(0.,1.),.UNSPECIFIED.);
#138920=CARTESIAN_POINT('',(-18.1534469271744,10.3533093595586,
0.106355110707448));
#138930=CARTESIAN_POINT('',(-18.2410821851883,10.3570554456019,
0.140387803929688));
#138940=CARTESIAN_POINT('',(-18.327067972706,10.3686918011322,
0.194952060499711));
#138950=CARTESIAN_POINT('',(-18.4028509070652,10.3900484201163,
0.272546973038675));
#138960=CARTESIAN_POINT('',(-18.4515973843488,10.420532898107,
0.366934878978118));
#138970=CARTESIAN_POINT('',(-18.4734817894148,10.4538107128164,
0.461314045196479));
#138980=CARTESIAN_POINT('',(-18.4742496501234,10.4868843603457,
0.549302167289202));
#138990=B_SPLINE_CURVE_WITH_KNOTS('',6,(#138920,#138930,#138940,#138950,
#138960,#138970,#138980),.UNSPECIFIED.,.F.,.F.,(7,7),(0.,1.),
.UNSPECIFIED.);
#139000=CARTESIAN_POINT('',(-18.1537603565514,10.353074879797,
0.105572434671206));
#139010=VERTEX_POINT('',#139000);
#139020=CARTESIAN_POINT('',(-18.4742496501235,10.4868843603457,
0.549302167289202));
#139030=VERTEX_POINT('',#139020);
#139040=EDGE_CURVE('',#139010,#139030,#138990,.T.);
#139050=ORIENTED_EDGE('',*,*,#139040,.T.);
#139060=CARTESIAN_POINT('',(-17.9738003574349,10.8551292434056,
-3.43935150843259E-18));
#139070=CARTESIAN_POINT('',(-18.0048876014516,10.7690400591484,
2.66393190067665E-16));
#139080=CARTESIAN_POINT('',(-18.0364175444037,10.6832568858563,
0.00716560971511154));
#139090=CARTESIAN_POINT('',(-18.0677312643485,10.598290532245,
0.0214968373221838));
#139100=CARTESIAN_POINT('',(-18.0981584218631,10.5146373621387,
0.0428652920649183));
#139110=CARTESIAN_POINT('',(-18.1270416883058,10.4327604321115,
0.0710143026981846));
#139120=CARTESIAN_POINT('',(-18.1537603567385,10.3530748792389,
0.10557243491325));
#139130=B_SPLINE_CURVE_WITH_KNOTS('',6,(#139060,#139070,#139080,#139090,
#139100,#139110,#139120),.UNSPECIFIED.,.F.,.F.,(7,7),(0.,1.),
.UNSPECIFIED.);
#139140=EDGE_CURVE('',#127890,#139010,#139130,.T.);
#139150=ORIENTED_EDGE('',*,*,#139140,.T.);
#139160=ORIENTED_EDGE('',*,*,#138360,.T.);
#139170=CARTESIAN_POINT('',(-18.4742496501235,10.4868843603457,
0.549302167289202));
#139180=CARTESIAN_POINT('',(-18.4740932611618,10.5464921278129,
0.531381767272453));
#139190=CARTESIAN_POINT('',(-18.4739683171386,10.6071652648449,
0.517064600261446));
#139200=CARTESIAN_POINT('',(-18.4738747344787,10.6686346581793,
0.506341089754895));
#139210=CARTESIAN_POINT('',(-18.4738124296142,10.7306311945596,
0.499201659251815));
#139220=CARTESIAN_POINT('',(-18.4737813189669,10.7928857607211,
0.495636732250813));
#139230=CARTESIAN_POINT('',(-18.4737813189669,10.8551292434056,
0.495636732250813));
#139240=B_SPLINE_CURVE_WITH_KNOTS('',6,(#139170,#139180,#139190,#139200,
#139210,#139220,#139230),.UNSPECIFIED.,.F.,.F.,(7,7),(0.,1.),
.UNSPECIFIED.);
#139250=EDGE_CURVE('',#139030,#138250,#139240,.T.);
#139260=ORIENTED_EDGE('',*,*,#139250,.T.);
#139270=EDGE_LOOP('',(#139260,#139160,#139150,#139050));
#139280=FACE_OUTER_BOUND('',#139270,.T.);
#139290=ADVANCED_FACE('',(#139280),#138910,.T.);
#139300=CARTESIAN_POINT('',(-32.,1.11870145104854E-15,1.));
#139310=DIRECTION('',(0.,0.,1.));
#139320=DIRECTION('',(1.,0.,0.));
#139330=AXIS2_PLACEMENT_3D('',#139300,#139310,#139320);
#139340=TOROIDAL_SURFACE('',#139330,17.736067977546,1.);
#139350=ORIENTED_EDGE('',*,*,#139140,.F.);
#139360=CARTESIAN_POINT('',(-32.,1.11870145104854E-15,0.105572809039262)
);
#139370=DIRECTION('',(0.,0.,1.));
#139380=DIRECTION('',(1.,0.,0.));
#139390=AXIS2_PLACEMENT_3D('',#139360,#139370,#139380);
#139400=CIRCLE('',#139390,17.2888543819677);
#139410=CARTESIAN_POINT('',(-18.153761722049,-10.3530754556841,
0.105572809039263));
#139420=VERTEX_POINT('',#139410);
#139430=EDGE_CURVE('',#139420,#139010,#139400,.T.);
#139440=ORIENTED_EDGE('',*,*,#139430,.T.);
#139450=CARTESIAN_POINT('',(-18.153761722049,-10.3530754556841,
0.105572809039263));
#139460=CARTESIAN_POINT('',(-18.1270428538751,-10.4327608954897,
0.0710145566489771));
#139470=CARTESIAN_POINT('',(-18.0981593723139,-10.5146377224684,
0.0428654462880167));
#139480=CARTESIAN_POINT('',(-18.0677319872551,-10.5982907973224,
0.0214969148970953));
#139490=CARTESIAN_POINT('',(-18.0364180306837,-10.6832570609432,
0.00716563557337098));
#139500=CARTESIAN_POINT('',(-18.0048878455826,-10.7690401467857,
5.44337362980164E-16));
#139510=CARTESIAN_POINT('',(-17.9738003574349,-10.8551292434056,
-3.9442340056923E-28));
#139520=B_SPLINE_CURVE_WITH_KNOTS('',6,(#139450,#139460,#139470,#139480,
#139490,#139500,#139510),.UNSPECIFIED.,.F.,.F.,(7,7),(0.,1.),
.UNSPECIFIED.);
#139530=EDGE_CURVE('',#139420,#127980,#139520,.T.);
#139540=ORIENTED_EDGE('',*,*,#139530,.F.);
#139550=ORIENTED_EDGE('',*,*,#127990,.F.);
#139560=EDGE_LOOP('',(#139550,#139540,#139440,#139350));
#139570=FACE_OUTER_BOUND('',#139560,.T.);
#139580=ADVANCED_FACE('',(#139570),#139340,.T.);
#139590=CARTESIAN_POINT('',(-18.4742496500769,-10.4868849437036,
0.549302161953749));
#139600=CARTESIAN_POINT('',(-18.4734817905918,-10.4538113470171,
0.461314180062604));
#139610=CARTESIAN_POINT('',(-18.4515974528248,-10.4205335829533,
0.366935173733246));
#139620=CARTESIAN_POINT('',(-18.4028511417759,-10.3900491406395,
0.272547422861962));
#139630=CARTESIAN_POINT('',(-18.3270684522636,-10.3686924998858,
0.194952552685065));
#139640=CARTESIAN_POINT('',(-18.241082870248,-10.3570560848746,
0.140388244802707));
#139650=CARTESIAN_POINT('',(-18.1534477640695,-10.3533099202822,
0.106355448206903));
#139660=CARTESIAN_POINT('',(-18.4740932613355,-10.5464926178738,
0.531381787185155));
#139670=CARTESIAN_POINT('',(-18.4732669378267,-10.5136483562626,
0.436694491737187));
#139680=CARTESIAN_POINT('',(-18.4484098674726,-10.4833507659605,
0.336526967863047));
#139690=CARTESIAN_POINT('',(-18.3949968816632,-10.4574971003084,
0.237728963412829));
#139700=CARTESIAN_POINT('',(-18.3137752370096,-10.4416695839858,
0.159166320962325));
#139710=CARTESIAN_POINT('',(-18.2220684838312,-10.4341222086305,
0.103413854759391));
#139720=CARTESIAN_POINT('',(-18.1267288958956,-10.4329953600878,
0.0717971958166168));
#139730=CARTESIAN_POINT('',(-18.4739683173658,-10.6071656582215,
0.517064626290861));
#139740=CARTESIAN_POINT('',(-18.4730679327445,-10.5797209084514,
0.413890767932186));
#139750=CARTESIAN_POINT('',(-18.4452585513637,-10.5546166993917,
0.306678642349488));
#139760=CARTESIAN_POINT('',(-18.3870336984738,-10.5334282274073,
0.203627177690915));
#139770=CARTESIAN_POINT('',(-18.3002847916869,-10.5208178581971,
0.123898592799415));
#139780=CARTESIAN_POINT('',(-18.2015601107633,-10.51495090006,
0.0694467431252208));
#139790=CARTESIAN_POINT('',(-18.0979082059303,-10.5148252941469,
0.0434915576221284));
#139800=CARTESIAN_POINT('',(-18.4738747346538,-10.6686349528451,
0.506341109810529));
#139810=CARTESIAN_POINT('',(-18.4729018012219,-10.6497727206641,
0.394853981177618));
#139820=CARTESIAN_POINT('',(-18.441550039811,-10.6316239538283,
0.281861021317191));
#139830=CARTESIAN_POINT('',(-18.3775767378865,-10.6156264196231,
0.176580452156867));
#139840=CARTESIAN_POINT('',(-18.2846061680407,-10.6051995632683,
0.0964926881908765));
#139850=CARTESIAN_POINT('',(-18.1782847663321,-10.599464242494,
0.0440202890119387));
#139860=CARTESIAN_POINT('',(-18.0675750082653,-10.5984080296215,
0.0218882344809152));
#139870=CARTESIAN_POINT('',(-18.4738124296928,-10.7306313898517,
0.499201668283969));
#139880=CARTESIAN_POINT('',(-18.4727772165239,-10.720979500653,
0.380577988664631));
#139890=CARTESIAN_POINT('',(-18.4380972417624,-10.7099126726737,
0.261082492686291));
#139900=CARTESIAN_POINT('',(-18.3684223520688,-10.6989526342979,
0.152353761229101));
#139910=CARTESIAN_POINT('',(-18.269001591506,-10.6904277043124,
0.0709444348336179));
#139920=CARTESIAN_POINT('',(-18.1545287688034,-10.6848833194079,
0.02182574511506));
#139930=CARTESIAN_POINT('',(-18.0363552390878,-10.6833039538628,
0.00732216340689893));
#139940=CARTESIAN_POINT('',(-18.4737813189669,-10.7928858573372,
0.495636732250813));
#139950=CARTESIAN_POINT('',(-18.4726944307487,-10.7903704893515,
0.371091678475931));
#139960=CARTESIAN_POINT('',(-18.4344515349181,-10.785769319626,
0.246407080373597));
#139970=CARTESIAN_POINT('',(-18.3585442565264,-10.7802090243322,
0.135317790642941));
#139980=CARTESIAN_POINT('',(-18.2519782436985,-10.7748162796466,
0.0534788132785813));
#139990=CARTESIAN_POINT('',(-18.129456377314,-10.7707177617396,
0.00802422073990808));
#140000=CARTESIAN_POINT('',(-18.0048878455826,-10.7690401467857,
5.44337362980164E-16));
#140010=CARTESIAN_POINT('',(-18.4737813189669,-10.8551292434056,
0.495636732250813));
#140020=CARTESIAN_POINT('',(-18.4726453642571,-10.8551292434056,
0.365469215441818));
#140030=CARTESIAN_POINT('',(-18.4308529743157,-10.855129243406,
0.235668090288279));
#140040=CARTESIAN_POINT('',(-18.3484801170295,-10.855129243405,
0.122036192477924));
#140050=CARTESIAN_POINT('',(-18.2341337163122,-10.8551292434059,
0.0406580844896081));
#140060=CARTESIAN_POINT('',(-18.1039728308128,-10.8551292434056,
-7.97075929517398E-18));
#140070=CARTESIAN_POINT('',(-17.9738003574349,-10.8551292434056,
-3.94424289634684E-28));
#140080=B_SPLINE_SURFACE_WITH_KNOTS('',6,6,((#139590,#139660,#139730,
#139800,#139870,#139940,#140010),(#139600,#139670,#139740,#139810,
#139880,#139950,#140020),(#139610,#139680,#139750,#139820,#139890,
#139960,#140030),(#139620,#139690,#139760,#139830,#139900,#139970,
#140040),(#139630,#139700,#139770,#139840,#139910,#139980,#140050),(
#139640,#139710,#139780,#139850,#139920,#139990,#140060),(#139650,
#139720,#139790,#139860,#139930,#140000,#140070)),.UNSPECIFIED.,.F.,.F.,
.F.,(7,7),(7,7),(0.,1.),(0.,1.),.UNSPECIFIED.);
#140090=CARTESIAN_POINT('',(-18.4737813189669,-10.8551292434056,
0.495636732250813));
#140100=CARTESIAN_POINT('',(-18.4737813189669,-10.7928858573372,
0.495636732250813));
#140110=CARTESIAN_POINT('',(-18.4738124296928,-10.7306313898517,
0.49920166828397));
#140120=CARTESIAN_POINT('',(-18.4738747346538,-10.6686349528451,
0.506341109810529));
#140130=CARTESIAN_POINT('',(-18.4739683173658,-10.6071656582215,
0.517064626290861));
#140140=CARTESIAN_POINT('',(-18.4740932613355,-10.5464926178738,
0.531381787185155));
#140150=CARTESIAN_POINT('',(-18.4742496500769,-10.4868849437036,
0.549302161953749));
#140160=B_SPLINE_CURVE_WITH_KNOTS('',6,(#140090,#140100,#140110,#140120,
#140130,#140140,#140150),.UNSPECIFIED.,.F.,.F.,(7,7),(0.,1.),
.UNSPECIFIED.);
#140170=CARTESIAN_POINT('',(-18.4737813189669,-10.8551292434056,
0.495636732250813));
#140180=VERTEX_POINT('',#140170);
#140190=CARTESIAN_POINT('',(-18.4742496500769,-10.4868849437036,
0.54930216195375));
#140200=VERTEX_POINT('',#140190);
#140210=EDGE_CURVE('',#140180,#140200,#140160,.T.);
#140220=ORIENTED_EDGE('',*,*,#140210,.T.);
#140230=CARTESIAN_POINT('',(-17.9738003574349,-10.8551292434056,
2.35230258607825E-17));
#140240=CARTESIAN_POINT('',(-18.1039728308128,-10.8551292434056,
1.28382260273574E-17));
#140250=CARTESIAN_POINT('',(-18.2341337163122,-10.8551292434059,
0.0406580844896081));
#140260=CARTESIAN_POINT('',(-18.3484801170295,-10.855129243405,
0.122036192477924));
#140270=CARTESIAN_POINT('',(-18.4308529743157,-10.855129243406,
0.235668090288279));
#140280=CARTESIAN_POINT('',(-18.4726453642571,-10.8551292434056,
0.365469215441818));
#140290=CARTESIAN_POINT('',(-18.4737813189669,-10.8551292434056,
0.495636732250813));
#140300=B_SPLINE_CURVE_WITH_KNOTS('',6,(#140230,#140240,#140250,#140260,
#140270,#140280,#140290),.UNSPECIFIED.,.F.,.F.,(7,7),(0.,1.),
.UNSPECIFIED.);
#140310=EDGE_CURVE('',#127980,#140180,#140300,.T.);
#140320=ORIENTED_EDGE('',*,*,#140310,.T.);
#140330=ORIENTED_EDGE('',*,*,#139530,.T.);
#140340=CARTESIAN_POINT('',(-18.4742496500769,-10.4868849437036,
0.54930216195375));
#140350=CARTESIAN_POINT('',(-18.4734817905918,-10.4538113470171,
0.461314180062605));
#140360=CARTESIAN_POINT('',(-18.4515974528248,-10.4205335829533,
0.366935173733247));
#140370=CARTESIAN_POINT('',(-18.4028511417759,-10.3900491406395,
0.272547422861962));
#140380=CARTESIAN_POINT('',(-18.3270684522636,-10.3686924998858,
0.194952552685065));
#140390=CARTESIAN_POINT('',(-18.241082870248,-10.3570560848746,
0.140388244802707));
#140400=CARTESIAN_POINT('',(-18.1534477640695,-10.3533099202822,
0.106355448206903));
#140410=B_SPLINE_CURVE_WITH_KNOTS('',6,(#140340,#140350,#140360,#140370,
#140380,#140390,#140400),.UNSPECIFIED.,.F.,.F.,(7,7),(0.,1.),
.UNSPECIFIED.);
#140420=EDGE_CURVE('',#140200,#139420,#140410,.T.);
#140430=ORIENTED_EDGE('',*,*,#140420,.T.);
#140440=EDGE_LOOP('',(#140430,#140330,#140320,#140220));
#140450=FACE_OUTER_BOUND('',#140440,.T.);
#140460=ADVANCED_FACE('',(#140450),#140080,.T.);
#140470=CARTESIAN_POINT('',(-18.474187714932,10.5104737239268,
0.542205097302268));
#140480=CARTESIAN_POINT('',(-18.4774725796224,9.26027600170766,
0.918613308038636));
#140490=CARTESIAN_POINT('',(-18.480408792909,7.99761927263645,
1.25507002503577));
#140500=CARTESIAN_POINT('',(-18.4870067625429,4.51312662728484,
2.01112245898391));
#140510=CARTESIAN_POINT('',(-18.4895227373417,2.26063423931681,
2.29942461493719));
#140520=CARTESIAN_POINT('',(-18.4895227373417,-2.26063423931681,
2.29942461493719));
#140530=CARTESIAN_POINT('',(-18.4870067425387,-4.5131371918129,
2.01112016673136));
#140540=CARTESIAN_POINT('',(-18.4804087848958,-7.99762350454747,
1.25506910681124));
#140550=CARTESIAN_POINT('',(-18.4774725725284,-9.26027944521938,
0.918612495143643));
#140560=CARTESIAN_POINT('',(-18.4741877155298,-10.5104740583118,
0.542205165802399));
#140570=CARTESIAN_POINT('',(-18.4724508863129,10.435557402464,
0.34318425034003));
#140580=CARTESIAN_POINT('',(-18.4757343172151,9.19577484997878,
0.719428165217373));
#140590=CARTESIAN_POINT('',(-18.4786828582717,7.93965276477997,
1.0572975047373));
#140600=CARTESIAN_POINT('',(-18.4853048988511,4.48214630090964,
1.81610819583424));
#140610=CARTESIAN_POINT('',(-18.4878388727443,2.24637985866762,
2.10647284371617));
#140620=CARTESIAN_POINT('',(-18.4878388727504,-2.24637985893961,
2.10647284441261));
#140630=CARTESIAN_POINT('',(-18.4853048787339,-4.48215680863889,
1.81610589062754));
#140640=CARTESIAN_POINT('',(-18.4786828502965,-7.9396569354483,
1.05729659086861));
#140650=CARTESIAN_POINT('',(-18.4757343101425,-9.19577825665968,
0.719427354768017));
#140660=CARTESIAN_POINT('',(-18.4724508868535,-10.4355577571765,
0.343184312277825));
#140670=CARTESIAN_POINT('',(-18.3515235268413,10.3851804494036,
0.176195586914312));
#140680=CARTESIAN_POINT('',(-18.3581034024552,9.14938832496607,
0.553030089359757));
#140690=CARTESIAN_POINT('',(-18.3643675071938,7.89794295180096,
0.891512578228152));
#140700=CARTESIAN_POINT('',(-18.3791772475885,4.45593821985136,
1.6517591054123));
#140710=CARTESIAN_POINT('',(-18.3856625475636,2.23457701713104,
1.94281556651486));
#140720=CARTESIAN_POINT('',(-18.3856625451464,-2.23457701695638,
1.94281556540608));
#140730=CARTESIAN_POINT('',(-18.3791772010248,-4.45594858310368,
1.65175681582255));
#140740=CARTESIAN_POINT('',(-18.3643674879929,-7.89794715902773,
0.891511648384589));
#140750=CARTESIAN_POINT('',(-18.358103386954,-9.14939175108361,
0.553029269990227));
#140760=CARTESIAN_POINT('',(-18.3515235269085,-10.3851808133877,
0.176195646505519));
#140770=CARTESIAN_POINT('',(-18.1532403516119,10.3767063606272,
0.099257815302219));
#140780=CARTESIAN_POINT('',(-18.1641907736698,9.13668566682536,
0.475679640301264));
#140790=CARTESIAN_POINT('',(-18.1749029576825,7.8860989219966,
0.812202933220567));
#140800=CARTESIAN_POINT('',(-18.2010224596927,4.44212100315937,
1.56830105051666));
#140810=CARTESIAN_POINT('',(-18.2131485735988,2.22870921237358,
1.85657428720601));
#140820=CARTESIAN_POINT('',(-18.2131485735988,-2.22870921237358,
1.85657428720601));
#140830=CARTESIAN_POINT('',(-18.201022381232,-4.44213134857216,
1.5682987792631));
#140840=CARTESIAN_POINT('',(-18.1749029255371,-7.88610316051508,
0.812202002687353));
#140850=CARTESIAN_POINT('',(-18.1641907487469,-9.13668910692791,
0.47567882192899));
#140860=CARTESIAN_POINT('',(-18.1532403527104,-10.3767066983773,
0.0992578833012455));
#140870=(BOUNDED_SURFACE() B_SPLINE_SURFACE(3,3,((#140470,#140570,
#140670,#140770),(#140480,#140580,#140680,#140780),(#140490,#140590,
#140690,#140790),(#140500,#140600,#140700,#140800),(#140510,#140610,
#140710,#140810),(#140520,#140620,#140720,#140820),(#140530,#140630,
#140730,#140830),(#140540,#140640,#140740,#140840),(#140550,#140650,
#140750,#140850),(#140560,#140660,#140760,#140860)),.UNSPECIFIED.,.F.,
.F.,.F.) B_SPLINE_SURFACE_WITH_KNOTS((4,2,2,2,4),(4,4),(22.3375215961672
,26.2409455892958,32.9746358146243,39.7083260399529,43.6117816470563),(
0.,1.),.UNSPECIFIED.) GEOMETRIC_REPRESENTATION_ITEM() 
RATIONAL_B_SPLINE_SURFACE(((1.,0.884248103811365,0.884248103811365,1.),(
1.,0.887333111513958,0.887333111513958,1.),(1.,0.890436127848237,
0.890436127848237,1.),(1.,0.898119675141454,0.898119675141454,1.),(1.,
0.901874702103267,0.901874702103267,1.),(1.,0.90187470106774,
0.90187470106774,1.),(1.,0.898119650878087,0.898119650878087,1.),(1.,
0.890436118479767,0.890436118479767,1.),(1.,0.887333104813977,
0.887333104813977,1.),(1.,0.884248104550267,0.884248104550267,1.))) 
REPRESENTATION_ITEM('') SURFACE());
#140880=CARTESIAN_POINT('',(-18.1534469282716,10.3533092352649,
0.106355148383747));
#140890=CARTESIAN_POINT('',(-18.164325469239,9.12095499438931,
0.479910166611539));
#140900=CARTESIAN_POINT('',(-18.174963238041,7.87815067613644,
0.813947907744883));
#140910=CARTESIAN_POINT('',(-18.2010224596927,4.44212100315937,
1.56830105051666));
#140920=CARTESIAN_POINT('',(-18.2131485735988,2.22870921237358,
1.85657428720601));
#140930=CARTESIAN_POINT('',(-18.2131485735988,-2.22870921237358,
1.85657428720601));
#140940=CARTESIAN_POINT('',(-18.201022381232,-4.44213134857216,
1.5682987792631));
#140950=CARTESIAN_POINT('',(-18.1749632056108,-7.87815495221189,
0.813946968966333));
#140960=CARTESIAN_POINT('',(-18.1643254431389,-9.1209585714263,
0.479909312710514));
#140970=CARTESIAN_POINT('',(-18.1534469272127,-10.3533098203073,
0.106355142450912));
#140980=B_SPLINE_CURVE_WITH_KNOTS('',3,(#140880,#140890,#140900,#140910,
#140920,#140930,#140940,#140950,#140960,#140970),.UNSPECIFIED.,.F.,.F.,(
4,2,2,2,4),(22.3620706499194,26.2409455892958,32.9746358146243,
39.7083260399529,43.5872325928119),.UNSPECIFIED.);
#140990=EDGE_CURVE('',#139010,#139420,#140980,.T.);
#141000=ORIENTED_EDGE('',*,*,#140990,.T.);
#141010=ORIENTED_EDGE('',*,*,#139040,.F.);
#141020=CARTESIAN_POINT('',(-18.4742496501232,10.4868843604417,
0.549302167260312));
#141030=CARTESIAN_POINT('',(-18.4775094915755,9.24439339976524,
0.922842998912828));
#141040=CARTESIAN_POINT('',(-18.4804240201509,7.98957752414216,
1.25681489412896));
#141050=CARTESIAN_POINT('',(-18.4870067625429,4.51312662728484,
2.01112245898391));
#141060=CARTESIAN_POINT('',(-18.4895227373417,2.26063423931681,
2.29942461493719));
#141070=CARTESIAN_POINT('',(-18.4895227373417,-2.26063423931681,
2.29942461493719));
#141080=CARTESIAN_POINT('',(-18.4870067425387,-4.5131371918129,
2.01112016673136));
#141090=CARTESIAN_POINT('',(-18.480424012065,-7.98958179440711,
1.25681396758253));
#141100=CARTESIAN_POINT('',(-18.4775094841722,-9.2443969813144,
0.922842150580987));
#141110=CARTESIAN_POINT('',(-18.4742496500766,-10.4868849437997,
0.549302161924859));
#141120=B_SPLINE_CURVE_WITH_KNOTS('',3,(#141020,#141030,#141040,#141050,
#141060,#141070,#141080,#141090,#141100,#141110),.UNSPECIFIED.,.F.,.F.,(
4,2,2,2,4),(22.3620706499194,26.2409455892958,32.9746358146243,
39.7083260399529,43.5872325928119),.UNSPECIFIED.);
#141130=EDGE_CURVE('',#139030,#140200,#141120,.T.);
#141140=ORIENTED_EDGE('',*,*,#141130,.F.);
#141150=ORIENTED_EDGE('',*,*,#140420,.F.);
#141160=EDGE_LOOP('',(#141150,#141140,#141010,#141000));
#141170=FACE_OUTER_BOUND('',#141160,.T.);
#141180=ADVANCED_FACE('',(#141170),#140870,.F.);
#141190=CARTESIAN_POINT('',(-17.9738003574349,0.,0.5));
#141200=DIRECTION('',(0.,1.,0.));
#141210=DIRECTION('',(1.,0.,0.));
#141220=AXIS2_PLACEMENT_3D('',#141190,#141200,#141210);
#141230=CYLINDRICAL_SURFACE('',#141220,0.5);
#141240=ORIENTED_EDGE('',*,*,#140310,.F.);
#141250=CARTESIAN_POINT('',(-18.4737813189669,0.,0.495636732250813));
#141260=DIRECTION('',(0.,1.,0.));
#141270=VECTOR('',#141260,1.);
#141280=LINE('',#141250,#141270);
#141290=EDGE_CURVE('',#137880,#140180,#141280,.T.);
#141300=ORIENTED_EDGE('',*,*,#141290,.T.);
#141310=CARTESIAN_POINT('',(-17.9738003574349,-15.4738003574349,0.5));
#141320=DIRECTION('',(0.,1.,0.));
#141330=DIRECTION('',(1.,0.,0.));
#141340=AXIS2_PLACEMENT_3D('',#141310,#141320,#141330);
#141350=CIRCLE('',#141340,0.5);
#141360=EDGE_CURVE('',#128060,#137880,#141350,.T.);
#141370=ORIENTED_EDGE('',*,*,#141360,.T.);
#141380=ORIENTED_EDGE('',*,*,#128070,.F.);
#141390=EDGE_LOOP('',(#141380,#141370,#141300,#141240));
#141400=FACE_OUTER_BOUND('',#141390,.T.);
#141410=ADVANCED_FACE('',(#141400),#141230,.T.);
#141420=CARTESIAN_POINT('',(-17.9738003574349,-15.4738003574349,0.5));
#141430=DIRECTION('',(7.10542735760104E-15,-0.999961923064171,
-0.00872653549837403));
#141440=DIRECTION('',(-1.15124388355692E-29,-0.00872653549837403,
0.999961923064171));
#141450=AXIS2_PLACEMENT_3D('',#141420,#141430,#141440);
#141460=SPHERICAL_SURFACE('',#141450,0.5);
#141470=CARTESIAN_POINT('',(-17.9738003574349,-15.4738003574349,0.5));
#141480=DIRECTION('',(-1.,-7.10515680469951E-15,-6.20057640672235E-17));
#141490=DIRECTION('',(-7.10515680469951E-15,1.,0.));
#141500=AXIS2_PLACEMENT_3D('',#141470,#141480,#141490);
#141510=CIRCLE('',#141500,0.5);
#141520=EDGE_CURVE('',#128060,#137590,#141510,.T.);
#141530=ORIENTED_EDGE('',*,*,#141520,.T.);
#141540=ORIENTED_EDGE('',*,*,#141360,.F.);
#141550=ORIENTED_EDGE('',*,*,#137980,.T.);
#141560=EDGE_LOOP('',(#141550,#141540,#141530));
#141570=FACE_OUTER_BOUND('',#141560,.T.);
#141580=ADVANCED_FACE('',(#141570),#141460,.T.);
#141590=CARTESIAN_POINT('',(0.,-15.4738003574349,0.5));
#141600=DIRECTION('',(-1.,0.,0.));
#141610=DIRECTION('',(0.,1.,0.));
#141620=AXIS2_PLACEMENT_3D('',#141590,#141600,#141610);
#141630=CYLINDRICAL_SURFACE('',#141620,0.5);
#141640=ORIENTED_EDGE('',*,*,#141520,.F.);
#141650=ORIENTED_EDGE('',*,*,#137600,.T.);
#141660=ORIENTED_EDGE('',*,*,#137360,.T.);
#141670=ORIENTED_EDGE('',*,*,#128150,.F.);
#141680=EDGE_LOOP('',(#141670,#141660,#141650,#141640));
#141690=FACE_OUTER_BOUND('',#141680,.T.);
#141700=ADVANCED_FACE('',(#141690),#141630,.T.);
#141710=CARTESIAN_POINT('',(-32.,1.11870145104854E-15,2.24363378553804))
;
#141720=DIRECTION('',(0.,0.,-1.));
#141730=DIRECTION('',(-1.,0.,0.));
#141740=AXIS2_PLACEMENT_3D('',#141710,#141720,#141730);
#141750=CONICAL_SURFACE('',#141740,13.0127324299067,1.10714871770649);
#141760=ORIENTED_EDGE('',*,*,#140990,.F.);
#141770=ORIENTED_EDGE('',*,*,#139430,.F.);
#141780=EDGE_LOOP('',(#141770,#141760));
#141790=FACE_OUTER_BOUND('',#141780,.T.);
#141800=ADVANCED_FACE('',(#141790),#141750,.F.);
#141810=COLOUR_RGB('',0.,0.239215701818466,0.501960813999176);
#141820=FILL_AREA_STYLE_COLOUR('',#141810);
#141830=FILL_AREA_STYLE('',(#141820));
#141840=SURFACE_STYLE_FILL_AREA(#141830);
#141850=SURFACE_SIDE_STYLE('',(#141840));
#141860=SURFACE_STYLE_USAGE(.BOTH.,#141850);
#141870=PRESENTATION_STYLE_ASSIGNMENT((#141860));
#141880=CARTESIAN_POINT('',(-17.4738193959056,16.9737813189698,
0.495636732578783));
#141890=CARTESIAN_POINT('',(-17.5050546715036,16.9737801296972,
0.49550045543534));
#141900=CARTESIAN_POINT('',(-17.5362727346046,16.9723156422659,
0.495370636884595));
#141910=CARTESIAN_POINT('',(-17.6827969323379,16.9585414797437,
0.494791434992328));
#141920=CARTESIAN_POINT('',(-17.7958408419126,16.92766392786,
0.494432934824855));
#141930=CARTESIAN_POINT('',(-18.0051214390329,16.8286862887248,
0.493951671811358));
#141940=CARTESIAN_POINT('',(-18.0996939738524,16.7620822291053,
0.493829642512195));
#141950=CARTESIAN_POINT('',(-18.1808881014789,16.6808881014789,
0.493829642512195));
#141960=CARTESIAN_POINT('',(-18.2981414708669,16.5636347320908,
0.493829642512195));
#141970=CARTESIAN_POINT('',(-18.3843979759141,16.4190603879949,
0.494084089169608));
#141980=CARTESIAN_POINT('',(-18.4507415156596,16.197122579255,
0.494762962775058));
#141990=CARTESIAN_POINT('',(-18.4632506720529,16.1325897166365,
0.494989947491412));
#142000=CARTESIAN_POINT('',(-18.4723100826984,16.0363831669547,
0.495370179313988));
#142010=CARTESIAN_POINT('',(-18.4737801275814,16.0051099354329,
0.495500212992518));
#142020=CARTESIAN_POINT('',(-18.4737813189645,15.9738193959004,
0.495636731973871));
#142030=CARTESIAN_POINT('',(-17.4738193959056,16.9712430263842,
0.204777211565876));
#142040=CARTESIAN_POINT('',(-17.5049629542231,16.9711615728448,
0.204705209611222));
#142050=CARTESIAN_POINT('',(-17.5361230519761,16.9696333844425,
0.204633705010311));
#142060=CARTESIAN_POINT('',(-17.6821950318034,16.9555783220986,
0.204320017019784));
#142070=CARTESIAN_POINT('',(-17.7947643674331,16.9245972975801,
0.204135321333993));
#142080=CARTESIAN_POINT('',(-18.0033205795319,16.8256560886346,
0.203878598560237));
#142090=CARTESIAN_POINT('',(-18.0974191309695,16.7592952127291,
0.203813829595264));
#142100=CARTESIAN_POINT('',(-18.1783571951025,16.6783571951025,
0.203816497235337));
#142110=CARTESIAN_POINT('',(-18.2952407190495,16.5614735849973,
0.203810782208197));
#142120=CARTESIAN_POINT('',(-18.381234331148,16.4176560433355,
0.203944532502014));
#142130=CARTESIAN_POINT('',(-18.4477765710535,16.1964184638513,
0.204312003134));
#142140=CARTESIAN_POINT('',(-18.4603837484911,16.1321055562046,
0.204429481863396));
#142150=CARTESIAN_POINT('',(-18.469636641539,16.0361981677858,
0.204631219655505));
#142160=CARTESIAN_POINT('',(-18.4711616762991,16.005004265576,
0.204704524793335));
#142170=CARTESIAN_POINT('',(-18.4712430260929,15.9738193959004,
0.204777178183118));
#142180=CARTESIAN_POINT('',(-17.4738193788537,16.7646710110569,0.));
#142190=CARTESIAN_POINT('',(-17.4993797566131,16.7645812777616,
5.2445566395737E-15));
#142200=CARTESIAN_POINT('',(-17.5225605635427,16.7634031936223,
1.93831279264626E-13));
#142210=CARTESIAN_POINT('',(-17.6384173060408,16.7525085022927,
1.90583490660168E-13));
#142220=CARTESIAN_POINT('',(-17.7293750877453,16.7273087473881,
1.89973859124554E-13));
#142230=CARTESIAN_POINT('',(-17.8927067102904,16.6498796738873,
1.88278773806156E-13));
#142240=CARTESIAN_POINT('',(-17.9691941431277,16.5959416046682,
1.59646059339646E-15));
#142250=CARTESIAN_POINT('',(-18.0324475126577,16.5324475126577,
1.45722281424012E-15));
#142260=CARTESIAN_POINT('',(-18.1243987232884,16.4410869341578,
1.53356618964765E-15));
#142270=CARTESIAN_POINT('',(-18.1943959027496,16.3235602558999,
1.95873522377658E-13));
#142280=CARTESIAN_POINT('',(-18.2458245274569,16.1511670690959,
1.95281282579053E-13));
#142290=CARTESIAN_POINT('',(-18.2559773559247,16.1000510355184,
1.96040358814181E-13));
#142300=CARTESIAN_POINT('',(-18.2633486380693,16.0235984132606,
2.00560754138889E-13));
#142310=CARTESIAN_POINT('',(-18.2645837486233,15.9998431861147,
5.41249526715384E-15));
#142320=CARTESIAN_POINT('',(-18.2646709315172,15.9738192815073,0.));
#142330=CARTESIAN_POINT('',(-17.4738193788537,16.4738004145829,0.));
#142340=CARTESIAN_POINT('',(-17.4894375517293,16.4738004590332,0.));
#142350=CARTESIAN_POINT('',(-17.5050471716711,16.473068696347,0.));
#142360=CARTESIAN_POINT('',(-17.5783117081952,16.4661841832111,0.));
#142370=CARTESIAN_POINT('',(-17.6348351642923,16.4507470126102,0.));
#142380=CARTESIAN_POINT('',(-17.7394779741276,16.4012600984854,0.));
#142390=CARTESIAN_POINT('',(-17.7867644206011,16.3679588470138,0.));
#142400=CARTESIAN_POINT('',(-17.8273616338074,16.3273616338074,0.));
#142410=CARTESIAN_POINT('',(-17.8859885342419,16.268734733373,0.));
#142420=CARTESIAN_POINT('',(-17.9291153967899,16.1964468808424,0.));
#142430=CARTESIAN_POINT('',(-17.9622842938119,16.0854747152521,0.));
#142440=CARTESIAN_POINT('',(-17.9685378816311,16.053207251028,0.));
#142450=CARTESIAN_POINT('',(-17.9730659173183,16.0051023016503,0.));
#142460=CARTESIAN_POINT('',(-17.9738002638676,15.9894650957164,0.));
#142470=CARTESIAN_POINT('',(-17.9738003022641,15.9738192815074,0.));
#142480=(BOUNDED_SURFACE() B_SPLINE_SURFACE(3,3,((#141880,#142030,
#142180,#142330),(#141890,#142040,#142190,#142340),(#141900,#142050,
#142200,#142350),(#141910,#142060,#142210,#142360),(#141920,#142070,
#142220,#142370),(#141930,#142080,#142230,#142380),(#141940,#142090,
#142240,#142390),(#141950,#142100,#142250,#142400),(#141960,#142110,
#142260,#142410),(#141970,#142120,#142270,#142420),(#141980,#142130,
#142280,#142430),(#141990,#142140,#142290,#142440),(#142000,#142150,
#142300,#142450),(#142010,#142160,#142310,#142460),(#142020,#142170,
#142320,#142470)),.UNSPECIFIED.,.F.,.F.,.F.) B_SPLINE_SURFACE_WITH_KNOTS
((4,2,2,3,2,2,4),(4,4),(0.,0.0705581787696286,0.33244555550325,
0.590168501783539,0.962349159273633,1.11008617131064,1.18083417817224),(
0.,1.),.UNSPECIFIED.) GEOMETRIC_REPRESENTATION_ITEM() 
RATIONAL_B_SPLINE_SURFACE(((1.,0.806790250415524,0.806790250415524,1.),(
1.,0.806855618102704,0.806855618102704,1.),(1.,0.806910164102631,
0.806910164102631,1.),(1.,0.807166592433195,0.807166592433195,1.),(1.,
0.807350906332106,0.807350906332106,1.),(1.,0.807573286550814,
0.807573286550814,1.),(1.,0.807630486565733,0.807630486565733,1.),(1.,
0.807637669522573,0.807637669522573,1.),(1.,0.807622332277486,
0.807622332277486,1.),(1.,0.807499522612962,0.807499522612962,1.),(1.,
0.807199319764261,0.807199319764261,1.),(1.,0.807084228810076,
0.807084228810076,1.),(1.,0.806904190957806,0.806904190957806,1.),(1.,
0.806854358612986,0.806854358612986,1.),(1.,0.80679025041552,
0.80679025041552,1.))) REPRESENTATION_ITEM('') SURFACE());
#142490=ORIENTED_EDGE('',*,*,#138180,.F.);
#142500=ORIENTED_EDGE('',*,*,#127820,.T.);
#142510=CARTESIAN_POINT('',(-17.4738193788537,16.4738004145829,0.));
#142520=CARTESIAN_POINT('',(-17.4738193788537,16.7646710110569,0.));
#142530=CARTESIAN_POINT('',(-17.4738193959056,16.9712430263842,
0.204777211565878));
#142540=CARTESIAN_POINT('',(-17.4738193959056,16.9737813189698,
0.495636732578783));
#142550=(BOUNDED_CURVE() B_SPLINE_CURVE(3,(#142510,#142520,#142530,
#142540),.UNSPECIFIED.,.F.,.F.) B_SPLINE_CURVE_WITH_KNOTS((4,4),(0.,1.),
.UNSPECIFIED.) CURVE() GEOMETRIC_REPRESENTATION_ITEM() 
RATIONAL_B_SPLINE_CURVE((1.,0.806790250415525,0.806790250415525,1.)) 
REPRESENTATION_ITEM(''));
#142560=CARTESIAN_POINT('',(-17.4738193959028,16.9737813189669,
0.495636732250805));
#142570=VERTEX_POINT('',#142560);
#142580=EDGE_CURVE('',#127610,#142570,#142550,.T.);
#142590=ORIENTED_EDGE('',*,*,#142580,.F.);
#142600=CARTESIAN_POINT('',(-17.4738193959056,16.9737813189698,
0.495636732578783));
#142610=CARTESIAN_POINT('',(-17.5050546715036,16.9737801296972,
0.49550045543534));
#142620=CARTESIAN_POINT('',(-17.5362727346046,16.9723156422659,
0.495370636884595));
#142630=CARTESIAN_POINT('',(-17.6827969323379,16.9585414797437,
0.494791434992328));
#142640=CARTESIAN_POINT('',(-17.7958408419126,16.92766392786,
0.494432934824855));
#142650=CARTESIAN_POINT('',(-18.0051214390329,16.8286862887248,
0.493951671811358));
#142660=CARTESIAN_POINT('',(-18.0996939738524,16.7620822291053,
0.493829642512195));
#142670=CARTESIAN_POINT('',(-18.1808881014789,16.6808881014789,
0.493829642512195));
#142680=CARTESIAN_POINT('',(-18.2981414708669,16.5636347320908,
0.493829642512195));
#142690=CARTESIAN_POINT('',(-18.3843979759141,16.4190603879949,
0.494084089169608));
#142700=CARTESIAN_POINT('',(-18.4507415156596,16.197122579255,
0.494762962775058));
#142710=CARTESIAN_POINT('',(-18.4632506720529,16.1325897166365,
0.494989947491412));
#142720=CARTESIAN_POINT('',(-18.4723100826984,16.0363831669547,
0.495370179313988));
#142730=CARTESIAN_POINT('',(-18.4737801275814,16.0051099354329,
0.495500212992518));
#142740=CARTESIAN_POINT('',(-18.4737813189645,15.9738193959004,
0.495636731973871));
#142750=B_SPLINE_CURVE_WITH_KNOTS('',3,(#142600,#142610,#142620,#142630,
#142640,#142650,#142660,#142670,#142680,#142690,#142700,#142710,#142720,
#142730,#142740),.UNSPECIFIED.,.F.,.F.,(4,2,2,3,2,2,4),(0.,
0.0705581787696286,0.33244555550325,0.590168501783539,0.962349159273633,
1.11008617131064,1.18083417817224),.UNSPECIFIED.);
#142760=EDGE_CURVE('',#142570,#138170,#142750,.T.);
#142770=ORIENTED_EDGE('',*,*,#142760,.F.);
#142780=EDGE_LOOP('',(#142770,#142590,#142500,#142490));
#142790=FACE_OUTER_BOUND('',#142780,.T.);
#142800=ADVANCED_FACE('',(#142790),#142480,.F.);
#142810=CARTESIAN_POINT('',(17.4694178843466,15.9694178843466,0.));
#142820=DIRECTION('',(-0.00872620324394422,-0.00872620324394422,
-0.99992385047757));
#142830=DIRECTION('',(-0.999961923064171,0.,0.00872653549837393));
#142840=AXIS2_PLACEMENT_3D('',#142810,#142820,#142830);
#142850=CYLINDRICAL_SURFACE('',#142840,1.);
#142860=ORIENTED_EDGE('',*,*,#124630,.F.);
#142870=ORIENTED_EDGE('',*,*,#100230,.F.);
#142880=CARTESIAN_POINT('',(17.4694178843466,16.9693798074108,
-0.00872653549837393));
#142890=DIRECTION('',(0.00872620324394422,0.00872620324394422,
0.99992385047757));
#142900=VECTOR('',#142890,1.);
#142910=LINE('',#142880,#142900);
#142920=CARTESIAN_POINT('',(17.4738193959028,16.9737813189669,
0.495636732250813));
#142930=VERTEX_POINT('',#142920);
#142940=EDGE_CURVE('',#142930,#94190,#142910,.T.);
#142950=ORIENTED_EDGE('',*,*,#142940,.T.);
#142960=CARTESIAN_POINT('',(18.4737813189698,15.9738193959056,
0.495636732578783));
#142970=CARTESIAN_POINT('',(18.4737801296972,16.0050546714583,
0.495500455435538));
#142980=CARTESIAN_POINT('',(18.4723156422857,16.0362727343488,
0.495370636885624));
#142990=CARTESIAN_POINT('',(18.4585414797678,16.1827969322494,
0.494791434992609));
#143000=CARTESIAN_POINT('',(18.4276639278795,16.2958408418713,
0.49443293482495));
#143010=CARTESIAN_POINT('',(18.3286862887248,16.5051214390328,
0.493951671811358));
#143020=CARTESIAN_POINT('',(18.2620822291053,16.5996939738524,
0.493829642512195));
#143030=CARTESIAN_POINT('',(18.1808881014789,16.6808881014789,
0.493829642512195));
#143040=CARTESIAN_POINT('',(18.0636347320908,16.7981414708669,
0.493829642512195));
#143050=CARTESIAN_POINT('',(17.9190603879949,16.8843979759141,
0.494084089169608));
#143060=CARTESIAN_POINT('',(17.6971225792136,16.950741515672,
0.494762962775185));
#143070=CARTESIAN_POINT('',(17.6325897165519,16.9632506720693,
0.49498994749171));
#143080=CARTESIAN_POINT('',(17.5363831677816,16.9723100826165,
0.495370179310738));
#143090=CARTESIAN_POINT('',(17.50510993539,16.9737801275814,
0.495500212992703));
#143100=CARTESIAN_POINT('',(17.4738193959004,16.9737813189645,
0.49563673197387));
#143110=B_SPLINE_CURVE_WITH_KNOTS('',3,(#142960,#142970,#142980,#142990,
#143000,#143010,#143020,#143030,#143040,#143050,#143060,#143070,#143080,
#143090,#143100),.UNSPECIFIED.,.F.,.F.,(4,2,2,3,2,2,4),(0.,
0.0705581790414741,0.332445555877513,0.590168502157836,0.962349159647921
,1.11008617178186,1.18083417647403),.UNSPECIFIED.);
#143120=EDGE_CURVE('',#123080,#142930,#143110,.T.);
#143130=ORIENTED_EDGE('',*,*,#143120,.T.);
#143140=EDGE_LOOP('',(#143130,#142950,#142870,#142860));
#143150=FACE_OUTER_BOUND('',#143140,.T.);
#143160=ADVANCED_FACE('',(#143150),#142850,.T.);
#143170=COLOUR_RGB('',0.,0.239215701818466,0.501960813999176);
#143180=FILL_AREA_STYLE_COLOUR('',#143170);
#143190=FILL_AREA_STYLE('',(#143180));
#143200=SURFACE_STYLE_FILL_AREA(#143190);
#143210=SURFACE_SIDE_STYLE('',(#143200));
#143220=SURFACE_STYLE_USAGE(.BOTH.,#143210);
#143230=PRESENTATION_STYLE_ASSIGNMENT((#143220));
#143240=CARTESIAN_POINT('',(0.,17.,3.5));
#143250=DIRECTION('',(0.,-0.999961923064171,0.00872653549837393));
#143260=DIRECTION('',(-1.,0.,0.));
#143270=AXIS2_PLACEMENT_3D('',#143240,#143250,#143260);
#143280=PLANE('',#143270);
#143290=CARTESIAN_POINT('',(0.,16.9737813189669,0.495636732250813));
#143300=DIRECTION('',(1.,0.,0.));
#143310=VECTOR('',#143300,1.);
#143320=LINE('',#143290,#143310);
#143330=CARTESIAN_POINT('',(13.1712511141897,16.9737813189669,
0.495636732250813));
#143340=VERTEX_POINT('',#143330);
#143350=EDGE_CURVE('',#143340,#142930,#143320,.T.);
#143360=ORIENTED_EDGE('',*,*,#143350,.F.);
#143370=ORIENTED_EDGE('',*,*,#142940,.F.);
#143380=ORIENTED_EDGE('',*,*,#94200,.F.);
#143390=CARTESIAN_POINT('',(-17.4694178843466,16.9693798074108,
-0.00872653549837393));
#143400=DIRECTION('',(0.00872620324394422,-0.00872620324394422,
-0.99992385047757));
#143410=VECTOR('',#143400,1.);
#143420=LINE('',#143390,#143410);
#143430=EDGE_CURVE('',#24220,#142570,#143420,.T.);
#143440=ORIENTED_EDGE('',*,*,#143430,.F.);
#143450=CARTESIAN_POINT('',(0.,16.9737813189669,0.495636732250813));
#143460=DIRECTION('',(1.,0.,0.));
#143470=VECTOR('',#143460,1.);
#143480=LINE('',#143450,#143470);
#143490=CARTESIAN_POINT('',(-13.1712511141897,16.9737813189669,
0.495636732250813));
#143500=VERTEX_POINT('',#143490);
#143510=EDGE_CURVE('',#142570,#143500,#143480,.T.);
#143520=ORIENTED_EDGE('',*,*,#143510,.F.);
#143530=CARTESIAN_POINT('',(-13.1712511141897,16.9737813189669,
0.495636732250813));
#143540=CARTESIAN_POINT('',(-13.0981405008525,16.9737813189669,
0.495636732250813));
#143550=CARTESIAN_POINT('',(-13.0250184656337,16.9738124247107,
0.499201097356092));
#143560=CARTESIAN_POINT('',(-12.9521175919589,16.9738748537114,
0.506354752511288));
#143570=CARTESIAN_POINT('',(-12.8796704632615,16.9739688234927,
0.517122622661199));
#143580=CARTESIAN_POINT('',(-12.8079096629646,16.9740945515642,
0.531529632750392));
#143590=CARTESIAN_POINT('',(-12.7370677744993,16.9742522554464,
0.549600707723624));
#143600=B_SPLINE_CURVE_WITH_KNOTS('',6,(#143530,#143540,#143550,#143560,
#143570,#143580,#143590),.UNSPECIFIED.,.F.,.F.,(7,7),(0.,1.),
.UNSPECIFIED.);
#143610=CARTESIAN_POINT('',(-12.7370677744993,16.9742522554464,
0.549600707723626));
#143620=VERTEX_POINT('',#143610);
#143630=EDGE_CURVE('',#143500,#143620,#143600,.T.);
#143640=ORIENTED_EDGE('',*,*,#143630,.F.);
#143650=CARTESIAN_POINT('',(12.7370674900939,16.9742522571317,
0.549600900841603));
#143660=CARTESIAN_POINT('',(11.9336450168606,16.9760407875181,
0.754546183532874));
#143670=CARTESIAN_POINT('',(11.1265264527518,16.9777119881171,
0.946046804267216));
#143680=CARTESIAN_POINT('',(8.62147484277186,16.9824552087561,
1.48956605455545));
#143690=CARTESIAN_POINT('',(6.91087202190448,16.9850502236569,
1.78692530911464));
#143700=CARTESIAN_POINT('',(3.46628014264061,16.9885884848043,
2.19236987779575));
#143710=CARTESIAN_POINT('',(1.7335692508659,16.9895228148893,
2.29943350101495));
#143720=CARTESIAN_POINT('',(-1.73400658104762,16.9895226597772,
2.29941572692563));
#143730=CARTESIAN_POINT('',(-3.46671509882589,16.9885881766295,
2.19233456446552));
#143740=CARTESIAN_POINT('',(-6.91129963993091,16.9850496455854,
1.78685906867939));
#143750=CARTESIAN_POINT('',(-8.62189967990988,16.9824545099278,
1.48948597677242));
#143760=CARTESIAN_POINT('',(-11.1268045539506,16.9777114109618,
0.945980668825987));
#143770=CARTESIAN_POINT('',(-11.9337837495101,16.9760404772447,
0.754510629733438));
#143780=CARTESIAN_POINT('',(-12.7370677745964,16.9742522554461,
0.549600707698845));
#143790=B_SPLINE_CURVE_WITH_KNOTS('',3,(#143650,#143660,#143670,#143680,
#143690,#143700,#143710,#143720,#143730,#143740,#143750,#143760,#143770,
#143780),.UNSPECIFIED.,.F.,.F.,(4,2,2,2,2,2,4),(7.93385898313903,
10.4150562477267,15.5954946790273,20.7691712148497,25.9428424439998,
31.1232796254356,33.6040564598738),.UNSPECIFIED.);
#143800=CARTESIAN_POINT('',(12.7370674899968,16.9742522571319,
0.549600900866383));
#143810=VERTEX_POINT('',#143800);
#143820=EDGE_CURVE('',#143810,#143620,#143790,.T.);
#143830=ORIENTED_EDGE('',*,*,#143820,.T.);
#143840=CARTESIAN_POINT('',(12.7370674899968,16.9742522571319,
0.549600900866382));
#143850=CARTESIAN_POINT('',(12.807909427182,16.9740945531075,
0.531529809595669));
#143860=CARTESIAN_POINT('',(12.8796702736285,16.9739688246704,
0.517122757618437));
#143870=CARTESIAN_POINT('',(12.9521174474426,16.9738748544261,
0.50635483441491));
#143880=CARTESIAN_POINT('',(13.0250183667371,16.973812424991,
0.499201129465669));
#143890=CARTESIAN_POINT('',(13.0981404496158,16.9737813189669,
0.495636732250813));
#143900=CARTESIAN_POINT('',(13.1712511141897,16.9737813189669,
0.495636732250813));
#143910=B_SPLINE_CURVE_WITH_KNOTS('',6,(#143840,#143850,#143860,#143870,
#143880,#143890,#143900),.UNSPECIFIED.,.F.,.F.,(7,7),(0.,1.),
.UNSPECIFIED.);
#143920=EDGE_CURVE('',#143810,#143340,#143910,.T.);
#143930=ORIENTED_EDGE('',*,*,#143920,.F.);
#143940=EDGE_LOOP('',(#143930,#143830,#143640,#143520,#143440,#143380,
#143370,#143360));
#143950=FACE_OUTER_BOUND('',#143940,.T.);
#143960=ADVANCED_FACE('',(#143950),#143280,.F.);
#143970=COLOUR_RGB('',0.,0.239215701818466,0.501960813999176);
#143980=FILL_AREA_STYLE_COLOUR('',#143970);
#143990=FILL_AREA_STYLE('',(#143980));
#144000=SURFACE_STYLE_FILL_AREA(#143990);
#144010=SURFACE_SIDE_STYLE('',(#144000));
#144020=SURFACE_STYLE_USAGE(.BOTH.,#144010);
#144030=PRESENTATION_STYLE_ASSIGNMENT((#144020));
#144040=CARTESIAN_POINT('',(-17.4694178843466,15.9694178843466,0.));
#144050=DIRECTION('',(0.00872620324394422,-0.00872620324394422,
-0.99992385047757));
#144060=DIRECTION('',(-0.999961923064171,0.,-0.00872653549837393));
#144070=AXIS2_PLACEMENT_3D('',#144040,#144050,#144060);
#144080=CYLINDRICAL_SURFACE('',#144070,1.);
#144090=ORIENTED_EDGE('',*,*,#143430,.T.);
#144100=ORIENTED_EDGE('',*,*,#24230,.F.);
#144110=CARTESIAN_POINT('',(-18.4693798074108,15.9694178843466,
-0.00872653549837393));
#144120=DIRECTION('',(0.00872620324394422,-0.00872620324394422,
-0.99992385047757));
#144130=VECTOR('',#144120,1.);
#144140=LINE('',#144110,#144130);
#144150=EDGE_CURVE('',#10080,#138170,#144140,.T.);
#144160=ORIENTED_EDGE('',*,*,#144150,.F.);
#144170=ORIENTED_EDGE('',*,*,#142760,.T.);
#144180=EDGE_LOOP('',(#144170,#144160,#144100,#144090));
#144190=FACE_OUTER_BOUND('',#144180,.T.);
#144200=ADVANCED_FACE('',(#144190),#144080,.T.);
#144210=COLOUR_RGB('',0.,0.239215701818466,0.501960813999176);
#144220=FILL_AREA_STYLE_COLOUR('',#144210);
#144230=FILL_AREA_STYLE('',(#144220));
#144240=SURFACE_STYLE_FILL_AREA(#144230);
#144250=SURFACE_SIDE_STYLE('',(#144240));
#144260=SURFACE_STYLE_USAGE(.BOTH.,#144250);
#144270=PRESENTATION_STYLE_ASSIGNMENT((#144260));
#144280=CARTESIAN_POINT('',(-18.5,0.,3.5));
#144290=DIRECTION('',(0.999961923064171,0.,0.00872653549837393));
#144300=DIRECTION('',(0.,-1.,0.));
#144310=AXIS2_PLACEMENT_3D('',#144280,#144290,#144300);
#144320=PLANE('',#144310);
#144330=ORIENTED_EDGE('',*,*,#138260,.F.);
#144340=ORIENTED_EDGE('',*,*,#144150,.T.);
#144350=ORIENTED_EDGE('',*,*,#10090,.F.);
#144360=CARTESIAN_POINT('',(-18.4956365661046,14.4836634939895,3.));
#144370=DIRECTION('',(0.999961923064171,0.,0.00872653549837393));
#144380=DIRECTION('',(0.00872653549837393,0.,-0.999961923064171));
#144390=AXIS2_PLACEMENT_3D('',#144360,#144370,#144380);
#144400=ELLIPSE('',#144390,0.500019039192869,0.5);
#144410=CARTESIAN_POINT('',(-18.4967659058988,14.000700580845,
3.12940952255126));
#144420=VERTEX_POINT('',#144410);
#144430=EDGE_CURVE('',#10000,#144420,#144400,.T.);
#144440=ORIENTED_EDGE('',*,*,#144430,.F.);
#144450=CARTESIAN_POINT('',(-18.4694559627323,13.1621778264911,0.));
#144460=DIRECTION('',(-0.00842920751166139,0.258809850193415,
0.965891510421118));
#144470=VECTOR('',#144460,1.);
#144480=LINE('',#144450,#144470);
#144490=CARTESIAN_POINT('',(-18.491375859943,13.8352049533598,
2.51177143234622));
#144500=VERTEX_POINT('',#144490);
#144510=EDGE_CURVE('',#144500,#144420,#144480,.T.);
#144520=ORIENTED_EDGE('',*,*,#144510,.T.);
#144530=CARTESIAN_POINT('',(-18.4947638793255,12.3863162139262,2.9));
#144540=DIRECTION('',(0.999961923064171,0.,0.00872653549837393));
#144550=DIRECTION('',(0.00872653549837393,0.,-0.999961923064171));
#144560=AXIS2_PLACEMENT_3D('',#144530,#144540,#144550);
#144570=ELLIPSE('',#144560,1.50005711757861,1.5);
#144580=CARTESIAN_POINT('',(-18.4816735776394,12.3863162139262,1.4));
#144590=VERTEX_POINT('',#144580);
#144600=EDGE_CURVE('',#144590,#144500,#144570,.T.);
#144610=ORIENTED_EDGE('',*,*,#144600,.T.);
#144620=CARTESIAN_POINT('',(-18.4816735776394,-0.5,1.4));
#144630=DIRECTION('',(-1.11876274204211E-18,1.,1.28197512425571E-16));
#144640=VECTOR('',#144630,1.);
#144650=LINE('',#144620,#144640);
#144660=CARTESIAN_POINT('',(-18.4816735776394,8.6136837860738,1.4));
#144670=VERTEX_POINT('',#144660);
#144680=EDGE_CURVE('',#144670,#144590,#144650,.T.);
#144690=ORIENTED_EDGE('',*,*,#144680,.T.);
#144700=CARTESIAN_POINT('',(-18.4947638793255,8.6136837860738,2.9));
#144710=DIRECTION('',(0.999961923064171,0.,0.00872653549837393));
#144720=DIRECTION('',(0.00872653549837393,0.,-0.999961923064171));
#144730=AXIS2_PLACEMENT_3D('',#144700,#144710,#144720);
#144740=ELLIPSE('',#144730,1.50005711757861,1.5);
#144750=CARTESIAN_POINT('',(-18.491375859943,7.16479504664019,
2.51177143234622));
#144760=VERTEX_POINT('',#144750);
#144770=EDGE_CURVE('',#144760,#144670,#144740,.T.);
#144780=ORIENTED_EDGE('',*,*,#144770,.T.);
#144790=CARTESIAN_POINT('',(-18.4694559627323,7.83782217350893,0.));
#144800=DIRECTION('',(0.00842920751166141,0.258809850193416,
-0.965891510421117));
#144810=VECTOR('',#144800,1.);
#144820=LINE('',#144790,#144810);
#144830=CARTESIAN_POINT('',(-18.4967659058988,6.99929941915505,
3.12940952255126));
#144840=VERTEX_POINT('',#144830);
#144850=EDGE_CURVE('',#144840,#144760,#144820,.T.);
#144860=ORIENTED_EDGE('',*,*,#144850,.T.);
#144870=CARTESIAN_POINT('',(-18.4956365661046,6.51633650601052,3.));
#144880=DIRECTION('',(0.999961923064171,0.,0.00872653549837393));
#144890=DIRECTION('',(0.00872653549837393,0.,-0.999961923064171));
#144900=AXIS2_PLACEMENT_3D('',#144870,#144880,#144890);
#144910=ELLIPSE('',#144900,0.500019039192869,0.5);
#144920=EDGE_CURVE('',#144840,#9280,#144910,.T.);
#144930=ORIENTED_EDGE('',*,*,#144920,.F.);
#144940=ORIENTED_EDGE('',*,*,#9290,.F.);
#144950=ORIENTED_EDGE('',*,*,#122100,.F.);
#144960=CARTESIAN_POINT('',(-18.4694559627323,-7.83782217350893,0.));
#144970=DIRECTION('',(-0.00842920751166141,0.258809850193416,
0.965891510421117));
#144980=VECTOR('',#144970,1.);
#144990=LINE('',#144960,#144980);
#145000=CARTESIAN_POINT('',(-18.491375859943,-7.1647950466402,
2.51177143234622));
#145010=VERTEX_POINT('',#145000);
#145020=EDGE_CURVE('',#145010,#122020,#144990,.T.);
#145030=ORIENTED_EDGE('',*,*,#145020,.T.);
#145040=CARTESIAN_POINT('',(-18.4947638793255,-8.6136837860738,2.9));
#145050=DIRECTION('',(0.999961923064171,0.,0.00872653549837393));
#145060=DIRECTION('',(0.00872653549837393,0.,-0.999961923064171));
#145070=AXIS2_PLACEMENT_3D('',#145040,#145050,#145060);
#145080=ELLIPSE('',#145070,1.50005711757861,1.5);
#145090=CARTESIAN_POINT('',(-18.4816735776394,-8.6136837860738,1.4));
#145100=VERTEX_POINT('',#145090);
#145110=EDGE_CURVE('',#145100,#145010,#145080,.T.);
#145120=ORIENTED_EDGE('',*,*,#145110,.T.);
#145130=CARTESIAN_POINT('',(-18.4816735776394,0.5,1.4));
#145140=DIRECTION('',(-1.11876274204211E-18,1.,1.28197512425571E-16));
#145150=VECTOR('',#145140,1.);
#145160=LINE('',#145130,#145150);
#145170=CARTESIAN_POINT('',(-18.4816735776394,-12.3863162139262,1.4));
#145180=VERTEX_POINT('',#145170);
#145190=EDGE_CURVE('',#145180,#145100,#145160,.T.);
#145200=ORIENTED_EDGE('',*,*,#145190,.T.);
#145210=CARTESIAN_POINT('',(-18.4947638793255,-12.3863162139262,2.9));
#145220=DIRECTION('',(0.999961923064171,0.,0.00872653549837393));
#145230=DIRECTION('',(0.00872653549837393,0.,-0.999961923064171));
#145240=AXIS2_PLACEMENT_3D('',#145210,#145220,#145230);
#145250=ELLIPSE('',#145240,1.50005711757861,1.5);
#145260=CARTESIAN_POINT('',(-18.491375859943,-13.8352049533598,
2.51177143234622));
#145270=VERTEX_POINT('',#145260);
#145280=EDGE_CURVE('',#145270,#145180,#145250,.T.);
#145290=ORIENTED_EDGE('',*,*,#145280,.T.);
#145300=CARTESIAN_POINT('',(-18.4694559627323,-13.1621778264911,0.));
#145310=DIRECTION('',(0.00842920751166139,0.258809850193415,
-0.965891510421118));
#145320=VECTOR('',#145310,1.);
#145330=LINE('',#145300,#145320);
#145340=CARTESIAN_POINT('',(-18.4967659058988,-14.0007005808449,
3.12940952255126));
#145350=VERTEX_POINT('',#145340);
#145360=EDGE_CURVE('',#145350,#145270,#145330,.T.);
#145370=ORIENTED_EDGE('',*,*,#145360,.T.);
#145380=CARTESIAN_POINT('',(-18.4956365661046,-14.4836634939895,3.));
#145390=DIRECTION('',(0.999961923064171,0.,0.00872653549837393));
#145400=DIRECTION('',(0.00872653549837393,0.,-0.999961923064171));
#145410=AXIS2_PLACEMENT_3D('',#145380,#145390,#145400);
#145420=ELLIPSE('',#145410,0.500019039192869,0.5);
#145430=EDGE_CURVE('',#145350,#8440,#145420,.T.);
#145440=ORIENTED_EDGE('',*,*,#145430,.F.);
#145450=ORIENTED_EDGE('',*,*,#8450,.F.);
#145460=ORIENTED_EDGE('',*,*,#137890,.F.);
#145470=ORIENTED_EDGE('',*,*,#141290,.F.);
#145480=ORIENTED_EDGE('',*,*,#140210,.F.);
#145490=ORIENTED_EDGE('',*,*,#141130,.T.);
#145500=ORIENTED_EDGE('',*,*,#139250,.F.);
#145510=EDGE_LOOP('',(#145500,#145490,#145480,#145470,#145460,#145450,
#145440,#145370,#145290,#145200,#145120,#145030,#144950,#144940,#144930,
#144860,#144780,#144690,#144610,#144520,#144440,#144350,#144340,#144330)
);
#145520=FACE_OUTER_BOUND('',#145510,.T.);
#145530=ADVANCED_FACE('',(#145520),#144320,.F.);
#145540=COLOUR_RGB('',0.,0.239215701818466,0.501960813999176);
#145550=FILL_AREA_STYLE_COLOUR('',#145540);
#145560=FILL_AREA_STYLE('',(#145550));
#145570=SURFACE_STYLE_FILL_AREA(#145560);
#145580=SURFACE_SIDE_STYLE('',(#145570));
#145590=SURFACE_STYLE_USAGE(.BOTH.,#145580);
#145600=PRESENTATION_STYLE_ASSIGNMENT((#145590));
#145610=CARTESIAN_POINT('',(0.,-14.4836634939895,3.));
#145620=DIRECTION('',(1.,0.,0.));
#145630=DIRECTION('',(0.,-1.,0.));
#145640=AXIS2_PLACEMENT_3D('',#145610,#145620,#145630);
#145650=CYLINDRICAL_SURFACE('',#145640,0.5);
#145660=ORIENTED_EDGE('',*,*,#45660,.T.);
#145670=ORIENTED_EDGE('',*,*,#145430,.T.);
#145680=CARTESIAN_POINT('',(0.,-14.0007005808449,3.12940952255126));
#145690=DIRECTION('',(1.,0.,0.));
#145700=VECTOR('',#145690,1.);
#145710=LINE('',#145680,#145700);
#145720=EDGE_CURVE('',#145350,#113850,#145710,.T.);
#145730=ORIENTED_EDGE('',*,*,#145720,.F.);
#145740=ORIENTED_EDGE('',*,*,#113860,.F.);
#145750=EDGE_LOOP('',(#145740,#145730,#145670,#145660));
#145760=FACE_OUTER_BOUND('',#145750,.T.);
#145770=ADVANCED_FACE('',(#145760),#145650,.T.);
#145780=CARTESIAN_POINT('',(0.,-12.3863162139262,2.9));
#145790=DIRECTION('',(-1.,0.,0.));
#145800=DIRECTION('',(0.,1.,0.));
#145810=AXIS2_PLACEMENT_3D('',#145780,#145790,#145800);
#145820=CYLINDRICAL_SURFACE('',#145810,1.5);
#145830=CARTESIAN_POINT('',(0.,-13.8352049533598,2.51177143234622));
#145840=DIRECTION('',(1.,0.,0.));
#145850=VECTOR('',#145840,1.);
#145860=LINE('',#145830,#145850);
#145870=EDGE_CURVE('',#145270,#113930,#145860,.T.);
#145880=ORIENTED_EDGE('',*,*,#145870,.T.);
#145890=ORIENTED_EDGE('',*,*,#145280,.F.);
#145900=CARTESIAN_POINT('',(0.,-12.3863162139262,1.4));
#145910=DIRECTION('',(1.,0.,0.));
#145920=VECTOR('',#145910,1.);
#145930=LINE('',#145900,#145920);
#145940=EDGE_CURVE('',#145180,#114020,#145930,.T.);
#145950=ORIENTED_EDGE('',*,*,#145940,.F.);
#145960=ORIENTED_EDGE('',*,*,#114030,.T.);
#145970=EDGE_LOOP('',(#145960,#145950,#145890,#145880));
#145980=FACE_OUTER_BOUND('',#145970,.T.);
#145990=ADVANCED_FACE('',(#145980),#145820,.F.);
#146000=CARTESIAN_POINT('',(-18.5,10.5,1.4));
#146010=DIRECTION('',(0.,-1.28197512425571E-16,1.));
#146020=DIRECTION('',(0.,-1.,-1.28197512425571E-16));
#146030=AXIS2_PLACEMENT_3D('',#146000,#146010,#146020);
#146040=PLANE('',#146030);
#146050=ORIENTED_EDGE('',*,*,#145940,.T.);
#146060=ORIENTED_EDGE('',*,*,#145190,.F.);
#146070=CARTESIAN_POINT('',(0.,-8.6136837860738,1.4));
#146080=DIRECTION('',(-1.,0.,0.));
#146090=VECTOR('',#146080,1.);
#146100=LINE('',#146070,#146090);
#146110=EDGE_CURVE('',#114100,#145100,#146100,.T.);
#146120=ORIENTED_EDGE('',*,*,#146110,.T.);
#146130=ORIENTED_EDGE('',*,*,#114110,.F.);
#146140=EDGE_LOOP('',(#146130,#146120,#146060,#146050));
#146150=FACE_OUTER_BOUND('',#146140,.T.);
#146160=ADVANCED_FACE('',(#146150),#146040,.T.);
#146170=CARTESIAN_POINT('',(0.,-8.6136837860738,2.9));
#146180=DIRECTION('',(1.,0.,0.));
#146190=DIRECTION('',(0.,-1.,0.));
#146200=AXIS2_PLACEMENT_3D('',#146170,#146180,#146190);
#146210=CYLINDRICAL_SURFACE('',#146200,1.5);
#146220=ORIENTED_EDGE('',*,*,#145110,.F.);
#146230=CARTESIAN_POINT('',(0.,-7.1647950466402,2.51177143234622));
#146240=DIRECTION('',(-1.,0.,0.));
#146250=VECTOR('',#146240,1.);
#146260=LINE('',#146230,#146250);
#146270=EDGE_CURVE('',#114190,#145010,#146260,.T.);
#146280=ORIENTED_EDGE('',*,*,#146270,.T.);
#146290=ORIENTED_EDGE('',*,*,#114200,.T.);
#146300=ORIENTED_EDGE('',*,*,#146110,.F.);
#146310=EDGE_LOOP('',(#146300,#146290,#146280,#146220));
#146320=FACE_OUTER_BOUND('',#146310,.T.);
#146330=ADVANCED_FACE('',(#146320),#146210,.F.);
#146340=CARTESIAN_POINT('',(-18.5,-14.1,3.5));
#146350=DIRECTION('',(-0.,0.965925826289069,0.25881904510252));
#146360=DIRECTION('',(0.,-0.25881904510252,0.965925826289069));
#146370=AXIS2_PLACEMENT_3D('',#146340,#146350,#146360);
#146380=PLANE('',#146370);
#146390=ORIENTED_EDGE('',*,*,#145720,.T.);
#146400=ORIENTED_EDGE('',*,*,#145360,.F.);
#146410=ORIENTED_EDGE('',*,*,#145870,.F.);
#146420=ORIENTED_EDGE('',*,*,#113940,.F.);
#146430=EDGE_LOOP('',(#146420,#146410,#146400,#146390));
#146440=FACE_OUTER_BOUND('',#146430,.T.);
#146450=ADVANCED_FACE('',(#146440),#146380,.T.);
#146460=CARTESIAN_POINT('',(0.,8.6136837860738,2.9));
#146470=DIRECTION('',(1.,0.,0.));
#146480=DIRECTION('',(0.,-1.,0.));
#146490=AXIS2_PLACEMENT_3D('',#146460,#146470,#146480);
#146500=CYLINDRICAL_SURFACE('',#146490,1.5);
#146510=CARTESIAN_POINT('',(0.,7.1647950466402,2.51177143234622));
#146520=DIRECTION('',(1.,0.,0.));
#146530=VECTOR('',#146520,1.);
#146540=LINE('',#146510,#146530);
#146550=EDGE_CURVE('',#144760,#115540,#146540,.T.);
#146560=ORIENTED_EDGE('',*,*,#146550,.T.);
#146570=ORIENTED_EDGE('',*,*,#144770,.F.);
#146580=CARTESIAN_POINT('',(0.,8.6136837860738,1.4));
#146590=DIRECTION('',(1.,0.,0.));
#146600=VECTOR('',#146590,1.);
#146610=LINE('',#146580,#146600);
#146620=EDGE_CURVE('',#144670,#115630,#146610,.T.);
#146630=ORIENTED_EDGE('',*,*,#146620,.F.);
#146640=ORIENTED_EDGE('',*,*,#115640,.T.);
#146650=EDGE_LOOP('',(#146640,#146630,#146570,#146560));
#146660=FACE_OUTER_BOUND('',#146650,.T.);
#146670=ADVANCED_FACE('',(#146660),#146500,.F.);
#146680=CARTESIAN_POINT('',(-18.5,13.5641016151378,1.5));
#146690=DIRECTION('',(0.,-0.965925826289069,0.25881904510252));
#146700=DIRECTION('',(0.,-0.25881904510252,-0.965925826289069));
#146710=AXIS2_PLACEMENT_3D('',#146680,#146690,#146700);
#146720=PLANE('',#146710);
#146730=ORIENTED_EDGE('',*,*,#144510,.F.);
#146740=CARTESIAN_POINT('',(0.,14.000700580845,3.12940952255126));
#146750=DIRECTION('',(-1.,0.,0.));
#146760=VECTOR('',#146750,1.);
#146770=LINE('',#146740,#146760);
#146780=EDGE_CURVE('',#115880,#144420,#146770,.T.);
#146790=ORIENTED_EDGE('',*,*,#146780,.T.);
#146800=ORIENTED_EDGE('',*,*,#115890,.F.);
#146810=CARTESIAN_POINT('',(0.,13.8352049533598,2.51177143234622));
#146820=DIRECTION('',(-1.,0.,0.));
#146830=VECTOR('',#146820,1.);
#146840=LINE('',#146810,#146830);
#146850=EDGE_CURVE('',#115800,#144500,#146840,.T.);
#146860=ORIENTED_EDGE('',*,*,#146850,.F.);
#146870=EDGE_LOOP('',(#146860,#146800,#146790,#146730));
#146880=FACE_OUTER_BOUND('',#146870,.T.);
#146890=ADVANCED_FACE('',(#146880),#146720,.T.);
#146900=CARTESIAN_POINT('',(0.,12.3863162139262,2.9));
#146910=DIRECTION('',(-1.,0.,0.));
#146920=DIRECTION('',(0.,1.,0.));
#146930=AXIS2_PLACEMENT_3D('',#146900,#146910,#146920);
#146940=CYLINDRICAL_SURFACE('',#146930,1.5);
#146950=ORIENTED_EDGE('',*,*,#115810,.T.);
#146960=CARTESIAN_POINT('',(0.,12.3863162139262,1.4));
#146970=DIRECTION('',(-1.,0.,0.));
#146980=VECTOR('',#146970,1.);
#146990=LINE('',#146960,#146980);
#147000=EDGE_CURVE('',#115710,#144590,#146990,.T.);
#147010=ORIENTED_EDGE('',*,*,#147000,.F.);
#147020=ORIENTED_EDGE('',*,*,#144600,.F.);
#147030=ORIENTED_EDGE('',*,*,#146850,.T.);
#147040=EDGE_LOOP('',(#147030,#147020,#147010,#146950));
#147050=FACE_OUTER_BOUND('',#147040,.T.);
#147060=ADVANCED_FACE('',(#147050),#146940,.F.);
#147070=CARTESIAN_POINT('',(0.,14.4836634939895,3.));
#147080=DIRECTION('',(-1.,0.,0.));
#147090=DIRECTION('',(0.,1.,0.));
#147100=AXIS2_PLACEMENT_3D('',#147070,#147080,#147090);
#147110=CYLINDRICAL_SURFACE('',#147100,0.5);
#147120=ORIENTED_EDGE('',*,*,#115960,.F.);
#147130=ORIENTED_EDGE('',*,*,#146780,.F.);
#147140=ORIENTED_EDGE('',*,*,#144430,.T.);
#147150=ORIENTED_EDGE('',*,*,#115330,.T.);
#147160=EDGE_LOOP('',(#147150,#147140,#147130,#147120));
#147170=FACE_OUTER_BOUND('',#147160,.T.);
#147180=ADVANCED_FACE('',(#147170),#147110,.T.);
#147190=CARTESIAN_POINT('',(0.,6.51633650601052,3.));
#147200=DIRECTION('',(1.,0.,0.));
#147210=DIRECTION('',(0.,-1.,0.));
#147220=AXIS2_PLACEMENT_3D('',#147190,#147200,#147210);
#147230=CYLINDRICAL_SURFACE('',#147220,0.5);
#147240=ORIENTED_EDGE('',*,*,#95000,.T.);
#147250=ORIENTED_EDGE('',*,*,#144920,.T.);
#147260=CARTESIAN_POINT('',(0.,6.99929941915505,3.12940952255126));
#147270=DIRECTION('',(1.,0.,0.));
#147280=VECTOR('',#147270,1.);
#147290=LINE('',#147260,#147280);
#147300=EDGE_CURVE('',#144840,#115460,#147290,.T.);
#147310=ORIENTED_EDGE('',*,*,#147300,.F.);
#147320=ORIENTED_EDGE('',*,*,#115470,.F.);
#147330=EDGE_LOOP('',(#147320,#147310,#147250,#147240));
#147340=FACE_OUTER_BOUND('',#147330,.T.);
#147350=ADVANCED_FACE('',(#147340),#147230,.T.);
#147360=CARTESIAN_POINT('',(-18.5,9.5,1.4));
#147370=DIRECTION('',(0.,-1.28197512425571E-16,1.));
#147380=DIRECTION('',(0.,-1.,-1.28197512425571E-16));
#147390=AXIS2_PLACEMENT_3D('',#147360,#147370,#147380);
#147400=PLANE('',#147390);
#147410=ORIENTED_EDGE('',*,*,#146620,.T.);
#147420=ORIENTED_EDGE('',*,*,#144680,.F.);
#147430=ORIENTED_EDGE('',*,*,#147000,.T.);
#147440=ORIENTED_EDGE('',*,*,#115720,.F.);
#147450=EDGE_LOOP('',(#147440,#147430,#147420,#147410));
#147460=FACE_OUTER_BOUND('',#147450,.T.);
#147470=ADVANCED_FACE('',(#147460),#147400,.T.);
#147480=CARTESIAN_POINT('',(-18.5,6.9,3.5));
#147490=DIRECTION('',(-0.,0.965925826289068,0.258819045102521));
#147500=DIRECTION('',(0.,-0.258819045102521,0.965925826289068));
#147510=AXIS2_PLACEMENT_3D('',#147480,#147490,#147500);
#147520=PLANE('',#147510);
#147530=ORIENTED_EDGE('',*,*,#147300,.T.);
#147540=ORIENTED_EDGE('',*,*,#144850,.F.);
#147550=ORIENTED_EDGE('',*,*,#146550,.F.);
#147560=ORIENTED_EDGE('',*,*,#115550,.F.);
#147570=EDGE_LOOP('',(#147560,#147550,#147540,#147530));
#147580=FACE_OUTER_BOUND('',#147570,.T.);
#147590=ADVANCED_FACE('',(#147580),#147520,.T.);
#147600=CARTESIAN_POINT('',(18.4737813189698,15.9738193959056,
0.495636732578783));
#147610=CARTESIAN_POINT('',(18.4737801296972,16.0050546714583,
0.495500455435538));
#147620=CARTESIAN_POINT('',(18.4723156422857,16.0362727343488,
0.495370636885624));
#147630=CARTESIAN_POINT('',(18.4585414797678,16.1827969322494,
0.494791434992609));
#147640=CARTESIAN_POINT('',(18.4276639278795,16.2958408418713,
0.49443293482495));
#147650=CARTESIAN_POINT('',(18.3286862887248,16.5051214390328,
0.493951671811358));
#147660=CARTESIAN_POINT('',(18.2620822291053,16.5996939738524,
0.493829642512195));
#147670=CARTESIAN_POINT('',(18.1808881014789,16.6808881014789,
0.493829642512195));
#147680=CARTESIAN_POINT('',(18.0636347320908,16.7981414708669,
0.493829642512195));
#147690=CARTESIAN_POINT('',(17.9190603879949,16.8843979759141,
0.494084089169608));
#147700=CARTESIAN_POINT('',(17.6971225792136,16.950741515672,
0.494762962775185));
#147710=CARTESIAN_POINT('',(17.6325897165519,16.9632506720693,
0.49498994749171));
#147720=CARTESIAN_POINT('',(17.5363831677816,16.9723100826165,
0.495370179310738));
#147730=CARTESIAN_POINT('',(17.50510993539,16.9737801275814,
0.495500212992703));
#147740=CARTESIAN_POINT('',(17.4738193959004,16.9737813189645,
0.49563673197387));
#147750=CARTESIAN_POINT('',(18.4712430263879,15.9738193959056,
0.204777211988962));
#147760=CARTESIAN_POINT('',(18.4711615728487,16.0049629541779,
0.204705210029253));
#147770=CARTESIAN_POINT('',(18.4696333844628,16.0361230517211,
0.204633705009126));
#147780=CARTESIAN_POINT('',(18.4555783221228,16.1821950317152,
0.204320017019936));
#147790=CARTESIAN_POINT('',(18.4245972975996,16.2947643673919,
0.20413532133404));
#147800=CARTESIAN_POINT('',(18.3256560886346,16.5033205795319,
0.203878598560239));
#147810=CARTESIAN_POINT('',(18.2592952127291,16.5974191309695,
0.203813829595259));
#147820=CARTESIAN_POINT('',(18.1783571951025,16.6783571951024,
0.203816497235334));
#147830=CARTESIAN_POINT('',(18.0614735849973,16.7952407190494,
0.203810782208196));
#147840=CARTESIAN_POINT('',(17.9176560433355,16.881234331148,
0.203944532502014));
#147850=CARTESIAN_POINT('',(17.6964184638101,16.9477765710659,
0.204312003134065));
#147860=CARTESIAN_POINT('',(17.6321055561203,16.9603837485076,
0.204429481863551));
#147870=CARTESIAN_POINT('',(17.5361981686102,16.9696366414555,
0.204631219662549));
#147880=CARTESIAN_POINT('',(17.5050042655332,16.9711616763031,
0.20470452522456));
#147890=CARTESIAN_POINT('',(17.4738193959004,16.9712430260964,
0.204777178581511));
#147900=CARTESIAN_POINT('',(18.2646710120757,15.9738193784235,0.));
#147910=CARTESIAN_POINT('',(18.2645812787847,15.9993797563063,
5.29063714429083E-15));
#147920=CARTESIAN_POINT('',(18.2634031936391,16.0225605633367,
1.95519610846315E-13));
#147930=CARTESIAN_POINT('',(18.2525085023122,16.1384173059696,
1.9111308895947E-13));
#147940=CARTESIAN_POINT('',(18.2273087474036,16.2293750877131,
1.88984923989246E-13));
#147950=CARTESIAN_POINT('',(18.1498796738873,16.3927067102904,
1.87299364118456E-13));
#147960=CARTESIAN_POINT('',(18.0959416046683,16.4691941431277,
1.44615664010889E-16));
#147970=CARTESIAN_POINT('',(18.0324475126577,16.5324475126577,0.));
#147980=CARTESIAN_POINT('',(17.9410869341578,16.6243987232883,
6.56813352025184E-17));
#147990=CARTESIAN_POINT('',(17.8235602558999,16.6943959027496,
1.94486324924379E-13));
#148000=CARTESIAN_POINT('',(17.6511670690638,16.7458245274666,
1.93895077052753E-13));
#148010=CARTESIAN_POINT('',(17.6000510354513,16.7559773559379,
1.94871248001233E-13));
#148020=CARTESIAN_POINT('',(17.5235984139158,16.7633486379989,
1.99766188373919E-13));
#148030=CARTESIAN_POINT('',(17.4998431879815,16.7645837495553,
5.39128254162297E-15));
#148040=CARTESIAN_POINT('',(17.4738192843228,16.7646709324766,0.));
#148050=CARTESIAN_POINT('',(17.9738004160249,15.9738193784235,0.));
#148060=CARTESIAN_POINT('',(17.9738004604752,15.9894375514423,0.));
#148070=CARTESIAN_POINT('',(17.9730686963569,16.0050471715432,0.));
#148080=CARTESIAN_POINT('',(17.9661841832232,16.078311708151,0.));
#148090=CARTESIAN_POINT('',(17.9507470126199,16.1348351642717,0.));
#148100=CARTESIAN_POINT('',(17.9012600984855,16.2394779741276,0.));
#148110=CARTESIAN_POINT('',(17.8679588470138,16.286764420601,0.));
#148120=CARTESIAN_POINT('',(17.8273616338074,16.3273616338074,0.));
#148130=CARTESIAN_POINT('',(17.768734733373,16.3859885342418,0.));
#148140=CARTESIAN_POINT('',(17.6964468808424,16.4291153967899,0.));
#148150=CARTESIAN_POINT('',(17.5854747152315,16.4622842938181,0.));
#148160=CARTESIAN_POINT('',(17.5532072509857,16.4685378816393,0.));
#148170=CARTESIAN_POINT('',(17.5051023020638,16.4730659172774,0.));
#148180=CARTESIAN_POINT('',(17.4894650975936,16.4738002652254,0.));
#148190=CARTESIAN_POINT('',(17.4738192843228,16.4738003036219,0.));
#148200=(BOUNDED_SURFACE() B_SPLINE_SURFACE(3,3,((#147600,#147750,
#147900,#148050),(#147610,#147760,#147910,#148060),(#147620,#147770,
#147920,#148070),(#147630,#147780,#147930,#148080),(#147640,#147790,
#147940,#148090),(#147650,#147800,#147950,#148100),(#147660,#147810,
#147960,#148110),(#147670,#147820,#147970,#148120),(#147680,#147830,
#147980,#148130),(#147690,#147840,#147990,#148140),(#147700,#147850,
#148000,#148150),(#147710,#147860,#148010,#148160),(#147720,#147870,
#148020,#148170),(#147730,#147880,#148030,#148180),(#147740,#147890,
#148040,#148190)),.UNSPECIFIED.,.F.,.F.,.F.) B_SPLINE_SURFACE_WITH_KNOTS
((4,2,2,3,2,2,4),(4,4),(0.,0.0705581790414741,0.332445555877513,
0.590168502157836,0.962349159647921,1.11008617178186,1.18083417647403),(
0.,1.),.UNSPECIFIED.) GEOMETRIC_REPRESENTATION_ITEM() 
RATIONAL_B_SPLINE_SURFACE(((1.,0.806790250415524,0.806790250415524,1.),(
1.,0.806855618102981,0.806855618102981,1.),(1.,0.8069101641019,
0.8069101641019,1.),(1.,0.807166592433054,0.807166592433054,1.),(1.,
0.80735090633206,0.80735090633206,1.),(1.,0.807573286550809,
0.807573286550809,1.),(1.,0.807630486565736,0.807630486565736,1.),(1.,
0.80763766952257,0.80763766952257,1.),(1.,0.807622332277479,
0.807622332277479,1.),(1.,0.807499522612968,0.807499522612968,1.),(1.,
0.807199319764196,0.807199319764196,1.),(1.,0.807084228809931,
0.807084228809931,1.),(1.,0.806904190960683,0.806904190960683,1.),(1.,
0.806854358608192,0.806854358608192,1.),(1.,0.806790250415514,
0.806790250415514,1.))) REPRESENTATION_ITEM('') SURFACE());
#148210=CARTESIAN_POINT('',(17.4738192843228,16.4738003036219,0.));
#148220=CARTESIAN_POINT('',(17.4738192843228,16.7646709324766,0.));
#148230=CARTESIAN_POINT('',(17.4738193959004,16.9712430260964,
0.204777178581511));
#148240=CARTESIAN_POINT('',(17.4738193959004,16.9737813189645,
0.49563673197387));
#148250=(BOUNDED_CURVE() B_SPLINE_CURVE(3,(#148210,#148220,#148230,
#148240),.UNSPECIFIED.,.F.,.F.) B_SPLINE_CURVE_WITH_KNOTS((4,4),(0.,1.),
.UNSPECIFIED.) CURVE() GEOMETRIC_REPRESENTATION_ITEM() 
RATIONAL_B_SPLINE_CURVE((1.,0.806790250415517,0.806790250415517,1.)) 
REPRESENTATION_ITEM(''));
#148260=EDGE_CURVE('',#127360,#142930,#148250,.T.);
#148270=ORIENTED_EDGE('',*,*,#148260,.T.);
#148280=ORIENTED_EDGE('',*,*,#127370,.T.);
#148290=CARTESIAN_POINT('',(18.4737813189698,15.9738193959056,
0.495636732578783));
#148300=CARTESIAN_POINT('',(18.4712430263879,15.9738193959056,
0.204777211988962));
#148310=CARTESIAN_POINT('',(18.2646710120757,15.9738193784235,0.));
#148320=CARTESIAN_POINT('',(17.9738004160249,15.9738193784235,0.));
#148330=(BOUNDED_CURVE() B_SPLINE_CURVE(3,(#148290,#148300,#148310,
#148320),.UNSPECIFIED.,.F.,.F.) B_SPLINE_CURVE_WITH_KNOTS((4,4),(0.,1.),
.UNSPECIFIED.) CURVE() GEOMETRIC_REPRESENTATION_ITEM() 
RATIONAL_B_SPLINE_CURVE((1.,0.806790250415524,0.806790250415524,1.)) 
REPRESENTATION_ITEM(''));
#148340=EDGE_CURVE('',#123080,#127160,#148330,.T.);
#148350=ORIENTED_EDGE('',*,*,#148340,.T.);
#148360=ORIENTED_EDGE('',*,*,#143120,.F.);
#148370=EDGE_LOOP('',(#148360,#148350,#148280,#148270));
#148380=FACE_OUTER_BOUND('',#148370,.T.);
#148390=ADVANCED_FACE('',(#148380),#148200,.F.);
#148400=CARTESIAN_POINT('',(17.9738003574349,0.,1.11022302462516E-16));
#148410=CARTESIAN_POINT('',(18.264670970581,0.,1.11022302462516E-16));
#148420=CARTESIAN_POINT('',(18.4712430262359,0.,0.204777194566388));
#148430=CARTESIAN_POINT('',(18.4737813189669,0.,0.495636732250813));
#148440=(BOUNDED_CURVE() B_SPLINE_CURVE(3,(#148400,#148410,#148420,
#148430),.UNSPECIFIED.,.F.,.F.) B_SPLINE_CURVE_WITH_KNOTS((4,4),(0.,1.),
.UNSPECIFIED.) CURVE() GEOMETRIC_REPRESENTATION_ITEM() 
RATIONAL_B_SPLINE_CURVE((1.,0.806790250415523,0.806790250415523,1.)) 
REPRESENTATION_ITEM(''));
#148450=DIRECTION('',(0.,1.,0.));
#148460=VECTOR('',#148450,1.);
#148470=SURFACE_OF_LINEAR_EXTRUSION('',#148440,#148460);
#148480=ORIENTED_EDGE('',*,*,#123090,.F.);
#148490=ORIENTED_EDGE('',*,*,#148340,.F.);
#148500=ORIENTED_EDGE('',*,*,#127170,.T.);
#148510=CARTESIAN_POINT('',(17.9738003574349,10.8551292433301,
1.02645931028869E-16));
#148520=CARTESIAN_POINT('',(18.0911361448442,10.8551292433301,
1.02705808218859E-16));
#148530=CARTESIAN_POINT('',(18.2210405546767,10.8551292433302,
0.0325698890761466));
#148540=CARTESIAN_POINT('',(18.355957142456,10.8551292433296,
0.114493631325543));
#148550=CARTESIAN_POINT('',(18.4390551196955,10.8551292433303,
0.248690171452163));
#148560=CARTESIAN_POINT('',(18.4727573840529,10.85512924333,
0.378305412628732));
#148570=CARTESIAN_POINT('',(18.4737813189669,10.85512924333,
0.495636732250813));
#148580=B_SPLINE_CURVE_WITH_KNOTS('',6,(#148510,#148520,#148530,#148540,
#148550,#148560,#148570),.UNSPECIFIED.,.F.,.F.,(7,7),(0.,1.),
.UNSPECIFIED.);
#148590=EDGE_CURVE('',#127080,#123060,#148580,.T.);
#148600=ORIENTED_EDGE('',*,*,#148590,.F.);
#148610=EDGE_LOOP('',(#148600,#148500,#148490,#148480));
#148620=FACE_OUTER_BOUND('',#148610,.T.);
#148630=ADVANCED_FACE('',(#148620),#148470,.F.);
#148640=CARTESIAN_POINT('',(17.9738003574349,10.85512924333,
-1.33226762955021E-15));
#148650=CARTESIAN_POINT('',(18.0911361448442,10.85512924333,
-1.33226764361203E-15));
#148660=CARTESIAN_POINT('',(18.2210405546767,10.8551292433302,
0.0325698890761454));
#148670=CARTESIAN_POINT('',(18.355957142456,10.8551292433296,
0.114493631325542));
#148680=CARTESIAN_POINT('',(18.4390551196955,10.8551292433303,
0.248690171452163));
#148690=CARTESIAN_POINT('',(18.4727573840529,10.85512924333,
0.378305412628732));
#148700=CARTESIAN_POINT('',(18.4737813189669,10.85512924333,
0.495636732250813));
#148710=CARTESIAN_POINT('',(18.0048877751671,10.769040055748,
-1.33699933421929E-15));
#148720=CARTESIAN_POINT('',(18.1176893550855,10.7707176608507,
0.00723292074603126));
#148730=CARTESIAN_POINT('',(18.2403461150291,10.7748161725013,
0.045595547962528));
#148740=CARTESIAN_POINT('',(18.3653887209661,10.7802089143086,
0.128892503814563));
#148750=CARTESIAN_POINT('',(18.4416122361859,10.7857692098845,
0.258477773032383));
#148760=CARTESIAN_POINT('',(18.4727971154715,10.7903703828363,
0.382858182252798));
#148770=CARTESIAN_POINT('',(18.4737813189669,10.7928857567751,
0.495636732250813));
#148780=CARTESIAN_POINT('',(18.036355103084,10.683303769849,
0.007322155021607));
#148790=CARTESIAN_POINT('',(18.1451715311146,10.6848025746468,
0.0204244466228916));
#148800=CARTESIAN_POINT('',(18.2600545354986,10.6903536004731,
0.0640913859474162));
#148810=CARTESIAN_POINT('',(18.3738338385695,10.6990356897851,
0.147345676946842));
#148820=CARTESIAN_POINT('',(18.443619565825,10.7102536565736,
0.270647690796405));
#148830=CARTESIAN_POINT('',(18.4728596696825,10.7213479548093,
0.390026184802835));
#148840=CARTESIAN_POINT('',(18.4738124297821,10.7306311892927,
0.499201678518456));
#148850=CARTESIAN_POINT('',(18.0675748097479,10.5984077518785,
0.0218882135163345));
#148860=CARTESIAN_POINT('',(18.1720197634212,10.599282423609,
0.0424821185068163));
#148870=CARTESIAN_POINT('',(18.2788981048279,10.6049625271486,
0.0914215080290706));
#148880=CARTESIAN_POINT('',(18.3811943920778,10.6156554477226,
0.173219158065039));
#148890=CARTESIAN_POINT('',(18.4451969949413,10.6321808868305,
0.288164396281071));
#148900=CARTESIAN_POINT('',(18.4729579289656,10.6504266302104,
0.40128558357825));
#148910=CARTESIAN_POINT('',(18.4738747349063,10.6686346531012,
0.506341138753485));
#148920=CARTESIAN_POINT('',(18.0979079461961,10.5148249231505,
0.0434915240756483));
#148930=CARTESIAN_POINT('',(18.1983087488169,10.514761274365,
0.0683842225932075));
#148940=CARTESIAN_POINT('',(18.2975758885196,10.5204671235161,
0.121151922422579));
#148950=CARTESIAN_POINT('',(18.388844125871,10.5332938486347,
0.202041695245168));
#148960=CARTESIAN_POINT('',(18.4471129823893,10.5550862636548,
0.309843285792375));
#148970=CARTESIAN_POINT('',(18.4730974810128,10.5803476795734,
0.417276664103089));
#148980=CARTESIAN_POINT('',(18.4739683178403,10.6071652604197,
0.517064680655869));
#148990=CARTESIAN_POINT('',(18.1267285744369,10.4329948975045,
0.0717971538771112));
#149000=CARTESIAN_POINT('',(18.2210700467233,10.4340384253529,
0.103038287223817));
#149010=CARTESIAN_POINT('',(18.3131267686177,10.4413805140798,
0.158446729635679));
#149020=CARTESIAN_POINT('',(18.3954055243343,10.4572586274482,
0.23750096765131));
#149030=CARTESIAN_POINT('',(18.4489064872651,10.4835139613235,
0.33739217623198));
#149040=CARTESIAN_POINT('',(18.4732758780057,10.5139557543127,
0.43771893477992));
#149050=CARTESIAN_POINT('',(18.474093262075,10.5464921234657,
0.531381871925272));
#149060=CARTESIAN_POINT('',(18.1534473785559,10.3533093689405,
0.106355406254812));
#149070=CARTESIAN_POINT('',(18.2410825554003,10.3570554202658,
0.140388192955989));
#149080=CARTESIAN_POINT('',(18.3270682326509,10.3686917464639,
0.194952506043519));
#149090=CARTESIAN_POINT('',(18.4028510353238,10.3900483447327,
0.272547409239424));
#149100=CARTESIAN_POINT('',(18.4515974229153,10.4205328188206,
0.366935221170454));
#149110=CARTESIAN_POINT('',(18.4734817914044,10.453810658041,
0.4613142731897));
#149120=CARTESIAN_POINT('',(18.4742496511093,10.4868843544582,
0.549302280261592));
#149130=B_SPLINE_SURFACE_WITH_KNOTS('',6,6,((#148640,#148710,#148780,
#148850,#148920,#148990,#149060),(#148650,#148720,#148790,#148860,
#148930,#149000,#149070),(#148660,#148730,#148800,#148870,#148940,
#149010,#149080),(#148670,#148740,#148810,#148880,#148950,#149020,
#149090),(#148680,#148750,#148820,#148890,#148960,#149030,#149100),(
#148690,#148760,#148830,#148900,#148970,#149040,#149110),(#148700,
#148770,#148840,#148910,#148980,#149050,#149120)),.UNSPECIFIED.,.F.,.F.,
.F.,(7,7),(7,7),(0.,1.),(0.,1.),.UNSPECIFIED.);
#149140=CARTESIAN_POINT('',(18.1537613190997,10.353074916832,
0.105572809000081));
#149150=CARTESIAN_POINT('',(18.1270425149808,10.4327604453959,
0.0710145566223798));
#149160=CARTESIAN_POINT('',(18.0981590986312,10.5146373614637,
0.0428654462718632));
#149170=CARTESIAN_POINT('',(18.0677317800198,10.5982905258242,
0.0214969148889688));
#149180=CARTESIAN_POINT('',(18.0364178911927,10.6832568794273,
0.00716563557066073));
#149190=CARTESIAN_POINT('',(18.0048877751671,10.769040055748,
-1.33699933421929E-15));
#149200=CARTESIAN_POINT('',(17.9738003574349,10.85512924333,
-1.33226762955021E-15));
#149210=B_SPLINE_CURVE_WITH_KNOTS('',6,(#149140,#149150,#149160,#149170,
#149180,#149190,#149200),.UNSPECIFIED.,.F.,.F.,(7,7),(0.,1.),
.UNSPECIFIED.);
#149220=CARTESIAN_POINT('',(18.1537613190997,10.353074916832,
0.10557280900008));
#149230=VERTEX_POINT('',#149220);
#149240=EDGE_CURVE('',#149230,#127080,#149210,.T.);
#149250=ORIENTED_EDGE('',*,*,#149240,.T.);
#149260=CARTESIAN_POINT('',(18.4742496511094,10.4868843544582,
0.549302280261592));
#149270=CARTESIAN_POINT('',(18.4734817914045,10.453810658041,
0.4613142731897));
#149280=CARTESIAN_POINT('',(18.4515974229153,10.4205328188206,
0.366935221170454));
#149290=CARTESIAN_POINT('',(18.4028510353238,10.3900483447327,
0.272547409239424));
#149300=CARTESIAN_POINT('',(18.3270682326509,10.3686917464639,
0.194952506043519));
#149310=CARTESIAN_POINT('',(18.2410825554003,10.3570554202658,
0.140388192955989));
#149320=CARTESIAN_POINT('',(18.1534473785559,10.3533093689405,
0.106355406254812));
#149330=B_SPLINE_CURVE_WITH_KNOTS('',6,(#149260,#149270,#149280,#149290,
#149300,#149310,#149320),.UNSPECIFIED.,.F.,.F.,(7,7),(0.,1.),
.UNSPECIFIED.);
#149340=EDGE_CURVE('',#123200,#149230,#149330,.T.);
#149350=ORIENTED_EDGE('',*,*,#149340,.T.);
#149360=ORIENTED_EDGE('',*,*,#123210,.T.);
#149370=ORIENTED_EDGE('',*,*,#148590,.T.);
#149380=EDGE_LOOP('',(#149370,#149360,#149350,#149250));
#149390=FACE_OUTER_BOUND('',#149380,.T.);
#149400=ADVANCED_FACE('',(#149390),#149130,.T.);
#149410=CARTESIAN_POINT('',(32.,9.9390601989947E-15,2.012));
#149420=DIRECTION('',(0.,0.,-1.));
#149430=DIRECTION('',(-1.,0.,0.));
#149440=AXIS2_PLACEMENT_3D('',#149410,#149420,#149430);
#149450=CONICAL_SURFACE('',#149440,13.476,1.10714871779409);
#149460=CARTESIAN_POINT('',(32.,9.9390601989947E-15,0.105572809000083));
#149470=DIRECTION('',(0.,0.,1.));
#149480=DIRECTION('',(1.,0.,0.));
#149490=AXIS2_PLACEMENT_3D('',#149460,#149470,#149480);
#149500=CIRCLE('',#149490,17.2888543819998);
#149510=CARTESIAN_POINT('',(18.1537603710664,-10.3530753723956,
0.105572292969525));
#149520=VERTEX_POINT('',#149510);
#149530=EDGE_CURVE('',#149230,#149520,#149500,.T.);
#149540=ORIENTED_EDGE('',*,*,#149530,.F.);
#149550=CARTESIAN_POINT('',(18.1534469293244,10.3533093153173,
0.10635524210944));
#149560=CARTESIAN_POINT('',(18.1643262460723,9.12086883352368,
0.479936569891743));
#149570=CARTESIAN_POINT('',(18.1749647797254,7.87797449931303,
0.813995716635659));
#149580=CARTESIAN_POINT('',(18.2010241375951,4.44185269831527,
1.56834410182349));
#149590=CARTESIAN_POINT('',(18.213149529732,2.22842551563967,
1.85659789164802));
#149600=CARTESIAN_POINT('',(18.2131476172594,-2.22899291360204,
1.85655067892899));
#149610=CARTESIAN_POINT('',(18.201020703126,-4.4423996623481,
1.56825572367879));
#149620=CARTESIAN_POINT('',(18.1749616637759,-7.87833113850453,
0.813899156772341));
#149630=CARTESIAN_POINT('',(18.1643246661952,-9.12104473710579,
0.479882907721264));
#149640=CARTESIAN_POINT('',(18.1534469260955,-10.3533097402002,
0.106355048640723));
#149650=B_SPLINE_CURVE_WITH_KNOTS('',3,(#149550,#149560,#149570,#149580,
#149590,#149600,#149610,#149620,#149630,#149640),.UNSPECIFIED.,.F.,.F.,(
4,2,2,2,4),(22.3617293303555,26.240916776772,32.9746143895884,
39.7082972293284,43.5868912560663),.UNSPECIFIED.);
#149660=EDGE_CURVE('',#149230,#149520,#149650,.T.);
#149670=ORIENTED_EDGE('',*,*,#149660,.T.);
#149680=EDGE_LOOP('',(#149670,#149540));
#149690=FACE_OUTER_BOUND('',#149680,.T.);
#149700=ADVANCED_FACE('',(#149690),#149450,.F.);
#149710=COLOUR_RGB('',0.,0.239215701818466,0.501960813999176);
#149720=FILL_AREA_STYLE_COLOUR('',#149710);
#149730=FILL_AREA_STYLE('',(#149720));
#149740=SURFACE_STYLE_FILL_AREA(#149730);
#149750=SURFACE_SIDE_STYLE('',(#149740));
#149760=SURFACE_STYLE_USAGE(.BOTH.,#149750);
#149770=PRESENTATION_STYLE_ASSIGNMENT((#149760));
#149780=CARTESIAN_POINT('',(18.1532403545353,10.3767061977244,
0.0992579795825207));
#149790=CARTESIAN_POINT('',(18.1641915516392,9.13659938111342,
0.475706112385375));
#149800=CARTESIAN_POINT('',(18.1749045008559,7.8859227203882,
0.8122508053431));
#149810=CARTESIAN_POINT('',(18.2010241375951,4.44185269831527,
1.56834410182349));
#149820=CARTESIAN_POINT('',(18.213149529732,2.22842551563967,
1.85659789164802));
#149830=CARTESIAN_POINT('',(18.2131476172594,-2.22899291360204,
1.85655067892899));
#149840=CARTESIAN_POINT('',(18.201020703126,-4.4423996623481,
1.56825572367879));
#149850=CARTESIAN_POINT('',(18.1749013822131,-7.88627937160627,
0.812154127257869));
#149860=CARTESIAN_POINT('',(18.1641899706669,-9.13677539747883,
0.475652348127928));
#149870=CARTESIAN_POINT('',(18.1532403497223,-10.3767068612632,
0.0992577189282026));
#149880=CARTESIAN_POINT('',(18.3515235301301,10.3851801040861,
0.176195839279328));
#149890=CARTESIAN_POINT('',(18.3581038676934,9.14930249265835,
0.553056586332797));
#149900=CARTESIAN_POINT('',(18.3643684031699,7.89776715124871,
0.891560606859401));
#149910=CARTESIAN_POINT('',(18.3791781617221,4.45566930098123,
1.6518025287152));
#149920=CARTESIAN_POINT('',(18.3856630584179,2.23429241131093,
1.94283937233043));
#149930=CARTESIAN_POINT('',(18.3856620341869,-2.23486162726691,
1.94279175571274));
#149940=CARTESIAN_POINT('',(18.3791762867834,-4.45621751089972,
1.65171338819929));
#149950=CARTESIAN_POINT('',(18.3643665919357,-7.89812296900672,
0.891463616435255));
#149960=CARTESIAN_POINT('',(18.3581029216597,-9.14947758817754,
0.553002771290724));
#149970=CARTESIAN_POINT('',(18.3515235235915,-10.3851811586381,
0.17619539403791));
#149980=CARTESIAN_POINT('',(18.4724508886103,10.4355570125072,
0.343184513596653));
#149990=CARTESIAN_POINT('',(18.4757345482704,9.1956886571948,
0.719454641522081));
#150000=CARTESIAN_POINT('',(18.4786832768739,7.93947620250224,
1.05734547180265));
#150010=CARTESIAN_POINT('',(18.4853052766767,4.48187612712489,
1.81615149035538));
#150020=CARTESIAN_POINT('',(18.4878390798949,2.24609355287254,
2.10649658082238));
#150030=CARTESIAN_POINT('',(18.4878386655662,-2.24666616923468,
2.1064491034554));
#150040=CARTESIAN_POINT('',(18.4853045008708,-4.48242699136733,
1.81606259181417));
#150050=CARTESIAN_POINT('',(18.4786824316655,-7.93983350715731,
1.05724862051049));
#150060=CARTESIAN_POINT('',(18.4757340790724,-9.19586445423295,
0.719400876757313));
#150070=CARTESIAN_POINT('',(18.4724508845553,-10.4355581470604,
0.34318404893502));
#150080=CARTESIAN_POINT('',(18.4741877165306,10.5104734744682,
0.542205280491353));
#150090=CARTESIAN_POINT('',(18.4774728109532,9.26018884910641,
0.918639815920628));
#150100=CARTESIAN_POINT('',(18.4804092109794,7.99744117811509,
1.25511793116598));
#150110=CARTESIAN_POINT('',(18.4870071377545,4.51285481012828,
2.01116545396643));
#150120=CARTESIAN_POINT('',(18.4895229429507,2.26034593669107,
2.29944817539264));
#150130=CARTESIAN_POINT('',(18.4895225316996,-2.26092254645549,
2.29940105068581));
#150140=CARTESIAN_POINT('',(18.4870063672902,-4.5134090179413,
2.01107716751268));
#150150=CARTESIAN_POINT('',(18.4804083667968,-7.99780160856246,
1.25502119741586));
#150160=CARTESIAN_POINT('',(18.477472341183,-9.26036660265676,
0.918585985581971));
#150170=CARTESIAN_POINT('',(18.4741877139306,-10.5104743077249,
0.542204982554181));
#150180=(BOUNDED_SURFACE() B_SPLINE_SURFACE(3,3,((#149780,#149880,
#149980,#150080),(#149790,#149890,#149990,#150090),(#149800,#149900,
#150000,#150100),(#149810,#149910,#150010,#150110),(#149820,#149920,
#150020,#150120),(#149830,#149930,#150030,#150130),(#149840,#149940,
#150040,#150140),(#149850,#149950,#150050,#150150),(#149860,#149960,
#150060,#150160),(#149870,#149970,#150070,#150170)),.UNSPECIFIED.,.F.,
.F.,.F.) B_SPLINE_SURFACE_WITH_KNOTS((4,2,2,2,4),(4,4),(22.3371802713927
,26.240916776772,32.9746143895884,39.7082972293284,43.6114403050972),(0.
,1.),.UNSPECIFIED.) GEOMETRIC_REPRESENTATION_ITEM() 
RATIONAL_B_SPLINE_SURFACE(((1.,0.884248104221034,0.884248104221034,1.),(
1.,0.887333331205498,0.887333331205498,1.),(1.,0.890436577051359,
0.890436577051359,1.),(1.,0.898120182210962,0.898120182210962,1.),(1.,
0.901874990781362,0.901874990781362,1.),(1.,0.901874412321826,
0.901874412321826,1.),(1.,0.898119143742444,0.898119143742444,1.),(1.,
0.89043566922744,0.89043566922744,1.),(1.,0.887332885083689,
0.887332885083689,1.),(1.,0.884248104114693,0.884248104114693,1.))) 
REPRESENTATION_ITEM('') SURFACE());
#150190=CARTESIAN_POINT('',(18.1534469249989,-10.3533098644336,
0.106355010982731));
#150200=CARTESIAN_POINT('',(18.2410821824996,-10.357056042251,
0.140387661570933));
#150210=CARTESIAN_POINT('',(18.3270679699016,-10.3686924718033,
0.194951885164035));
#150220=CARTESIAN_POINT('',(18.4028509045709,-10.390049133209,
0.272546781159313));
#150230=CARTESIAN_POINT('',(18.4515973824523,-10.4205336031668,
0.366934695707939));
#150240=CARTESIAN_POINT('',(18.4734817880483,-10.4538113722868,
0.461313888607857));
#150250=CARTESIAN_POINT('',(18.4742496490905,-10.4868849495074,
0.549302048930497));
#150260=B_SPLINE_CURVE_WITH_KNOTS('',6,(#150190,#150200,#150210,#150220,
#150230,#150240,#150250),.UNSPECIFIED.,.F.,.F.,(7,7),(0.,1.),
.UNSPECIFIED.);
#150270=EDGE_CURVE('',#149520,#123350,#150260,.T.);
#150280=ORIENTED_EDGE('',*,*,#150270,.F.);
#150290=ORIENTED_EDGE('',*,*,#123360,.T.);
#150300=ORIENTED_EDGE('',*,*,#149340,.F.);
#150310=ORIENTED_EDGE('',*,*,#149660,.F.);
#150320=EDGE_LOOP('',(#150310,#150300,#150290,#150280));
#150330=FACE_OUTER_BOUND('',#150320,.T.);
#150340=ADVANCED_FACE('',(#150330),#150180,.F.);
#150350=CARTESIAN_POINT('',(17.9738003574349,-10.85512924333,
1.110222963285E-16));
#150360=CARTESIAN_POINT('',(18.0048876019015,-10.7690401458836,
1.06290596804586E-16));
#150370=CARTESIAN_POINT('',(18.0364175442854,-10.6832570588355,
0.00716559992739065));
#150380=CARTESIAN_POINT('',(18.0677312640001,-10.59829078985,
0.0214968079589799));
#150390=CARTESIAN_POINT('',(18.0981584230085,-10.5146377017522,
0.0428652336892803));
#150400=CARTESIAN_POINT('',(18.1270416940227,-10.4327608502289,
0.0710142065741958));
#150410=CARTESIAN_POINT('',(18.1537603713229,-10.3530753716308,
0.105572293301224));
#150420=CARTESIAN_POINT('',(18.1039728308128,-10.85512924333,
1.18993062153964E-16));
#150430=CARTESIAN_POINT('',(18.129456161507,-10.7707177656143,
0.00802417912618013));
#150440=CARTESIAN_POINT('',(18.1545910753321,-10.6848364663892,
0.0216693339975446));
#150450=CARTESIAN_POINT('',(18.1784411746511,-10.5993469442834,
0.0436284214721338));
#150460=CARTESIAN_POINT('',(18.2018102837848,-10.5147634121123,
0.0688207094473063));
#150470=CARTESIAN_POINT('',(18.222381389291,-10.4338877108577,
0.10263071578521));
#150480=CARTESIAN_POINT('',(18.2413956288236,-10.3568215494481,
0.139604943889426));
#150490=CARTESIAN_POINT('',(18.2341337163119,-10.8551292433307,
0.0406580844895921));
#150500=CARTESIAN_POINT('',(18.2519780939096,-10.7748162872176,
0.0534786601531878));
#150510=CARTESIAN_POINT('',(18.269051474047,-10.6903902380431,
0.0708192043369123));
#150520=CARTESIAN_POINT('',(18.284731417764,-10.6051056958654,
0.096178827731698));
#150530=CARTESIAN_POINT('',(18.3004849867865,-10.5206679003512,
0.123397690316503));
#150540=CARTESIAN_POINT('',(18.314025664764,-10.4414819829115,
0.158539576960196));
#150550=CARTESIAN_POINT('',(18.3273187269608,-10.368504877561,
0.19432571101883));
#150560=CARTESIAN_POINT('',(18.3484801170303,-10.8551292433289,
0.122036192477954));
#150570=CARTESIAN_POINT('',(18.3585441711668,-10.7802090341304,
0.135317713268354));
#150580=CARTESIAN_POINT('',(18.3684535071657,-10.6989292466219,
0.15227556032068));
#150590=CARTESIAN_POINT('',(18.3776549877451,-10.6155677877618,
0.176384266064183));
#150600=CARTESIAN_POINT('',(18.3871587439168,-10.5333345756734,
0.203314164664262));
#150610=CARTESIAN_POINT('',(18.3951533693685,-10.4573799006337,
0.237337156282671));
#150620=CARTESIAN_POINT('',(18.4030076277329,-10.3899318868076,
0.272155422318559));
#150630=CARTESIAN_POINT('',(18.4308529743151,-10.8551292433306,
0.23566809028826));
#150640=CARTESIAN_POINT('',(18.4344515163375,-10.7857693297984,
0.246406988759365));
#150650=CARTESIAN_POINT('',(18.4381097402279,-10.7099033296853,
0.261051106736315));
#150660=CARTESIAN_POINT('',(18.4415814025597,-10.6316005136105,
0.281782367287776));
#150670=CARTESIAN_POINT('',(18.4453086342498,-10.5545792607851,
0.306553247438443));
#150680=CARTESIAN_POINT('',(18.4484725235745,-10.4833039083778,
0.336370018856722));
#150690=CARTESIAN_POINT('',(18.4516600717171,-10.4204867046062,
0.366778152171638));
#150700=CARTESIAN_POINT('',(18.4726453642571,-10.85512924333,
0.365469215441818));
#150710=CARTESIAN_POINT('',(18.4726944304518,-10.7903704976556,
0.371091644461245));
#150720=CARTESIAN_POINT('',(18.4727772158728,-10.7209795197656,
0.380577914018681));
#150730=CARTESIAN_POINT('',(18.4729018000997,-10.6497727514482,
0.394853852623519));
#150740=CARTESIAN_POINT('',(18.4730679311071,-10.5797209461186,
0.413890580305122));
#150750=CARTESIAN_POINT('',(18.4732669357108,-10.5136483949083,
0.436694249284448));
#150760=CARTESIAN_POINT('',(18.4734817880483,-10.4538113722868,
0.461313888607857));
#150770=CARTESIAN_POINT('',(18.4737813189669,-10.85512924333,
0.495636732250813));
#150780=CARTESIAN_POINT('',(18.4737813189669,-10.7928858611447,
0.495636732250813));
#150790=CARTESIAN_POINT('',(18.473812429525,-10.7306313949917,
0.499201649011576));
#150800=CARTESIAN_POINT('',(18.4738747342258,-10.6686349578091,
0.506341060796422));
#150810=CARTESIAN_POINT('',(18.473968316664,-10.6071656625424,
0.517064545868991));
#150820=CARTESIAN_POINT('',(18.4740932604219,-10.5464926221275,
0.531381682492505));
#150830=CARTESIAN_POINT('',(18.4742496490905,-10.4868849495074,
0.549302048930497));
#150840=B_SPLINE_SURFACE_WITH_KNOTS('',6,6,((#150350,#150420,#150490,
#150560,#150630,#150700,#150770),(#150360,#150430,#150500,#150570,
#150640,#150710,#150780),(#150370,#150440,#150510,#150580,#150650,
#150720,#150790),(#150380,#150450,#150520,#150590,#150660,#150730,
#150800),(#150390,#150460,#150530,#150600,#150670,#150740,#150810),(
#150400,#150470,#150540,#150610,#150680,#150750,#150820),(#150410,
#150480,#150550,#150620,#150690,#150760,#150830)),.UNSPECIFIED.,.F.,.F.,
.F.,(7,7),(7,7),(0.,1.),(0.,1.),.UNSPECIFIED.);
#150850=CARTESIAN_POINT('',(18.473781318967,-10.85512924333,
0.495636732250813));
#150860=CARTESIAN_POINT('',(18.4726453642571,-10.85512924333,
0.365469215441818));
#150870=CARTESIAN_POINT('',(18.4308529743151,-10.8551292433306,
0.23566809028826));
#150880=CARTESIAN_POINT('',(18.3484801170303,-10.8551292433289,
0.122036192477954));
#150890=CARTESIAN_POINT('',(18.2341337163119,-10.8551292433307,
0.0406580844895921));
#150900=CARTESIAN_POINT('',(18.1039728308128,-10.85512924333,
1.18993062153964E-16));
#150910=CARTESIAN_POINT('',(17.9738003574349,-10.85512924333,
1.110222963285E-16));
#150920=B_SPLINE_CURVE_WITH_KNOTS('',6,(#150850,#150860,#150870,#150880,
#150890,#150900,#150910),.UNSPECIFIED.,.F.,.F.,(7,7),(0.,1.),
.UNSPECIFIED.);
#150930=EDGE_CURVE('',#123470,#126990,#150920,.T.);
#150940=ORIENTED_EDGE('',*,*,#150930,.T.);
#150950=ORIENTED_EDGE('',*,*,#123480,.T.);
#150960=ORIENTED_EDGE('',*,*,#150270,.T.);
#150970=CARTESIAN_POINT('',(17.9738003574349,-10.85512924333,
-1.33354172061672E-15));
#150980=CARTESIAN_POINT('',(18.0048876019015,-10.7690401458836,
-1.33838506335201E-15));
#150990=CARTESIAN_POINT('',(18.0364175442854,-10.6832570588355,
0.0071655999273895));
#151000=CARTESIAN_POINT('',(18.0677312640001,-10.59829078985,
0.0214968079589792));
#151010=CARTESIAN_POINT('',(18.0981584230085,-10.5146377017522,
0.04286523368928));
#151020=CARTESIAN_POINT('',(18.1270416940227,-10.4327608502289,
0.0710142065741958));
#151030=CARTESIAN_POINT('',(18.1537603713229,-10.3530753716308,
0.105572293301224));
#151040=B_SPLINE_CURVE_WITH_KNOTS('',6,(#150970,#150980,#150990,#151000,
#151010,#151020,#151030),.UNSPECIFIED.,.F.,.F.,(7,7),(0.,1.),
.UNSPECIFIED.);
#151050=EDGE_CURVE('',#126990,#149520,#151040,.T.);
#151060=ORIENTED_EDGE('',*,*,#151050,.T.);
#151070=EDGE_LOOP('',(#151060,#150960,#150950,#150940));
#151080=FACE_OUTER_BOUND('',#151070,.T.);
#151090=ADVANCED_FACE('',(#151080),#150840,.T.);
#151100=CARTESIAN_POINT('',(32.,9.9390601989947E-15,0.999999999999999));
#151110=DIRECTION('',(0.,0.,1.));
#151120=DIRECTION('',(1.,0.,0.));
#151130=AXIS2_PLACEMENT_3D('',#151100,#151110,#151120);
#151140=TOROIDAL_SURFACE('',#151130,17.7360679774998,1.);
#151150=ORIENTED_EDGE('',*,*,#149530,.T.);
#151160=ORIENTED_EDGE('',*,*,#149240,.F.);
#151170=ORIENTED_EDGE('',*,*,#127090,.F.);
#151180=ORIENTED_EDGE('',*,*,#151050,.F.);
#151190=EDGE_LOOP('',(#151180,#151170,#151160,#151150));
#151200=FACE_OUTER_BOUND('',#151190,.T.);
#151210=ADVANCED_FACE('',(#151200),#151140,.T.);
#151220=CARTESIAN_POINT('',(17.9738003574349,0.,0.5));
#151230=DIRECTION('',(0.,1.,0.));
#151240=DIRECTION('',(1.,0.,0.));
#151250=AXIS2_PLACEMENT_3D('',#151220,#151230,#151240);
#151260=CYLINDRICAL_SURFACE('',#151250,0.5);
#151270=ORIENTED_EDGE('',*,*,#123560,.F.);
#151280=ORIENTED_EDGE('',*,*,#150930,.F.);
#151290=ORIENTED_EDGE('',*,*,#127000,.T.);
#151300=CARTESIAN_POINT('',(17.9738003574349,-15.4738003574349,0.5));
#151310=DIRECTION('',(0.,1.,0.));
#151320=DIRECTION('',(1.,0.,0.));
#151330=AXIS2_PLACEMENT_3D('',#151300,#151310,#151320);
#151340=CIRCLE('',#151330,0.5);
#151350=EDGE_CURVE('',#123550,#126910,#151340,.T.);
#151360=ORIENTED_EDGE('',*,*,#151350,.T.);
#151370=EDGE_LOOP('',(#151360,#151290,#151280,#151270));
#151380=FACE_OUTER_BOUND('',#151370,.T.);
#151390=ADVANCED_FACE('',(#151380),#151260,.T.);
#151400=CARTESIAN_POINT('',(17.9738003574349,-15.4738003574349,0.5));
#151410=DIRECTION('',(0.,-3.5527136788005E-15,-1.));
#151420=DIRECTION('',(0.,-1.,3.5527136788005E-15));
#151430=AXIS2_PLACEMENT_3D('',#151400,#151410,#151420);
#151440=SPHERICAL_SURFACE('',#151430,0.5);
#151450=CARTESIAN_POINT('',(17.9738003574349,-15.4738003574349,0.5));
#151460=DIRECTION('',(-1.,0.,0.));
#151470=DIRECTION('',(0.,1.,-0.));
#151480=AXIS2_PLACEMENT_3D('',#151450,#151460,#151470);
#151490=CIRCLE('',#151480,0.5);
#151500=EDGE_CURVE('',#126910,#124810,#151490,.T.);
#151510=ORIENTED_EDGE('',*,*,#151500,.F.);
#151520=ORIENTED_EDGE('',*,*,#124820,.T.);
#151530=ORIENTED_EDGE('',*,*,#151350,.F.);
#151540=EDGE_LOOP('',(#151530,#151520,#151510));
#151550=FACE_OUTER_BOUND('',#151540,.T.);
#151560=ADVANCED_FACE('',(#151550),#151440,.T.);
#151570=CARTESIAN_POINT('',(0.,-15.4738003574349,0.5));
#151580=DIRECTION('',(-1.,0.,0.));
#151590=DIRECTION('',(0.,1.,0.));
#151600=AXIS2_PLACEMENT_3D('',#151570,#151580,#151590);
#151610=CYLINDRICAL_SURFACE('',#151600,0.5);
#151620=ORIENTED_EDGE('',*,*,#125070,.F.);
#151630=CARTESIAN_POINT('',(0.,-15.9737813189669,0.495636732250813));
#151640=DIRECTION('',(-1.,0.,0.));
#151650=VECTOR('',#151640,1.);
#151660=LINE('',#151630,#151650);
#151670=EDGE_CURVE('',#124810,#125060,#151660,.T.);
#151680=ORIENTED_EDGE('',*,*,#151670,.T.);
#151690=ORIENTED_EDGE('',*,*,#151500,.T.);
#151700=ORIENTED_EDGE('',*,*,#126920,.F.);
#151710=EDGE_LOOP('',(#151700,#151690,#151680,#151620));
#151720=FACE_OUTER_BOUND('',#151710,.T.);
#151730=ADVANCED_FACE('',(#151720),#151610,.T.);
#151740=CARTESIAN_POINT('',(0.,16.4738003574349,1.11022302462516E-16));
#151750=CARTESIAN_POINT('',(0.,16.764670970581,1.11022302462516E-16));
#151760=CARTESIAN_POINT('',(0.,16.9712430262359,0.204777194566388));
#151770=CARTESIAN_POINT('',(0.,16.9737813189669,0.495636732250813));
#151780=(BOUNDED_CURVE() B_SPLINE_CURVE(3,(#151740,#151750,#151760,
#151770),.UNSPECIFIED.,.F.,.F.) B_SPLINE_CURVE_WITH_KNOTS((4,4),(0.,1.),
.UNSPECIFIED.) CURVE() GEOMETRIC_REPRESENTATION_ITEM() 
RATIONAL_B_SPLINE_CURVE((1.,0.806790250415523,0.806790250415523,1.)) 
REPRESENTATION_ITEM(''));
#151790=DIRECTION('',(1.,0.,0.));
#151800=VECTOR('',#151790,1.);
#151810=SURFACE_OF_LINEAR_EXTRUSION('',#151780,#151800);
#151820=ORIENTED_EDGE('',*,*,#148260,.F.);
#151830=ORIENTED_EDGE('',*,*,#143350,.T.);
#151840=CARTESIAN_POINT('',(13.1712511141897,16.973781318967,
0.495636732250813));
#151850=CARTESIAN_POINT('',(13.1712511141897,16.9727573840529,
0.378305412628732));
#151860=CARTESIAN_POINT('',(13.1712511141902,16.9390551196953,
0.248690171452145));
#151870=CARTESIAN_POINT('',(13.1712511141887,16.855957142456,
0.11449363132557));
#151880=CARTESIAN_POINT('',(13.1712511141903,16.7210405546768,
0.0325698890761331));
#151890=CARTESIAN_POINT('',(13.1712511141897,16.5911361448442,
1.11022052661006E-16));
#151900=CARTESIAN_POINT('',(13.1712511141897,16.4738003574349,
1.11022024759621E-16));
#151910=B_SPLINE_CURVE_WITH_KNOTS('',6,(#151840,#151850,#151860,#151870,
#151880,#151890,#151900),.UNSPECIFIED.,.F.,.F.,(7,7),(0.,1.),
.UNSPECIFIED.);
#151920=EDGE_CURVE('',#143340,#127440,#151910,.T.);
#151930=ORIENTED_EDGE('',*,*,#151920,.F.);
#151940=ORIENTED_EDGE('',*,*,#127450,.F.);
#151950=EDGE_LOOP('',(#151940,#151930,#151830,#151820));
#151960=FACE_OUTER_BOUND('',#151950,.T.);
#151970=ADVANCED_FACE('',(#151960),#151810,.T.);
#151980=CARTESIAN_POINT('',(12.7370674899968,16.9742522571319,
0.549600900866382));
#151990=CARTESIAN_POINT('',(12.807909427182,16.9740945531075,
0.53152980959567));
#152000=CARTESIAN_POINT('',(12.8796702736285,16.9739688246704,
0.517122757618437));
#152010=CARTESIAN_POINT('',(12.9521174474426,16.9738748544261,
0.50635483441491));
#152020=CARTESIAN_POINT('',(13.0250183667371,16.973812424991,
0.499201129465669));
#152030=CARTESIAN_POINT('',(13.0981404496158,16.9737813189669,
0.495636732250813));
#152040=CARTESIAN_POINT('',(13.1712511141897,16.9737813189669,
0.495636732250813));
#152050=CARTESIAN_POINT('',(12.7079605200723,16.9734894821113,
0.46219554090246));
#152060=CARTESIAN_POINT('',(12.7791102951998,16.973278939573,
0.438069755645699));
#152070=CARTESIAN_POINT('',(12.8559316788329,16.9731012305512,
0.417706318636801));
#152080=CARTESIAN_POINT('',(12.9360060496403,16.9729632930731,
0.401900249460191));
#152090=CARTESIAN_POINT('',(13.0167983398011,16.972865062186,
0.390644104449315));
#152100=CARTESIAN_POINT('',(13.095910174719,16.9728003134077,
0.383224629446296));
#152110=CARTESIAN_POINT('',(13.1712511141897,16.9727573840529,
0.378305412628733));
#152120=CARTESIAN_POINT('',(12.6791550210899,16.952541251718,
0.36864462702985));
#152130=CARTESIAN_POINT('',(12.7526891026149,16.9495606648438,
0.33865593551396));
#152140=CARTESIAN_POINT('',(12.8340519246613,16.9475570490987,
0.311468172430871));
#152150=CARTESIAN_POINT('',(12.9201658032085,16.9456521570797,
0.289579264179772));
#152160=CARTESIAN_POINT('',(13.0072283941386,16.9439289045432,
0.272094707882328));
#152170=CARTESIAN_POINT('',(13.0919604310836,16.9418177426729,
0.259263341311263));
#152180=CARTESIAN_POINT('',(13.1712511141902,16.9390551196953,
0.248690171452145));
#152190=CARTESIAN_POINT('',(12.6533492727322,16.9061628407818,
0.275238230841495));
#152200=CARTESIAN_POINT('',(12.7303964643955,16.8986226405869,
0.239537565733274));
#152210=CARTESIAN_POINT('',(12.815549843652,16.891576021029,
0.204554703302589));
#152220=CARTESIAN_POINT('',(12.9060451213648,16.883572218698,
0.174995764822748));
#152230=CARTESIAN_POINT('',(12.9976950159871,16.875337821909,
0.149372584910705));
#152240=CARTESIAN_POINT('',(13.0872416237316,16.8661433434797,
0.130033539953389));
#152250=CARTESIAN_POINT('',(13.1712511141887,16.855957142456,
0.11449363132557));
#152260=CARTESIAN_POINT('',(12.6357253888313,16.8342441018961,
0.197488907261177));
#152270=CARTESIAN_POINT('',(12.7176023454252,16.8194356223398,
0.161105775143133));
#152280=CARTESIAN_POINT('',(12.8052939545837,16.8027495594699,
0.124494631468689));
#152290=CARTESIAN_POINT('',(12.8973562985947,16.7832594073113,
0.0934772666710399));
#152300=CARTESIAN_POINT('',(12.9905356647266,16.7629530758996,
0.0662430472188345));
#152310=CARTESIAN_POINT('',(13.0827041576924,16.7418843226177,
0.0466442207894563));
#152320=CARTESIAN_POINT('',(13.1712511141903,16.7210405546768,
0.0325698890761332));
#152330=CARTESIAN_POINT('',(12.6266133613109,16.75182117016,
0.141624040413609));
#152340=CARTESIAN_POINT('',(12.7120320952579,16.7307692920433,
0.104135164808933));
#152350=CARTESIAN_POINT('',(12.8009200866003,16.7063849952906,
0.0699882105116484));
#152360=CARTESIAN_POINT('',(12.8928723243447,16.6785082252545,
0.0431657475967901));
#152370=CARTESIAN_POINT('',(12.9860003779781,16.649424136599,
0.0215191163601906));
#152380=CARTESIAN_POINT('',(13.079298437985,16.6198140275975,
0.00781110440835587));
#152390=CARTESIAN_POINT('',(13.1712511141897,16.5911361448442,
1.11022052661241E-16));
#152400=CARTESIAN_POINT('',(12.6244247244296,16.6670307314567,
0.105730451606914));
#152410=CARTESIAN_POINT('',(12.7120845649803,16.6385470241975,
0.0711215633970592));
#152420=CARTESIAN_POINT('',(12.8016396537533,16.6076618033345,
0.0429304315808469));
#152430=CARTESIAN_POINT('',(12.8927397225114,16.5750354103892,
0.0215296029379173));
#152440=CARTESIAN_POINT('',(12.9849922855159,16.5413707718056,
0.00717653157051795));
#152450=CARTESIAN_POINT('',(13.0779748696366,16.5073884669661,
-5.03229547552172E-15));
#152460=CARTESIAN_POINT('',(13.1712511141897,16.4738003574349,
1.11022024759243E-16));
#152470=B_SPLINE_SURFACE_WITH_KNOTS('',6,6,((#151980,#152050,#152120,
#152190,#152260,#152330,#152400),(#151990,#152060,#152130,#152200,
#152270,#152340,#152410),(#152000,#152070,#152140,#152210,#152280,
#152350,#152420),(#152010,#152080,#152150,#152220,#152290,#152360,
#152430),(#152020,#152090,#152160,#152230,#152300,#152370,#152440),(
#152030,#152100,#152170,#152240,#152310,#152380,#152450),(#152040,
#152110,#152180,#152250,#152320,#152390,#152460)),.UNSPECIFIED.,.F.,.F.,
.F.,(7,7),(7,7),(0.,1.),(0.,1.),.UNSPECIFIED.);
#152480=CARTESIAN_POINT('',(12.6245849723798,16.666759715665,
0.106360893659663));
#152490=CARTESIAN_POINT('',(12.626773609261,16.7515501543682,
0.142254482466358));
#152500=CARTESIAN_POINT('',(12.6358535871914,16.8340272892626,
0.197993260903377));
#152510=CARTESIAN_POINT('',(12.6534293967073,16.9060273328859,
0.27555345186787));
#152520=CARTESIAN_POINT('',(12.67918707068,16.9524870485597,
0.3687707154404));
#152530=CARTESIAN_POINT('',(12.7079605200723,16.9734894821113,
0.46219554090246));
#152540=CARTESIAN_POINT('',(12.7370674899968,16.9742522571319,
0.549600900866382));
#152550=B_SPLINE_CURVE_WITH_KNOTS('',6,(#152480,#152490,#152500,#152510,
#152520,#152530,#152540),.UNSPECIFIED.,.F.,.F.,(7,7),(0.,1.),
.UNSPECIFIED.);
#152560=CARTESIAN_POINT('',(12.6245849723798,16.666759715665,
0.106360893659663));
#152570=VERTEX_POINT('',#152560);
#152580=EDGE_CURVE('',#152570,#143810,#152550,.T.);
#152590=ORIENTED_EDGE('',*,*,#152580,.T.);
#152600=CARTESIAN_POINT('',(13.1712511141897,16.4738003574349,
3.6498619181366E-12));
#152610=CARTESIAN_POINT('',(13.0779748696366,16.5073884669661,
3.64476595005374E-12));
#152620=CARTESIAN_POINT('',(12.9849922855159,16.5413707718056,
0.00717653157343781));
#152630=CARTESIAN_POINT('',(12.8927397225114,16.5750354103891,
0.0215296029397422));
#152640=CARTESIAN_POINT('',(12.8016396537533,16.6076618033345,
0.0429304315815768));
#152650=CARTESIAN_POINT('',(12.7120845649803,16.6385470241975,
0.0711215633970592));
#152660=CARTESIAN_POINT('',(12.6244247244296,16.6670307314567,
0.105730451606914));
#152670=B_SPLINE_CURVE_WITH_KNOTS('',6,(#152600,#152610,#152620,#152630,
#152640,#152650,#152660),.UNSPECIFIED.,.F.,.F.,(7,7),(0.,1.),
.UNSPECIFIED.);
#152680=EDGE_CURVE('',#127440,#152570,#152670,.T.);
#152690=ORIENTED_EDGE('',*,*,#152680,.T.);
#152700=ORIENTED_EDGE('',*,*,#151920,.T.);
#152710=ORIENTED_EDGE('',*,*,#143920,.T.);
#152720=EDGE_LOOP('',(#152710,#152700,#152690,#152590));
#152730=FACE_OUTER_BOUND('',#152720,.T.);
#152740=ADVANCED_FACE('',(#152730),#152470,.T.);
#152750=CARTESIAN_POINT('',(-7.22626878025319E-15,38.0000000000002,
1.00000000000635));
#152760=DIRECTION('',(8.31685356444616E-15,-1.20532467984799E-13,1.));
#152770=DIRECTION('',(-6.2518527523747E-32,1.,1.20533398688769E-13));
#152780=AXIS2_PLACEMENT_3D('',#152750,#152760,#152770);
#152790=TOROIDAL_SURFACE('',#152780,25.2360679774925,1.);
#152800=ORIENTED_EDGE('',*,*,#152680,.F.);
#152810=CARTESIAN_POINT('',(-1.46650887518588E-14,38.0000000000004,
0.105572809006392));
#152820=DIRECTION('',(8.31685356444616E-15,-1.20532467984799E-13,1.));
#152830=DIRECTION('',(0.,1.,1.20532467984799E-13));
#152840=AXIS2_PLACEMENT_3D('',#152810,#152820,#152830);
#152850=CIRCLE('',#152840,24.7888543819927);
#152860=CARTESIAN_POINT('',(-12.6247750091747,16.6667583351092,
0.10631188946354));
#152870=VERTEX_POINT('',#152860);
#152880=EDGE_CURVE('',#152870,#152570,#152850,.T.);
#152890=ORIENTED_EDGE('',*,*,#152880,.T.);
#152900=CARTESIAN_POINT('',(-12.6245851985922,16.6667595022437,
0.105572809003924));
#152910=CARTESIAN_POINT('',(-12.7122251664443,16.6383109066875,
0.0710145566262262));
#152920=CARTESIAN_POINT('',(-12.8017565430873,16.607466818245,
0.0428654462757136));
#152930=CARTESIAN_POINT('',(-12.8928297893886,16.5748861914361,
0.021496914892822));
#152940=CARTESIAN_POINT('',(-12.9850532856637,16.5412703945823,
0.00716563557452021));
#152950=CARTESIAN_POINT('',(-13.0780055174806,16.5073383687342,
3.8628490047798E-12));
#152960=CARTESIAN_POINT('',(-13.1712511141897,16.4738003574349,
3.86894577754057E-12));
#152970=B_SPLINE_CURVE_WITH_KNOTS('',6,(#152900,#152910,#152920,#152930,
#152940,#152950,#152960),.UNSPECIFIED.,.F.,.F.,(7,7),(0.,1.),
.UNSPECIFIED.);
#152980=EDGE_CURVE('',#152870,#127530,#152970,.T.);
#152990=ORIENTED_EDGE('',*,*,#152980,.F.);
#153000=ORIENTED_EDGE('',*,*,#127540,.F.);
#153010=EDGE_LOOP('',(#153000,#152990,#152890,#152800));
#153020=FACE_OUTER_BOUND('',#153010,.T.);
#153030=ADVANCED_FACE('',(#153020),#152790,.T.);
#153040=CARTESIAN_POINT('',(-12.7370677744993,16.9742522554464,
0.549600707723624));
#153050=CARTESIAN_POINT('',(-12.7079928613182,16.9734894087269,
0.462187131881816));
#153060=CARTESIAN_POINT('',(-12.679251244794,16.9524868852151,
0.368754105827698));
#153070=CARTESIAN_POINT('',(-12.6535251464139,16.9060270280591,
0.275528642559866));
#153080=CARTESIAN_POINT('',(-12.6359807331681,16.8340266835705,
0.197960289658287));
#153090=CARTESIAN_POINT('',(-12.6269321636569,16.7515491684759,
0.142213454841394));
#153100=CARTESIAN_POINT('',(-12.6247750091747,16.6667583351092,
0.10631188946354));
#153110=CARTESIAN_POINT('',(-12.8079096629646,16.9740945515642,
0.531529632750392));
#153120=CARTESIAN_POINT('',(-12.7791390974798,16.973278914708,
0.438066906400595));
#153130=CARTESIAN_POINT('',(-12.7527729576549,16.9495352184406,
0.338752700183428));
#153140=CARTESIAN_POINT('',(-12.7305858595906,16.8984323815307,
0.239935956769415));
#153150=CARTESIAN_POINT('',(-12.7178271108378,16.8193074286277,
0.161535384929017));
#153160=CARTESIAN_POINT('',(-12.7123376139634,16.7305254067022,
0.104777138747015));
#153170=CARTESIAN_POINT('',(-12.7124149770268,16.6383097395531,
0.0717536370858422));
#153180=CARTESIAN_POINT('',(-12.8796704632615,16.9739688234927,
0.517122622661199));
#153190=CARTESIAN_POINT('',(-12.855954745445,16.9731012174581,
0.417704818307841));
#153200=CARTESIAN_POINT('',(-12.8341067200983,16.9475655266277,
0.311481487144002));
#153210=CARTESIAN_POINT('',(-12.815688286308,16.8914366766098,
0.204788866408766));
#153220=CARTESIAN_POINT('',(-12.8054373947009,16.8027234990353,
0.124650322577605));
#153230=CARTESIAN_POINT('',(-12.8011427132776,16.7062277470225,
0.070386071397537));
#153240=CARTESIAN_POINT('',(-12.8019083915532,16.6074658845374,
0.0434567106434064));
#153250=CARTESIAN_POINT('',(-12.9521175919588,16.9738748537114,
0.506354752511288));
#153260=CARTESIAN_POINT('',(-12.9360228012126,16.9729632695835,
0.401897557816576));
#153270=CARTESIAN_POINT('',(-12.9202184426799,16.9456368274276,
0.289649275987069));
#153280=CARTESIAN_POINT('',(-12.9061750912404,16.8834139576702,
0.175310006862801));
#153290=CARTESIAN_POINT('',(-12.8974969658802,16.7831637645739,
0.0937691530876305));
#153300=CARTESIAN_POINT('',(-12.8930615244529,16.678324905085,
0.0435994045932858));
#153310=CARTESIAN_POINT('',(-12.8929246946798,16.5748856078689,
0.02186645512263));
#153320=CARTESIAN_POINT('',(-13.0250184656336,16.9738124247106,
0.499201097356091));
#153330=CARTESIAN_POINT('',(-13.0168091168454,16.9728650243666,
0.390639770796537));
#153340=CARTESIAN_POINT('',(-13.0072507585754,16.9439335653757,
0.272077424676148));
#153350=CARTESIAN_POINT('',(-12.997745320018,16.8752851990538,
0.149413189685455));
#153360=CARTESIAN_POINT('',(-12.9905878178512,16.7629242562847,
0.0662371621303096));
#153370=CARTESIAN_POINT('',(-12.9860803084323,16.6493413686317,
0.0216064129575866));
#153380=CARTESIAN_POINT('',(-12.9850912477802,16.5412701611554,
0.00731345166644342));
#153390=CARTESIAN_POINT('',(-13.0981405008525,16.9737813189669,
0.495636732250813));
#153400=CARTESIAN_POINT('',(-13.0959155330208,16.9728002769488,
0.383220451670792));
#153410=CARTESIAN_POINT('',(-13.0919708822925,16.9418159134076,
0.259248532112284));
#153420=CARTESIAN_POINT('',(-13.0872570520195,16.8661287272857,
0.130013777073284));
#153430=CARTESIAN_POINT('',(-13.0827245455587,16.7418514109915,
0.0466157865357568));
#153440=CARTESIAN_POINT('',(-13.0793238662607,16.6197682071783,
0.00780228709039485));
#153450=CARTESIAN_POINT('',(-13.0780055174806,16.5073383687342,
3.8628490047798E-12));
#153460=CARTESIAN_POINT('',(-13.1712511141897,16.9737813189669,
0.495636732250813));
#153470=CARTESIAN_POINT('',(-13.1712511141897,16.9727573840529,
0.378305412628732));
#153480=CARTESIAN_POINT('',(-13.1712511141901,16.9390551196951,
0.248690171452938));
#153490=CARTESIAN_POINT('',(-13.1712511141891,16.8559571424566,
0.114493631327473));
#153500=CARTESIAN_POINT('',(-13.17125111419,16.7210405546764,
0.0325698890792436));
#153510=CARTESIAN_POINT('',(-13.1712511141897,16.5911361448442,
3.86872573653251E-12));
#153520=CARTESIAN_POINT('',(-13.1712511141897,16.4738003574349,
3.86894577754057E-12));
#153530=B_SPLINE_SURFACE_WITH_KNOTS('',6,6,((#153040,#153110,#153180,
#153250,#153320,#153390,#153460),(#153050,#153120,#153190,#153260,
#153330,#153400,#153470),(#153060,#153130,#153200,#153270,#153340,
#153410,#153480),(#153070,#153140,#153210,#153280,#153350,#153420,
#153490),(#153080,#153150,#153220,#153290,#153360,#153430,#153500),(
#153090,#153160,#153230,#153300,#153370,#153440,#153510),(#153100,
#153170,#153240,#153310,#153380,#153450,#153520)),.UNSPECIFIED.,.F.,.F.,
.F.,(7,7),(7,7),(0.,1.),(0.,1.),.UNSPECIFIED.);
#153540=ORIENTED_EDGE('',*,*,#143630,.T.);
#153550=CARTESIAN_POINT('',(-13.1712511141897,16.4738003574349,
9.01003172364517E-17));
#153560=CARTESIAN_POINT('',(-13.1712511141897,16.5911361448442,
8.98675821915016E-17));
#153570=CARTESIAN_POINT('',(-13.17125111419,16.7210405546764,
0.0325698890761488));
#153580=CARTESIAN_POINT('',(-13.1712511141891,16.8559571424566,
0.114493631325539));
#153590=CARTESIAN_POINT('',(-13.1712511141901,16.9390551196952,
0.248690171452165));
#153600=CARTESIAN_POINT('',(-13.1712511141897,16.9727573840529,
0.378305412628732));
#153610=CARTESIAN_POINT('',(-13.1712511141897,16.9737813189669,
0.495636732250813));
#153620=B_SPLINE_CURVE_WITH_KNOTS('',6,(#153550,#153560,#153570,#153580,
#153590,#153600,#153610),.UNSPECIFIED.,.F.,.F.,(7,7),(0.,1.),
.UNSPECIFIED.);
#153630=EDGE_CURVE('',#127530,#143500,#153620,.T.);
#153640=ORIENTED_EDGE('',*,*,#153630,.T.);
#153650=ORIENTED_EDGE('',*,*,#152980,.T.);
#153660=CARTESIAN_POINT('',(-12.7370677744993,16.9742522554464,
0.549600707723626));
#153670=CARTESIAN_POINT('',(-12.7079928613182,16.9734894087269,
0.462187131881817));
#153680=CARTESIAN_POINT('',(-12.679251244794,16.9524868852151,
0.368754105827699));
#153690=CARTESIAN_POINT('',(-12.6535251464139,16.9060270280591,
0.275528642559867));
#153700=CARTESIAN_POINT('',(-12.6359807331681,16.8340266835705,
0.197960289658287));
#153710=CARTESIAN_POINT('',(-12.6269321636569,16.7515491684759,
0.142213454841394));
#153720=CARTESIAN_POINT('',(-12.6247750091747,16.6667583351092,
0.10631188946354));
#153730=B_SPLINE_CURVE_WITH_KNOTS('',6,(#153660,#153670,#153680,#153690,
#153700,#153710,#153720),.UNSPECIFIED.,.F.,.F.,(7,7),(0.,1.),
.UNSPECIFIED.);
#153740=EDGE_CURVE('',#143620,#152870,#153730,.T.);
#153750=ORIENTED_EDGE('',*,*,#153740,.T.);
#153760=EDGE_LOOP('',(#153750,#153650,#153640,#153540));
#153770=FACE_OUTER_BOUND('',#153760,.T.);
#153780=ADVANCED_FACE('',(#153770),#153530,.T.);
#153790=CARTESIAN_POINT('',(12.7614358178199,16.9741979713519,
0.543380366615006));
#153800=CARTESIAN_POINT('',(11.9499656414118,16.9760069797308,
0.750672194826709));
#153810=CARTESIAN_POINT('',(11.1347287813367,16.9776964573176,
0.944267150919837));
#153820=CARTESIAN_POINT('',(8.62147484277186,16.9824552087561,
1.48956605455545));
#153830=CARTESIAN_POINT('',(6.91087202190448,16.9850502236569,
1.78692530911464));
#153840=CARTESIAN_POINT('',(3.46628014264061,16.9885884848043,
2.19236987779575));
#153850=CARTESIAN_POINT('',(1.7335692508659,16.9895228148893,
2.29943350101495));
#153860=CARTESIAN_POINT('',(-1.73400658104762,16.9895226597772,
2.29941572692563));
#153870=CARTESIAN_POINT('',(-3.46671509882589,16.9885881766295,
2.19233456446552));
#153880=CARTESIAN_POINT('',(-6.91129963993091,16.9850496455854,
1.78685906867939));
#153890=CARTESIAN_POINT('',(-8.62189967990988,16.9824545099278,
1.48948597677242));
#153900=CARTESIAN_POINT('',(-11.1350068525654,16.9776958797077,
0.944200963384602));
#153910=CARTESIAN_POINT('',(-11.9501043194432,16.9760066691324,
0.75063660377546));
#153920=CARTESIAN_POINT('',(-12.7614360292959,16.9741979698409,
0.54338019347509));
#153930=CARTESIAN_POINT('',(12.6958915398835,16.9724831777512,
0.34688448265785));
#153940=CARTESIAN_POINT('',(11.8892796927435,16.9742921380341,
0.554170799611888));
#153950=CARTESIAN_POINT('',(11.0785646049372,16.9759833474969,
0.747964209047178));
#153960=CARTESIAN_POINT('',(8.58425792024323,16.9807414867536,
1.29319296360146));
#153970=CARTESIAN_POINT('',(6.88083461805729,16.9833467810368,
1.59173011869878));
#153980=CARTESIAN_POINT('',(3.45056153441515,16.9869007347808,
1.99897288085349));
#153990=CARTESIAN_POINT('',(1.72595566530631,16.9878392655875,
2.10651785909476));
#154000=CARTESIAN_POINT('',(-1.72639102528279,16.9878391097529,
2.10650000221377));
#154010=CARTESIAN_POINT('',(-3.45099458866262,16.9869004252084,
1.99893740736401));
#154020=CARTESIAN_POINT('',(-6.88126049363236,16.9833462004987,
1.59166359562568));
#154030=CARTESIAN_POINT('',(-8.58468115460781,16.9807407850504,
1.29311255637293));
#154040=CARTESIAN_POINT('',(-11.0788415617686,16.975982768674,
0.747897882509858));
#154050=CARTESIAN_POINT('',(-11.8894179863735,16.9742918265488,
0.554135106936438));
#154060=CARTESIAN_POINT('',(-12.6958921927021,16.9724831752063,
0.346884191046027));
#154070=CARTESIAN_POINT('',(12.6537049940445,16.857273820001,
0.180811522080207));
#154080=CARTESIAN_POINT('',(11.8489735323178,16.860422289208,
0.388391528261152));
#154090=CARTESIAN_POINT('',(11.0402812494985,16.8634233182078,
0.582470087915112));
#154100=CARTESIAN_POINT('',(8.55283885253051,16.8720293718238,
1.12845693009683));
#154110=CARTESIAN_POINT('',(6.85540553210325,16.8769685167699,
1.42732451686907));
#154120=CARTESIAN_POINT('',(3.43714303140832,16.8838218460978,
1.83516458156136));
#154130=CARTESIAN_POINT('',(1.71951699934035,16.8856960001466,
1.94285599198191));
#154140=CARTESIAN_POINT('',(-1.7199506793283,16.8856956922772,
1.94283810661936));
#154150=CARTESIAN_POINT('',(-3.43757447487559,16.8838212358188,
1.83512905594986));
#154160=CARTESIAN_POINT('',(-6.85582995054849,16.8769674109612,
1.42725790321259));
#154170=CARTESIAN_POINT('',(-8.55326075944387,16.8720280655184,
1.12837641869274));
#154180=CARTESIAN_POINT('',(-11.04055742511,16.8634222857448,
0.582403686916654));
#154190=CARTESIAN_POINT('',(-11.8491113986304,16.86042174082,
0.38835581384683));
#154200=CARTESIAN_POINT('',(-12.6537055370256,16.8572738096654,
0.180811260847044));
#154210=CARTESIAN_POINT('',(12.6488075023234,16.6666105173884,
0.100135429634289));
#154220=CARTESIAN_POINT('',(11.8421970536233,16.6715742128664,
0.307586517517634));
#154230=CARTESIAN_POINT('',(11.032215324778,16.6763637913042,
0.50133500506103));
#154240=CARTESIAN_POINT('',(8.53694505831615,16.6902989813283,
1.04688484319071));
#154250=CARTESIAN_POINT('',(6.84234810883538,16.6984773632166,
1.34403397803072));
#154260=CARTESIAN_POINT('',(3.42995134363315,16.7099474106744,
1.74956049985753));
#154270=CARTESIAN_POINT('',(1.71614698015896,16.713148835147,
1.85658317636489));
#154280=CARTESIAN_POINT('',(-1.71657976356589,16.7131483119323,
1.85656539607417));
#154290=CARTESIAN_POINT('',(-3.43038195570114,16.7099463755307,
1.74952518568289));
#154300=CARTESIAN_POINT('',(-6.84277183675902,16.6984755260354,
1.3439677384088));
#154310=CARTESIAN_POINT('',(-8.53736640033972,16.6902968417518,
1.04680476373019));
#154320=CARTESIAN_POINT('',(-11.0324913429683,16.6763621465446,
0.501268832042596));
#154330=CARTESIAN_POINT('',(-11.8423346005276,16.6715733503399,
0.307550981684223));
#154340=CARTESIAN_POINT('',(-12.6488074044199,16.6666105030269,
0.100135343550641));
#154350=(BOUNDED_SURFACE() B_SPLINE_SURFACE(3,3,((#153790,#153930,
#154070,#154210),(#153800,#153940,#154080,#154220),(#153810,#153950,
#154090,#154230),(#153820,#153960,#154100,#154240),(#153830,#153970,
#154110,#154250),(#153840,#153980,#154120,#154260),(#153850,#153990,
#154130,#154270),(#153860,#154000,#154140,#154280),(#153870,#154010,
#154150,#154290),(#153880,#154020,#154160,#154300),(#153890,#154030,
#154170,#154310),(#153900,#154040,#154180,#154320),(#153910,#154050,
#154190,#154330),(#153920,#154060,#154200,#154340)),.UNSPECIFIED.,.F.,
.F.,.F.) B_SPLINE_SURFACE_WITH_KNOTS((4,2,2,2,2,2,4),(4,4),(
7.90877237285733,10.4150562477267,15.5954946790273,20.7691712148497,
25.9428424439998,31.1232796254356,33.629143067258),(0.,1.),.UNSPECIFIED.
) GEOMETRIC_REPRESENTATION_ITEM() RATIONAL_B_SPLINE_SURFACE(((1.,
0.889642219389723,0.889642219389723,1.),(1.,0.89089992701317,
0.89089992701317,1.),(1.,0.892130141299684,0.892130141299684,1.),(1.,
0.895753274107976,0.895753274107976,1.),(1.,0.897952277511725,
0.897952277511725,1.),(1.,0.901064560012568,0.901064560012568,1.),(1.,
0.901949426145129,0.901949426145129,1.),(1.,0.901949282558331,
0.901949282558331,1.),(1.,0.901064275982636,0.901064275982636,1.),(1.,
0.897951782761967,0.897951782761967,1.),(1.,0.895752705519581,
0.895752705519581,1.),(1.,0.892129715842332,0.892129715842332,1.),(1.,
0.890899705587776,0.890899705587776,1.),(1.,0.889642213377359,
0.889642213377359,1.))) REPRESENTATION_ITEM('') SURFACE());
#154360=CARTESIAN_POINT('',(12.6245852237688,16.666759517085,
0.10636074439476));
#154370=CARTESIAN_POINT('',(11.8259816923507,16.6716700706488,
0.311463572580281));
#154380=CARTESIAN_POINT('',(11.024071688228,16.6764092705953,
0.503115477365515));
#154390=CARTESIAN_POINT('',(8.53694505831615,16.6902989813283,
1.04688484319071));
#154400=CARTESIAN_POINT('',(6.84234810883538,16.6984773632166,
1.34403397803072));
#154410=CARTESIAN_POINT('',(3.42995134363315,16.7099474106744,
1.74956049985753));
#154420=CARTESIAN_POINT('',(1.71614698015896,16.713148835147,
1.85658317636489));
#154430=CARTESIAN_POINT('',(-1.71657976356589,16.7131483119323,
1.85656539607417));
#154440=CARTESIAN_POINT('',(-3.43038195570114,16.7099463755307,
1.74952518568289));
#154450=CARTESIAN_POINT('',(-6.84277183675902,16.6984755260354,
1.3439677384088));
#154460=CARTESIAN_POINT('',(-8.53736640033972,16.6902968417518,
1.04680476373019));
#154470=CARTESIAN_POINT('',(-11.0244115473658,16.6764072703326,
0.503035404428013));
#154480=CARTESIAN_POINT('',(-11.8262463573379,16.6716684575954,
0.311397705568044));
#154490=CARTESIAN_POINT('',(-12.6247750092712,16.6667583351086,
0.10631188943876));
#154500=B_SPLINE_CURVE_WITH_KNOTS('',3,(#154360,#154370,#154380,#154390,
#154400,#154410,#154420,#154430,#154440,#154450,#154460,#154470,#154480,
#154490),.UNSPECIFIED.,.F.,.F.,(4,2,2,2,2,2,4),(7.93385898313903,
10.4150562477267,15.5954946790273,20.7691712148497,25.9428424439998,
31.1232796254356,33.6042530359359),.UNSPECIFIED.);
#154510=EDGE_CURVE('',#152570,#152870,#154500,.T.);
#154520=ORIENTED_EDGE('',*,*,#154510,.T.);
#154530=ORIENTED_EDGE('',*,*,#152580,.F.);
#154540=ORIENTED_EDGE('',*,*,#143820,.F.);
#154550=ORIENTED_EDGE('',*,*,#153740,.F.);
#154560=EDGE_LOOP('',(#154550,#154540,#154530,#154520));
#154570=FACE_OUTER_BOUND('',#154560,.T.);
#154580=ADVANCED_FACE('',(#154570),#154350,.F.);
#154590=CARTESIAN_POINT('',(0.,16.4738003574349,1.11022302462516E-16));
#154600=CARTESIAN_POINT('',(0.,16.764670970581,1.11022302462516E-16));
#154610=CARTESIAN_POINT('',(0.,16.9712430262359,0.204777194566388));
#154620=CARTESIAN_POINT('',(0.,16.9737813189669,0.495636732250813));
#154630=(BOUNDED_CURVE() B_SPLINE_CURVE(3,(#154590,#154600,#154610,
#154620),.UNSPECIFIED.,.F.,.F.) B_SPLINE_CURVE_WITH_KNOTS((4,4),(0.,1.),
.UNSPECIFIED.) CURVE() GEOMETRIC_REPRESENTATION_ITEM() 
RATIONAL_B_SPLINE_CURVE((1.,0.806790250415523,0.806790250415523,1.)) 
REPRESENTATION_ITEM(''));
#154640=DIRECTION('',(1.,0.,0.));
#154650=VECTOR('',#154640,1.);
#154660=SURFACE_OF_LINEAR_EXTRUSION('',#154630,#154650);
#154670=ORIENTED_EDGE('',*,*,#153630,.F.);
#154680=ORIENTED_EDGE('',*,*,#143510,.T.);
#154690=ORIENTED_EDGE('',*,*,#142580,.T.);
#154700=ORIENTED_EDGE('',*,*,#127620,.F.);
#154710=EDGE_LOOP('',(#154700,#154690,#154680,#154670));
#154720=FACE_OUTER_BOUND('',#154710,.T.);
#154730=ADVANCED_FACE('',(#154720),#154660,.T.);
#154740=CARTESIAN_POINT('',(3.10862446896816E-15,38.0000000000001,
2.24264460942958));
#154750=DIRECTION('',(-8.31685356444616E-15,1.20532467984799E-13,-1.));
#154760=DIRECTION('',(0.,-1.,-1.20532467984799E-13));
#154770=AXIS2_PLACEMENT_3D('',#154740,#154750,#154760);
#154780=CONICAL_SURFACE('',#154770,20.5147107811452,1.10714871779419);
#154790=ORIENTED_EDGE('',*,*,#152880,.F.);
#154800=ORIENTED_EDGE('',*,*,#154510,.F.);
#154810=EDGE_LOOP('',(#154800,#154790));
#154820=FACE_OUTER_BOUND('',#154810,.T.);
#154830=ADVANCED_FACE('',(#154820),#154780,.F.);
#154840=COLOUR_RGB('',0.,0.239215701818466,0.501960813999176);
#154850=FILL_AREA_STYLE_COLOUR('',#154840);
#154860=FILL_AREA_STYLE('',(#154850));
#154870=SURFACE_STYLE_FILL_AREA(#154860);
#154880=SURFACE_SIDE_STYLE('',(#154870));
#154890=SURFACE_STYLE_USAGE(.BOTH.,#154880);
#154900=PRESENTATION_STYLE_ASSIGNMENT((#154890));
#154910=ORIENTED_EDGE('',*,*,#151670,.F.);
#154920=ORIENTED_EDGE('',*,*,#125300,.T.);
#154930=ORIENTED_EDGE('',*,*,#3810,.T.);
#154940=ORIENTED_EDGE('',*,*,#124880,.F.);
#154950=EDGE_LOOP('',(#154940,#154930,#154920,#154910));
#154960=FACE_OUTER_BOUND('',#154950,.T.);
#154970=ADVANCED_FACE('',(#154960),#137510,.F.);
#154980=COLOUR_RGB('',0.,0.239215701818466,0.501960813999176);
#154990=FILL_AREA_STYLE_COLOUR('',#154980);
#155000=FILL_AREA_STYLE('',(#154990));
#155010=SURFACE_STYLE_FILL_AREA(#155000);
#155020=SURFACE_SIDE_STYLE('',(#155010));
#155030=SURFACE_STYLE_USAGE(.BOTH.,#155020);
#155040=PRESENTATION_STYLE_ASSIGNMENT((#155030));
#155050=CARTESIAN_POINT('',(18.5,12.3131111331693,1.4));
#155060=DIRECTION('',(0.,-1.28197512425571E-16,1.));
#155070=DIRECTION('',(0.,1.,1.28197512425571E-16));
#155080=AXIS2_PLACEMENT_3D('',#155050,#155060,#155070);
#155090=PLANE('',#155080);
#155100=ORIENTED_EDGE('',*,*,#116810,.F.);
#155110=CARTESIAN_POINT('',(0.,12.3863162139262,1.4));
#155120=DIRECTION('',(-1.,0.,0.));
#155130=VECTOR('',#155120,1.);
#155140=LINE('',#155110,#155130);
#155150=EDGE_CURVE('',#124460,#116720,#155140,.T.);
#155160=ORIENTED_EDGE('',*,*,#155150,.T.);
#155170=ORIENTED_EDGE('',*,*,#124470,.T.);
#155180=CARTESIAN_POINT('',(0.,8.6136837860738,1.4));
#155190=DIRECTION('',(1.,0.,0.));
#155200=VECTOR('',#155190,1.);
#155210=LINE('',#155180,#155200);
#155220=EDGE_CURVE('',#116800,#124380,#155210,.T.);
#155230=ORIENTED_EDGE('',*,*,#155220,.T.);
#155240=EDGE_LOOP('',(#155230,#155170,#155160,#155100));
#155250=FACE_OUTER_BOUND('',#155240,.T.);
#155260=ADVANCED_FACE('',(#155250),#155090,.T.);
#155270=CARTESIAN_POINT('',(0.,12.3863162139262,2.9));
#155280=DIRECTION('',(-1.,0.,0.));
#155290=DIRECTION('',(0.,1.,0.));
#155300=AXIS2_PLACEMENT_3D('',#155270,#155280,#155290);
#155310=CYLINDRICAL_SURFACE('',#155300,1.5);
#155320=ORIENTED_EDGE('',*,*,#122410,.T.);
#155330=ORIENTED_EDGE('',*,*,#124540,.T.);
#155340=ORIENTED_EDGE('',*,*,#155150,.F.);
#155350=ORIENTED_EDGE('',*,*,#116730,.T.);
#155360=EDGE_LOOP('',(#155350,#155340,#155330,#155320));
#155370=FACE_OUTER_BOUND('',#155360,.T.);
#155380=ADVANCED_FACE('',(#155370),#155310,.F.);
#155390=CARTESIAN_POINT('',(0.,8.6136837860738,2.9));
#155400=DIRECTION('',(-1.,0.,0.));
#155410=DIRECTION('',(0.,1.,0.));
#155420=AXIS2_PLACEMENT_3D('',#155390,#155400,#155410);
#155430=CYLINDRICAL_SURFACE('',#155420,1.5);
#155440=ORIENTED_EDGE('',*,*,#124390,.T.);
#155450=ORIENTED_EDGE('',*,*,#122730,.T.);
#155460=ORIENTED_EDGE('',*,*,#116900,.T.);
#155470=ORIENTED_EDGE('',*,*,#155220,.F.);
#155480=EDGE_LOOP('',(#155470,#155460,#155450,#155440));
#155490=FACE_OUTER_BOUND('',#155480,.T.);
#155500=ADVANCED_FACE('',(#155490),#155430,.F.);
#155510=CARTESIAN_POINT('',(0.,-14.4836634939895,3.));
#155520=DIRECTION('',(-1.,0.,0.));
#155530=DIRECTION('',(0.,1.,0.));
#155540=AXIS2_PLACEMENT_3D('',#155510,#155520,#155530);
#155550=CYLINDRICAL_SURFACE('',#155540,0.5);
#155560=CARTESIAN_POINT('',(0.,-14.0007005808449,3.12940952255126));
#155570=DIRECTION('',(-1.,0.,0.));
#155580=VECTOR('',#155570,1.);
#155590=LINE('',#155560,#155580);
#155600=EDGE_CURVE('',#123710,#118710,#155590,.T.);
#155610=ORIENTED_EDGE('',*,*,#155600,.T.);
#155620=ORIENTED_EDGE('',*,*,#123720,.F.);
#155630=ORIENTED_EDGE('',*,*,#20410,.F.);
#155640=ORIENTED_EDGE('',*,*,#118790,.F.);
#155650=EDGE_LOOP('',(#155640,#155630,#155620,#155610));
#155660=FACE_OUTER_BOUND('',#155650,.T.);
#155670=ADVANCED_FACE('',(#155660),#155550,.T.);
#155680=CARTESIAN_POINT('',(18.05,-11.5015408075689,4.2));
#155690=DIRECTION('',(-0.707106781186548,-0.,-0.707106781186547));
#155700=DIRECTION('',(0.707106781186547,0.,-0.707106781186548));
#155710=AXIS2_PLACEMENT_3D('',#155680,#155690,#155700);
#155720=PLANE('',#155710);
#155730=CARTESIAN_POINT('',(22.25,-9.04056851149381,0.));
#155740=DIRECTION('',(-0.707093318572324,0.00617070990690958,
0.707093318572325));
#155750=VECTOR('',#155740,1.);
#155760=LINE('',#155730,#155750);
#155770=CARTESIAN_POINT('',(18.35,-9.00653372710985,3.9));
#155780=VERTEX_POINT('',#155770);
#155790=EDGE_CURVE('',#155780,#33290,#155760,.T.);
#155800=ORIENTED_EDGE('',*,*,#155790,.T.);
#155810=CARTESIAN_POINT('',(18.35,0.,3.9));
#155820=DIRECTION('',(0.,-1.,0.));
#155830=VECTOR('',#155820,1.);
#155840=LINE('',#155810,#155830);
#155850=CARTESIAN_POINT('',(18.35,-11.9934662728901,3.9));
#155860=VERTEX_POINT('',#155850);
#155870=EDGE_CURVE('',#155780,#155860,#155840,.T.);
#155880=ORIENTED_EDGE('',*,*,#155870,.F.);
#155890=CARTESIAN_POINT('',(22.25,-11.9594314885062,0.));
#155900=DIRECTION('',(0.707093318572324,0.00617070990691275,
-0.707093318572325));
#155910=VECTOR('',#155900,1.);
#155920=LINE('',#155890,#155910);
#155930=EDGE_CURVE('',#33370,#155860,#155920,.T.);
#155940=ORIENTED_EDGE('',*,*,#155930,.T.);
#155950=ORIENTED_EDGE('',*,*,#33380,.T.);
#155960=EDGE_LOOP('',(#155950,#155940,#155880,#155800));
#155970=FACE_OUTER_BOUND('',#155960,.T.);
#155980=ADVANCED_FACE('',(#155970),#155720,.F.);
#155990=CARTESIAN_POINT('',(17.6013090301686,-12.,0.));
#156000=DIRECTION('',(-0.00872653549837393,0.999961923064171,
4.44072300293717E-15));
#156010=DIRECTION('',(0.,4.44089209850063E-15,-1.));
#156020=AXIS2_PLACEMENT_3D('',#155990,#156000,#156010);
#156030=PLANE('',#156020);
#156040=ORIENTED_EDGE('',*,*,#155930,.F.);
#156050=CARTESIAN_POINT('',(18.35,-11.9930299295006,0.));
#156060=DIRECTION('',(0.,-4.44089209850063E-15,1.));
#156070=VECTOR('',#156060,1.);
#156080=LINE('',#156050,#156070);
#156090=CARTESIAN_POINT('',(18.35,-11.9934662728901,3.35));
#156100=VERTEX_POINT('',#156090);
#156110=EDGE_CURVE('',#156100,#155860,#156080,.T.);
#156120=ORIENTED_EDGE('',*,*,#156110,.T.);
#156130=CARTESIAN_POINT('',(0.,-12.1536042968506,3.35));
#156140=DIRECTION('',(0.999961923064171,0.00872653549837393,0.));
#156150=VECTOR('',#156140,1.);
#156160=LINE('',#156130,#156150);
#156170=EDGE_CURVE('',#33210,#156100,#156160,.T.);
#156180=ORIENTED_EDGE('',*,*,#156170,.T.);
#156190=ORIENTED_EDGE('',*,*,#33440,.T.);
#156200=EDGE_LOOP('',(#156190,#156180,#156120,#156040));
#156210=FACE_OUTER_BOUND('',#156200,.T.);
#156220=ADVANCED_FACE('',(#156210),#156030,.F.);
#156230=CARTESIAN_POINT('',(17.6013090301686,-9.,0.));
#156240=DIRECTION('',(-0.00872653549837393,-0.999961923064171,-0.));
#156250=DIRECTION('',(-0.999961923064171,0.00872653549837393,0.));
#156260=AXIS2_PLACEMENT_3D('',#156230,#156240,#156250);
#156270=PLANE('',#156260);
#156280=CARTESIAN_POINT('',(0.,-8.84639570314943,3.35));
#156290=DIRECTION('',(-0.999961923064171,0.00872653549837393,0.));
#156300=VECTOR('',#156290,1.);
#156310=LINE('',#156280,#156300);
#156320=CARTESIAN_POINT('',(18.35,-9.00653372710985,3.35));
#156330=VERTEX_POINT('',#156320);
#156340=EDGE_CURVE('',#156330,#33190,#156310,.T.);
#156350=ORIENTED_EDGE('',*,*,#156340,.T.);
#156360=CARTESIAN_POINT('',(18.35,-9.00697007049939,0.));
#156370=DIRECTION('',(0.,0.,-1.));
#156380=VECTOR('',#156370,1.);
#156390=LINE('',#156360,#156380);
#156400=EDGE_CURVE('',#155780,#156330,#156390,.T.);
#156410=ORIENTED_EDGE('',*,*,#156400,.T.);
#156420=ORIENTED_EDGE('',*,*,#155790,.F.);
#156430=ORIENTED_EDGE('',*,*,#33300,.T.);
#156440=EDGE_LOOP('',(#156430,#156420,#156410,#156350));
#156450=FACE_OUTER_BOUND('',#156440,.T.);
#156460=ADVANCED_FACE('',(#156450),#156270,.F.);
#156470=CARTESIAN_POINT('',(17.7,-10.0015408075689,3.35));
#156480=DIRECTION('',(-0.,-0.,-1.));
#156490=DIRECTION('',(0.,-1.,0.));
#156500=AXIS2_PLACEMENT_3D('',#156470,#156480,#156490);
#156510=PLANE('',#156500);
#156520=ORIENTED_EDGE('',*,*,#156170,.F.);
#156530=CARTESIAN_POINT('',(18.35,0.,3.35));
#156540=DIRECTION('',(0.,-1.,0.));
#156550=VECTOR('',#156540,1.);
#156560=LINE('',#156530,#156550);
#156570=EDGE_CURVE('',#156330,#156100,#156560,.T.);
#156580=ORIENTED_EDGE('',*,*,#156570,.T.);
#156590=ORIENTED_EDGE('',*,*,#156340,.F.);
#156600=ORIENTED_EDGE('',*,*,#33220,.F.);
#156610=EDGE_LOOP('',(#156600,#156590,#156580,#156520));
#156620=FACE_OUTER_BOUND('',#156610,.T.);
#156630=ADVANCED_FACE('',(#156620),#156510,.T.);
#156640=CARTESIAN_POINT('',(18.35,0.,8.));
#156650=DIRECTION('',(1.,0.,0.));
#156660=DIRECTION('',(0.,-1.,0.));
#156670=AXIS2_PLACEMENT_3D('',#156640,#156650,#156660);
#156680=PLANE('',#156670);
#156690=ORIENTED_EDGE('',*,*,#156570,.F.);
#156700=ORIENTED_EDGE('',*,*,#156110,.F.);
#156710=ORIENTED_EDGE('',*,*,#155870,.T.);
#156720=ORIENTED_EDGE('',*,*,#156400,.F.);
#156730=EDGE_LOOP('',(#156720,#156710,#156700,#156690));
#156740=FACE_OUTER_BOUND('',#156730,.T.);
#156750=ADVANCED_FACE('',(#156740),#156680,.T.);
#156760=CARTESIAN_POINT('',(18.35,0.,3.35));
#156770=DIRECTION('',(0.,-1.,0.));
#156780=VECTOR('',#156770,1.);
#156790=LINE('',#156760,#156780);
#156800=CARTESIAN_POINT('',(18.35,11.9934662728901,3.35));
#156810=VERTEX_POINT('',#156800);
#156820=CARTESIAN_POINT('',(18.35,9.00653372710985,3.35));
#156830=VERTEX_POINT('',#156820);
#156840=EDGE_CURVE('',#156810,#156830,#156790,.T.);
#156850=ORIENTED_EDGE('',*,*,#156840,.F.);
#156860=CARTESIAN_POINT('',(18.35,9.00653372710985,0.));
#156870=DIRECTION('',(0.,0.,1.));
#156880=VECTOR('',#156870,1.);
#156890=LINE('',#156860,#156880);
#156900=CARTESIAN_POINT('',(18.35,9.00653372710985,3.9));
#156910=VERTEX_POINT('',#156900);
#156920=EDGE_CURVE('',#156830,#156910,#156890,.T.);
#156930=ORIENTED_EDGE('',*,*,#156920,.F.);
#156940=CARTESIAN_POINT('',(18.35,0.,3.9));
#156950=DIRECTION('',(0.,-1.,0.));
#156960=VECTOR('',#156950,1.);
#156970=LINE('',#156940,#156960);
#156980=CARTESIAN_POINT('',(18.35,11.9934662728901,3.9));
#156990=VERTEX_POINT('',#156980);
#157000=EDGE_CURVE('',#156990,#156910,#156970,.T.);
#157010=ORIENTED_EDGE('',*,*,#157000,.T.);
#157020=CARTESIAN_POINT('',(18.35,11.9934662728901,0.));
#157030=DIRECTION('',(0.,0.,1.));
#157040=VECTOR('',#157030,1.);
#157050=LINE('',#157020,#157040);
#157060=EDGE_CURVE('',#156810,#156990,#157050,.T.);
#157070=ORIENTED_EDGE('',*,*,#157060,.T.);
#157080=EDGE_LOOP('',(#157070,#157010,#156930,#156850));
#157090=FACE_OUTER_BOUND('',#157080,.T.);
#157100=ADVANCED_FACE('',(#157090),#156680,.T.);
#157110=CARTESIAN_POINT('',(17.6013090301686,9.,0.));
#157120=DIRECTION('',(0.00872653549837393,-0.999961923064171,0.));
#157130=DIRECTION('',(-0.999961923064171,-0.00872653549837393,0.));
#157140=AXIS2_PLACEMENT_3D('',#157110,#157120,#157130);
#157150=PLANE('',#157140);
#157160=CARTESIAN_POINT('',(22.25,9.04056851149381,0.));
#157170=DIRECTION('',(-0.707093318572324,-0.00617070990690958,
0.707093318572325));
#157180=VECTOR('',#157170,1.);
#157190=LINE('',#157160,#157180);
#157200=EDGE_CURVE('',#156910,#119780,#157190,.T.);
#157210=ORIENTED_EDGE('',*,*,#157200,.T.);
#157220=ORIENTED_EDGE('',*,*,#156920,.T.);
#157230=CARTESIAN_POINT('',(0.,8.84639570314943,3.35));
#157240=DIRECTION('',(-0.999961923064171,-0.00872653549837393,0.));
#157250=VECTOR('',#157240,1.);
#157260=LINE('',#157230,#157250);
#157270=EDGE_CURVE('',#156830,#119760,#157260,.T.);
#157280=ORIENTED_EDGE('',*,*,#157270,.F.);
#157290=ORIENTED_EDGE('',*,*,#119790,.F.);
#157300=EDGE_LOOP('',(#157290,#157280,#157220,#157210));
#157310=FACE_OUTER_BOUND('',#157300,.T.);
#157320=ADVANCED_FACE('',(#157310),#157150,.T.);
#157330=CARTESIAN_POINT('',(17.7,13.0015408075689,3.35));
#157340=DIRECTION('',(-0.,-0.,-1.));
#157350=DIRECTION('',(0.,-1.,0.));
#157360=AXIS2_PLACEMENT_3D('',#157330,#157340,#157350);
#157370=PLANE('',#157360);
#157380=ORIENTED_EDGE('',*,*,#157270,.T.);
#157390=ORIENTED_EDGE('',*,*,#156840,.T.);
#157400=CARTESIAN_POINT('',(0.,12.1536042968506,3.35));
#157410=DIRECTION('',(-0.999961923064171,0.00872653549837393,0.));
#157420=VECTOR('',#157410,1.);
#157430=LINE('',#157400,#157420);
#157440=EDGE_CURVE('',#156810,#119860,#157430,.T.);
#157450=ORIENTED_EDGE('',*,*,#157440,.F.);
#157460=ORIENTED_EDGE('',*,*,#119870,.F.);
#157470=EDGE_LOOP('',(#157460,#157450,#157390,#157380));
#157480=FACE_OUTER_BOUND('',#157470,.T.);
#157490=ADVANCED_FACE('',(#157480),#157370,.T.);
#157500=CARTESIAN_POINT('',(17.6013090301686,12.,0.));
#157510=DIRECTION('',(-0.00872653549837393,-0.999961923064171,-0.));
#157520=DIRECTION('',(-0.999961923064171,0.00872653549837393,0.));
#157530=AXIS2_PLACEMENT_3D('',#157500,#157510,#157520);
#157540=PLANE('',#157530);
#157550=ORIENTED_EDGE('',*,*,#157440,.T.);
#157560=ORIENTED_EDGE('',*,*,#157060,.F.);
#157570=CARTESIAN_POINT('',(22.25,11.9594314885062,0.));
#157580=DIRECTION('',(-0.707093318572324,0.00617070990690958,
0.707093318572325));
#157590=VECTOR('',#157580,1.);
#157600=LINE('',#157570,#157590);
#157610=EDGE_CURVE('',#156990,#119940,#157600,.T.);
#157620=ORIENTED_EDGE('',*,*,#157610,.F.);
#157630=ORIENTED_EDGE('',*,*,#119950,.T.);
#157640=EDGE_LOOP('',(#157630,#157620,#157560,#157550));
#157650=FACE_OUTER_BOUND('',#157640,.T.);
#157660=ADVANCED_FACE('',(#157650),#157540,.F.);
#157670=CARTESIAN_POINT('',(18.05,11.5015408075689,4.2));
#157680=DIRECTION('',(-0.707106781186548,-0.,-0.707106781186547));
#157690=DIRECTION('',(0.707106781186547,0.,-0.707106781186548));
#157700=AXIS2_PLACEMENT_3D('',#157670,#157680,#157690);
#157710=PLANE('',#157700);
#157720=ORIENTED_EDGE('',*,*,#157610,.T.);
#157730=ORIENTED_EDGE('',*,*,#157000,.F.);
#157740=ORIENTED_EDGE('',*,*,#157200,.F.);
#157750=ORIENTED_EDGE('',*,*,#120010,.T.);
#157760=EDGE_LOOP('',(#157750,#157740,#157730,#157720));
#157770=FACE_OUTER_BOUND('',#157760,.T.);
#157780=ADVANCED_FACE('',(#157770),#157710,.F.);
#157790=CARTESIAN_POINT('',(0.,6.51633650601052,3.));
#157800=DIRECTION('',(1.,0.,0.));
#157810=DIRECTION('',(0.,-1.,0.));
#157820=AXIS2_PLACEMENT_3D('',#157790,#157800,#157810);
#157830=CYLINDRICAL_SURFACE('',#157820,0.5);
#157840=ORIENTED_EDGE('',*,*,#117050,.F.);
#157850=ORIENTED_EDGE('',*,*,#122660,.F.);
#157860=ORIENTED_EDGE('',*,*,#124290,.F.);
#157870=ORIENTED_EDGE('',*,*,#117240,.T.);
#157880=EDGE_LOOP('',(#157870,#157860,#157850,#157840));
#157890=FACE_OUTER_BOUND('',#157880,.T.);
#157900=ADVANCED_FACE('',(#157890),#157830,.T.);
#157910=CARTESIAN_POINT('',(-18.35,-0.25,8.));
#157920=DIRECTION('',(-1.,0.,0.));
#157930=DIRECTION('',(0.,1.,0.));
#157940=AXIS2_PLACEMENT_3D('',#157910,#157920,#157930);
#157950=PLANE('',#157940);
#157960=CARTESIAN_POINT('',(-18.35,-11.9930299295006,0.));
#157970=DIRECTION('',(0.,4.44089209850063E-15,-1.));
#157980=VECTOR('',#157970,1.);
#157990=LINE('',#157960,#157980);
#158000=CARTESIAN_POINT('',(-18.35,-11.9934662728901,3.9));
#158010=VERTEX_POINT('',#158000);
#158020=CARTESIAN_POINT('',(-18.35,-11.9934662728901,3.35));
#158030=VERTEX_POINT('',#158020);
#158040=EDGE_CURVE('',#158010,#158030,#157990,.T.);
#158050=ORIENTED_EDGE('',*,*,#158040,.F.);
#158060=CARTESIAN_POINT('',(-18.35,0.,3.35));
#158070=DIRECTION('',(0.,-1.,0.));
#158080=VECTOR('',#158070,1.);
#158090=LINE('',#158060,#158080);
#158100=CARTESIAN_POINT('',(-18.35,-9.00653372710985,3.35));
#158110=VERTEX_POINT('',#158100);
#158120=EDGE_CURVE('',#158110,#158030,#158090,.T.);
#158130=ORIENTED_EDGE('',*,*,#158120,.T.);
#158140=CARTESIAN_POINT('',(-18.35,-9.00697007049939,0.));
#158150=DIRECTION('',(0.,0.,1.));
#158160=VECTOR('',#158150,1.);
#158170=LINE('',#158140,#158160);
#158180=CARTESIAN_POINT('',(-18.35,-9.00653372710985,3.9));
#158190=VERTEX_POINT('',#158180);
#158200=EDGE_CURVE('',#158110,#158190,#158170,.T.);
#158210=ORIENTED_EDGE('',*,*,#158200,.F.);
#158220=CARTESIAN_POINT('',(-18.35,0.,3.9));
#158230=DIRECTION('',(0.,-1.,0.));
#158240=VECTOR('',#158230,1.);
#158250=LINE('',#158220,#158240);
#158260=EDGE_CURVE('',#158190,#158010,#158250,.T.);
#158270=ORIENTED_EDGE('',*,*,#158260,.F.);
#158280=EDGE_LOOP('',(#158270,#158210,#158130,#158050));
#158290=FACE_OUTER_BOUND('',#158280,.T.);
#158300=ADVANCED_FACE('',(#158290),#157950,.T.);
#158310=CARTESIAN_POINT('',(-17.6013090301686,-12.,0.));
#158320=DIRECTION('',(0.00872653549837393,0.999961923064171,
4.44072300293717E-15));
#158330=DIRECTION('',(0.,4.44089209850063E-15,-1.));
#158340=AXIS2_PLACEMENT_3D('',#158310,#158320,#158330);
#158350=PLANE('',#158340);
#158360=ORIENTED_EDGE('',*,*,#158040,.T.);
#158370=CARTESIAN_POINT('',(-22.25,-11.9594314885062,0.));
#158380=DIRECTION('',(-0.707093318572324,0.00617070990691275,
-0.707093318572325));
#158390=VECTOR('',#158380,1.);
#158400=LINE('',#158370,#158390);
#158410=EDGE_CURVE('',#112860,#158010,#158400,.T.);
#158420=ORIENTED_EDGE('',*,*,#158410,.T.);
#158430=ORIENTED_EDGE('',*,*,#112870,.T.);
#158440=CARTESIAN_POINT('',(0.,-12.1536042968506,3.35));
#158450=DIRECTION('',(-0.999961923064171,0.00872653549837393,0.));
#158460=VECTOR('',#158450,1.);
#158470=LINE('',#158440,#158460);
#158480=EDGE_CURVE('',#112780,#158030,#158470,.T.);
#158490=ORIENTED_EDGE('',*,*,#158480,.F.);
#158500=EDGE_LOOP('',(#158490,#158430,#158420,#158360));
#158510=FACE_OUTER_BOUND('',#158500,.T.);
#158520=ADVANCED_FACE('',(#158510),#158350,.F.);
#158530=CARTESIAN_POINT('',(-17.6013090301686,-9.,0.));
#158540=DIRECTION('',(0.00872653549837393,-0.999961923064171,0.));
#158550=DIRECTION('',(-0.999961923064171,-0.00872653549837393,0.));
#158560=AXIS2_PLACEMENT_3D('',#158530,#158540,#158550);
#158570=PLANE('',#158560);
#158580=CARTESIAN_POINT('',(0.,-8.84639570314943,3.35));
#158590=DIRECTION('',(0.999961923064171,0.00872653549837393,0.));
#158600=VECTOR('',#158590,1.);
#158610=LINE('',#158580,#158600);
#158620=EDGE_CURVE('',#158110,#112760,#158610,.T.);
#158630=ORIENTED_EDGE('',*,*,#158620,.F.);
#158640=ORIENTED_EDGE('',*,*,#113010,.T.);
#158650=CARTESIAN_POINT('',(-22.25,-9.04056851149381,0.));
#158660=DIRECTION('',(0.707093318572324,0.00617070990690958,
0.707093318572325));
#158670=VECTOR('',#158660,1.);
#158680=LINE('',#158650,#158670);
#158690=EDGE_CURVE('',#158190,#112940,#158680,.T.);
#158700=ORIENTED_EDGE('',*,*,#158690,.T.);
#158710=ORIENTED_EDGE('',*,*,#158200,.T.);
#158720=EDGE_LOOP('',(#158710,#158700,#158640,#158630));
#158730=FACE_OUTER_BOUND('',#158720,.T.);
#158740=ADVANCED_FACE('',(#158730),#158570,.F.);
#158750=CARTESIAN_POINT('',(-18.4,-12.5,3.35));
#158760=DIRECTION('',(-0.,0.,1.));
#158770=DIRECTION('',(0.,-1.,0.));
#158780=AXIS2_PLACEMENT_3D('',#158750,#158760,#158770);
#158790=PLANE('',#158780);
#158800=ORIENTED_EDGE('',*,*,#158620,.T.);
#158810=ORIENTED_EDGE('',*,*,#158120,.F.);
#158820=ORIENTED_EDGE('',*,*,#158480,.T.);
#158830=ORIENTED_EDGE('',*,*,#112790,.T.);
#158840=EDGE_LOOP('',(#158830,#158820,#158810,#158800));
#158850=FACE_OUTER_BOUND('',#158840,.T.);
#158860=ADVANCED_FACE('',(#158850),#158790,.F.);
#158870=CARTESIAN_POINT('',(-18.05,-11.,4.2));
#158880=DIRECTION('',(-0.707106781186548,0.,0.707106781186547));
#158890=DIRECTION('',(-0.707106781186547,0.,-0.707106781186548));
#158900=AXIS2_PLACEMENT_3D('',#158870,#158880,#158890);
#158910=PLANE('',#158900);
#158920=ORIENTED_EDGE('',*,*,#158410,.F.);
#158930=ORIENTED_EDGE('',*,*,#158260,.T.);
#158940=ORIENTED_EDGE('',*,*,#158690,.F.);
#158950=ORIENTED_EDGE('',*,*,#112950,.F.);
#158960=EDGE_LOOP('',(#158950,#158940,#158930,#158920));
#158970=FACE_OUTER_BOUND('',#158960,.T.);
#158980=ADVANCED_FACE('',(#158970),#158910,.T.);
#158990=CARTESIAN_POINT('',(-18.35,9.00653372710985,0.));
#159000=DIRECTION('',(0.,0.,1.));
#159010=VECTOR('',#159000,1.);
#159020=LINE('',#158990,#159010);
#159030=CARTESIAN_POINT('',(-18.35,9.00653372710985,3.35));
#159040=VERTEX_POINT('',#159030);
#159050=CARTESIAN_POINT('',(-18.35,9.00653372710985,3.9));
#159060=VERTEX_POINT('',#159050);
#159070=EDGE_CURVE('',#159040,#159060,#159020,.T.);
#159080=ORIENTED_EDGE('',*,*,#159070,.T.);
#159090=CARTESIAN_POINT('',(-18.35,0.,3.35));
#159100=DIRECTION('',(0.,-1.,0.));
#159110=VECTOR('',#159100,1.);
#159120=LINE('',#159090,#159110);
#159130=CARTESIAN_POINT('',(-18.35,11.9934662728901,3.35));
#159140=VERTEX_POINT('',#159130);
#159150=EDGE_CURVE('',#159140,#159040,#159120,.T.);
#159160=ORIENTED_EDGE('',*,*,#159150,.T.);
#159170=CARTESIAN_POINT('',(-18.35,11.9934662728901,0.));
#159180=DIRECTION('',(0.,0.,-1.));
#159190=VECTOR('',#159180,1.);
#159200=LINE('',#159170,#159190);
#159210=CARTESIAN_POINT('',(-18.35,11.9934662728901,3.9));
#159220=VERTEX_POINT('',#159210);
#159230=EDGE_CURVE('',#159220,#159140,#159200,.T.);
#159240=ORIENTED_EDGE('',*,*,#159230,.T.);
#159250=CARTESIAN_POINT('',(-18.35,0.,3.9));
#159260=DIRECTION('',(0.,-1.,0.));
#159270=VECTOR('',#159260,1.);
#159280=LINE('',#159250,#159270);
#159290=EDGE_CURVE('',#159220,#159060,#159280,.T.);
#159300=ORIENTED_EDGE('',*,*,#159290,.F.);
#159310=EDGE_LOOP('',(#159300,#159240,#159160,#159080));
#159320=FACE_OUTER_BOUND('',#159310,.T.);
#159330=ADVANCED_FACE('',(#159320),#157950,.T.);
#159340=CARTESIAN_POINT('',(-18.4,9.5,3.35));
#159350=DIRECTION('',(-0.,0.,1.));
#159360=DIRECTION('',(0.,-1.,0.));
#159370=AXIS2_PLACEMENT_3D('',#159340,#159350,#159360);
#159380=PLANE('',#159370);
#159390=CARTESIAN_POINT('',(0.,12.1536042968506,3.35));
#159400=DIRECTION('',(0.999961923064171,0.00872653549837393,0.));
#159410=VECTOR('',#159400,1.);
#159420=LINE('',#159390,#159410);
#159430=EDGE_CURVE('',#159140,#117870,#159420,.T.);
#159440=ORIENTED_EDGE('',*,*,#159430,.T.);
#159450=ORIENTED_EDGE('',*,*,#159150,.F.);
#159460=CARTESIAN_POINT('',(0.,8.84639570314943,3.35));
#159470=DIRECTION('',(-0.999961923064171,0.00872653549837393,0.));
#159480=VECTOR('',#159470,1.);
#159490=LINE('',#159460,#159480);
#159500=EDGE_CURVE('',#117950,#159040,#159490,.T.);
#159510=ORIENTED_EDGE('',*,*,#159500,.T.);
#159520=ORIENTED_EDGE('',*,*,#117960,.T.);
#159530=EDGE_LOOP('',(#159520,#159510,#159450,#159440));
#159540=FACE_OUTER_BOUND('',#159530,.T.);
#159550=ADVANCED_FACE('',(#159540),#159380,.F.);
#159560=CARTESIAN_POINT('',(-17.6013090301686,12.,0.));
#159570=DIRECTION('',(0.00872653549837393,-0.999961923064171,0.));
#159580=DIRECTION('',(-0.999961923064171,-0.00872653549837393,0.));
#159590=AXIS2_PLACEMENT_3D('',#159560,#159570,#159580);
#159600=PLANE('',#159590);
#159610=ORIENTED_EDGE('',*,*,#159430,.F.);
#159620=ORIENTED_EDGE('',*,*,#117880,.T.);
#159630=CARTESIAN_POINT('',(-22.25,11.9594314885062,0.));
#159640=DIRECTION('',(0.707093318572324,0.00617070990690958,
0.707093318572324));
#159650=VECTOR('',#159640,1.);
#159660=LINE('',#159630,#159650);
#159670=EDGE_CURVE('',#159220,#117850,#159660,.T.);
#159680=ORIENTED_EDGE('',*,*,#159670,.T.);
#159690=ORIENTED_EDGE('',*,*,#159230,.F.);
#159700=EDGE_LOOP('',(#159690,#159680,#159620,#159610));
#159710=FACE_OUTER_BOUND('',#159700,.T.);
#159720=ADVANCED_FACE('',(#159710),#159600,.F.);
#159730=CARTESIAN_POINT('',(-17.6013090301686,9.,0.));
#159740=DIRECTION('',(0.00872653549837393,0.999961923064171,0.));
#159750=DIRECTION('',(0.999961923064171,-0.00872653549837393,0.));
#159760=AXIS2_PLACEMENT_3D('',#159730,#159740,#159750);
#159770=PLANE('',#159760);
#159780=ORIENTED_EDGE('',*,*,#159070,.F.);
#159790=CARTESIAN_POINT('',(-22.25,9.04056851149381,0.));
#159800=DIRECTION('',(-0.707093318572324,0.00617070990690958,
-0.707093318572324));
#159810=VECTOR('',#159800,1.);
#159820=LINE('',#159790,#159810);
#159830=EDGE_CURVE('',#118030,#159060,#159820,.T.);
#159840=ORIENTED_EDGE('',*,*,#159830,.T.);
#159850=ORIENTED_EDGE('',*,*,#118040,.T.);
#159860=ORIENTED_EDGE('',*,*,#159500,.F.);
#159870=EDGE_LOOP('',(#159860,#159850,#159840,#159780));
#159880=FACE_OUTER_BOUND('',#159870,.T.);
#159890=ADVANCED_FACE('',(#159880),#159770,.F.);
#159900=CARTESIAN_POINT('',(-18.05,11.,4.2));
#159910=DIRECTION('',(-0.707106781186548,0.,0.707106781186547));
#159920=DIRECTION('',(-0.707106781186547,0.,-0.707106781186548));
#159930=AXIS2_PLACEMENT_3D('',#159900,#159910,#159920);
#159940=PLANE('',#159930);
#159950=ORIENTED_EDGE('',*,*,#159830,.F.);
#159960=ORIENTED_EDGE('',*,*,#159290,.T.);
#159970=ORIENTED_EDGE('',*,*,#159670,.F.);
#159980=ORIENTED_EDGE('',*,*,#118100,.F.);
#159990=EDGE_LOOP('',(#159980,#159970,#159960,#159950));
#160000=FACE_OUTER_BOUND('',#159990,.T.);
#160010=ADVANCED_FACE('',(#160000),#159940,.T.);
#160020=CARTESIAN_POINT('',(-5.70377078901174E-15,-16.5,3.725));
#160030=DIRECTION('',(0.,-1.,0.));
#160040=DIRECTION('',(1.,0.,0.));
#160050=AXIS2_PLACEMENT_3D('',#160020,#160030,#160040);
#160060=PLANE('',#160050);
#160070=ORIENTED_EDGE('',*,*,#84190,.F.);
#160080=ORIENTED_EDGE('',*,*,#117640,.F.);
#160090=ORIENTED_EDGE('',*,*,#128290,.F.);
#160100=ORIENTED_EDGE('',*,*,#137260,.F.);
#160110=EDGE_LOOP('',(#160100,#160090,#160080,#160070));
#160120=FACE_OUTER_BOUND('',#160110,.T.);
#160130=ADVANCED_FACE('',(#160120),#160060,.T.);
#160140=CARTESIAN_POINT('',(18.5,-13.8619998726029,2.61177143234622));
#160150=DIRECTION('',(0.,0.965925826289069,0.25881904510252));
#160160=DIRECTION('',(0.,0.25881904510252,-0.965925826289069));
#160170=AXIS2_PLACEMENT_3D('',#160140,#160150,#160160);
#160180=PLANE('',#160170);
#160190=CARTESIAN_POINT('',(0.,-13.8352049533598,2.51177143234622));
#160200=DIRECTION('',(1.,0.,0.));
#160210=VECTOR('',#160200,1.);
#160220=LINE('',#160190,#160210);
#160230=EDGE_CURVE('',#118630,#123790,#160220,.T.);
#160240=ORIENTED_EDGE('',*,*,#160230,.F.);
#160250=ORIENTED_EDGE('',*,*,#123800,.T.);
#160260=ORIENTED_EDGE('',*,*,#155600,.F.);
#160270=ORIENTED_EDGE('',*,*,#118720,.F.);
#160280=EDGE_LOOP('',(#160270,#160260,#160250,#160240));
#160290=FACE_OUTER_BOUND('',#160280,.T.);
#160300=ADVANCED_FACE('',(#160290),#160180,.T.);
#160310=CARTESIAN_POINT('',(18.5,-9.68997048196844,1.4));
#160320=DIRECTION('',(0.,1.28197512425571E-16,1.));
#160330=DIRECTION('',(0.,1.,-1.28197512425571E-16));
#160340=AXIS2_PLACEMENT_3D('',#160310,#160320,#160330);
#160350=PLANE('',#160340);
#160360=ORIENTED_EDGE('',*,*,#118550,.F.);
#160370=CARTESIAN_POINT('',(0.,-8.6136837860738,1.4));
#160380=DIRECTION('',(1.,0.,0.));
#160390=VECTOR('',#160380,1.);
#160400=LINE('',#160370,#160390);
#160410=EDGE_CURVE('',#118460,#123960,#160400,.T.);
#160420=ORIENTED_EDGE('',*,*,#160410,.F.);
#160430=ORIENTED_EDGE('',*,*,#123970,.T.);
#160440=CARTESIAN_POINT('',(0.,-12.3863162139262,1.4));
#160450=DIRECTION('',(1.,0.,0.));
#160460=VECTOR('',#160450,1.);
#160470=LINE('',#160440,#160460);
#160480=EDGE_CURVE('',#118540,#123880,#160470,.T.);
#160490=ORIENTED_EDGE('',*,*,#160480,.T.);
#160500=EDGE_LOOP('',(#160490,#160430,#160420,#160360));
#160510=FACE_OUTER_BOUND('',#160500,.T.);
#160520=ADVANCED_FACE('',(#160510),#160350,.T.);
#160530=CARTESIAN_POINT('',(0.,-8.6136837860738,2.9));
#160540=DIRECTION('',(-1.,0.,0.));
#160550=DIRECTION('',(0.,1.,0.));
#160560=AXIS2_PLACEMENT_3D('',#160530,#160540,#160550);
#160570=CYLINDRICAL_SURFACE('',#160560,1.5);
#160580=ORIENTED_EDGE('',*,*,#118470,.T.);
#160590=CARTESIAN_POINT('',(0.,-7.1647950466402,2.51177143234622));
#160600=DIRECTION('',(1.,0.,0.));
#160610=VECTOR('',#160600,1.);
#160620=LINE('',#160590,#160610);
#160630=EDGE_CURVE('',#118370,#124050,#160620,.T.);
#160640=ORIENTED_EDGE('',*,*,#160630,.F.);
#160650=ORIENTED_EDGE('',*,*,#124060,.T.);
#160660=ORIENTED_EDGE('',*,*,#160410,.T.);
#160670=EDGE_LOOP('',(#160660,#160650,#160640,#160580));
#160680=FACE_OUTER_BOUND('',#160670,.T.);
#160690=ADVANCED_FACE('',(#160680),#160570,.F.);
#160700=CARTESIAN_POINT('',(0.,-12.3863162139262,2.9));
#160710=DIRECTION('',(-1.,0.,0.));
#160720=DIRECTION('',(0.,1.,0.));
#160730=AXIS2_PLACEMENT_3D('',#160700,#160710,#160720);
#160740=CYLINDRICAL_SURFACE('',#160730,1.5);
#160750=ORIENTED_EDGE('',*,*,#123890,.T.);
#160760=ORIENTED_EDGE('',*,*,#160230,.T.);
#160770=ORIENTED_EDGE('',*,*,#118640,.T.);
#160780=ORIENTED_EDGE('',*,*,#160480,.F.);
#160790=EDGE_LOOP('',(#160780,#160770,#160760,#160750));
#160800=FACE_OUTER_BOUND('',#160790,.T.);
#160810=ADVANCED_FACE('',(#160800),#160740,.F.);
#160820=CARTESIAN_POINT('',(0.,-6.51633650601052,3.));
#160830=DIRECTION('',(1.,0.,0.));
#160840=DIRECTION('',(0.,-1.,0.));
#160850=AXIS2_PLACEMENT_3D('',#160820,#160830,#160840);
#160860=CYLINDRICAL_SURFACE('',#160850,0.5);
#160870=ORIENTED_EDGE('',*,*,#71670,.F.);
#160880=ORIENTED_EDGE('',*,*,#124210,.F.);
#160890=CARTESIAN_POINT('',(0.,-6.99929941915506,3.12940952255126));
#160900=DIRECTION('',(-1.,0.,0.));
#160910=VECTOR('',#160900,1.);
#160920=LINE('',#160890,#160910);
#160930=EDGE_CURVE('',#124130,#118290,#160920,.T.);
#160940=ORIENTED_EDGE('',*,*,#160930,.F.);
#160950=ORIENTED_EDGE('',*,*,#118300,.F.);
#160960=EDGE_LOOP('',(#160950,#160940,#160880,#160870));
#160970=FACE_OUTER_BOUND('',#160960,.T.);
#160980=ADVANCED_FACE('',(#160970),#160860,.T.);
#160990=CARTESIAN_POINT('',(18.5,-7.26234666314353,2.1477038431953));
#161000=DIRECTION('',(0.,0.965925826289068,-0.258819045102521));
#161010=DIRECTION('',(0.,-0.258819045102521,-0.965925826289068));
#161020=AXIS2_PLACEMENT_3D('',#160990,#161000,#161010);
#161030=PLANE('',#161020);
#161040=ORIENTED_EDGE('',*,*,#118380,.T.);
#161050=ORIENTED_EDGE('',*,*,#160930,.T.);
#161060=ORIENTED_EDGE('',*,*,#124140,.F.);
#161070=ORIENTED_EDGE('',*,*,#160630,.T.);
#161080=EDGE_LOOP('',(#161070,#161060,#161050,#161040));
#161090=FACE_OUTER_BOUND('',#161080,.T.);
#161100=ADVANCED_FACE('',(#161090),#161030,.F.);
#161110=CARTESIAN_POINT('',(-18.5,-7.13800012739708,2.61177143234622));
#161120=DIRECTION('',(0.,-0.965925826289068,0.258819045102521));
#161130=DIRECTION('',(0.,-0.258819045102521,-0.965925826289068));
#161140=AXIS2_PLACEMENT_3D('',#161110,#161120,#161130);
#161150=PLANE('',#161140);
#161160=ORIENTED_EDGE('',*,*,#145020,.F.);
#161170=ORIENTED_EDGE('',*,*,#122030,.T.);
#161180=ORIENTED_EDGE('',*,*,#114280,.F.);
#161190=ORIENTED_EDGE('',*,*,#146270,.F.);
#161200=EDGE_LOOP('',(#161190,#161180,#161170,#161160));
#161210=FACE_OUTER_BOUND('',#161200,.T.);
#161220=ADVANCED_FACE('',(#161210),#161150,.T.);
#161230=CARTESIAN_POINT('',(13.5999996476973,0.,6.4));
#161240=DIRECTION('',(0.999847695156391,0.,0.0174524064372835));
#161250=DIRECTION('',(0.,-1.,0.));
#161260=AXIS2_PLACEMENT_3D('',#161230,#161240,#161250);
#161270=PLANE('',#161260);
#161280=ORIENTED_EDGE('',*,*,#120760,.F.);
#161290=ORIENTED_EDGE('',*,*,#120590,.T.);
#161300=ORIENTED_EDGE('',*,*,#40710,.T.);
#161310=ORIENTED_EDGE('',*,*,#113190,.F.);
#161320=EDGE_LOOP('',(#161310,#161300,#161290,#161280));
#161330=FACE_OUTER_BOUND('',#161320,.T.);
#161340=ADVANCED_FACE('',(#161330),#161270,.T.);
#161350=CARTESIAN_POINT('',(1.58828723215676,-15.4,0.));
#161360=DIRECTION('',(-0.0174524064372835,0.,-0.999847695156391));
#161370=VECTOR('',#161360,1.);
#161380=LINE('',#161350,#161370);
#161390=CARTESIAN_POINT('',(1.69999964769736,-15.4,6.4));
#161400=VERTEX_POINT('',#161390);
#161410=EDGE_CURVE('',#57860,#161400,#161380,.T.);
#161420=ORIENTED_EDGE('',*,*,#161410,.F.);
#161430=CARTESIAN_POINT('',(0.899999647697355,-15.4,6.4));
#161440=VERTEX_POINT('',#161430);
#161450=EDGE_CURVE('',#161400,#161440,#16790,.T.);
#161460=ORIENTED_EDGE('',*,*,#161450,.F.);
#161470=CARTESIAN_POINT('',(1.01171206323795,-15.4,0.));
#161480=DIRECTION('',(-0.0174524064372835,0.,0.999847695156391));
#161490=VECTOR('',#161480,1.);
#161500=LINE('',#161470,#161490);
#161510=EDGE_CURVE('',#161440,#57880,#161500,.T.);
#161520=ORIENTED_EDGE('',*,*,#161510,.F.);
#161530=ORIENTED_EDGE('',*,*,#57890,.T.);
#161540=EDGE_LOOP('',(#161530,#161520,#161460,#161420));
#161550=FACE_OUTER_BOUND('',#161540,.T.);
#161560=CARTESIAN_POINT('',(0.,-15.4,6.5));
#161570=DIRECTION('',(-1.,0.,0.));
#161580=VECTOR('',#161570,1.);
#161590=LINE('',#161560,#161580);
#161600=CARTESIAN_POINT('',(1.59999964769735,-15.4,6.5));
#161610=VERTEX_POINT('',#161600);
#161620=CARTESIAN_POINT('',(0.999999647697345,-15.4,6.5));
#161630=VERTEX_POINT('',#161620);
#161640=EDGE_CURVE('',#161610,#161630,#161590,.T.);
#161650=ORIENTED_EDGE('',*,*,#161640,.T.);
#161660=CARTESIAN_POINT('',(1.59999964769735,-15.4,0.));
#161670=DIRECTION('',(0.,0.,-1.));
#161680=VECTOR('',#161670,1.);
#161690=LINE('',#161660,#161680);
#161700=CARTESIAN_POINT('',(1.59999964769735,-15.4,7.1));
#161710=VERTEX_POINT('',#161700);
#161720=EDGE_CURVE('',#161710,#161610,#161690,.T.);
#161730=ORIENTED_EDGE('',*,*,#161720,.T.);
#161740=CARTESIAN_POINT('',(0.,-15.4,7.1));
#161750=DIRECTION('',(1.,0.,0.));
#161760=VECTOR('',#161750,1.);
#161770=LINE('',#161740,#161760);
#161780=CARTESIAN_POINT('',(0.999999647697345,-15.4,7.1));
#161790=VERTEX_POINT('',#161780);
#161800=EDGE_CURVE('',#161790,#161710,#161770,.T.);
#161810=ORIENTED_EDGE('',*,*,#161800,.T.);
#161820=CARTESIAN_POINT('',(0.999999647697345,-15.4,0.));
#161830=DIRECTION('',(0.,0.,-1.));
#161840=VECTOR('',#161830,1.);
#161850=LINE('',#161820,#161840);
#161860=EDGE_CURVE('',#161790,#161630,#161850,.T.);
#161870=ORIENTED_EDGE('',*,*,#161860,.F.);
#161880=EDGE_LOOP('',(#161870,#161810,#161730,#161650));
#161890=FACE_BOUND('',#161880,.T.);
#161900=ADVANCED_FACE('',(#161550,#161890),#16650,.T.);
#161910=CARTESIAN_POINT('',(1.69999964769736,0.,6.4));
#161920=DIRECTION('',(-0.999847695156391,0.,0.0174524064372835));
#161930=DIRECTION('',(0.,1.,0.));
#161940=AXIS2_PLACEMENT_3D('',#161910,#161920,#161930);
#161950=PLANE('',#161940);
#161960=ORIENTED_EDGE('',*,*,#120500,.T.);
#161970=CARTESIAN_POINT('',(1.69999964769736,0.,6.4));
#161980=DIRECTION('',(0.,1.,0.));
#161990=VECTOR('',#161980,1.);
#162000=LINE('',#161970,#161990);
#162010=EDGE_CURVE('',#120430,#161400,#162000,.T.);
#162020=ORIENTED_EDGE('',*,*,#162010,.F.);
#162030=ORIENTED_EDGE('',*,*,#161410,.T.);
#162040=ORIENTED_EDGE('',*,*,#58020,.T.);
#162050=EDGE_LOOP('',(#162040,#162030,#162020,#161960));
#162060=FACE_OUTER_BOUND('',#162050,.T.);
#162070=ADVANCED_FACE('',(#162060),#161950,.T.);
#162080=CARTESIAN_POINT('',(0.899999647697355,0.,6.4));
#162090=DIRECTION('',(0.999847695156391,0.,0.0174524064372835));
#162100=DIRECTION('',(0.,-1.,0.));
#162110=AXIS2_PLACEMENT_3D('',#162080,#162090,#162100);
#162120=PLANE('',#162110);
#162130=ORIENTED_EDGE('',*,*,#161510,.T.);
#162140=CARTESIAN_POINT('',(0.899999647697355,0.,6.4));
#162150=DIRECTION('',(0.,-1.,0.));
#162160=VECTOR('',#162150,1.);
#162170=LINE('',#162140,#162160);
#162180=EDGE_CURVE('',#161440,#120390,#162170,.T.);
#162190=ORIENTED_EDGE('',*,*,#162180,.F.);
#162200=ORIENTED_EDGE('',*,*,#120400,.T.);
#162210=ORIENTED_EDGE('',*,*,#57950,.T.);
#162220=EDGE_LOOP('',(#162210,#162200,#162190,#162130));
#162230=FACE_OUTER_BOUND('',#162220,.T.);
#162240=ADVANCED_FACE('',(#162230),#162120,.T.);
#162250=ORIENTED_EDGE('',*,*,#162180,.T.);
#162260=ORIENTED_EDGE('',*,*,#161450,.T.);
#162270=ORIENTED_EDGE('',*,*,#162010,.T.);
#162280=ORIENTED_EDGE('',*,*,#120440,.T.);
#162290=EDGE_LOOP('',(#162280,#162270,#162260,#162250));
#162300=FACE_OUTER_BOUND('',#162290,.T.);
#162310=ADVANCED_FACE('',(#162300),#116190,.T.);
#162320=CARTESIAN_POINT('',(13.6999996476973,-12.7,6.8));
#162330=DIRECTION('',(-1.,0.,0.));
#162340=DIRECTION('',(0.,-1.,0.));
#162350=AXIS2_PLACEMENT_3D('',#162320,#162330,#162340);
#162360=PLANE('',#162350);
#162370=CARTESIAN_POINT('',(13.6999996476973,-9.2,7.1));
#162380=DIRECTION('',(0.,-1.,0.));
#162390=VECTOR('',#162380,1.);
#162400=LINE('',#162370,#162390);
#162410=CARTESIAN_POINT('',(13.6999996476973,-21.,7.1));
#162420=VERTEX_POINT('',#162410);
#162430=EDGE_CURVE('',#113380,#162420,#162400,.T.);
#162440=ORIENTED_EDGE('',*,*,#162430,.F.);
#162450=CARTESIAN_POINT('',(13.6999996476973,-21.,5.45));
#162460=DIRECTION('',(0.,0.,1.));
#162470=VECTOR('',#162460,1.);
#162480=LINE('',#162450,#162470);
#162490=CARTESIAN_POINT('',(13.6999996476973,-21.,6.5));
#162500=VERTEX_POINT('',#162490);
#162510=EDGE_CURVE('',#162500,#162420,#162480,.T.);
#162520=ORIENTED_EDGE('',*,*,#162510,.T.);
#162530=CARTESIAN_POINT('',(13.6999996476973,-9.2,6.5));
#162540=DIRECTION('',(0.,-1.,0.));
#162550=VECTOR('',#162540,1.);
#162560=LINE('',#162530,#162550);
#162570=EDGE_CURVE('',#113460,#162500,#162560,.T.);
#162580=ORIENTED_EDGE('',*,*,#162570,.T.);
#162590=ORIENTED_EDGE('',*,*,#113470,.F.);
#162600=EDGE_LOOP('',(#162590,#162580,#162520,#162440));
#162610=FACE_OUTER_BOUND('',#162600,.T.);
#162620=ADVANCED_FACE('',(#162610),#162360,.T.);
#162630=COLOUR_RGB('',0.996078491210938,1.,0.976470649242401);
#162640=FILL_AREA_STYLE_COLOUR('',#162630);
#162650=FILL_AREA_STYLE('',(#162640));
#162660=SURFACE_STYLE_FILL_AREA(#162650);
#162670=SURFACE_SIDE_STYLE('',(#162660));
#162680=SURFACE_STYLE_USAGE(.BOTH.,#162670);
#162690=PRESENTATION_STYLE_ASSIGNMENT((#162680));
#162700=CARTESIAN_POINT('',(1.49499649769728,-21.,7.50249685000004));
#162710=DIRECTION('',(0.,-1.,0.));
#162720=DIRECTION('',(0.,0.,-1.));
#162730=AXIS2_PLACEMENT_3D('',#162700,#162710,#162720);
#162740=PLANE('',#162730);
#162750=CARTESIAN_POINT('',(20.6441424260734,-21.,6.5));
#162760=DIRECTION('',(1.,0.,0.));
#162770=VECTOR('',#162760,1.);
#162780=LINE('',#162750,#162770);
#162790=CARTESIAN_POINT('',(14.2999996476973,-21.,6.5));
#162800=VERTEX_POINT('',#162790);
#162810=EDGE_CURVE('',#162500,#162800,#162780,.T.);
#162820=ORIENTED_EDGE('',*,*,#162810,.T.);
#162830=ORIENTED_EDGE('',*,*,#162510,.F.);
#162840=CARTESIAN_POINT('',(20.6441424260734,-21.,7.1));
#162850=DIRECTION('',(-1.,0.,0.));
#162860=VECTOR('',#162850,1.);
#162870=LINE('',#162840,#162860);
#162880=CARTESIAN_POINT('',(14.2999996476973,-21.,7.1));
#162890=VERTEX_POINT('',#162880);
#162900=EDGE_CURVE('',#162890,#162420,#162870,.T.);
#162910=ORIENTED_EDGE('',*,*,#162900,.T.);
#162920=CARTESIAN_POINT('',(14.2999996476973,-21.,5.45));
#162930=DIRECTION('',(0.,0.,1.));
#162940=VECTOR('',#162930,1.);
#162950=LINE('',#162920,#162940);
#162960=EDGE_CURVE('',#162800,#162890,#162950,.T.);
#162970=ORIENTED_EDGE('',*,*,#162960,.T.);
#162980=EDGE_LOOP('',(#162970,#162910,#162830,#162820));
#162990=FACE_OUTER_BOUND('',#162980,.T.);
#163000=ADVANCED_FACE('',(#162990),#162740,.T.);
#163010=COLOUR_RGB('',0.996078491210938,1.,0.976470649242401);
#163020=FILL_AREA_STYLE_COLOUR('',#163010);
#163030=FILL_AREA_STYLE('',(#163020));
#163040=SURFACE_STYLE_FILL_AREA(#163030);
#163050=SURFACE_SIDE_STYLE('',(#163040));
#163060=SURFACE_STYLE_USAGE(.BOTH.,#163050);
#163070=PRESENTATION_STYLE_ASSIGNMENT((#163060));
#163080=CARTESIAN_POINT('',(14.2999996476973,-12.7,6.8));
#163090=DIRECTION('',(-1.,0.,0.));
#163100=DIRECTION('',(0.,-1.,0.));
#163110=AXIS2_PLACEMENT_3D('',#163080,#163090,#163100);
#163120=PLANE('',#163110);
#163130=CARTESIAN_POINT('',(14.2999996476973,-9.2,6.5));
#163140=DIRECTION('',(0.,1.,0.));
#163150=VECTOR('',#163140,1.);
#163160=LINE('',#163130,#163150);
#163170=EDGE_CURVE('',#162800,#113540,#163160,.T.);
#163180=ORIENTED_EDGE('',*,*,#163170,.T.);
#163190=ORIENTED_EDGE('',*,*,#162960,.F.);
#163200=CARTESIAN_POINT('',(14.2999996476973,-9.2,7.1));
#163210=DIRECTION('',(0.,-1.,0.));
#163220=VECTOR('',#163210,1.);
#163230=LINE('',#163200,#163220);
#163240=EDGE_CURVE('',#113360,#162890,#163230,.T.);
#163250=ORIENTED_EDGE('',*,*,#163240,.T.);
#163260=ORIENTED_EDGE('',*,*,#113610,.T.);
#163270=EDGE_LOOP('',(#163260,#163250,#163190,#163180));
#163280=FACE_OUTER_BOUND('',#163270,.T.);
#163290=ADVANCED_FACE('',(#163280),#163120,.F.);
#163300=COLOUR_RGB('',0.996078491210938,1.,0.976470649242401);
#163310=FILL_AREA_STYLE_COLOUR('',#163300);
#163320=FILL_AREA_STYLE('',(#163310));
#163330=SURFACE_STYLE_FILL_AREA(#163320);
#163340=SURFACE_SIDE_STYLE('',(#163330));
#163350=SURFACE_STYLE_USAGE(.BOTH.,#163340);
#163360=PRESENTATION_STYLE_ASSIGNMENT((#163350));
#163370=CARTESIAN_POINT('',(13.6499996476973,-9.2,6.5));
#163380=DIRECTION('',(0.,0.,1.));
#163390=DIRECTION('',(-1.,0.,0.));
#163400=AXIS2_PLACEMENT_3D('',#163370,#163380,#163390);
#163410=PLANE('',#163400);
#163420=ORIENTED_EDGE('',*,*,#162810,.F.);
#163430=ORIENTED_EDGE('',*,*,#163170,.F.);
#163440=ORIENTED_EDGE('',*,*,#113550,.T.);
#163450=ORIENTED_EDGE('',*,*,#162570,.F.);
#163460=EDGE_LOOP('',(#163450,#163440,#163430,#163420));
#163470=FACE_OUTER_BOUND('',#163460,.T.);
#163480=ADVANCED_FACE('',(#163470),#163410,.F.);
#163490=COLOUR_RGB('',0.996078491210938,1.,0.976470649242401);
#163500=FILL_AREA_STYLE_COLOUR('',#163490);
#163510=FILL_AREA_STYLE('',(#163500));
#163520=SURFACE_STYLE_FILL_AREA(#163510);
#163530=SURFACE_SIDE_STYLE('',(#163520));
#163540=SURFACE_STYLE_USAGE(.BOTH.,#163530);
#163550=PRESENTATION_STYLE_ASSIGNMENT((#163540));
#163560=CARTESIAN_POINT('',(14.3499996476973,-9.2,7.1));
#163570=DIRECTION('',(0.,0.,-1.));
#163580=DIRECTION('',(1.,0.,0.));
#163590=AXIS2_PLACEMENT_3D('',#163560,#163570,#163580);
#163600=PLANE('',#163590);
#163610=ORIENTED_EDGE('',*,*,#113390,.T.);
#163620=ORIENTED_EDGE('',*,*,#163240,.F.);
#163630=ORIENTED_EDGE('',*,*,#162900,.F.);
#163640=ORIENTED_EDGE('',*,*,#162430,.T.);
#163650=EDGE_LOOP('',(#163640,#163630,#163620,#163610));
#163660=FACE_OUTER_BOUND('',#163650,.T.);
#163670=ADVANCED_FACE('',(#163660),#163600,.F.);
#163680=COLOUR_RGB('',0.996078491210938,1.,0.976470649242401);
#163690=FILL_AREA_STYLE_COLOUR('',#163680);
#163700=FILL_AREA_STYLE('',(#163690));
#163710=SURFACE_STYLE_FILL_AREA(#163700);
#163720=SURFACE_SIDE_STYLE('',(#163710));
#163730=SURFACE_STYLE_USAGE(.BOTH.,#163720);
#163740=PRESENTATION_STYLE_ASSIGNMENT((#163730));
#163750=CARTESIAN_POINT('',(0.999999647697345,-12.7,6.8));
#163760=DIRECTION('',(-1.,0.,0.));
#163770=DIRECTION('',(0.,-1.,0.));
#163780=AXIS2_PLACEMENT_3D('',#163750,#163760,#163770);
#163790=PLANE('',#163780);
#163800=CARTESIAN_POINT('',(0.999999647697345,-9.2,7.1));
#163810=DIRECTION('',(0.,-1.,0.));
#163820=VECTOR('',#163810,1.);
#163830=LINE('',#163800,#163820);
#163840=CARTESIAN_POINT('',(0.999999647697345,-21.,7.1));
#163850=VERTEX_POINT('',#163840);
#163860=EDGE_CURVE('',#161790,#163850,#163830,.T.);
#163870=ORIENTED_EDGE('',*,*,#163860,.F.);
#163880=CARTESIAN_POINT('',(0.999999647697345,-21.,5.45));
#163890=DIRECTION('',(0.,0.,1.));
#163900=VECTOR('',#163890,1.);
#163910=LINE('',#163880,#163900);
#163920=CARTESIAN_POINT('',(0.999999647697345,-21.,6.5));
#163930=VERTEX_POINT('',#163920);
#163940=EDGE_CURVE('',#163930,#163850,#163910,.T.);
#163950=ORIENTED_EDGE('',*,*,#163940,.T.);
#163960=CARTESIAN_POINT('',(0.999999647697345,-9.2,6.5));
#163970=DIRECTION('',(0.,-1.,0.));
#163980=VECTOR('',#163970,1.);
#163990=LINE('',#163960,#163980);
#164000=EDGE_CURVE('',#161630,#163930,#163990,.T.);
#164010=ORIENTED_EDGE('',*,*,#164000,.T.);
#164020=ORIENTED_EDGE('',*,*,#161860,.T.);
#164030=EDGE_LOOP('',(#164020,#164010,#163950,#163870));
#164040=FACE_OUTER_BOUND('',#164030,.T.);
#164050=ADVANCED_FACE('',(#164040),#163790,.T.);
#164060=COLOUR_RGB('',0.996078491210938,1.,0.976470649242401);
#164070=FILL_AREA_STYLE_COLOUR('',#164060);
#164080=FILL_AREA_STYLE('',(#164070));
#164090=SURFACE_STYLE_FILL_AREA(#164080);
#164100=SURFACE_SIDE_STYLE('',(#164090));
#164110=SURFACE_STYLE_USAGE(.BOTH.,#164100);
#164120=PRESENTATION_STYLE_ASSIGNMENT((#164110));
#164130=CARTESIAN_POINT('',(-11.2050035023027,-21.,7.50249685000004));
#164140=DIRECTION('',(0.,-1.,0.));
#164150=DIRECTION('',(0.,0.,-1.));
#164160=AXIS2_PLACEMENT_3D('',#164130,#164140,#164150);
#164170=PLANE('',#164160);
#164180=CARTESIAN_POINT('',(7.94414242607337,-21.,6.5));
#164190=DIRECTION('',(1.,0.,0.));
#164200=VECTOR('',#164190,1.);
#164210=LINE('',#164180,#164200);
#164220=CARTESIAN_POINT('',(1.59999964769735,-21.,6.5));
#164230=VERTEX_POINT('',#164220);
#164240=EDGE_CURVE('',#163930,#164230,#164210,.T.);
#164250=ORIENTED_EDGE('',*,*,#164240,.T.);
#164260=ORIENTED_EDGE('',*,*,#163940,.F.);
#164270=CARTESIAN_POINT('',(7.94414242607337,-21.,7.1));
#164280=DIRECTION('',(-1.,0.,0.));
#164290=VECTOR('',#164280,1.);
#164300=LINE('',#164270,#164290);
#164310=CARTESIAN_POINT('',(1.59999964769735,-21.,7.1));
#164320=VERTEX_POINT('',#164310);
#164330=EDGE_CURVE('',#164320,#163850,#164300,.T.);
#164340=ORIENTED_EDGE('',*,*,#164330,.T.);
#164350=CARTESIAN_POINT('',(1.59999964769735,-21.,5.45));
#164360=DIRECTION('',(0.,0.,1.));
#164370=VECTOR('',#164360,1.);
#164380=LINE('',#164350,#164370);
#164390=EDGE_CURVE('',#164230,#164320,#164380,.T.);
#164400=ORIENTED_EDGE('',*,*,#164390,.T.);
#164410=EDGE_LOOP('',(#164400,#164340,#164260,#164250));
#164420=FACE_OUTER_BOUND('',#164410,.T.);
#164430=ADVANCED_FACE('',(#164420),#164170,.T.);
#164440=COLOUR_RGB('',0.996078491210938,1.,0.976470649242401);
#164450=FILL_AREA_STYLE_COLOUR('',#164440);
#164460=FILL_AREA_STYLE('',(#164450));
#164470=SURFACE_STYLE_FILL_AREA(#164460);
#164480=SURFACE_SIDE_STYLE('',(#164470));
#164490=SURFACE_STYLE_USAGE(.BOTH.,#164480);
#164500=PRESENTATION_STYLE_ASSIGNMENT((#164490));
#164510=CARTESIAN_POINT('',(1.64999964769735,-9.2,7.1));
#164520=DIRECTION('',(0.,0.,-1.));
#164530=DIRECTION('',(1.,0.,0.));
#164540=AXIS2_PLACEMENT_3D('',#164510,#164520,#164530);
#164550=PLANE('',#164540);
#164560=ORIENTED_EDGE('',*,*,#161800,.F.);
#164570=CARTESIAN_POINT('',(1.59999964769735,-9.2,7.1));
#164580=DIRECTION('',(0.,-1.,0.));
#164590=VECTOR('',#164580,1.);
#164600=LINE('',#164570,#164590);
#164610=EDGE_CURVE('',#161710,#164320,#164600,.T.);
#164620=ORIENTED_EDGE('',*,*,#164610,.F.);
#164630=ORIENTED_EDGE('',*,*,#164330,.F.);
#164640=ORIENTED_EDGE('',*,*,#163860,.T.);
#164650=EDGE_LOOP('',(#164640,#164630,#164620,#164560));
#164660=FACE_OUTER_BOUND('',#164650,.T.);
#164670=ADVANCED_FACE('',(#164660),#164550,.F.);
#164680=COLOUR_RGB('',0.996078491210938,1.,0.976470649242401);
#164690=FILL_AREA_STYLE_COLOUR('',#164680);
#164700=FILL_AREA_STYLE('',(#164690));
#164710=SURFACE_STYLE_FILL_AREA(#164700);
#164720=SURFACE_SIDE_STYLE('',(#164710));
#164730=SURFACE_STYLE_USAGE(.BOTH.,#164720);
#164740=PRESENTATION_STYLE_ASSIGNMENT((#164730));
#164750=CARTESIAN_POINT('',(1.59999964769735,-12.7,6.8));
#164760=DIRECTION('',(-1.,0.,0.));
#164770=DIRECTION('',(0.,-1.,0.));
#164780=AXIS2_PLACEMENT_3D('',#164750,#164760,#164770);
#164790=PLANE('',#164780);
#164800=CARTESIAN_POINT('',(1.59999964769735,-9.2,6.5));
#164810=DIRECTION('',(0.,1.,0.));
#164820=VECTOR('',#164810,1.);
#164830=LINE('',#164800,#164820);
#164840=EDGE_CURVE('',#164230,#161610,#164830,.T.);
#164850=ORIENTED_EDGE('',*,*,#164840,.T.);
#164860=ORIENTED_EDGE('',*,*,#164390,.F.);
#164870=ORIENTED_EDGE('',*,*,#164610,.T.);
#164880=ORIENTED_EDGE('',*,*,#161720,.F.);
#164890=EDGE_LOOP('',(#164880,#164870,#164860,#164850));
#164900=FACE_OUTER_BOUND('',#164890,.T.);
#164910=ADVANCED_FACE('',(#164900),#164790,.F.);
#164920=COLOUR_RGB('',0.996078491210938,1.,0.976470649242401);
#164930=FILL_AREA_STYLE_COLOUR('',#164920);
#164940=FILL_AREA_STYLE('',(#164930));
#164950=SURFACE_STYLE_FILL_AREA(#164940);
#164960=SURFACE_SIDE_STYLE('',(#164950));
#164970=SURFACE_STYLE_USAGE(.BOTH.,#164960);
#164980=PRESENTATION_STYLE_ASSIGNMENT((#164970));
#164990=CARTESIAN_POINT('',(0.949999647697349,-9.2,6.5));
#165000=DIRECTION('',(0.,0.,1.));
#165010=DIRECTION('',(-1.,0.,0.));
#165020=AXIS2_PLACEMENT_3D('',#164990,#165000,#165010);
#165030=PLANE('',#165020);
#165040=ORIENTED_EDGE('',*,*,#164240,.F.);
#165050=ORIENTED_EDGE('',*,*,#164840,.F.);
#165060=ORIENTED_EDGE('',*,*,#161640,.F.);
#165070=ORIENTED_EDGE('',*,*,#164000,.F.);
#165080=EDGE_LOOP('',(#165070,#165060,#165050,#165040));
#165090=FACE_OUTER_BOUND('',#165080,.T.);
#165100=ADVANCED_FACE('',(#165090),#165030,.F.);
#165110=COLOUR_RGB('',0.996078491210938,1.,0.976470649242401);
#165120=FILL_AREA_STYLE_COLOUR('',#165110);
#165130=FILL_AREA_STYLE('',(#165120));
#165140=SURFACE_STYLE_FILL_AREA(#165130);
#165150=SURFACE_SIDE_STYLE('',(#165140));
#165160=SURFACE_STYLE_USAGE(.BOTH.,#165150);
#165170=PRESENTATION_STYLE_ASSIGNMENT((#165160));
#165180=CARTESIAN_POINT('',(-11.7000003523027,-12.7,6.8));
#165190=DIRECTION('',(-1.,0.,0.));
#165200=DIRECTION('',(0.,-1.,0.));
#165210=AXIS2_PLACEMENT_3D('',#165180,#165190,#165200);
#165220=PLANE('',#165210);
#165230=CARTESIAN_POINT('',(-11.7000003523027,-9.2,7.1));
#165240=DIRECTION('',(0.,-1.,0.));
#165250=VECTOR('',#165240,1.);
#165260=LINE('',#165230,#165250);
#165270=CARTESIAN_POINT('',(-11.7000003523027,-21.,7.1));
#165280=VERTEX_POINT('',#165270);
#165290=EDGE_CURVE('',#119530,#165280,#165260,.T.);
#165300=ORIENTED_EDGE('',*,*,#165290,.F.);
#165310=CARTESIAN_POINT('',(-11.7000003523027,-21.,5.45));
#165320=DIRECTION('',(0.,0.,1.));
#165330=VECTOR('',#165320,1.);
#165340=LINE('',#165310,#165330);
#165350=CARTESIAN_POINT('',(-11.7000003523027,-21.,6.5));
#165360=VERTEX_POINT('',#165350);
#165370=EDGE_CURVE('',#165360,#165280,#165340,.T.);
#165380=ORIENTED_EDGE('',*,*,#165370,.T.);
#165390=CARTESIAN_POINT('',(-11.7000003523027,-9.2,6.5));
#165400=DIRECTION('',(0.,-1.,0.));
#165410=VECTOR('',#165400,1.);
#165420=LINE('',#165390,#165410);
#165430=EDGE_CURVE('',#119370,#165360,#165420,.T.);
#165440=ORIENTED_EDGE('',*,*,#165430,.T.);
#165450=ORIENTED_EDGE('',*,*,#119600,.T.);
#165460=EDGE_LOOP('',(#165450,#165440,#165380,#165300));
#165470=FACE_OUTER_BOUND('',#165460,.T.);
#165480=ADVANCED_FACE('',(#165470),#165220,.T.);
#165490=COLOUR_RGB('',0.996078491210938,1.,0.976470649242401);
#165500=FILL_AREA_STYLE_COLOUR('',#165490);
#165510=FILL_AREA_STYLE('',(#165500));
#165520=SURFACE_STYLE_FILL_AREA(#165510);
#165530=SURFACE_SIDE_STYLE('',(#165520));
#165540=SURFACE_STYLE_USAGE(.BOTH.,#165530);
#165550=PRESENTATION_STYLE_ASSIGNMENT((#165540));
#165560=CARTESIAN_POINT('',(-23.9050035023027,-21.,7.50249685000004));
#165570=DIRECTION('',(0.,-1.,0.));
#165580=DIRECTION('',(0.,0.,-1.));
#165590=AXIS2_PLACEMENT_3D('',#165560,#165570,#165580);
#165600=PLANE('',#165590);
#165610=CARTESIAN_POINT('',(-4.75585757392663,-21.,6.5));
#165620=DIRECTION('',(1.,0.,0.));
#165630=VECTOR('',#165620,1.);
#165640=LINE('',#165610,#165630);
#165650=CARTESIAN_POINT('',(-11.1000003523026,-21.,6.5));
#165660=VERTEX_POINT('',#165650);
#165670=EDGE_CURVE('',#165360,#165660,#165640,.T.);
#165680=ORIENTED_EDGE('',*,*,#165670,.T.);
#165690=ORIENTED_EDGE('',*,*,#165370,.F.);
#165700=CARTESIAN_POINT('',(-4.75585757392663,-21.,7.1));
#165710=DIRECTION('',(-1.,0.,0.));
#165720=VECTOR('',#165710,1.);
#165730=LINE('',#165700,#165720);
#165740=CARTESIAN_POINT('',(-11.1000003523026,-21.,7.1));
#165750=VERTEX_POINT('',#165740);
#165760=EDGE_CURVE('',#165750,#165280,#165730,.T.);
#165770=ORIENTED_EDGE('',*,*,#165760,.T.);
#165780=CARTESIAN_POINT('',(-11.1000003523026,-21.,5.45));
#165790=DIRECTION('',(0.,0.,1.));
#165800=VECTOR('',#165790,1.);
#165810=LINE('',#165780,#165800);
#165820=EDGE_CURVE('',#165660,#165750,#165810,.T.);
#165830=ORIENTED_EDGE('',*,*,#165820,.T.);
#165840=EDGE_LOOP('',(#165830,#165770,#165690,#165680));
#165850=FACE_OUTER_BOUND('',#165840,.T.);
#165860=ADVANCED_FACE('',(#165850),#165600,.T.);
#165870=COLOUR_RGB('',0.996078491210938,1.,0.976470649242401);
#165880=FILL_AREA_STYLE_COLOUR('',#165870);
#165890=FILL_AREA_STYLE('',(#165880));
#165900=SURFACE_STYLE_FILL_AREA(#165890);
#165910=SURFACE_SIDE_STYLE('',(#165900));
#165920=SURFACE_STYLE_USAGE(.BOTH.,#165910);
#165930=PRESENTATION_STYLE_ASSIGNMENT((#165920));
#165940=CARTESIAN_POINT('',(-11.0500003523027,-9.2,7.1));
#165950=DIRECTION('',(0.,0.,-1.));
#165960=DIRECTION('',(1.,0.,0.));
#165970=AXIS2_PLACEMENT_3D('',#165940,#165950,#165960);
#165980=PLANE('',#165970);
#165990=ORIENTED_EDGE('',*,*,#119540,.F.);
#166000=CARTESIAN_POINT('',(-11.1000003523026,-9.2,7.1));
#166010=DIRECTION('',(0.,-1.,0.));
#166020=VECTOR('',#166010,1.);
#166030=LINE('',#166000,#166020);
#166040=EDGE_CURVE('',#119450,#165750,#166030,.T.);
#166050=ORIENTED_EDGE('',*,*,#166040,.F.);
#166060=ORIENTED_EDGE('',*,*,#165760,.F.);
#166070=ORIENTED_EDGE('',*,*,#165290,.T.);
#166080=EDGE_LOOP('',(#166070,#166060,#166050,#165990));
#166090=FACE_OUTER_BOUND('',#166080,.T.);
#166100=ADVANCED_FACE('',(#166090),#165980,.F.);
#166110=COLOUR_RGB('',0.996078491210938,1.,0.976470649242401);
#166120=FILL_AREA_STYLE_COLOUR('',#166110);
#166130=FILL_AREA_STYLE('',(#166120));
#166140=SURFACE_STYLE_FILL_AREA(#166130);
#166150=SURFACE_SIDE_STYLE('',(#166140));
#166160=SURFACE_STYLE_USAGE(.BOTH.,#166150);
#166170=PRESENTATION_STYLE_ASSIGNMENT((#166160));
#166180=CARTESIAN_POINT('',(-11.1000003523026,-12.7,6.8));
#166190=DIRECTION('',(-1.,0.,0.));
#166200=DIRECTION('',(0.,-1.,0.));
#166210=AXIS2_PLACEMENT_3D('',#166180,#166190,#166200);
#166220=PLANE('',#166210);
#166230=CARTESIAN_POINT('',(-11.1000003523026,-9.2,6.5));
#166240=DIRECTION('',(0.,1.,0.));
#166250=VECTOR('',#166240,1.);
#166260=LINE('',#166230,#166250);
#166270=EDGE_CURVE('',#165660,#119350,#166260,.T.);
#166280=ORIENTED_EDGE('',*,*,#166270,.T.);
#166290=ORIENTED_EDGE('',*,*,#165820,.F.);
#166300=ORIENTED_EDGE('',*,*,#166040,.T.);
#166310=ORIENTED_EDGE('',*,*,#119460,.F.);
#166320=EDGE_LOOP('',(#166310,#166300,#166290,#166280));
#166330=FACE_OUTER_BOUND('',#166320,.T.);
#166340=ADVANCED_FACE('',(#166330),#166220,.F.);
#166350=COLOUR_RGB('',0.996078491210938,1.,0.976470649242401);
#166360=FILL_AREA_STYLE_COLOUR('',#166350);
#166370=FILL_AREA_STYLE('',(#166360));
#166380=SURFACE_STYLE_FILL_AREA(#166370);
#166390=SURFACE_SIDE_STYLE('',(#166380));
#166400=SURFACE_STYLE_USAGE(.BOTH.,#166390);
#166410=PRESENTATION_STYLE_ASSIGNMENT((#166400));
#166420=CARTESIAN_POINT('',(-11.7500003523026,-9.2,6.5));
#166430=DIRECTION('',(0.,0.,1.));
#166440=DIRECTION('',(-1.,0.,0.));
#166450=AXIS2_PLACEMENT_3D('',#166420,#166430,#166440);
#166460=PLANE('',#166450);
#166470=ORIENTED_EDGE('',*,*,#165670,.F.);
#166480=ORIENTED_EDGE('',*,*,#166270,.F.);
#166490=ORIENTED_EDGE('',*,*,#119380,.F.);
#166500=ORIENTED_EDGE('',*,*,#165430,.F.);
#166510=EDGE_LOOP('',(#166500,#166490,#166480,#166470));
#166520=FACE_OUTER_BOUND('',#166510,.T.);
#166530=ADVANCED_FACE('',(#166520),#166460,.F.);
#166540=COLOUR_RGB('',0.996078491210938,1.,0.976470649242401);
#166550=FILL_AREA_STYLE_COLOUR('',#166540);
#166560=FILL_AREA_STYLE('',(#166550));
#166570=SURFACE_STYLE_FILL_AREA(#166560);
#166580=SURFACE_SIDE_STYLE('',(#166570));
#166590=SURFACE_STYLE_USAGE(.BOTH.,#166580);
#166600=PRESENTATION_STYLE_ASSIGNMENT((#166590));
#166610=CARTESIAN_POINT('',(0.727675590634519,11.5553133609335,16.));
#166620=DIRECTION('',(0.,0.,-1.));
#166630=DIRECTION('',(-1.,0.,0.));
#166640=AXIS2_PLACEMENT_3D('',#166610,#166620,#166630);
#166650=CYLINDRICAL_SURFACE('',#166640,0.750000275741731);
#166660=ORIENTED_EDGE('',*,*,#78650,.F.);
#166670=ORIENTED_EDGE('',*,*,#91930,.F.);
#166680=ORIENTED_EDGE('',*,*,#30700,.T.);
#166690=ORIENTED_EDGE('',*,*,#92010,.T.);
#166700=EDGE_LOOP('',(#166690,#166680,#166670,#166660));
#166710=FACE_OUTER_BOUND('',#166700,.T.);
#166720=ADVANCED_FACE('',(#166710),#166650,.F.);
#166730=CARTESIAN_POINT('',(11.3508722986056,2.59819067063803,16.));
#166740=DIRECTION('',(0.,0.,1.));
#166750=DIRECTION('',(1.,0.,0.));
#166760=AXIS2_PLACEMENT_3D('',#166730,#166740,#166750);
#166770=CYLINDRICAL_SURFACE('',#166760,0.315612507958347);
#166780=ORIENTED_EDGE('',*,*,#93100,.F.);
#166790=ORIENTED_EDGE('',*,*,#77370,.F.);
#166800=ORIENTED_EDGE('',*,*,#38740,.T.);
#166810=ORIENTED_EDGE('',*,*,#77280,.T.);
#166820=EDGE_LOOP('',(#166810,#166800,#166790,#166780));
#166830=FACE_OUTER_BOUND('',#166820,.T.);
#166840=ADVANCED_FACE('',(#166830),#166770,.F.);
#166850=CARTESIAN_POINT('',(0.727539532584502,11.5553494980564,16.));
#166860=DIRECTION('',(0.,0.,-1.));
#166870=DIRECTION('',(-1.,0.,0.));
#166880=AXIS2_PLACEMENT_3D('',#166850,#166860,#166870);
#166890=CYLINDRICAL_SURFACE('',#166880,0.632834777850362);
#166900=ORIENTED_EDGE('',*,*,#26390,.T.);
#166910=ORIENTED_EDGE('',*,*,#1770,.F.);
#166920=ORIENTED_EDGE('',*,*,#30760,.F.);
#166930=ORIENTED_EDGE('',*,*,#1980,.T.);
#166940=EDGE_LOOP('',(#166930,#166920,#166910,#166900));
#166950=FACE_OUTER_BOUND('',#166940,.T.);
#166960=ADVANCED_FACE('',(#166950),#166890,.T.);
#166970=CLOSED_SHELL('',(#420,#820,#1220,#1540,#2040,#2440,#2840,#3240,
#3640,#3990,#4390,#4790,#5190,#5920,#6440,#6840,#7240,#10390,#10770,
#11220,#11620,#12020,#12330,#12640,#13040,#13300,#14180,#14580,#15800,
#16200,#16600,#16910,#17230,#17630,#17870,#18770,#19170,#19410,#20270,
#20670,#21070,#21530,#21930,#22940,#23340,#23620,#24090,#24420,#24860,
#25260,#25660,#25900,#26320,#27810,#28210,#28660,#28970,#29150,#29800,
#30200,#30510,#30820,#31250,#31430,#31830,#32230,#32450,#32740,#33480,
#33880,#34280,#34600,#35230,#35630,#35940,#36290,#36600,#36910,#37090,
#37490,#37800,#38110,#38350,#38590,#39600,#39910,#40310,#40560,#40750,
#41150,#41570,#41880,#42260,#42480,#42730,#42900,#43220,#43600,#43790,
#44730,#44970,#45220,#45530,#45840,#46240,#46480,#46600,#46910,#47100,
#47340,#47510,#47680,#48080,#49020,#49240,#49480,#49630,#49800,#50040,
#50490,#50780,#52000,#52310,#52970,#53280,#53520,#53920,#55120,#55280,
#55580,#56000,#56240,#56640,#56880,#57280,#57730,#58060,#58670,#59550,
#59740,#59980,#61180,#61420,#62280,#62590,#62820,#63220,#63530,#63840,
#64090,#64310,#64620,#64970,#65190,#65370,#65540,#65760,#66160,#66470,
#67220,#67460,#67860,#68170,#68410,#68590,#68840,#69010,#69340,#69740,
#69980,#70380,#70690,#70910,#71160,#71400,#71710,#72130,#72480,#72830,
#73010,#73190,#74120,#75050,#75290,#75790,#76190,#76430,#76740,#76980,
#77160,#77480,#84850,#85020,#85240,#85420,#85590,#86040,#86280,#86520,
#86960,#87440,#87680,#87850,#88250,#88430,#88600,#88910,#89150,#89460,
#89840,#90120,#90240,#90490,#90670,#90840,#90960,#91130,#91300,#91610,
#91830,#92070,#92420,#92700,#92870,#93040,#93150,#93550,#93790,#94040,
#94320,#94440,#94680,#94850,#95040,#95220,#95470,#95780,#96020,#96260,
#96500,#96670,#96790,#96960,#97080,#97250,#97370,#97490,#97730,#97850,
#98070,#98240,#98410,#98530,#98650,#98930,#99050,#99220,#99390,#99630,
#99750,#99990,#100110,#100350,#100660,#100840,#101010,#101250,#101490,
#101710,#101830,#102000,#102120,#102370,#102490,#102610,#102730,#102940,
#103360,#103540,#103710,#103930,#104050,#104220,#104390,#104560,#104800,
#104920,#105040,#105220,#105400,#105520,#105690,#105810,#105930,#106220,
#106340,#106610,#106730,#106850,#106970,#107650,#107820,#107940,#108420,
#108590,#108710,#108830,#109310,#109430,#109640,#109760,#109880,#110050,
#110220,#110400,#110520,#110690,#110860,#110980,#111160,#111310,#111430,
#111550,#111670,#111790,#111910,#112060,#112250,#112400,#112590,#113050,
#113650,#113770,#114470,#114670,#115110,#115180,#115370,#116070,#116360,
#117090,#117160,#117280,#117730,#118140,#118910,#119220,#119640,#120050,
#120690,#120810,#121010,#121250,#121500,#121690,#121830,#121900,#122150,
#122460,#122770,#122950,#124670,#124920,#125340,#128400,#129230,#130160,
#130740,#131670,#132430,#133360,#133860,#134710,#134930,#135100,#135340,
#135580,#135820,#135990,#136230,#136420,#136610,#136750,#136940,#137060,
#137130,#137460,#137700,#138020,#138410,#139290,#139580,#140460,#141180,
#141410,#141580,#141700,#141800,#142800,#143160,#143960,#144200,#145530,
#145770,#145990,#146160,#146330,#146450,#146670,#146890,#147060,#147180,
#147350,#147470,#147590,#148390,#148630,#149400,#149700,#150340,#151090,
#151210,#151390,#151560,#151730,#151970,#152740,#153030,#153780,#154580,
#154730,#154830,#154970,#155260,#155380,#155500,#155670,#155980,#156220,
#156460,#156630,#156750,#157100,#157320,#157490,#157660,#157780,#157900,
#158300,#158520,#158740,#158860,#158980,#159330,#159550,#159720,#159890,
#160010,#160130,#160300,#160520,#160690,#160810,#160980,#161100,#161220,
#161340,#161900,#162070,#162240,#162310,#162620,#163000,#163290,#163480,
#163670,#164050,#164430,#164670,#164910,#165100,#165480,#165860,#166100,
#166340,#166530,#166720,#166840,#166960));
#166980=CARTESIAN_POINT('',(1.71396369963993,0.,7.2));
#166990=DIRECTION('',(0.,1.,0.));
#167000=VECTOR('',#166990,1.);
#167010=LINE('',#166980,#167000);
#167020=CARTESIAN_POINT('',(1.71396369963993,-15.3,7.2));
#167030=VERTEX_POINT('',#167020);
#167040=CARTESIAN_POINT('',(1.71396369963993,-15.0366528447212,7.2));
#167050=VERTEX_POINT('',#167040);
#167060=EDGE_CURVE('',#167030,#167050,#167010,.T.);
#167070=ORIENTED_EDGE('',*,*,#167060,.F.);
#167080=CARTESIAN_POINT('',(0.,-15.0366528447212,7.2));
#167090=DIRECTION('',(1.,0.,0.));
#167100=VECTOR('',#167090,1.);
#167110=LINE('',#167080,#167100);
#167120=CARTESIAN_POINT('',(0.886035595754781,-15.0366528447212,7.2));
#167130=VERTEX_POINT('',#167120);
#167140=EDGE_CURVE('',#167130,#167050,#167110,.T.);
#167150=ORIENTED_EDGE('',*,*,#167140,.T.);
#167160=CARTESIAN_POINT('',(0.886035595754781,0.,7.2));
#167170=DIRECTION('',(0.,-1.,0.));
#167180=VECTOR('',#167170,1.);
#167190=LINE('',#167160,#167180);
#167200=CARTESIAN_POINT('',(0.886035595754781,-15.3,7.2));
#167210=VERTEX_POINT('',#167200);
#167220=EDGE_CURVE('',#167130,#167210,#167190,.T.);
#167230=ORIENTED_EDGE('',*,*,#167220,.F.);
#167240=CARTESIAN_POINT('',(0.,-15.3,7.2));
#167250=DIRECTION('',(1.,0.,0.));
#167260=VECTOR('',#167250,1.);
#167270=LINE('',#167240,#167260);
#167280=EDGE_CURVE('',#167210,#167030,#167270,.T.);
#167290=ORIENTED_EDGE('',*,*,#167280,.F.);
#167300=EDGE_LOOP('',(#167290,#167230,#167150,#167070));
#167310=FACE_OUTER_BOUND('',#167300,.T.);
#167320=ADVANCED_FACE('',(#167310),#19220,.T.);
#167330=CARTESIAN_POINT('',(-13.5500003523026,-16.,6.35));
#167340=DIRECTION('',(0.,0.,1.));
#167350=DIRECTION('',(1.,0.,0.));
#167360=AXIS2_PLACEMENT_3D('',#167330,#167340,#167350);
#167370=PLANE('',#167360);
#167380=CARTESIAN_POINT('',(0.900872400943766,0.,6.35));
#167390=DIRECTION('',(0.,1.,0.));
#167400=VECTOR('',#167390,1.);
#167410=LINE('',#167380,#167400);
#167420=CARTESIAN_POINT('',(0.900872400943766,-15.3,6.35));
#167430=VERTEX_POINT('',#167420);
#167440=CARTESIAN_POINT('',(0.900872400943766,-15.0366528447212,6.35));
#167450=VERTEX_POINT('',#167440);
#167460=EDGE_CURVE('',#167430,#167450,#167410,.T.);
#167470=ORIENTED_EDGE('',*,*,#167460,.F.);
#167480=CARTESIAN_POINT('',(0.,-15.0366528447212,6.35));
#167490=DIRECTION('',(1.,0.,0.));
#167500=VECTOR('',#167490,1.);
#167510=LINE('',#167480,#167500);
#167520=CARTESIAN_POINT('',(1.69912689445094,-15.0366528447212,6.35));
#167530=VERTEX_POINT('',#167520);
#167540=EDGE_CURVE('',#167450,#167530,#167510,.T.);
#167550=ORIENTED_EDGE('',*,*,#167540,.F.);
#167560=CARTESIAN_POINT('',(1.69912689445094,0.,6.35));
#167570=DIRECTION('',(0.,-1.,0.));
#167580=VECTOR('',#167570,1.);
#167590=LINE('',#167560,#167580);
#167600=CARTESIAN_POINT('',(1.69912689445094,-15.3,6.35));
#167610=VERTEX_POINT('',#167600);
#167620=EDGE_CURVE('',#167530,#167610,#167590,.T.);
#167630=ORIENTED_EDGE('',*,*,#167620,.F.);
#167640=CARTESIAN_POINT('',(0.,-15.3,6.35));
#167650=DIRECTION('',(-1.,0.,0.));
#167660=VECTOR('',#167650,1.);
#167670=LINE('',#167640,#167660);
#167680=EDGE_CURVE('',#167610,#167430,#167670,.T.);
#167690=ORIENTED_EDGE('',*,*,#167680,.F.);
#167700=EDGE_LOOP('',(#167690,#167630,#167550,#167470));
#167710=FACE_OUTER_BOUND('',#167700,.T.);
#167720=ADVANCED_FACE('',(#167710),#167370,.T.);
#167730=CARTESIAN_POINT('',(1.01171206323795,-15.0366528447212,0.));
#167740=DIRECTION('',(0.0174524064372835,0.,-0.999847695156391));
#167750=VECTOR('',#167740,1.);
#167760=LINE('',#167730,#167750);
#167770=EDGE_CURVE('',#167130,#167450,#167760,.T.);
#167780=ORIENTED_EDGE('',*,*,#167770,.T.);
#167790=ORIENTED_EDGE('',*,*,#167140,.F.);
#167800=CARTESIAN_POINT('',(1.58828723215676,-15.0366528447212,0.));
#167810=DIRECTION('',(0.0174524064372835,0.,0.999847695156391));
#167820=VECTOR('',#167810,1.);
#167830=LINE('',#167800,#167820);
#167840=EDGE_CURVE('',#167530,#167050,#167830,.T.);
#167850=ORIENTED_EDGE('',*,*,#167840,.T.);
#167860=ORIENTED_EDGE('',*,*,#167540,.T.);
#167870=EDGE_LOOP('',(#167860,#167850,#167790,#167780));
#167880=FACE_OUTER_BOUND('',#167870,.T.);
#167890=CARTESIAN_POINT('',(1.59999964769735,-15.0366528447212,0.));
#167900=DIRECTION('',(0.,0.,1.));
#167910=VECTOR('',#167900,1.);
#167920=LINE('',#167890,#167910);
#167930=CARTESIAN_POINT('',(1.59999964769735,-15.0366528447212,6.5));
#167940=VERTEX_POINT('',#167930);
#167950=CARTESIAN_POINT('',(1.59999964769735,-15.0366528447212,7.1));
#167960=VERTEX_POINT('',#167950);
#167970=EDGE_CURVE('',#167940,#167960,#167920,.T.);
#167980=ORIENTED_EDGE('',*,*,#167970,.F.);
#167990=CARTESIAN_POINT('',(0.,-15.0366528447212,7.1));
#168000=DIRECTION('',(-1.,0.,0.));
#168010=VECTOR('',#168000,1.);
#168020=LINE('',#167990,#168010);
#168030=CARTESIAN_POINT('',(0.999999647697345,-15.0366528447212,7.1));
#168040=VERTEX_POINT('',#168030);
#168050=EDGE_CURVE('',#167960,#168040,#168020,.T.);
#168060=ORIENTED_EDGE('',*,*,#168050,.F.);
#168070=CARTESIAN_POINT('',(0.999999647697345,-15.0366528447212,0.));
#168080=DIRECTION('',(0.,0.,1.));
#168090=VECTOR('',#168080,1.);
#168100=LINE('',#168070,#168090);
#168110=CARTESIAN_POINT('',(0.999999647697345,-15.0366528447212,6.5));
#168120=VERTEX_POINT('',#168110);
#168130=EDGE_CURVE('',#168120,#168040,#168100,.T.);
#168140=ORIENTED_EDGE('',*,*,#168130,.T.);
#168150=CARTESIAN_POINT('',(0.,-15.0366528447212,6.5));
#168160=DIRECTION('',(1.,0.,0.));
#168170=VECTOR('',#168160,1.);
#168180=LINE('',#168150,#168170);
#168190=EDGE_CURVE('',#168120,#167940,#168180,.T.);
#168200=ORIENTED_EDGE('',*,*,#168190,.F.);
#168210=EDGE_LOOP('',(#168200,#168140,#168060,#167980));
#168220=FACE_BOUND('',#168210,.T.);
#168230=ADVANCED_FACE('',(#167880,#168220),#34650,.F.);
#168240=ORIENTED_EDGE('',*,*,#167060,.T.);
#168250=CARTESIAN_POINT('',(1.58828723215676,-15.3,0.));
#168260=DIRECTION('',(0.0174524064372835,0.,0.999847695156391));
#168270=VECTOR('',#168260,1.);
#168280=LINE('',#168250,#168270);
#168290=EDGE_CURVE('',#167610,#167030,#168280,.T.);
#168300=ORIENTED_EDGE('',*,*,#168290,.T.);
#168310=ORIENTED_EDGE('',*,*,#167620,.T.);
#168320=ORIENTED_EDGE('',*,*,#167840,.F.);
#168330=EDGE_LOOP('',(#168320,#168310,#168300,#168240));
#168340=FACE_OUTER_BOUND('',#168330,.T.);
#168350=ADVANCED_FACE('',(#168340),#161950,.T.);
#168360=CARTESIAN_POINT('',(-9.35000035230264,-15.3,6.35));
#168370=DIRECTION('',(-0.,1.,0.));
#168380=DIRECTION('',(1.,0.,0.));
#168390=AXIS2_PLACEMENT_3D('',#168360,#168370,#168380);
#168400=PLANE('',#168390);
#168410=CARTESIAN_POINT('',(1.01171206323795,-15.3,0.));
#168420=DIRECTION('',(0.0174524064372835,0.,-0.999847695156391));
#168430=VECTOR('',#168420,1.);
#168440=LINE('',#168410,#168430);
#168450=EDGE_CURVE('',#167210,#167430,#168440,.T.);
#168460=ORIENTED_EDGE('',*,*,#168450,.F.);
#168470=ORIENTED_EDGE('',*,*,#167680,.T.);
#168480=ORIENTED_EDGE('',*,*,#168290,.F.);
#168490=ORIENTED_EDGE('',*,*,#167280,.T.);
#168500=EDGE_LOOP('',(#168490,#168480,#168470,#168460));
#168510=FACE_OUTER_BOUND('',#168500,.T.);
#168520=CARTESIAN_POINT('',(0.999999647697345,-15.3,0.));
#168530=DIRECTION('',(0.,0.,1.));
#168540=VECTOR('',#168530,1.);
#168550=LINE('',#168520,#168540);
#168560=CARTESIAN_POINT('',(0.999999647697345,-15.3,6.5));
#168570=VERTEX_POINT('',#168560);
#168580=CARTESIAN_POINT('',(0.999999647697345,-15.3,7.1));
#168590=VERTEX_POINT('',#168580);
#168600=EDGE_CURVE('',#168570,#168590,#168550,.T.);
#168610=ORIENTED_EDGE('',*,*,#168600,.F.);
#168620=CARTESIAN_POINT('',(0.,-15.3,7.1));
#168630=DIRECTION('',(-1.,0.,0.));
#168640=VECTOR('',#168630,1.);
#168650=LINE('',#168620,#168640);
#168660=CARTESIAN_POINT('',(1.59999964769735,-15.3,7.1));
#168670=VERTEX_POINT('',#168660);
#168680=EDGE_CURVE('',#168670,#168590,#168650,.T.);
#168690=ORIENTED_EDGE('',*,*,#168680,.T.);
#168700=CARTESIAN_POINT('',(1.59999964769735,-15.3,0.));
#168710=DIRECTION('',(0.,0.,1.));
#168720=VECTOR('',#168710,1.);
#168730=LINE('',#168700,#168720);
#168740=CARTESIAN_POINT('',(1.59999964769735,-15.3,6.5));
#168750=VERTEX_POINT('',#168740);
#168760=EDGE_CURVE('',#168750,#168670,#168730,.T.);
#168770=ORIENTED_EDGE('',*,*,#168760,.T.);
#168780=CARTESIAN_POINT('',(0.,-15.3,6.5));
#168790=DIRECTION('',(1.,0.,0.));
#168800=VECTOR('',#168790,1.);
#168810=LINE('',#168780,#168800);
#168820=EDGE_CURVE('',#168570,#168750,#168810,.T.);
#168830=ORIENTED_EDGE('',*,*,#168820,.T.);
#168840=EDGE_LOOP('',(#168830,#168770,#168690,#168610));
#168850=FACE_BOUND('',#168840,.T.);
#168860=ADVANCED_FACE('',(#168510,#168850),#168400,.T.);
#168870=ORIENTED_EDGE('',*,*,#167460,.T.);
#168880=ORIENTED_EDGE('',*,*,#168450,.T.);
#168890=ORIENTED_EDGE('',*,*,#167220,.T.);
#168900=ORIENTED_EDGE('',*,*,#167770,.F.);
#168910=EDGE_LOOP('',(#168900,#168890,#168880,#168870));
#168920=FACE_OUTER_BOUND('',#168910,.T.);
#168930=ADVANCED_FACE('',(#168920),#162120,.T.);
#168940=EDGE_CURVE('',#168750,#167940,#164830,.T.);
#168950=ORIENTED_EDGE('',*,*,#168940,.T.);
#168960=ORIENTED_EDGE('',*,*,#168760,.F.);
#168970=EDGE_CURVE('',#167960,#168670,#164600,.T.);
#168980=ORIENTED_EDGE('',*,*,#168970,.T.);
#168990=ORIENTED_EDGE('',*,*,#167970,.T.);
#169000=EDGE_LOOP('',(#168990,#168980,#168960,#168950));
#169010=FACE_OUTER_BOUND('',#169000,.T.);
#169020=ADVANCED_FACE('',(#169010),#164790,.F.);
#169030=EDGE_CURVE('',#168040,#168590,#163830,.T.);
#169040=ORIENTED_EDGE('',*,*,#169030,.T.);
#169050=ORIENTED_EDGE('',*,*,#168050,.T.);
#169060=ORIENTED_EDGE('',*,*,#168970,.F.);
#169070=ORIENTED_EDGE('',*,*,#168680,.F.);
#169080=EDGE_LOOP('',(#169070,#169060,#169050,#169040));
#169090=FACE_OUTER_BOUND('',#169080,.T.);
#169100=ADVANCED_FACE('',(#169090),#164550,.F.);
#169110=EDGE_CURVE('',#168120,#168570,#163990,.T.);
#169120=ORIENTED_EDGE('',*,*,#169110,.T.);
#169130=ORIENTED_EDGE('',*,*,#168130,.F.);
#169140=ORIENTED_EDGE('',*,*,#169030,.F.);
#169150=ORIENTED_EDGE('',*,*,#168600,.T.);
#169160=EDGE_LOOP('',(#169150,#169140,#169130,#169120));
#169170=FACE_OUTER_BOUND('',#169160,.T.);
#169180=ADVANCED_FACE('',(#169170),#163790,.T.);
#169190=ORIENTED_EDGE('',*,*,#168940,.F.);
#169200=ORIENTED_EDGE('',*,*,#168190,.T.);
#169210=ORIENTED_EDGE('',*,*,#169110,.F.);
#169220=ORIENTED_EDGE('',*,*,#168820,.F.);
#169230=EDGE_LOOP('',(#169220,#169210,#169200,#169190));
#169240=FACE_OUTER_BOUND('',#169230,.T.);
#169250=ADVANCED_FACE('',(#169240),#165030,.F.);
#169260=CLOSED_SHELL('',(#167320,#167720,#168230,#168350,#168860,#168930
,#169020,#169100,#169180,#169250));
#169270=ORIENTED_CLOSED_SHELL('',*,#169260,.T.);
#169280=CARTESIAN_POINT('',(-9.18828793676205,-15.0366528447212,0.));
#169290=DIRECTION('',(0.0174524064372835,0.,-0.999847695156391));
#169300=VECTOR('',#169290,1.);
#169310=LINE('',#169280,#169300);
#169320=CARTESIAN_POINT('',(-9.31396440424522,-15.0366528447212,7.2));
#169330=VERTEX_POINT('',#169320);
#169340=CARTESIAN_POINT('',(-9.29912759905623,-15.0366528447212,6.35));
#169350=VERTEX_POINT('',#169340);
#169360=EDGE_CURVE('',#169330,#169350,#169310,.T.);
#169370=ORIENTED_EDGE('',*,*,#169360,.T.);
#169380=CARTESIAN_POINT('',(0.,-15.0366528447212,7.2));
#169390=DIRECTION('',(1.,0.,0.));
#169400=VECTOR('',#169390,1.);
#169410=LINE('',#169380,#169400);
#169420=CARTESIAN_POINT('',(-8.48603630036007,-15.0366528447212,7.2));
#169430=VERTEX_POINT('',#169420);
#169440=EDGE_CURVE('',#169330,#169430,#169410,.T.);
#169450=ORIENTED_EDGE('',*,*,#169440,.F.);
#169460=CARTESIAN_POINT('',(-8.61171276784324,-15.0366528447212,0.));
#169470=DIRECTION('',(0.0174524064372835,0.,0.999847695156391));
#169480=VECTOR('',#169470,1.);
#169490=LINE('',#169460,#169480);
#169500=CARTESIAN_POINT('',(-8.50087310554906,-15.0366528447212,6.35));
#169510=VERTEX_POINT('',#169500);
#169520=EDGE_CURVE('',#169510,#169430,#169490,.T.);
#169530=ORIENTED_EDGE('',*,*,#169520,.T.);
#169540=CARTESIAN_POINT('',(0.,-15.0366528447212,6.35));
#169550=DIRECTION('',(1.,0.,0.));
#169560=VECTOR('',#169550,1.);
#169570=LINE('',#169540,#169560);
#169580=EDGE_CURVE('',#169350,#169510,#169570,.T.);
#169590=ORIENTED_EDGE('',*,*,#169580,.T.);
#169600=EDGE_LOOP('',(#169590,#169530,#169450,#169370));
#169610=FACE_OUTER_BOUND('',#169600,.T.);
#169620=ADVANCED_FACE('',(#169610),#34650,.F.);
#169630=CARTESIAN_POINT('',(-9.29912759905623,0.,6.35));
#169640=DIRECTION('',(0.,1.,0.));
#169650=VECTOR('',#169640,1.);
#169660=LINE('',#169630,#169650);
#169670=CARTESIAN_POINT('',(-9.29912759905623,-15.3,6.35));
#169680=VERTEX_POINT('',#169670);
#169690=EDGE_CURVE('',#169680,#169350,#169660,.T.);
#169700=ORIENTED_EDGE('',*,*,#169690,.F.);
#169710=ORIENTED_EDGE('',*,*,#169580,.F.);
#169720=CARTESIAN_POINT('',(-8.50087310554906,0.,6.35));
#169730=DIRECTION('',(0.,-1.,0.));
#169740=VECTOR('',#169730,1.);
#169750=LINE('',#169720,#169740);
#169760=CARTESIAN_POINT('',(-8.50087310554906,-15.3,6.35));
#169770=VERTEX_POINT('',#169760);
#169780=EDGE_CURVE('',#169510,#169770,#169750,.T.);
#169790=ORIENTED_EDGE('',*,*,#169780,.F.);
#169800=CARTESIAN_POINT('',(0.,-15.3,6.35));
#169810=DIRECTION('',(-1.,0.,0.));
#169820=VECTOR('',#169810,1.);
#169830=LINE('',#169800,#169820);
#169840=EDGE_CURVE('',#169770,#169680,#169830,.T.);
#169850=ORIENTED_EDGE('',*,*,#169840,.F.);
#169860=EDGE_LOOP('',(#169850,#169790,#169710,#169700));
#169870=FACE_OUTER_BOUND('',#169860,.T.);
#169880=ADVANCED_FACE('',(#169870),#167370,.T.);
#169890=CARTESIAN_POINT('',(-8.48603630036007,0.,7.2));
#169900=DIRECTION('',(0.,1.,0.));
#169910=VECTOR('',#169900,1.);
#169920=LINE('',#169890,#169910);
#169930=CARTESIAN_POINT('',(-8.48603630036007,-15.3,7.2));
#169940=VERTEX_POINT('',#169930);
#169950=EDGE_CURVE('',#169940,#169430,#169920,.T.);
#169960=ORIENTED_EDGE('',*,*,#169950,.T.);
#169970=CARTESIAN_POINT('',(-8.61171276784324,-15.3,0.));
#169980=DIRECTION('',(0.0174524064372835,0.,0.999847695156391));
#169990=VECTOR('',#169980,1.);
#170000=LINE('',#169970,#169990);
#170010=EDGE_CURVE('',#169770,#169940,#170000,.T.);
#170020=ORIENTED_EDGE('',*,*,#170010,.T.);
#170030=ORIENTED_EDGE('',*,*,#169780,.T.);
#170040=ORIENTED_EDGE('',*,*,#169520,.F.);
#170050=EDGE_LOOP('',(#170040,#170030,#170020,#169960));
#170060=FACE_OUTER_BOUND('',#170050,.T.);
#170070=ADVANCED_FACE('',(#170060),#32500,.T.);
#170080=ORIENTED_EDGE('',*,*,#169690,.T.);
#170090=CARTESIAN_POINT('',(-9.18828793676205,-15.3,0.));
#170100=DIRECTION('',(0.0174524064372835,0.,-0.999847695156391));
#170110=VECTOR('',#170100,1.);
#170120=LINE('',#170090,#170110);
#170130=CARTESIAN_POINT('',(-9.31396440424522,-15.3,7.2));
#170140=VERTEX_POINT('',#170130);
#170150=EDGE_CURVE('',#170140,#169680,#170120,.T.);
#170160=ORIENTED_EDGE('',*,*,#170150,.T.);
#170170=CARTESIAN_POINT('',(-9.31396440424522,0.,7.2));
#170180=DIRECTION('',(0.,-1.,0.));
#170190=VECTOR('',#170180,1.);
#170200=LINE('',#170170,#170190);
#170210=EDGE_CURVE('',#169330,#170140,#170200,.T.);
#170220=ORIENTED_EDGE('',*,*,#170210,.T.);
#170230=ORIENTED_EDGE('',*,*,#169360,.F.);
#170240=EDGE_LOOP('',(#170230,#170220,#170160,#170080));
#170250=FACE_OUTER_BOUND('',#170240,.T.);
#170260=ADVANCED_FACE('',(#170250),#12690,.T.);
#170270=ORIENTED_EDGE('',*,*,#170150,.F.);
#170280=ORIENTED_EDGE('',*,*,#169840,.T.);
#170290=ORIENTED_EDGE('',*,*,#170010,.F.);
#170300=CARTESIAN_POINT('',(0.,-15.3,7.2));
#170310=DIRECTION('',(1.,0.,0.));
#170320=VECTOR('',#170310,1.);
#170330=LINE('',#170300,#170320);
#170340=EDGE_CURVE('',#170140,#169940,#170330,.T.);
#170350=ORIENTED_EDGE('',*,*,#170340,.T.);
#170360=EDGE_LOOP('',(#170350,#170290,#170280,#170270));
#170370=FACE_OUTER_BOUND('',#170360,.T.);
#170380=ADVANCED_FACE('',(#170370),#168400,.T.);
#170390=ORIENTED_EDGE('',*,*,#169440,.T.);
#170400=ORIENTED_EDGE('',*,*,#170210,.F.);
#170410=ORIENTED_EDGE('',*,*,#170340,.F.);
#170420=ORIENTED_EDGE('',*,*,#169950,.F.);
#170430=EDGE_LOOP('',(#170420,#170410,#170400,#170390));
#170440=FACE_OUTER_BOUND('',#170430,.T.);
#170450=ADVANCED_FACE('',(#170440),#19220,.T.);
#170460=CLOSED_SHELL('',(#169620,#169880,#170070,#170260,#170380,#170450
));
#170470=ORIENTED_CLOSED_SHELL('',*,#170460,.T.);
#170480=CARTESIAN_POINT('',(0.,-15.3,7.2));
#170490=DIRECTION('',(1.,0.,0.));
#170500=VECTOR('',#170490,1.);
#170510=LINE('',#170480,#170500);
#170520=CARTESIAN_POINT('',(-11.8139644042452,-15.3,7.2));
#170530=VERTEX_POINT('',#170520);
#170540=CARTESIAN_POINT('',(-10.9860363003601,-15.3,7.2));
#170550=VERTEX_POINT('',#170540);
#170560=EDGE_CURVE('',#170530,#170550,#170510,.T.);
#170570=ORIENTED_EDGE('',*,*,#170560,.F.);
#170580=CARTESIAN_POINT('',(-10.9860363003601,0.,7.2));
#170590=DIRECTION('',(0.,1.,0.));
#170600=VECTOR('',#170590,1.);
#170610=LINE('',#170580,#170600);
#170620=CARTESIAN_POINT('',(-10.9860363003601,-15.0366528447212,7.2));
#170630=VERTEX_POINT('',#170620);
#170640=EDGE_CURVE('',#170550,#170630,#170610,.T.);
#170650=ORIENTED_EDGE('',*,*,#170640,.F.);
#170660=CARTESIAN_POINT('',(0.,-15.0366528447212,7.2));
#170670=DIRECTION('',(1.,0.,0.));
#170680=VECTOR('',#170670,1.);
#170690=LINE('',#170660,#170680);
#170700=CARTESIAN_POINT('',(-11.8139644042452,-15.0366528447212,7.2));
#170710=VERTEX_POINT('',#170700);
#170720=EDGE_CURVE('',#170710,#170630,#170690,.T.);
#170730=ORIENTED_EDGE('',*,*,#170720,.T.);
#170740=CARTESIAN_POINT('',(-11.8139644042452,0.,7.2));
#170750=DIRECTION('',(0.,-1.,0.));
#170760=VECTOR('',#170750,1.);
#170770=LINE('',#170740,#170760);
#170780=EDGE_CURVE('',#170710,#170530,#170770,.T.);
#170790=ORIENTED_EDGE('',*,*,#170780,.F.);
#170800=EDGE_LOOP('',(#170790,#170730,#170650,#170570));
#170810=FACE_OUTER_BOUND('',#170800,.T.);
#170820=ADVANCED_FACE('',(#170810),#19220,.T.);
#170830=CARTESIAN_POINT('',(-11.7991275990562,0.,6.35));
#170840=DIRECTION('',(0.,1.,0.));
#170850=VECTOR('',#170840,1.);
#170860=LINE('',#170830,#170850);
#170870=CARTESIAN_POINT('',(-11.7991275990562,-15.3,6.35));
#170880=VERTEX_POINT('',#170870);
#170890=CARTESIAN_POINT('',(-11.7991275990562,-15.0366528447212,6.35));
#170900=VERTEX_POINT('',#170890);
#170910=EDGE_CURVE('',#170880,#170900,#170860,.T.);
#170920=ORIENTED_EDGE('',*,*,#170910,.T.);
#170930=CARTESIAN_POINT('',(-11.688287936762,-15.3,0.));
#170940=DIRECTION('',(0.0174524064372835,0.,-0.999847695156391));
#170950=VECTOR('',#170940,1.);
#170960=LINE('',#170930,#170950);
#170970=EDGE_CURVE('',#170530,#170880,#170960,.T.);
#170980=ORIENTED_EDGE('',*,*,#170970,.T.);
#170990=ORIENTED_EDGE('',*,*,#170780,.T.);
#171000=CARTESIAN_POINT('',(-11.688287936762,-15.0366528447212,0.));
#171010=DIRECTION('',(0.0174524064372835,0.,-0.999847695156391));
#171020=VECTOR('',#171010,1.);
#171030=LINE('',#171000,#171020);
#171040=EDGE_CURVE('',#170710,#170900,#171030,.T.);
#171050=ORIENTED_EDGE('',*,*,#171040,.F.);
#171060=EDGE_LOOP('',(#171050,#170990,#170980,#170920));
#171070=FACE_OUTER_BOUND('',#171060,.T.);
#171080=ADVANCED_FACE('',(#171070),#2890,.T.);
#171090=ORIENTED_EDGE('',*,*,#170910,.F.);
#171100=CARTESIAN_POINT('',(0.,-15.0366528447212,6.35));
#171110=DIRECTION('',(1.,0.,0.));
#171120=VECTOR('',#171110,1.);
#171130=LINE('',#171100,#171120);
#171140=CARTESIAN_POINT('',(-11.0008731055491,-15.0366528447212,6.35));
#171150=VERTEX_POINT('',#171140);
#171160=EDGE_CURVE('',#170900,#171150,#171130,.T.);
#171170=ORIENTED_EDGE('',*,*,#171160,.F.);
#171180=CARTESIAN_POINT('',(-11.0008731055491,0.,6.35));
#171190=DIRECTION('',(0.,-1.,0.));
#171200=VECTOR('',#171190,1.);
#171210=LINE('',#171180,#171200);
#171220=CARTESIAN_POINT('',(-11.0008731055491,-15.3,6.35));
#171230=VERTEX_POINT('',#171220);
#171240=EDGE_CURVE('',#171150,#171230,#171210,.T.);
#171250=ORIENTED_EDGE('',*,*,#171240,.F.);
#171260=CARTESIAN_POINT('',(0.,-15.3,6.35));
#171270=DIRECTION('',(-1.,0.,0.));
#171280=VECTOR('',#171270,1.);
#171290=LINE('',#171260,#171280);
#171300=EDGE_CURVE('',#171230,#170880,#171290,.T.);
#171310=ORIENTED_EDGE('',*,*,#171300,.F.);
#171320=EDGE_LOOP('',(#171310,#171250,#171170,#171090));
#171330=FACE_OUTER_BOUND('',#171320,.T.);
#171340=ADVANCED_FACE('',(#171330),#167370,.T.);
#171350=CARTESIAN_POINT('',(-11.1117127678432,-15.3,0.));
#171360=DIRECTION('',(0.0174524064372835,0.,0.999847695156391));
#171370=VECTOR('',#171360,1.);
#171380=LINE('',#171350,#171370);
#171390=EDGE_CURVE('',#171230,#170550,#171380,.T.);
#171400=ORIENTED_EDGE('',*,*,#171390,.T.);
#171410=ORIENTED_EDGE('',*,*,#171240,.T.);
#171420=CARTESIAN_POINT('',(-11.1117127678432,-15.0366528447212,0.));
#171430=DIRECTION('',(0.0174524064372835,0.,0.999847695156391));
#171440=VECTOR('',#171430,1.);
#171450=LINE('',#171420,#171440);
#171460=EDGE_CURVE('',#171150,#170630,#171450,.T.);
#171470=ORIENTED_EDGE('',*,*,#171460,.F.);
#171480=ORIENTED_EDGE('',*,*,#170640,.T.);
#171490=EDGE_LOOP('',(#171480,#171470,#171410,#171400));
#171500=FACE_OUTER_BOUND('',#171490,.T.);
#171510=ADVANCED_FACE('',(#171500),#118960,.T.);
#171520=ORIENTED_EDGE('',*,*,#170970,.F.);
#171530=ORIENTED_EDGE('',*,*,#171300,.T.);
#171540=ORIENTED_EDGE('',*,*,#171390,.F.);
#171550=ORIENTED_EDGE('',*,*,#170560,.T.);
#171560=EDGE_LOOP('',(#171550,#171540,#171530,#171520));
#171570=FACE_OUTER_BOUND('',#171560,.T.);
#171580=CARTESIAN_POINT('',(0.,-15.3,6.5));
#171590=DIRECTION('',(1.,0.,0.));
#171600=VECTOR('',#171590,1.);
#171610=LINE('',#171580,#171600);
#171620=CARTESIAN_POINT('',(-11.7000003523027,-15.3,6.5));
#171630=VERTEX_POINT('',#171620);
#171640=CARTESIAN_POINT('',(-11.1000003523026,-15.3,6.5));
#171650=VERTEX_POINT('',#171640);
#171660=EDGE_CURVE('',#171630,#171650,#171610,.T.);
#171670=ORIENTED_EDGE('',*,*,#171660,.T.);
#171680=CARTESIAN_POINT('',(-11.7000003523027,-15.3,0.));
#171690=DIRECTION('',(0.,0.,1.));
#171700=VECTOR('',#171690,1.);
#171710=LINE('',#171680,#171700);
#171720=CARTESIAN_POINT('',(-11.7000003523027,-15.3,7.1));
#171730=VERTEX_POINT('',#171720);
#171740=EDGE_CURVE('',#171630,#171730,#171710,.T.);
#171750=ORIENTED_EDGE('',*,*,#171740,.F.);
#171760=CARTESIAN_POINT('',(0.,-15.3,7.1));
#171770=DIRECTION('',(-1.,0.,0.));
#171780=VECTOR('',#171770,1.);
#171790=LINE('',#171760,#171780);
#171800=CARTESIAN_POINT('',(-11.1000003523026,-15.3,7.1));
#171810=VERTEX_POINT('',#171800);
#171820=EDGE_CURVE('',#171810,#171730,#171790,.T.);
#171830=ORIENTED_EDGE('',*,*,#171820,.T.);
#171840=CARTESIAN_POINT('',(-11.1000003523026,-15.3,0.));
#171850=DIRECTION('',(0.,0.,1.));
#171860=VECTOR('',#171850,1.);
#171870=LINE('',#171840,#171860);
#171880=EDGE_CURVE('',#171650,#171810,#171870,.T.);
#171890=ORIENTED_EDGE('',*,*,#171880,.T.);
#171900=EDGE_LOOP('',(#171890,#171830,#171750,#171670));
#171910=FACE_BOUND('',#171900,.T.);
#171920=ADVANCED_FACE('',(#171570,#171910),#168400,.T.);
#171930=ORIENTED_EDGE('',*,*,#171460,.T.);
#171940=ORIENTED_EDGE('',*,*,#171160,.T.);
#171950=ORIENTED_EDGE('',*,*,#171040,.T.);
#171960=ORIENTED_EDGE('',*,*,#170720,.F.);
#171970=EDGE_LOOP('',(#171960,#171950,#171940,#171930));
#171980=FACE_OUTER_BOUND('',#171970,.T.);
#171990=CARTESIAN_POINT('',(-11.1000003523026,-15.0366528447212,0.));
#172000=DIRECTION('',(0.,0.,1.));
#172010=VECTOR('',#172000,1.);
#172020=LINE('',#171990,#172010);
#172030=CARTESIAN_POINT('',(-11.1000003523026,-15.0366528447212,6.5));
#172040=VERTEX_POINT('',#172030);
#172050=CARTESIAN_POINT('',(-11.1000003523026,-15.0366528447212,7.1));
#172060=VERTEX_POINT('',#172050);
#172070=EDGE_CURVE('',#172040,#172060,#172020,.T.);
#172080=ORIENTED_EDGE('',*,*,#172070,.F.);
#172090=CARTESIAN_POINT('',(0.,-15.0366528447212,7.1));
#172100=DIRECTION('',(-1.,0.,0.));
#172110=VECTOR('',#172100,1.);
#172120=LINE('',#172090,#172110);
#172130=CARTESIAN_POINT('',(-11.7000003523027,-15.0366528447212,7.1));
#172140=VERTEX_POINT('',#172130);
#172150=EDGE_CURVE('',#172060,#172140,#172120,.T.);
#172160=ORIENTED_EDGE('',*,*,#172150,.F.);
#172170=CARTESIAN_POINT('',(-11.7000003523027,-15.0366528447212,0.));
#172180=DIRECTION('',(0.,0.,1.));
#172190=VECTOR('',#172180,1.);
#172200=LINE('',#172170,#172190);
#172210=CARTESIAN_POINT('',(-11.7000003523027,-15.0366528447212,6.5));
#172220=VERTEX_POINT('',#172210);
#172230=EDGE_CURVE('',#172220,#172140,#172200,.T.);
#172240=ORIENTED_EDGE('',*,*,#172230,.T.);
#172250=CARTESIAN_POINT('',(0.,-15.0366528447212,6.5));
#172260=DIRECTION('',(1.,0.,0.));
#172270=VECTOR('',#172260,1.);
#172280=LINE('',#172250,#172270);
#172290=EDGE_CURVE('',#172220,#172040,#172280,.T.);
#172300=ORIENTED_EDGE('',*,*,#172290,.F.);
#172310=EDGE_LOOP('',(#172300,#172240,#172160,#172080));
#172320=FACE_BOUND('',#172310,.T.);
#172330=ADVANCED_FACE('',(#171980,#172320),#34650,.F.);
#172340=EDGE_CURVE('',#172060,#171810,#166030,.T.);
#172350=ORIENTED_EDGE('',*,*,#172340,.F.);
#172360=ORIENTED_EDGE('',*,*,#171820,.F.);
#172370=EDGE_CURVE('',#172140,#171730,#165260,.T.);
#172380=ORIENTED_EDGE('',*,*,#172370,.T.);
#172390=ORIENTED_EDGE('',*,*,#172150,.T.);
#172400=EDGE_LOOP('',(#172390,#172380,#172360,#172350));
#172410=FACE_OUTER_BOUND('',#172400,.T.);
#172420=ADVANCED_FACE('',(#172410),#165980,.F.);
#172430=ORIENTED_EDGE('',*,*,#172370,.F.);
#172440=ORIENTED_EDGE('',*,*,#171740,.T.);
#172450=EDGE_CURVE('',#172220,#171630,#165420,.T.);
#172460=ORIENTED_EDGE('',*,*,#172450,.T.);
#172470=ORIENTED_EDGE('',*,*,#172230,.F.);
#172480=EDGE_LOOP('',(#172470,#172460,#172440,#172430));
#172490=FACE_OUTER_BOUND('',#172480,.T.);
#172500=ADVANCED_FACE('',(#172490),#165220,.T.);
#172510=ORIENTED_EDGE('',*,*,#172450,.F.);
#172520=ORIENTED_EDGE('',*,*,#171660,.F.);
#172530=EDGE_CURVE('',#171650,#172040,#166260,.T.);
#172540=ORIENTED_EDGE('',*,*,#172530,.F.);
#172550=ORIENTED_EDGE('',*,*,#172290,.T.);
#172560=EDGE_LOOP('',(#172550,#172540,#172520,#172510));
#172570=FACE_OUTER_BOUND('',#172560,.T.);
#172580=ADVANCED_FACE('',(#172570),#166460,.F.);
#172590=ORIENTED_EDGE('',*,*,#172530,.T.);
#172600=ORIENTED_EDGE('',*,*,#171880,.F.);
#172610=ORIENTED_EDGE('',*,*,#172340,.T.);
#172620=ORIENTED_EDGE('',*,*,#172070,.T.);
#172630=EDGE_LOOP('',(#172620,#172610,#172600,#172590));
#172640=FACE_OUTER_BOUND('',#172630,.T.);
#172650=ADVANCED_FACE('',(#172640),#166220,.F.);
#172660=CLOSED_SHELL('',(#170820,#171080,#171340,#171510,#171920,#172330
,#172420,#172500,#172580,#172650));
#172670=ORIENTED_CLOSED_SHELL('',*,#172660,.T.);
#172680=CARTESIAN_POINT('',(0.,-15.3,7.2));
#172690=DIRECTION('',(1.,0.,0.));
#172700=VECTOR('',#172690,1.);
#172710=LINE('',#172680,#172700);
#172720=CARTESIAN_POINT('',(-14.4139644042452,-15.3,7.2));
#172730=VERTEX_POINT('',#172720);
#172740=CARTESIAN_POINT('',(-13.5860363003601,-15.3,7.2));
#172750=VERTEX_POINT('',#172740);
#172760=EDGE_CURVE('',#172730,#172750,#172710,.T.);
#172770=ORIENTED_EDGE('',*,*,#172760,.F.);
#172780=CARTESIAN_POINT('',(-13.5860363003601,0.,7.2));
#172790=DIRECTION('',(0.,1.,0.));
#172800=VECTOR('',#172790,1.);
#172810=LINE('',#172780,#172800);
#172820=CARTESIAN_POINT('',(-13.5860363003601,-15.0366528447212,7.2));
#172830=VERTEX_POINT('',#172820);
#172840=EDGE_CURVE('',#172750,#172830,#172810,.T.);
#172850=ORIENTED_EDGE('',*,*,#172840,.F.);
#172860=CARTESIAN_POINT('',(0.,-15.0366528447212,7.2));
#172870=DIRECTION('',(1.,0.,0.));
#172880=VECTOR('',#172870,1.);
#172890=LINE('',#172860,#172880);
#172900=CARTESIAN_POINT('',(-14.4139644042452,-15.0366528447212,7.2));
#172910=VERTEX_POINT('',#172900);
#172920=EDGE_CURVE('',#172910,#172830,#172890,.T.);
#172930=ORIENTED_EDGE('',*,*,#172920,.T.);
#172940=CARTESIAN_POINT('',(-14.4139644042452,0.,7.2));
#172950=DIRECTION('',(0.,-1.,0.));
#172960=VECTOR('',#172950,1.);
#172970=LINE('',#172940,#172960);
#172980=EDGE_CURVE('',#172910,#172730,#172970,.T.);
#172990=ORIENTED_EDGE('',*,*,#172980,.F.);
#173000=EDGE_LOOP('',(#172990,#172930,#172850,#172770));
#173010=FACE_OUTER_BOUND('',#173000,.T.);
#173020=ADVANCED_FACE('',(#173010),#19220,.T.);
#173030=CARTESIAN_POINT('',(-14.3991275990562,0.,6.35));
#173040=DIRECTION('',(0.,1.,0.));
#173050=VECTOR('',#173040,1.);
#173060=LINE('',#173030,#173050);
#173070=CARTESIAN_POINT('',(-14.3991275990562,-15.3,6.35));
#173080=VERTEX_POINT('',#173070);
#173090=CARTESIAN_POINT('',(-14.3991275990562,-15.0366528447212,6.35));
#173100=VERTEX_POINT('',#173090);
#173110=EDGE_CURVE('',#173080,#173100,#173060,.T.);
#173120=ORIENTED_EDGE('',*,*,#173110,.F.);
#173130=CARTESIAN_POINT('',(0.,-15.0366528447212,6.35));
#173140=DIRECTION('',(1.,0.,0.));
#173150=VECTOR('',#173140,1.);
#173160=LINE('',#173130,#173150);
#173170=CARTESIAN_POINT('',(-13.6008731055491,-15.0366528447212,6.35));
#173180=VERTEX_POINT('',#173170);
#173190=EDGE_CURVE('',#173100,#173180,#173160,.T.);
#173200=ORIENTED_EDGE('',*,*,#173190,.F.);
#173210=CARTESIAN_POINT('',(-13.6008731055491,0.,6.35));
#173220=DIRECTION('',(0.,-1.,0.));
#173230=VECTOR('',#173220,1.);
#173240=LINE('',#173210,#173230);
#173250=CARTESIAN_POINT('',(-13.6008731055491,-15.3,6.35));
#173260=VERTEX_POINT('',#173250);
#173270=EDGE_CURVE('',#173180,#173260,#173240,.T.);
#173280=ORIENTED_EDGE('',*,*,#173270,.F.);
#173290=CARTESIAN_POINT('',(0.,-15.3,6.35));
#173300=DIRECTION('',(-1.,0.,0.));
#173310=VECTOR('',#173300,1.);
#173320=LINE('',#173290,#173310);
#173330=EDGE_CURVE('',#173260,#173080,#173320,.T.);
#173340=ORIENTED_EDGE('',*,*,#173330,.F.);
#173350=EDGE_LOOP('',(#173340,#173280,#173200,#173120));
#173360=FACE_OUTER_BOUND('',#173350,.T.);
#173370=ADVANCED_FACE('',(#173360),#167370,.T.);
#173380=CARTESIAN_POINT('',(-14.2882879367621,-15.0366528447212,0.));
#173390=DIRECTION('',(0.0174524064372835,0.,-0.999847695156391));
#173400=VECTOR('',#173390,1.);
#173410=LINE('',#173380,#173400);
#173420=EDGE_CURVE('',#172910,#173100,#173410,.T.);
#173430=ORIENTED_EDGE('',*,*,#173420,.T.);
#173440=ORIENTED_EDGE('',*,*,#172920,.F.);
#173450=CARTESIAN_POINT('',(-13.7117127678432,-15.0366528447212,0.));
#173460=DIRECTION('',(0.0174524064372835,0.,0.999847695156391));
#173470=VECTOR('',#173460,1.);
#173480=LINE('',#173450,#173470);
#173490=EDGE_CURVE('',#173180,#172830,#173480,.T.);
#173500=ORIENTED_EDGE('',*,*,#173490,.T.);
#173510=ORIENTED_EDGE('',*,*,#173190,.T.);
#173520=EDGE_LOOP('',(#173510,#173500,#173440,#173430));
#173530=FACE_OUTER_BOUND('',#173520,.T.);
#173540=ADVANCED_FACE('',(#173530),#34650,.F.);
#173550=CARTESIAN_POINT('',(-13.7117127678432,-15.3,0.));
#173560=DIRECTION('',(0.0174524064372835,0.,0.999847695156391));
#173570=VECTOR('',#173560,1.);
#173580=LINE('',#173550,#173570);
#173590=EDGE_CURVE('',#173260,#172750,#173580,.T.);
#173600=ORIENTED_EDGE('',*,*,#173590,.T.);
#173610=ORIENTED_EDGE('',*,*,#173270,.T.);
#173620=ORIENTED_EDGE('',*,*,#173490,.F.);
#173630=ORIENTED_EDGE('',*,*,#172840,.T.);
#173640=EDGE_LOOP('',(#173630,#173620,#173610,#173600));
#173650=FACE_OUTER_BOUND('',#173640,.T.);
#173660=ADVANCED_FACE('',(#173650),#43270,.T.);
#173670=CARTESIAN_POINT('',(-14.2882879367621,-15.3,0.));
#173680=DIRECTION('',(0.0174524064372835,0.,-0.999847695156391));
#173690=VECTOR('',#173680,1.);
#173700=LINE('',#173670,#173690);
#173710=EDGE_CURVE('',#172730,#173080,#173700,.T.);
#173720=ORIENTED_EDGE('',*,*,#173710,.F.);
#173730=ORIENTED_EDGE('',*,*,#173330,.T.);
#173740=ORIENTED_EDGE('',*,*,#173590,.F.);
#173750=ORIENTED_EDGE('',*,*,#172760,.T.);
#173760=EDGE_LOOP('',(#173750,#173740,#173730,#173720));
#173770=FACE_OUTER_BOUND('',#173760,.T.);
#173780=ADVANCED_FACE('',(#173770),#168400,.T.);
#173790=ORIENTED_EDGE('',*,*,#173110,.T.);
#173800=ORIENTED_EDGE('',*,*,#173710,.T.);
#173810=ORIENTED_EDGE('',*,*,#172980,.T.);
#173820=ORIENTED_EDGE('',*,*,#173420,.F.);
#173830=EDGE_LOOP('',(#173820,#173810,#173800,#173790));
#173840=FACE_OUTER_BOUND('',#173830,.T.);
#173850=ADVANCED_FACE('',(#173840),#89510,.T.);
#173860=CLOSED_SHELL('',(#173020,#173370,#173540,#173660,#173780,#173850
));
#173870=ORIENTED_CLOSED_SHELL('',*,#173860,.T.);
#173880=BREP_WITH_VOIDS('',#166970,(#169270,#170470,#172670,#173870));
#173890=CARTESIAN_POINT('',(0.,0.,0.));
#173900=DIRECTION('',(0.,0.,1.));
#173910=DIRECTION('',(1.,0.,0.));
#173920=AXIS2_PLACEMENT_3D('',#173890,#173900,#173910);
#173930=APPLICATION_CONTEXT(' ');
#173940=APPLICATION_PROTOCOL_DEFINITION(' ','automotive_design',1998,
#173930);
#173950=PRODUCT_CONTEXT('',#173930,'mechanical');
#173960=PRODUCT_DEFINITION_CONTEXT('part definition',#173930,'design');
#173970=PRODUCT('Cover.1.1','Cover.1.1','',(#173950));
#173980=PRODUCT_RELATED_PRODUCT_CATEGORY('part',' ',(#173970));
#173990=PRODUCT_DEFINITION_FORMATION_WITH_SPECIFIED_SOURCE('','',#173970
,.BOUGHT.);
#174000=PRODUCT_DEFINITION('',' ',#173990,#173960);
#174010=PRODUCT_DEFINITION_SHAPE('','',#174000);
#174020=DIMENSIONAL_EXPONENTS(1.,0.,0.,0.,0.,0.,0.);
#174030=DIMENSIONAL_EXPONENTS(0.,0.,0.,0.,0.,0.,0.);
#174040=DIMENSIONAL_EXPONENTS(0.,0.,0.,0.,0.,0.,0.);
#174050=(LENGTH_UNIT() NAMED_UNIT(*) SI_UNIT(.MILLI.,.METRE.));
#174060=(NAMED_UNIT(*) PLANE_ANGLE_UNIT() SI_UNIT($,.RADIAN.));
#174070=(NAMED_UNIT(*) SI_UNIT($,.STERADIAN.) SOLID_ANGLE_UNIT());
#174080=(GEOMETRIC_REPRESENTATION_CONTEXT(3) 
GLOBAL_UNCERTAINTY_ASSIGNED_CONTEXT((#174090)) 
GLOBAL_UNIT_ASSIGNED_CONTEXT((#174050,#174060,#174070)) 
REPRESENTATION_CONTEXT('',''));
#174090=UNCERTAINTY_MEASURE_WITH_UNIT(LENGTH_MEASURE(0.0046),#174050,
'distance_accuracy_value','maximum gap value');
#174100=ADVANCED_BREP_SHAPE_REPRESENTATION('',(#173920,#173880),#174080)
;
#174110=SHAPE_DEFINITION_REPRESENTATION(#174010,#174100);
#174120=COLOUR_RGB('',0.,0.239215701818466,0.501960813999176);
#174130=FILL_AREA_STYLE_COLOUR('',#174120);
#174140=FILL_AREA_STYLE('',(#174130));
#174150=SURFACE_STYLE_FILL_AREA(#174140);
#174160=SURFACE_SIDE_STYLE('',(#174150));
#174170=SURFACE_STYLE_USAGE(.BOTH.,#174160);
#174180=PRESENTATION_STYLE_ASSIGNMENT((#174170));
#174190=STYLED_ITEM('',(#174180),#173880);
#174200=OVER_RIDING_STYLED_ITEM('',(#5990),#5920,#174190);
#174210=OVER_RIDING_STYLED_ITEM('',(#10460),#10390,#174190);
#174220=OVER_RIDING_STYLED_ITEM('',(#23690),#23620,#174190);
#174230=OVER_RIDING_STYLED_ITEM('',(#24490),#24420,#174190);
#174240=OVER_RIDING_STYLED_ITEM('',(#50560),#50490,#174190);
#174250=OVER_RIDING_STYLED_ITEM('',(#55350),#55280,#174190);
#174260=OVER_RIDING_STYLED_ITEM('',(#57800),#57730,#174190);
#174270=OVER_RIDING_STYLED_ITEM('',(#100420),#100350,#174190);
#174280=OVER_RIDING_STYLED_ITEM('',(#113120),#113050,#174190);
#174290=OVER_RIDING_STYLED_ITEM('',(#114540),#114470,#174190);
#174300=OVER_RIDING_STYLED_ITEM('',(#116140),#116070,#174190);
#174310=OVER_RIDING_STYLED_ITEM('',(#118210),#118140,#174190);
#174320=OVER_RIDING_STYLED_ITEM('',(#128470),#128400,#174190);
#174330=OVER_RIDING_STYLED_ITEM('',(#135170),#135100,#174190);
#174340=OVER_RIDING_STYLED_ITEM('',(#135650),#135580,#174190);
#174350=OVER_RIDING_STYLED_ITEM('',(#136060),#135990,#174190);
#174360=OVER_RIDING_STYLED_ITEM('',(#136490),#136420,#174190);
#174370=OVER_RIDING_STYLED_ITEM('',(#136680),#136610,#174190);
#174380=OVER_RIDING_STYLED_ITEM('',(#136820),#136750,#174190);
#174390=OVER_RIDING_STYLED_ITEM('',(#137770),#137700,#174190);
#174400=OVER_RIDING_STYLED_ITEM('',(#141870),#141800,#174190);
#174410=OVER_RIDING_STYLED_ITEM('',(#143230),#143160,#174190);
#174420=OVER_RIDING_STYLED_ITEM('',(#144030),#143960,#174190);
#174430=OVER_RIDING_STYLED_ITEM('',(#144270),#144200,#174190);
#174440=OVER_RIDING_STYLED_ITEM('',(#145600),#145530,#174190);
#174450=OVER_RIDING_STYLED_ITEM('',(#149770),#149700,#174190);
#174460=OVER_RIDING_STYLED_ITEM('',(#154900),#154830,#174190);
#174470=OVER_RIDING_STYLED_ITEM('',(#155040),#154970,#174190);
#174480=OVER_RIDING_STYLED_ITEM('',(#162690),#162620,#174190);
#174490=OVER_RIDING_STYLED_ITEM('',(#163070),#163000,#174190);
#174500=OVER_RIDING_STYLED_ITEM('',(#163360),#163290,#174190);
#174510=OVER_RIDING_STYLED_ITEM('',(#163550),#163480,#174190);
#174520=OVER_RIDING_STYLED_ITEM('',(#163740),#163670,#174190);
#174530=OVER_RIDING_STYLED_ITEM('',(#164120),#164050,#174190);
#174540=OVER_RIDING_STYLED_ITEM('',(#164500),#164430,#174190);
#174550=OVER_RIDING_STYLED_ITEM('',(#164740),#164670,#174190);
#174560=OVER_RIDING_STYLED_ITEM('',(#164980),#164910,#174190);
#174570=OVER_RIDING_STYLED_ITEM('',(#165170),#165100,#174190);
#174580=OVER_RIDING_STYLED_ITEM('',(#165550),#165480,#174190);
#174590=OVER_RIDING_STYLED_ITEM('',(#165930),#165860,#174190);
#174600=OVER_RIDING_STYLED_ITEM('',(#166170),#166100,#174190);
#174610=OVER_RIDING_STYLED_ITEM('',(#166410),#166340,#174190);
#174620=OVER_RIDING_STYLED_ITEM('',(#166600),#166530,#174190);
#174630=DRAUGHTING_MODEL('',(#174190,#174200,#174210,#174220,#174230,
#174240,#174250,#174260,#174270,#174280,#174290,#174300,#174310,#174320,
#174330,#174340,#174350,#174360,#174370,#174380,#174390,#174400,#174410,
#174420,#174430,#174440,#174450,#174460,#174470,#174480,#174490,#174500,
#174510,#174520,#174530,#174540,#174550,#174560,#174570,#174580,#174590,
#174600,#174610,#174620),#174080);
#174640=CARTESIAN_POINT('',(0.1,0.,0.));
#174650=DIRECTION('',(0.,0.,1.));
#174660=DIRECTION('',(1.,0.,0.));
#174670=AXIS2_PLACEMENT_3D('',#174640,#174650,#174660);
#174680=ITEM_DEFINED_TRANSFORMATION('Cover.1.1','',#173920,#174670);
#174690=APPLICATION_CONTEXT(' ');
#174700=APPLICATION_PROTOCOL_DEFINITION(' ','automotive_design',1998,
#174690);
#174710=PRODUCT_CONTEXT('',#174690,'mechanical');
#174720=PRODUCT_DEFINITION_CONTEXT('part definition',#174690,'design');
#174730=PRODUCT('Cover.1.1','Cover.1.1','',(#174710));
#174740=PRODUCT_RELATED_PRODUCT_CATEGORY('part',' ',(#174730));
#174750=PRODUCT_DEFINITION_FORMATION_WITH_SPECIFIED_SOURCE('','',#174730
,.BOUGHT.);
#174760=PRODUCT_DEFINITION('',' ',#174750,#174720);
#174770=PRODUCT_DEFINITION_SHAPE('','',#174760);
#174780=DIMENSIONAL_EXPONENTS(1.,0.,0.,0.,0.,0.,0.);
#174790=DIMENSIONAL_EXPONENTS(0.,0.,0.,0.,0.,0.,0.);
#174800=DIMENSIONAL_EXPONENTS(0.,0.,0.,0.,0.,0.,0.);
#174810=(LENGTH_UNIT() NAMED_UNIT(*) SI_UNIT(.MILLI.,.METRE.));
#174820=(NAMED_UNIT(*) PLANE_ANGLE_UNIT() SI_UNIT($,.RADIAN.));
#174830=(NAMED_UNIT(*) SI_UNIT($,.STERADIAN.) SOLID_ANGLE_UNIT());
#174840=(GEOMETRIC_REPRESENTATION_CONTEXT(3) 
GLOBAL_UNCERTAINTY_ASSIGNED_CONTEXT((#174850)) 
GLOBAL_UNIT_ASSIGNED_CONTEXT((#174810,#174820,#174830)) 
REPRESENTATION_CONTEXT('',''));
#174850=UNCERTAINTY_MEASURE_WITH_UNIT(LENGTH_MEASURE(0.0046),#174810,
'distance_accuracy_value','maximum gap value');
#174860=SHAPE_REPRESENTATION('',(#173920,#174670),#174840);
#174870=SHAPE_DEFINITION_REPRESENTATION(#174770,#174860);
#174880=(REPRESENTATION_RELATIONSHIP('','',#174100,#174860) 
REPRESENTATION_RELATIONSHIP_WITH_TRANSFORMATION(#174680) 
SHAPE_REPRESENTATION_RELATIONSHIP());
#174890=NEXT_ASSEMBLY_USAGE_OCCURRENCE('1','','Cover.1.1',#174760,
#174000,'');
#174900=PRODUCT_DEFINITION_SHAPE('','',#174890);
#174910=CONTEXT_DEPENDENT_SHAPE_REPRESENTATION(#174880,#174900);
ENDSEC;
END-ISO-10303-21;
