ISO-10303-21;
HEADER;
/* Generated by software containing ST-Developer
 * from STEP Tools, Inc. (www.steptools.com) 
 */

FILE_DESCRIPTION(
/* description */ (''),
/* implementation_level */ '2;1');

FILE_NAME(
/* name */ 
'\\\\sinsdv020.ap.infineon.com\\DES_S_PS_ACD\\Working Folder\\PG-TSON-
8-9\\PG-TSON-8-9_Z8B00241100_V01_3D.stp',
/* time_stamp */ '2023-03-01T18:20:04+06:00',
/* author */ ('Subramani'),
/* organization */ (''),
/* preprocessor_version */ 'ST-DEVELOPER v16.13',
/* originating_system */ 'AutoCAD Mechanical',
/* authorisation */ '');

FILE_SCHEMA (('AUTOMOTIVE_DESIGN { 1 0 10303 214 3 1 1 }'));
ENDSEC;

DATA;
#10=MECHANICAL_DESIGN_GEOMETRIC_PRESENTATION_REPRESENTATION('',(#99,#98,
#114,#100,#103,#101,#102,#107,#106,#105,#104,#108,#109,#110,#111,#113,#112),
#6640);
#11=PRESENTATION_LAYER_ASSIGNMENT('2','3D_Pins',(#115,#116,#117));
#12=PRESENTATION_LAYER_ASSIGNMENT('1','3D_Mold',(#118));
#13=PRESENTATION_LAYER_ASSIGNMENT('3','3D_Pin1',(#119));
#14=PRESENTATION_LAYER_ASSIGNMENT('5','3D_Logo',(#120,#121,#122,#123,#124,
#125,#126,#127,#128,#129,#130,#131));
#15=SHAPE_REPRESENTATION_RELATIONSHIP('SRR','None',#6646,#16);
#16=ADVANCED_BREP_SHAPE_REPRESENTATION('',(#115,#116,#117,#118,#119,#120,
#121,#122,#123,#124,#125,#126,#127,#128,#129,#130,#131),#6639);
#17=(
BOUNDED_CURVE()
B_SPLINE_CURVE(3,(#5819,#5820,#5821,#5822,#5823,#5824,#5825),
 .UNSPECIFIED.,.F.,.F.)
B_SPLINE_CURVE_WITH_KNOTS((4,1,1,1,4),(9.89572329692831,10.2860525432452,
10.4461076351519,10.6762822529804,10.8957232969283),.UNSPECIFIED.)
CURVE()
GEOMETRIC_REPRESENTATION_ITEM()
RATIONAL_B_SPLINE_CURVE((1.,1.,1.,1.,1.,1.,1.))
REPRESENTATION_ITEM('')
);
#18=(
BOUNDED_CURVE()
B_SPLINE_CURVE(3,(#5829,#5830,#5831,#5832,#5833,#5834,#5835),
 .UNSPECIFIED.,.F.,.F.)
B_SPLINE_CURVE_WITH_KNOTS((4,1,1,1,4),(9.89572329692831,10.2860525432452,
10.4461076351519,10.6762822529804,10.8957232969283),.UNSPECIFIED.)
CURVE()
GEOMETRIC_REPRESENTATION_ITEM()
RATIONAL_B_SPLINE_CURVE((1.,1.,1.,1.,1.,1.,1.))
REPRESENTATION_ITEM('')
);
#19=(
BOUNDED_CURVE()
B_SPLINE_CURVE(3,(#5898,#5899,#5900,#5901,#5902,#5903,#5904,#5905,#5906),
 .UNSPECIFIED.,.F.,.F.)
B_SPLINE_CURVE_WITH_KNOTS((4,1,1,1,1,1,4),(1.,1.20199002713538,1.3847763570829,
1.47454453190553,1.59390050992387,1.7709553074419,2.),.UNSPECIFIED.)
CURVE()
GEOMETRIC_REPRESENTATION_ITEM()
RATIONAL_B_SPLINE_CURVE((1.,1.,1.,1.,1.,1.,1.,1.,1.))
REPRESENTATION_ITEM('')
);
#20=(
BOUNDED_CURVE()
B_SPLINE_CURVE(3,(#5908,#5909,#5910,#5911,#5912,#5913,#5914,#5915,#5916),
 .UNSPECIFIED.,.F.,.F.)
B_SPLINE_CURVE_WITH_KNOTS((4,1,1,1,1,1,4),(1.,1.20199002713538,1.3847763570829,
1.47454453190553,1.59390050992387,1.7709553074419,2.),.UNSPECIFIED.)
CURVE()
GEOMETRIC_REPRESENTATION_ITEM()
RATIONAL_B_SPLINE_CURVE((1.,1.,1.,1.,1.,1.,1.,1.,1.))
REPRESENTATION_ITEM('')
);
#21=(
BOUNDED_CURVE()
B_SPLINE_CURVE(3,(#5953,#5954,#5955,#5956),.UNSPECIFIED.,.F.,.F.)
B_SPLINE_CURVE_WITH_KNOTS((4,4),(6.,7.),.UNSPECIFIED.)
CURVE()
GEOMETRIC_REPRESENTATION_ITEM()
RATIONAL_B_SPLINE_CURVE((1.,1.,1.,1.))
REPRESENTATION_ITEM('')
);
#22=(
BOUNDED_CURVE()
B_SPLINE_CURVE(3,(#5958,#5959,#5960,#5961),.UNSPECIFIED.,.F.,.F.)
B_SPLINE_CURVE_WITH_KNOTS((4,4),(6.,7.),.UNSPECIFIED.)
CURVE()
GEOMETRIC_REPRESENTATION_ITEM()
RATIONAL_B_SPLINE_CURVE((1.,1.,1.,1.))
REPRESENTATION_ITEM('')
);
#23=(
BOUNDED_CURVE()
B_SPLINE_CURVE(3,(#6003,#6004,#6005,#6006,#6007),.UNSPECIFIED.,.F.,.F.)
B_SPLINE_CURVE_WITH_KNOTS((4,1,4),(0.,0.506378716137783,1.),
 .UNSPECIFIED.)
CURVE()
GEOMETRIC_REPRESENTATION_ITEM()
RATIONAL_B_SPLINE_CURVE((1.,1.,1.,1.,1.))
REPRESENTATION_ITEM('')
);
#24=(
BOUNDED_CURVE()
B_SPLINE_CURVE(3,(#6008,#6009,#6010,#6011,#6012),.UNSPECIFIED.,.F.,.F.)
B_SPLINE_CURVE_WITH_KNOTS((4,1,4),(0.,0.506378716137783,1.),
 .UNSPECIFIED.)
CURVE()
GEOMETRIC_REPRESENTATION_ITEM()
RATIONAL_B_SPLINE_CURVE((1.,1.,1.,1.,1.))
REPRESENTATION_ITEM('')
);
#25=(
BOUNDED_CURVE()
B_SPLINE_CURVE(3,(#6045,#6046,#6047,#6048),.UNSPECIFIED.,.F.,.F.)
B_SPLINE_CURVE_WITH_KNOTS((4,4),(6.,7.),.UNSPECIFIED.)
CURVE()
GEOMETRIC_REPRESENTATION_ITEM()
RATIONAL_B_SPLINE_CURVE((1.,1.,1.,1.))
REPRESENTATION_ITEM('')
);
#26=(
BOUNDED_CURVE()
B_SPLINE_CURVE(3,(#6050,#6051,#6052,#6053),.UNSPECIFIED.,.F.,.F.)
B_SPLINE_CURVE_WITH_KNOTS((4,4),(6.,7.),.UNSPECIFIED.)
CURVE()
GEOMETRIC_REPRESENTATION_ITEM()
RATIONAL_B_SPLINE_CURVE((1.,1.,1.,1.))
REPRESENTATION_ITEM('')
);
#27=(
BOUNDED_CURVE()
B_SPLINE_CURVE(3,(#6095,#6096,#6097,#6098,#6099),.UNSPECIFIED.,.F.,.F.)
B_SPLINE_CURVE_WITH_KNOTS((4,1,4),(0.,0.506378716137783,1.),
 .UNSPECIFIED.)
CURVE()
GEOMETRIC_REPRESENTATION_ITEM()
RATIONAL_B_SPLINE_CURVE((1.,1.,1.,1.,1.))
REPRESENTATION_ITEM('')
);
#28=(
BOUNDED_CURVE()
B_SPLINE_CURVE(3,(#6100,#6101,#6102,#6103,#6104),.UNSPECIFIED.,.F.,.F.)
B_SPLINE_CURVE_WITH_KNOTS((4,1,4),(0.,0.506378716137783,1.),
 .UNSPECIFIED.)
CURVE()
GEOMETRIC_REPRESENTATION_ITEM()
RATIONAL_B_SPLINE_CURVE((1.,1.,1.,1.,1.))
REPRESENTATION_ITEM('')
);
#29=(
BOUNDED_CURVE()
B_SPLINE_CURVE(3,(#6119,#6120,#6121,#6122,#6123),.UNSPECIFIED.,.F.,.F.)
B_SPLINE_CURVE_WITH_KNOTS((4,1,4),(9.,9.50637871613778,10.),
 .UNSPECIFIED.)
CURVE()
GEOMETRIC_REPRESENTATION_ITEM()
RATIONAL_B_SPLINE_CURVE((1.,1.,1.,1.,1.))
REPRESENTATION_ITEM('')
);
#30=(
BOUNDED_CURVE()
B_SPLINE_CURVE(3,(#6127,#6128,#6129,#6130,#6131),.UNSPECIFIED.,.F.,.F.)
B_SPLINE_CURVE_WITH_KNOTS((4,1,4),(9.,9.50637871613778,10.),
 .UNSPECIFIED.)
CURVE()
GEOMETRIC_REPRESENTATION_ITEM()
RATIONAL_B_SPLINE_CURVE((1.,1.,1.,1.,1.))
REPRESENTATION_ITEM('')
);
#31=(
BOUNDED_CURVE()
B_SPLINE_CURVE(3,(#6160,#6161,#6162,#6163),.UNSPECIFIED.,.F.,.F.)
B_SPLINE_CURVE_WITH_KNOTS((4,4),(5.,6.),.UNSPECIFIED.)
CURVE()
GEOMETRIC_REPRESENTATION_ITEM()
RATIONAL_B_SPLINE_CURVE((1.,1.,1.,1.))
REPRESENTATION_ITEM('')
);
#32=(
BOUNDED_CURVE()
B_SPLINE_CURVE(3,(#6165,#6166,#6167,#6168),.UNSPECIFIED.,.F.,.F.)
B_SPLINE_CURVE_WITH_KNOTS((4,4),(5.,6.),.UNSPECIFIED.)
CURVE()
GEOMETRIC_REPRESENTATION_ITEM()
RATIONAL_B_SPLINE_CURVE((1.,1.,1.,1.))
REPRESENTATION_ITEM('')
);
#33=(
BOUNDED_CURVE()
B_SPLINE_CURVE(3,(#6209,#6210,#6211,#6212),.UNSPECIFIED.,.F.,.F.)
B_SPLINE_CURVE_WITH_KNOTS((4,4),(13.,14.),.UNSPECIFIED.)
CURVE()
GEOMETRIC_REPRESENTATION_ITEM()
RATIONAL_B_SPLINE_CURVE((1.,1.,1.,1.))
REPRESENTATION_ITEM('')
);
#34=(
BOUNDED_CURVE()
B_SPLINE_CURVE(3,(#6216,#6217,#6218,#6219),.UNSPECIFIED.,.F.,.F.)
B_SPLINE_CURVE_WITH_KNOTS((4,4),(13.,14.),.UNSPECIFIED.)
CURVE()
GEOMETRIC_REPRESENTATION_ITEM()
RATIONAL_B_SPLINE_CURVE((1.,1.,1.,1.))
REPRESENTATION_ITEM('')
);
#35=(
BOUNDED_CURVE()
B_SPLINE_CURVE(3,(#6236,#6237,#6238,#6239),.UNSPECIFIED.,.F.,.F.)
B_SPLINE_CURVE_WITH_KNOTS((4,4),(11.,12.),.UNSPECIFIED.)
CURVE()
GEOMETRIC_REPRESENTATION_ITEM()
RATIONAL_B_SPLINE_CURVE((1.,1.,1.,1.))
REPRESENTATION_ITEM('')
);
#36=(
BOUNDED_CURVE()
B_SPLINE_CURVE(3,(#6241,#6242,#6243,#6244),.UNSPECIFIED.,.F.,.F.)
B_SPLINE_CURVE_WITH_KNOTS((4,4),(11.,12.),.UNSPECIFIED.)
CURVE()
GEOMETRIC_REPRESENTATION_ITEM()
RATIONAL_B_SPLINE_CURVE((1.,1.,1.,1.))
REPRESENTATION_ITEM('')
);
#37=(
BOUNDED_CURVE()
B_SPLINE_CURVE(3,(#6344,#6345,#6346,#6347,#6348,#6349),.UNSPECIFIED.,.F.,
 .F.)
B_SPLINE_CURVE_WITH_KNOTS((4,1,1,4),(0.,0.324339629177968,0.571874357685934,
1.),.UNSPECIFIED.)
CURVE()
GEOMETRIC_REPRESENTATION_ITEM()
RATIONAL_B_SPLINE_CURVE((1.,1.,1.,1.,1.,1.))
REPRESENTATION_ITEM('')
);
#38=(
BOUNDED_CURVE()
B_SPLINE_CURVE(3,(#6350,#6351,#6352,#6353,#6354,#6355),.UNSPECIFIED.,.F.,
 .F.)
B_SPLINE_CURVE_WITH_KNOTS((4,1,1,4),(-1.,-0.571874357685934,-0.324339629177968,
0.),.UNSPECIFIED.)
CURVE()
GEOMETRIC_REPRESENTATION_ITEM()
RATIONAL_B_SPLINE_CURVE((1.,1.,1.,1.,1.,1.))
REPRESENTATION_ITEM('')
);
#39=(
BOUNDED_CURVE()
B_SPLINE_CURVE(3,(#6370,#6371,#6372,#6373,#6374,#6375),.UNSPECIFIED.,.F.,
 .F.)
B_SPLINE_CURVE_WITH_KNOTS((4,1,1,4),(8.,8.30644689092663,8.59799782865395,
9.),.UNSPECIFIED.)
CURVE()
GEOMETRIC_REPRESENTATION_ITEM()
RATIONAL_B_SPLINE_CURVE((1.,1.,1.,1.,1.,1.))
REPRESENTATION_ITEM('')
);
#40=(
BOUNDED_CURVE()
B_SPLINE_CURVE(3,(#6379,#6380,#6381,#6382,#6383,#6384),.UNSPECIFIED.,.F.,
 .F.)
B_SPLINE_CURVE_WITH_KNOTS((4,1,1,4),(8.,8.30644689092663,8.59799782865395,
9.),.UNSPECIFIED.)
CURVE()
GEOMETRIC_REPRESENTATION_ITEM()
RATIONAL_B_SPLINE_CURVE((1.,1.,1.,1.,1.,1.))
REPRESENTATION_ITEM('')
);
#41=(
BOUNDED_CURVE()
B_SPLINE_CURVE(3,(#6413,#6414,#6415,#6416,#6417,#6418,#6419),
 .UNSPECIFIED.,.F.,.F.)
B_SPLINE_CURVE_WITH_KNOTS((4,1,1,1,4),(5.,5.40425805790529,5.57116718233676,
5.71508347604857,6.),.UNSPECIFIED.)
CURVE()
GEOMETRIC_REPRESENTATION_ITEM()
RATIONAL_B_SPLINE_CURVE((1.,1.,1.,1.,1.,1.,1.))
REPRESENTATION_ITEM('')
);
#42=(
BOUNDED_CURVE()
B_SPLINE_CURVE(3,(#6421,#6422,#6423,#6424,#6425,#6426,#6427),
 .UNSPECIFIED.,.F.,.F.)
B_SPLINE_CURVE_WITH_KNOTS((4,1,1,1,4),(5.,5.40425805790529,5.57116718233676,
5.71508347604857,6.),.UNSPECIFIED.)
CURVE()
GEOMETRIC_REPRESENTATION_ITEM()
RATIONAL_B_SPLINE_CURVE((1.,1.,1.,1.,1.,1.,1.))
REPRESENTATION_ITEM('')
);
#43=(
BOUNDED_CURVE()
B_SPLINE_CURVE(3,(#6452,#6453,#6454,#6455,#6456,#6457,#6458,#6459),
 .UNSPECIFIED.,.F.,.F.)
B_SPLINE_CURVE_WITH_KNOTS((4,1,1,1,1,4),(3.,3.27409078480324,3.42969795369641,
3.57517369149644,3.70268031260286,4.),.UNSPECIFIED.)
CURVE()
GEOMETRIC_REPRESENTATION_ITEM()
RATIONAL_B_SPLINE_CURVE((1.,1.,1.,1.,1.,1.,1.,1.))
REPRESENTATION_ITEM('')
);
#44=(
BOUNDED_CURVE()
B_SPLINE_CURVE(3,(#6461,#6462,#6463,#6464,#6465,#6466,#6467,#6468),
 .UNSPECIFIED.,.F.,.F.)
B_SPLINE_CURVE_WITH_KNOTS((4,1,1,1,1,4),(3.,3.27409078480324,3.42969795369641,
3.57517369149644,3.70268031260286,4.),.UNSPECIFIED.)
CURVE()
GEOMETRIC_REPRESENTATION_ITEM()
RATIONAL_B_SPLINE_CURVE((1.,1.,1.,1.,1.,1.,1.,1.))
REPRESENTATION_ITEM('')
);
#45=(
BOUNDED_CURVE()
B_SPLINE_CURVE(3,(#6503,#6504,#6505,#6506,#6507,#6508,#6509),
 .UNSPECIFIED.,.F.,.F.)
B_SPLINE_CURVE_WITH_KNOTS((4,1,1,1,4),(3.,3.4114422538586,3.58192882146562,
3.69777033847074,4.),.UNSPECIFIED.)
CURVE()
GEOMETRIC_REPRESENTATION_ITEM()
RATIONAL_B_SPLINE_CURVE((1.,1.,1.,1.,1.,1.,1.))
REPRESENTATION_ITEM('')
);
#46=(
BOUNDED_CURVE()
B_SPLINE_CURVE(3,(#6513,#6514,#6515,#6516,#6517,#6518,#6519),
 .UNSPECIFIED.,.F.,.F.)
B_SPLINE_CURVE_WITH_KNOTS((4,1,1,1,4),(-4.,-3.69777033847074,-3.58192882146562,
-3.4114422538586,-3.),.UNSPECIFIED.)
CURVE()
GEOMETRIC_REPRESENTATION_ITEM()
RATIONAL_B_SPLINE_CURVE((1.,1.,1.,1.,1.,1.,1.))
REPRESENTATION_ITEM('')
);
#47=(
BOUNDED_CURVE()
B_SPLINE_CURVE(3,(#6540,#6541,#6542,#6543,#6544,#6545),.UNSPECIFIED.,.F.,
 .F.)
B_SPLINE_CURVE_WITH_KNOTS((4,1,1,4),(1.,1.41792976601001,1.60686979313225,
2.),.UNSPECIFIED.)
CURVE()
GEOMETRIC_REPRESENTATION_ITEM()
RATIONAL_B_SPLINE_CURVE((1.,1.,1.,1.,1.,1.))
REPRESENTATION_ITEM('')
);
#48=(
BOUNDED_CURVE()
B_SPLINE_CURVE(3,(#6548,#6549,#6550,#6551,#6552,#6553),.UNSPECIFIED.,.F.,
 .F.)
B_SPLINE_CURVE_WITH_KNOTS((4,1,1,4),(-2.,-1.60686979313225,-1.41792976601001,
-1.),.UNSPECIFIED.)
CURVE()
GEOMETRIC_REPRESENTATION_ITEM()
RATIONAL_B_SPLINE_CURVE((1.,1.,1.,1.,1.,1.))
REPRESENTATION_ITEM('')
);
#49=(
BOUNDED_CURVE()
B_SPLINE_CURVE(3,(#6575,#6576,#6577,#6578,#6579,#6580,#6581,#6582),
 .UNSPECIFIED.,.F.,.F.)
B_SPLINE_CURVE_WITH_KNOTS((4,1,1,1,1,4),(3.,3.23849206427794,3.36897739769037,
3.57837439943119,3.68877954293656,4.),.UNSPECIFIED.)
CURVE()
GEOMETRIC_REPRESENTATION_ITEM()
RATIONAL_B_SPLINE_CURVE((1.,1.,1.,1.,1.,1.,1.,1.))
REPRESENTATION_ITEM('')
);
#50=(
BOUNDED_CURVE()
B_SPLINE_CURVE(3,(#6586,#6587,#6588,#6589,#6590,#6591,#6592,#6593),
 .UNSPECIFIED.,.F.,.F.)
B_SPLINE_CURVE_WITH_KNOTS((4,1,1,1,1,4),(3.,3.23849206427794,3.36897739769037,
3.57837439943119,3.68877954293656,4.),.UNSPECIFIED.)
CURVE()
GEOMETRIC_REPRESENTATION_ITEM()
RATIONAL_B_SPLINE_CURVE((1.,1.,1.,1.,1.,1.,1.,1.))
REPRESENTATION_ITEM('')
);
#51=(
BOUNDED_CURVE()
B_SPLINE_CURVE(3,(#6616,#6617,#6618,#6619,#6620,#6621,#6622),
 .UNSPECIFIED.,.F.,.F.)
B_SPLINE_CURVE_WITH_KNOTS((4,1,1,1,4),(1.,1.32366156986812,1.44930228373454,
1.62896021057837,2.),.UNSPECIFIED.)
CURVE()
GEOMETRIC_REPRESENTATION_ITEM()
RATIONAL_B_SPLINE_CURVE((1.,1.,1.,1.,1.,1.,1.))
REPRESENTATION_ITEM('')
);
#52=(
BOUNDED_CURVE()
B_SPLINE_CURVE(3,(#6624,#6625,#6626,#6627,#6628,#6629,#6630),
 .UNSPECIFIED.,.F.,.F.)
B_SPLINE_CURVE_WITH_KNOTS((4,1,1,1,4),(1.,1.32366156986812,1.44930228373454,
1.62896021057837,2.),.UNSPECIFIED.)
CURVE()
GEOMETRIC_REPRESENTATION_ITEM()
RATIONAL_B_SPLINE_CURVE((1.,1.,1.,1.,1.,1.,1.))
REPRESENTATION_ITEM('')
);
#53=(
BOUNDED_SURFACE()
B_SPLINE_SURFACE(3,1,((#5803,#5804),(#5805,#5806),(#5807,#5808),(#5809,
#5810),(#5811,#5812),(#5813,#5814),(#5815,#5816)),.UNSPECIFIED.,.F.,.F.,
 .F.)
B_SPLINE_SURFACE_WITH_KNOTS((4,1,1,1,4),(2,2),(9.89572329692831,10.2860525432452,
10.4461076351519,10.6762822529804,10.8957232969283),(0.,0.01),
 .UNSPECIFIED.)
GEOMETRIC_REPRESENTATION_ITEM()
RATIONAL_B_SPLINE_SURFACE(((1.,1.),(1.,1.),(1.,1.),(1.,1.),(1.,1.),(1.,
1.),(1.,1.)))
REPRESENTATION_ITEM('')
SURFACE()
);
#54=(
BOUNDED_SURFACE()
B_SPLINE_SURFACE(3,1,((#5879,#5880),(#5881,#5882),(#5883,#5884),(#5885,
#5886),(#5887,#5888),(#5889,#5890),(#5891,#5892),(#5893,#5894),(#5895,#5896)),
 .UNSPECIFIED.,.F.,.F.,.F.)
B_SPLINE_SURFACE_WITH_KNOTS((4,1,1,1,1,1,4),(2,2),(1.,1.20199002713538,
1.3847763570829,1.47454453190553,1.59390050992387,1.7709553074419,2.),(0.,
0.01),.UNSPECIFIED.)
GEOMETRIC_REPRESENTATION_ITEM()
RATIONAL_B_SPLINE_SURFACE(((1.,1.),(1.,1.),(1.,1.),(1.,1.),(1.,1.),(1.,
1.),(1.,1.),(1.,1.),(1.,1.)))
REPRESENTATION_ITEM('')
SURFACE()
);
#55=(
BOUNDED_SURFACE()
B_SPLINE_SURFACE(3,1,((#5944,#5945),(#5946,#5947),(#5948,#5949),(#5950,
#5951)),.UNSPECIFIED.,.F.,.F.,.F.)
B_SPLINE_SURFACE_WITH_KNOTS((4,4),(2,2),(6.,7.),(0.,0.01),.UNSPECIFIED.)
GEOMETRIC_REPRESENTATION_ITEM()
RATIONAL_B_SPLINE_SURFACE(((1.,1.),(1.,1.),(1.,1.),(1.,1.)))
REPRESENTATION_ITEM('')
SURFACE()
);
#56=(
BOUNDED_SURFACE()
B_SPLINE_SURFACE(3,1,((#5993,#5994),(#5995,#5996),(#5997,#5998),(#5999,
#6000),(#6001,#6002)),.UNSPECIFIED.,.F.,.F.,.F.)
B_SPLINE_SURFACE_WITH_KNOTS((4,1,4),(2,2),(0.,0.506378716137783,1.),(0.,
0.01),.UNSPECIFIED.)
GEOMETRIC_REPRESENTATION_ITEM()
RATIONAL_B_SPLINE_SURFACE(((1.,1.),(1.,1.),(1.,1.),(1.,1.),(1.,1.)))
REPRESENTATION_ITEM('')
SURFACE()
);
#57=(
BOUNDED_SURFACE()
B_SPLINE_SURFACE(3,1,((#6036,#6037),(#6038,#6039),(#6040,#6041),(#6042,
#6043)),.UNSPECIFIED.,.F.,.F.,.F.)
B_SPLINE_SURFACE_WITH_KNOTS((4,4),(2,2),(6.,7.),(0.,0.01),.UNSPECIFIED.)
GEOMETRIC_REPRESENTATION_ITEM()
RATIONAL_B_SPLINE_SURFACE(((1.,1.),(1.,1.),(1.,1.),(1.,1.)))
REPRESENTATION_ITEM('')
SURFACE()
);
#58=(
BOUNDED_SURFACE()
B_SPLINE_SURFACE(3,1,((#6085,#6086),(#6087,#6088),(#6089,#6090),(#6091,
#6092),(#6093,#6094)),.UNSPECIFIED.,.F.,.F.,.F.)
B_SPLINE_SURFACE_WITH_KNOTS((4,1,4),(2,2),(0.,0.506378716137783,1.),(0.,
0.01),.UNSPECIFIED.)
GEOMETRIC_REPRESENTATION_ITEM()
RATIONAL_B_SPLINE_SURFACE(((1.,1.),(1.,1.),(1.,1.),(1.,1.),(1.,1.)))
REPRESENTATION_ITEM('')
SURFACE()
);
#59=(
BOUNDED_SURFACE()
B_SPLINE_SURFACE(3,1,((#6107,#6108),(#6109,#6110),(#6111,#6112),(#6113,
#6114),(#6115,#6116)),.UNSPECIFIED.,.F.,.F.,.F.)
B_SPLINE_SURFACE_WITH_KNOTS((4,1,4),(2,2),(9.,9.50637871613778,10.),(0.,
0.01),.UNSPECIFIED.)
GEOMETRIC_REPRESENTATION_ITEM()
RATIONAL_B_SPLINE_SURFACE(((1.,1.),(1.,1.),(1.,1.),(1.,1.),(1.,1.)))
REPRESENTATION_ITEM('')
SURFACE()
);
#60=(
BOUNDED_SURFACE()
B_SPLINE_SURFACE(3,1,((#6151,#6152),(#6153,#6154),(#6155,#6156),(#6157,
#6158)),.UNSPECIFIED.,.F.,.F.,.F.)
B_SPLINE_SURFACE_WITH_KNOTS((4,4),(2,2),(5.,6.),(0.,0.01),.UNSPECIFIED.)
GEOMETRIC_REPRESENTATION_ITEM()
RATIONAL_B_SPLINE_SURFACE(((1.,1.),(1.,1.),(1.,1.),(1.,1.)))
REPRESENTATION_ITEM('')
SURFACE()
);
#61=(
BOUNDED_SURFACE()
B_SPLINE_SURFACE(3,1,((#6199,#6200),(#6201,#6202),(#6203,#6204),(#6205,
#6206)),.UNSPECIFIED.,.F.,.F.,.F.)
B_SPLINE_SURFACE_WITH_KNOTS((4,4),(2,2),(13.,14.),(0.,0.01),
 .UNSPECIFIED.)
GEOMETRIC_REPRESENTATION_ITEM()
RATIONAL_B_SPLINE_SURFACE(((1.,1.),(1.,1.),(1.,1.),(1.,1.)))
REPRESENTATION_ITEM('')
SURFACE()
);
#62=(
BOUNDED_SURFACE()
B_SPLINE_SURFACE(3,1,((#6227,#6228),(#6229,#6230),(#6231,#6232),(#6233,
#6234)),.UNSPECIFIED.,.F.,.F.,.F.)
B_SPLINE_SURFACE_WITH_KNOTS((4,4),(2,2),(11.,12.),(0.,0.01),
 .UNSPECIFIED.)
GEOMETRIC_REPRESENTATION_ITEM()
RATIONAL_B_SPLINE_SURFACE(((1.,1.),(1.,1.),(1.,1.),(1.,1.)))
REPRESENTATION_ITEM('')
SURFACE()
);
#63=(
BOUNDED_SURFACE()
B_SPLINE_SURFACE(3,1,((#6332,#6333),(#6334,#6335),(#6336,#6337),(#6338,
#6339),(#6340,#6341),(#6342,#6343)),.UNSPECIFIED.,.F.,.F.,.F.)
B_SPLINE_SURFACE_WITH_KNOTS((4,1,1,4),(2,2),(0.,0.324339629177968,0.571874357685934,
1.),(0.,0.01),.UNSPECIFIED.)
GEOMETRIC_REPRESENTATION_ITEM()
RATIONAL_B_SPLINE_SURFACE(((1.,1.),(1.,1.),(1.,1.),(1.,1.),(1.,1.),(1.,
1.)))
REPRESENTATION_ITEM('')
SURFACE()
);
#64=(
BOUNDED_SURFACE()
B_SPLINE_SURFACE(3,1,((#6356,#6357),(#6358,#6359),(#6360,#6361),(#6362,
#6363),(#6364,#6365),(#6366,#6367)),.UNSPECIFIED.,.F.,.F.,.F.)
B_SPLINE_SURFACE_WITH_KNOTS((4,1,1,4),(2,2),(8.,8.30644689092663,8.59799782865395,
9.),(0.,0.01),.UNSPECIFIED.)
GEOMETRIC_REPRESENTATION_ITEM()
RATIONAL_B_SPLINE_SURFACE(((1.,1.),(1.,1.),(1.,1.),(1.,1.),(1.,1.),(1.,
1.)))
REPRESENTATION_ITEM('')
SURFACE()
);
#65=(
BOUNDED_SURFACE()
B_SPLINE_SURFACE(3,1,((#6398,#6399),(#6400,#6401),(#6402,#6403),(#6404,
#6405),(#6406,#6407),(#6408,#6409),(#6410,#6411)),.UNSPECIFIED.,.F.,.F.,
 .F.)
B_SPLINE_SURFACE_WITH_KNOTS((4,1,1,1,4),(2,2),(5.,5.40425805790529,5.57116718233676,
5.71508347604857,6.),(0.,0.01),.UNSPECIFIED.)
GEOMETRIC_REPRESENTATION_ITEM()
RATIONAL_B_SPLINE_SURFACE(((1.,1.),(1.,1.),(1.,1.),(1.,1.),(1.,1.),(1.,
1.),(1.,1.)))
REPRESENTATION_ITEM('')
SURFACE()
);
#66=(
BOUNDED_SURFACE()
B_SPLINE_SURFACE(3,1,((#6435,#6436),(#6437,#6438),(#6439,#6440),(#6441,
#6442),(#6443,#6444),(#6445,#6446),(#6447,#6448),(#6449,#6450)),
 .UNSPECIFIED.,.F.,.F.,.F.)
B_SPLINE_SURFACE_WITH_KNOTS((4,1,1,1,1,4),(2,2),(3.,3.27409078480324,3.42969795369641,
3.57517369149644,3.70268031260286,4.),(0.,0.01),.UNSPECIFIED.)
GEOMETRIC_REPRESENTATION_ITEM()
RATIONAL_B_SPLINE_SURFACE(((1.,1.),(1.,1.),(1.,1.),(1.,1.),(1.,1.),(1.,
1.),(1.,1.),(1.,1.)))
REPRESENTATION_ITEM('')
SURFACE()
);
#67=(
BOUNDED_SURFACE()
B_SPLINE_SURFACE(3,1,((#6487,#6488),(#6489,#6490),(#6491,#6492),(#6493,
#6494),(#6495,#6496),(#6497,#6498),(#6499,#6500)),.UNSPECIFIED.,.F.,.F.,
 .F.)
B_SPLINE_SURFACE_WITH_KNOTS((4,1,1,1,4),(2,2),(3.,3.4114422538586,3.58192882146562,
3.69777033847074,4.),(0.,0.01),.UNSPECIFIED.)
GEOMETRIC_REPRESENTATION_ITEM()
RATIONAL_B_SPLINE_SURFACE(((1.,1.),(1.,1.),(1.,1.),(1.,1.),(1.,1.),(1.,
1.),(1.,1.)))
REPRESENTATION_ITEM('')
SURFACE()
);
#68=(
BOUNDED_SURFACE()
B_SPLINE_SURFACE(3,1,((#6527,#6528),(#6529,#6530),(#6531,#6532),(#6533,
#6534),(#6535,#6536),(#6537,#6538)),.UNSPECIFIED.,.F.,.F.,.F.)
B_SPLINE_SURFACE_WITH_KNOTS((4,1,1,4),(2,2),(1.,1.41792976601001,1.60686979313225,
2.),(0.,0.01),.UNSPECIFIED.)
GEOMETRIC_REPRESENTATION_ITEM()
RATIONAL_B_SPLINE_SURFACE(((1.,1.),(1.,1.),(1.,1.),(1.,1.),(1.,1.),(1.,
1.)))
REPRESENTATION_ITEM('')
SURFACE()
);
#69=(
BOUNDED_SURFACE()
B_SPLINE_SURFACE(3,1,((#6557,#6558),(#6559,#6560),(#6561,#6562),(#6563,
#6564),(#6565,#6566),(#6567,#6568),(#6569,#6570),(#6571,#6572)),
 .UNSPECIFIED.,.F.,.F.,.F.)
B_SPLINE_SURFACE_WITH_KNOTS((4,1,1,1,1,4),(2,2),(3.,3.23849206427794,3.36897739769037,
3.57837439943119,3.68877954293656,4.),(0.,0.01),.UNSPECIFIED.)
GEOMETRIC_REPRESENTATION_ITEM()
RATIONAL_B_SPLINE_SURFACE(((1.,1.),(1.,1.),(1.,1.),(1.,1.),(1.,1.),(1.,
1.),(1.,1.),(1.,1.)))
REPRESENTATION_ITEM('')
SURFACE()
);
#70=(
BOUNDED_SURFACE()
B_SPLINE_SURFACE(3,1,((#6601,#6602),(#6603,#6604),(#6605,#6606),(#6607,
#6608),(#6609,#6610),(#6611,#6612),(#6613,#6614)),.UNSPECIFIED.,.F.,.F.,
 .F.)
B_SPLINE_SURFACE_WITH_KNOTS((4,1,1,1,4),(2,2),(1.,1.32366156986812,1.44930228373454,
1.62896021057837,2.),(0.,0.01),.UNSPECIFIED.)
GEOMETRIC_REPRESENTATION_ITEM()
RATIONAL_B_SPLINE_SURFACE(((1.,1.),(1.,1.),(1.,1.),(1.,1.),(1.,1.),(1.,
1.),(1.,1.)))
REPRESENTATION_ITEM('')
SURFACE()
);
#71=FACE_BOUND('',#401,.T.);
#72=FACE_BOUND('',#414,.T.);
#73=FACE_BOUND('',#455,.T.);
#74=FACE_BOUND('',#477,.T.);
#75=FACE_BOUND('',#481,.T.);
#76=FACE_BOUND('',#562,.T.);
#77=FACE_BOUND('',#564,.T.);
#78=FACE_BOUND('',#574,.T.);
#79=FACE_BOUND('',#576,.T.);
#80=CIRCLE('',#4053,0.2875);
#81=CIRCLE('',#4054,0.2875);
#82=CIRCLE('',#4107,0.2875);
#83=CIRCLE('',#4108,0.2875);
#84=CIRCLE('',#4130,0.109602346389349);
#85=CIRCLE('',#4131,0.109602346389349);
#86=CIRCLE('',#4135,0.0532724496982118);
#87=CIRCLE('',#4136,0.0532724496982118);
#88=CIRCLE('',#4141,0.0146613092347077);
#89=CIRCLE('',#4142,0.0146613092347077);
#90=CIRCLE('',#4147,0.045732685490091);
#91=CIRCLE('',#4148,0.045732685490091);
#92=CYLINDRICAL_SURFACE('',#4052,0.2875);
#93=CYLINDRICAL_SURFACE('',#4106,0.2875);
#94=CYLINDRICAL_SURFACE('',#4129,0.109602346389349);
#95=CYLINDRICAL_SURFACE('',#4134,0.0532724496982118);
#96=CYLINDRICAL_SURFACE('',#4140,0.0146613092303522);
#97=CYLINDRICAL_SURFACE('',#4146,0.0457326854781796);
#98=STYLED_ITEM('',(#6655),#115);
#99=STYLED_ITEM('',(#6655),#116);
#100=STYLED_ITEM('',(#6655),#117);
#101=STYLED_ITEM('',(#6656),#118);
#102=STYLED_ITEM('',(#6657),#119);
#103=STYLED_ITEM('',(#6657),#120);
#104=STYLED_ITEM('',(#6657),#121);
#105=STYLED_ITEM('',(#6657),#122);
#106=STYLED_ITEM('',(#6657),#123);
#107=STYLED_ITEM('',(#6657),#124);
#108=STYLED_ITEM('',(#6657),#125);
#109=STYLED_ITEM('',(#6657),#126);
#110=STYLED_ITEM('',(#6657),#127);
#111=STYLED_ITEM('',(#6657),#128);
#112=STYLED_ITEM('',(#6657),#129);
#113=STYLED_ITEM('',(#6657),#130);
#114=STYLED_ITEM('',(#6657),#131);
#115=MANIFOLD_SOLID_BREP('3C2C',#3984);
#116=MANIFOLD_SOLID_BREP('3C2D',#3985);
#117=MANIFOLD_SOLID_BREP('3C2E',#3986);
#118=MANIFOLD_SOLID_BREP('3C2F',#3987);
#119=MANIFOLD_SOLID_BREP('3C30',#3988);
#120=MANIFOLD_SOLID_BREP('3D12',#3989);
#121=MANIFOLD_SOLID_BREP('3D16',#3990);
#122=MANIFOLD_SOLID_BREP('3D1A',#3991);
#123=MANIFOLD_SOLID_BREP('3D1E',#3992);
#124=MANIFOLD_SOLID_BREP('3D22',#3993);
#125=MANIFOLD_SOLID_BREP('3D26',#3994);
#126=MANIFOLD_SOLID_BREP('3D2A',#3995);
#127=MANIFOLD_SOLID_BREP('3D2E',#3996);
#128=MANIFOLD_SOLID_BREP('3D32',#3997);
#129=MANIFOLD_SOLID_BREP('3D36',#3998);
#130=MANIFOLD_SOLID_BREP('3D3A',#3999);
#131=MANIFOLD_SOLID_BREP('3D42',#4000);
#132=FACE_OUTER_BOUND('',#350,.T.);
#133=FACE_OUTER_BOUND('',#351,.T.);
#134=FACE_OUTER_BOUND('',#352,.T.);
#135=FACE_OUTER_BOUND('',#353,.T.);
#136=FACE_OUTER_BOUND('',#354,.T.);
#137=FACE_OUTER_BOUND('',#355,.T.);
#138=FACE_OUTER_BOUND('',#356,.T.);
#139=FACE_OUTER_BOUND('',#357,.T.);
#140=FACE_OUTER_BOUND('',#358,.T.);
#141=FACE_OUTER_BOUND('',#359,.T.);
#142=FACE_OUTER_BOUND('',#360,.T.);
#143=FACE_OUTER_BOUND('',#361,.T.);
#144=FACE_OUTER_BOUND('',#362,.T.);
#145=FACE_OUTER_BOUND('',#363,.T.);
#146=FACE_OUTER_BOUND('',#364,.T.);
#147=FACE_OUTER_BOUND('',#365,.T.);
#148=FACE_OUTER_BOUND('',#366,.T.);
#149=FACE_OUTER_BOUND('',#367,.T.);
#150=FACE_OUTER_BOUND('',#368,.T.);
#151=FACE_OUTER_BOUND('',#369,.T.);
#152=FACE_OUTER_BOUND('',#370,.T.);
#153=FACE_OUTER_BOUND('',#371,.T.);
#154=FACE_OUTER_BOUND('',#372,.T.);
#155=FACE_OUTER_BOUND('',#373,.T.);
#156=FACE_OUTER_BOUND('',#374,.T.);
#157=FACE_OUTER_BOUND('',#375,.T.);
#158=FACE_OUTER_BOUND('',#376,.T.);
#159=FACE_OUTER_BOUND('',#377,.T.);
#160=FACE_OUTER_BOUND('',#378,.T.);
#161=FACE_OUTER_BOUND('',#379,.T.);
#162=FACE_OUTER_BOUND('',#380,.T.);
#163=FACE_OUTER_BOUND('',#381,.T.);
#164=FACE_OUTER_BOUND('',#382,.T.);
#165=FACE_OUTER_BOUND('',#383,.T.);
#166=FACE_OUTER_BOUND('',#384,.T.);
#167=FACE_OUTER_BOUND('',#385,.T.);
#168=FACE_OUTER_BOUND('',#386,.T.);
#169=FACE_OUTER_BOUND('',#387,.T.);
#170=FACE_OUTER_BOUND('',#388,.T.);
#171=FACE_OUTER_BOUND('',#389,.T.);
#172=FACE_OUTER_BOUND('',#390,.T.);
#173=FACE_OUTER_BOUND('',#391,.T.);
#174=FACE_OUTER_BOUND('',#392,.T.);
#175=FACE_OUTER_BOUND('',#393,.T.);
#176=FACE_OUTER_BOUND('',#394,.T.);
#177=FACE_OUTER_BOUND('',#395,.T.);
#178=FACE_OUTER_BOUND('',#396,.T.);
#179=FACE_OUTER_BOUND('',#397,.T.);
#180=FACE_OUTER_BOUND('',#398,.T.);
#181=FACE_OUTER_BOUND('',#399,.T.);
#182=FACE_OUTER_BOUND('',#400,.T.);
#183=FACE_OUTER_BOUND('',#402,.T.);
#184=FACE_OUTER_BOUND('',#403,.T.);
#185=FACE_OUTER_BOUND('',#404,.T.);
#186=FACE_OUTER_BOUND('',#405,.T.);
#187=FACE_OUTER_BOUND('',#406,.T.);
#188=FACE_OUTER_BOUND('',#407,.T.);
#189=FACE_OUTER_BOUND('',#408,.T.);
#190=FACE_OUTER_BOUND('',#409,.T.);
#191=FACE_OUTER_BOUND('',#410,.T.);
#192=FACE_OUTER_BOUND('',#411,.T.);
#193=FACE_OUTER_BOUND('',#412,.T.);
#194=FACE_OUTER_BOUND('',#413,.T.);
#195=FACE_OUTER_BOUND('',#415,.T.);
#196=FACE_OUTER_BOUND('',#416,.T.);
#197=FACE_OUTER_BOUND('',#417,.T.);
#198=FACE_OUTER_BOUND('',#418,.T.);
#199=FACE_OUTER_BOUND('',#419,.T.);
#200=FACE_OUTER_BOUND('',#420,.T.);
#201=FACE_OUTER_BOUND('',#421,.T.);
#202=FACE_OUTER_BOUND('',#422,.T.);
#203=FACE_OUTER_BOUND('',#423,.T.);
#204=FACE_OUTER_BOUND('',#424,.T.);
#205=FACE_OUTER_BOUND('',#425,.T.);
#206=FACE_OUTER_BOUND('',#426,.T.);
#207=FACE_OUTER_BOUND('',#427,.T.);
#208=FACE_OUTER_BOUND('',#428,.T.);
#209=FACE_OUTER_BOUND('',#429,.T.);
#210=FACE_OUTER_BOUND('',#430,.T.);
#211=FACE_OUTER_BOUND('',#431,.T.);
#212=FACE_OUTER_BOUND('',#432,.T.);
#213=FACE_OUTER_BOUND('',#433,.T.);
#214=FACE_OUTER_BOUND('',#434,.T.);
#215=FACE_OUTER_BOUND('',#435,.T.);
#216=FACE_OUTER_BOUND('',#436,.T.);
#217=FACE_OUTER_BOUND('',#437,.T.);
#218=FACE_OUTER_BOUND('',#438,.T.);
#219=FACE_OUTER_BOUND('',#439,.T.);
#220=FACE_OUTER_BOUND('',#440,.T.);
#221=FACE_OUTER_BOUND('',#441,.T.);
#222=FACE_OUTER_BOUND('',#442,.T.);
#223=FACE_OUTER_BOUND('',#443,.T.);
#224=FACE_OUTER_BOUND('',#444,.T.);
#225=FACE_OUTER_BOUND('',#445,.T.);
#226=FACE_OUTER_BOUND('',#446,.T.);
#227=FACE_OUTER_BOUND('',#447,.T.);
#228=FACE_OUTER_BOUND('',#448,.T.);
#229=FACE_OUTER_BOUND('',#449,.T.);
#230=FACE_OUTER_BOUND('',#450,.T.);
#231=FACE_OUTER_BOUND('',#451,.T.);
#232=FACE_OUTER_BOUND('',#452,.T.);
#233=FACE_OUTER_BOUND('',#453,.T.);
#234=FACE_OUTER_BOUND('',#454,.T.);
#235=FACE_OUTER_BOUND('',#456,.T.);
#236=FACE_OUTER_BOUND('',#457,.T.);
#237=FACE_OUTER_BOUND('',#458,.T.);
#238=FACE_OUTER_BOUND('',#459,.T.);
#239=FACE_OUTER_BOUND('',#460,.T.);
#240=FACE_OUTER_BOUND('',#461,.T.);
#241=FACE_OUTER_BOUND('',#462,.T.);
#242=FACE_OUTER_BOUND('',#463,.T.);
#243=FACE_OUTER_BOUND('',#464,.T.);
#244=FACE_OUTER_BOUND('',#465,.T.);
#245=FACE_OUTER_BOUND('',#466,.T.);
#246=FACE_OUTER_BOUND('',#467,.T.);
#247=FACE_OUTER_BOUND('',#468,.T.);
#248=FACE_OUTER_BOUND('',#469,.T.);
#249=FACE_OUTER_BOUND('',#470,.T.);
#250=FACE_OUTER_BOUND('',#471,.T.);
#251=FACE_OUTER_BOUND('',#472,.T.);
#252=FACE_OUTER_BOUND('',#473,.T.);
#253=FACE_OUTER_BOUND('',#474,.T.);
#254=FACE_OUTER_BOUND('',#475,.T.);
#255=FACE_OUTER_BOUND('',#476,.T.);
#256=FACE_OUTER_BOUND('',#478,.T.);
#257=FACE_OUTER_BOUND('',#479,.T.);
#258=FACE_OUTER_BOUND('',#480,.T.);
#259=FACE_OUTER_BOUND('',#482,.T.);
#260=FACE_OUTER_BOUND('',#483,.T.);
#261=FACE_OUTER_BOUND('',#484,.T.);
#262=FACE_OUTER_BOUND('',#485,.T.);
#263=FACE_OUTER_BOUND('',#486,.T.);
#264=FACE_OUTER_BOUND('',#487,.T.);
#265=FACE_OUTER_BOUND('',#488,.T.);
#266=FACE_OUTER_BOUND('',#489,.T.);
#267=FACE_OUTER_BOUND('',#490,.T.);
#268=FACE_OUTER_BOUND('',#491,.T.);
#269=FACE_OUTER_BOUND('',#492,.T.);
#270=FACE_OUTER_BOUND('',#493,.T.);
#271=FACE_OUTER_BOUND('',#494,.T.);
#272=FACE_OUTER_BOUND('',#495,.T.);
#273=FACE_OUTER_BOUND('',#496,.T.);
#274=FACE_OUTER_BOUND('',#497,.T.);
#275=FACE_OUTER_BOUND('',#498,.T.);
#276=FACE_OUTER_BOUND('',#499,.T.);
#277=FACE_OUTER_BOUND('',#500,.T.);
#278=FACE_OUTER_BOUND('',#501,.T.);
#279=FACE_OUTER_BOUND('',#502,.T.);
#280=FACE_OUTER_BOUND('',#503,.T.);
#281=FACE_OUTER_BOUND('',#504,.T.);
#282=FACE_OUTER_BOUND('',#505,.T.);
#283=FACE_OUTER_BOUND('',#506,.T.);
#284=FACE_OUTER_BOUND('',#507,.T.);
#285=FACE_OUTER_BOUND('',#508,.T.);
#286=FACE_OUTER_BOUND('',#509,.T.);
#287=FACE_OUTER_BOUND('',#510,.T.);
#288=FACE_OUTER_BOUND('',#511,.T.);
#289=FACE_OUTER_BOUND('',#512,.T.);
#290=FACE_OUTER_BOUND('',#513,.T.);
#291=FACE_OUTER_BOUND('',#514,.T.);
#292=FACE_OUTER_BOUND('',#515,.T.);
#293=FACE_OUTER_BOUND('',#516,.T.);
#294=FACE_OUTER_BOUND('',#517,.T.);
#295=FACE_OUTER_BOUND('',#518,.T.);
#296=FACE_OUTER_BOUND('',#519,.T.);
#297=FACE_OUTER_BOUND('',#520,.T.);
#298=FACE_OUTER_BOUND('',#521,.T.);
#299=FACE_OUTER_BOUND('',#522,.T.);
#300=FACE_OUTER_BOUND('',#523,.T.);
#301=FACE_OUTER_BOUND('',#524,.T.);
#302=FACE_OUTER_BOUND('',#525,.T.);
#303=FACE_OUTER_BOUND('',#526,.T.);
#304=FACE_OUTER_BOUND('',#527,.T.);
#305=FACE_OUTER_BOUND('',#528,.T.);
#306=FACE_OUTER_BOUND('',#529,.T.);
#307=FACE_OUTER_BOUND('',#530,.T.);
#308=FACE_OUTER_BOUND('',#531,.T.);
#309=FACE_OUTER_BOUND('',#532,.T.);
#310=FACE_OUTER_BOUND('',#533,.T.);
#311=FACE_OUTER_BOUND('',#534,.T.);
#312=FACE_OUTER_BOUND('',#535,.T.);
#313=FACE_OUTER_BOUND('',#536,.T.);
#314=FACE_OUTER_BOUND('',#537,.T.);
#315=FACE_OUTER_BOUND('',#538,.T.);
#316=FACE_OUTER_BOUND('',#539,.T.);
#317=FACE_OUTER_BOUND('',#540,.T.);
#318=FACE_OUTER_BOUND('',#541,.T.);
#319=FACE_OUTER_BOUND('',#542,.T.);
#320=FACE_OUTER_BOUND('',#543,.T.);
#321=FACE_OUTER_BOUND('',#544,.T.);
#322=FACE_OUTER_BOUND('',#545,.T.);
#323=FACE_OUTER_BOUND('',#546,.T.);
#324=FACE_OUTER_BOUND('',#547,.T.);
#325=FACE_OUTER_BOUND('',#548,.T.);
#326=FACE_OUTER_BOUND('',#549,.T.);
#327=FACE_OUTER_BOUND('',#550,.T.);
#328=FACE_OUTER_BOUND('',#551,.T.);
#329=FACE_OUTER_BOUND('',#552,.T.);
#330=FACE_OUTER_BOUND('',#553,.T.);
#331=FACE_OUTER_BOUND('',#554,.T.);
#332=FACE_OUTER_BOUND('',#555,.T.);
#333=FACE_OUTER_BOUND('',#556,.T.);
#334=FACE_OUTER_BOUND('',#557,.T.);
#335=FACE_OUTER_BOUND('',#558,.T.);
#336=FACE_OUTER_BOUND('',#559,.T.);
#337=FACE_OUTER_BOUND('',#560,.T.);
#338=FACE_OUTER_BOUND('',#561,.T.);
#339=FACE_OUTER_BOUND('',#563,.T.);
#340=FACE_OUTER_BOUND('',#565,.T.);
#341=FACE_OUTER_BOUND('',#566,.T.);
#342=FACE_OUTER_BOUND('',#567,.T.);
#343=FACE_OUTER_BOUND('',#568,.T.);
#344=FACE_OUTER_BOUND('',#569,.T.);
#345=FACE_OUTER_BOUND('',#570,.T.);
#346=FACE_OUTER_BOUND('',#571,.T.);
#347=FACE_OUTER_BOUND('',#572,.T.);
#348=FACE_OUTER_BOUND('',#573,.T.);
#349=FACE_OUTER_BOUND('',#575,.T.);
#350=EDGE_LOOP('',(#2482,#2483,#2484,#2485));
#351=EDGE_LOOP('',(#2486,#2487,#2488,#2489));
#352=EDGE_LOOP('',(#2490,#2491,#2492,#2493));
#353=EDGE_LOOP('',(#2494,#2495,#2496,#2497));
#354=EDGE_LOOP('',(#2498,#2499,#2500,#2501));
#355=EDGE_LOOP('',(#2502,#2503,#2504,#2505));
#356=EDGE_LOOP('',(#2506,#2507,#2508,#2509));
#357=EDGE_LOOP('',(#2510,#2511,#2512,#2513));
#358=EDGE_LOOP('',(#2514,#2515,#2516,#2517));
#359=EDGE_LOOP('',(#2518,#2519,#2520,#2521));
#360=EDGE_LOOP('',(#2522,#2523,#2524,#2525));
#361=EDGE_LOOP('',(#2526,#2527,#2528,#2529));
#362=EDGE_LOOP('',(#2530,#2531,#2532,#2533));
#363=EDGE_LOOP('',(#2534,#2535,#2536,#2537));
#364=EDGE_LOOP('',(#2538,#2539,#2540,#2541));
#365=EDGE_LOOP('',(#2542,#2543,#2544,#2545));
#366=EDGE_LOOP('',(#2546,#2547,#2548,#2549));
#367=EDGE_LOOP('',(#2550,#2551,#2552,#2553));
#368=EDGE_LOOP('',(#2554,#2555,#2556,#2557));
#369=EDGE_LOOP('',(#2558,#2559,#2560,#2561));
#370=EDGE_LOOP('',(#2562,#2563,#2564,#2565));
#371=EDGE_LOOP('',(#2566,#2567,#2568,#2569));
#372=EDGE_LOOP('',(#2570,#2571,#2572,#2573,#2574,#2575,#2576,#2577,#2578,
#2579,#2580,#2581,#2582,#2583,#2584,#2585));
#373=EDGE_LOOP('',(#2586,#2587,#2588,#2589,#2590,#2591,#2592,#2593,#2594,
#2595,#2596,#2597,#2598,#2599,#2600,#2601));
#374=EDGE_LOOP('',(#2602,#2603,#2604,#2605));
#375=EDGE_LOOP('',(#2606,#2607,#2608,#2609));
#376=EDGE_LOOP('',(#2610,#2611,#2612,#2613));
#377=EDGE_LOOP('',(#2614,#2615,#2616,#2617));
#378=EDGE_LOOP('',(#2618,#2619,#2620,#2621));
#379=EDGE_LOOP('',(#2622,#2623,#2624,#2625));
#380=EDGE_LOOP('',(#2626,#2627,#2628,#2629));
#381=EDGE_LOOP('',(#2630,#2631,#2632,#2633));
#382=EDGE_LOOP('',(#2634,#2635,#2636,#2637));
#383=EDGE_LOOP('',(#2638,#2639,#2640,#2641));
#384=EDGE_LOOP('',(#2642,#2643,#2644,#2645));
#385=EDGE_LOOP('',(#2646,#2647,#2648,#2649));
#386=EDGE_LOOP('',(#2650,#2651,#2652,#2653));
#387=EDGE_LOOP('',(#2654,#2655,#2656,#2657));
#388=EDGE_LOOP('',(#2658,#2659,#2660,#2661));
#389=EDGE_LOOP('',(#2662,#2663,#2664,#2665));
#390=EDGE_LOOP('',(#2666,#2667,#2668,#2669));
#391=EDGE_LOOP('',(#2670,#2671,#2672,#2673));
#392=EDGE_LOOP('',(#2674,#2675,#2676,#2677));
#393=EDGE_LOOP('',(#2678,#2679,#2680,#2681));
#394=EDGE_LOOP('',(#2682,#2683,#2684,#2685));
#395=EDGE_LOOP('',(#2686,#2687,#2688,#2689));
#396=EDGE_LOOP('',(#2690,#2691,#2692,#2693));
#397=EDGE_LOOP('',(#2694,#2695,#2696,#2697));
#398=EDGE_LOOP('',(#2698,#2699,#2700,#2701,#2702,#2703,#2704,#2705,#2706,
#2707,#2708,#2709,#2710,#2711,#2712,#2713,#2714,#2715,#2716,#2717,#2718,
#2719,#2720,#2721));
#399=EDGE_LOOP('',(#2722,#2723,#2724,#2725,#2726,#2727,#2728,#2729,#2730,
#2731,#2732,#2733,#2734,#2735,#2736,#2737,#2738,#2739,#2740,#2741,#2742,
#2743,#2744,#2745));
#400=EDGE_LOOP('',(#2746));
#401=EDGE_LOOP('',(#2747));
#402=EDGE_LOOP('',(#2748,#2749,#2750,#2751));
#403=EDGE_LOOP('',(#2752,#2753,#2754,#2755));
#404=EDGE_LOOP('',(#2756,#2757,#2758,#2759));
#405=EDGE_LOOP('',(#2760,#2761,#2762,#2763,#2764,#2765));
#406=EDGE_LOOP('',(#2766,#2767,#2768,#2769));
#407=EDGE_LOOP('',(#2770,#2771,#2772,#2773));
#408=EDGE_LOOP('',(#2774,#2775,#2776,#2777,#2778,#2779,#2780,#2781,#2782,
#2783));
#409=EDGE_LOOP('',(#2784,#2785,#2786,#2787,#2788,#2789,#2790,#2791));
#410=EDGE_LOOP('',(#2792,#2793,#2794,#2795,#2796,#2797,#2798,#2799,#2800,
#2801,#2802,#2803,#2804,#2805,#2806,#2807,#2808,#2809,#2810,#2811));
#411=EDGE_LOOP('',(#2812,#2813,#2814,#2815,#2816,#2817,#2818,#2819));
#412=EDGE_LOOP('',(#2820,#2821,#2822,#2823,#2824,#2825,#2826,#2827,#2828,
#2829,#2830,#2831,#2832,#2833,#2834,#2835,#2836,#2837,#2838,#2839));
#413=EDGE_LOOP('',(#2840,#2841,#2842,#2843));
#414=EDGE_LOOP('',(#2844));
#415=EDGE_LOOP('',(#2845,#2846,#2847,#2848,#2849,#2850,#2851,#2852,#2853,
#2854,#2855,#2856));
#416=EDGE_LOOP('',(#2857,#2858,#2859,#2860));
#417=EDGE_LOOP('',(#2861,#2862,#2863,#2864));
#418=EDGE_LOOP('',(#2865,#2866,#2867,#2868));
#419=EDGE_LOOP('',(#2869,#2870,#2871,#2872));
#420=EDGE_LOOP('',(#2873,#2874,#2875,#2876,#2877,#2878,#2879,#2880,#2881,
#2882,#2883,#2884,#2885,#2886,#2887,#2888,#2889,#2890,#2891,#2892,#2893,
#2894,#2895,#2896));
#421=EDGE_LOOP('',(#2897,#2898,#2899,#2900));
#422=EDGE_LOOP('',(#2901,#2902,#2903,#2904));
#423=EDGE_LOOP('',(#2905,#2906,#2907,#2908));
#424=EDGE_LOOP('',(#2909,#2910,#2911,#2912));
#425=EDGE_LOOP('',(#2913,#2914,#2915,#2916));
#426=EDGE_LOOP('',(#2917,#2918,#2919,#2920));
#427=EDGE_LOOP('',(#2921,#2922,#2923,#2924));
#428=EDGE_LOOP('',(#2925,#2926,#2927,#2928));
#429=EDGE_LOOP('',(#2929,#2930,#2931,#2932));
#430=EDGE_LOOP('',(#2933,#2934,#2935,#2936));
#431=EDGE_LOOP('',(#2937,#2938,#2939,#2940));
#432=EDGE_LOOP('',(#2941,#2942,#2943,#2944));
#433=EDGE_LOOP('',(#2945,#2946,#2947,#2948));
#434=EDGE_LOOP('',(#2949,#2950,#2951,#2952));
#435=EDGE_LOOP('',(#2953,#2954,#2955,#2956));
#436=EDGE_LOOP('',(#2957,#2958,#2959,#2960));
#437=EDGE_LOOP('',(#2961,#2962,#2963,#2964));
#438=EDGE_LOOP('',(#2965,#2966,#2967,#2968));
#439=EDGE_LOOP('',(#2969,#2970,#2971,#2972));
#440=EDGE_LOOP('',(#2973,#2974,#2975,#2976,#2977,#2978,#2979,#2980,#2981,
#2982,#2983,#2984,#2985,#2986,#2987,#2988));
#441=EDGE_LOOP('',(#2989,#2990,#2991,#2992));
#442=EDGE_LOOP('',(#2993,#2994,#2995,#2996));
#443=EDGE_LOOP('',(#2997,#2998,#2999,#3000));
#444=EDGE_LOOP('',(#3001,#3002,#3003,#3004));
#445=EDGE_LOOP('',(#3005,#3006,#3007,#3008));
#446=EDGE_LOOP('',(#3009,#3010,#3011,#3012));
#447=EDGE_LOOP('',(#3013,#3014,#3015,#3016));
#448=EDGE_LOOP('',(#3017,#3018,#3019,#3020));
#449=EDGE_LOOP('',(#3021,#3022,#3023,#3024));
#450=EDGE_LOOP('',(#3025,#3026,#3027,#3028));
#451=EDGE_LOOP('',(#3029,#3030,#3031,#3032));
#452=EDGE_LOOP('',(#3033,#3034,#3035,#3036));
#453=EDGE_LOOP('',(#3037));
#454=EDGE_LOOP('',(#3038));
#455=EDGE_LOOP('',(#3039));
#456=EDGE_LOOP('',(#3040));
#457=EDGE_LOOP('',(#3041));
#458=EDGE_LOOP('',(#3042,#3043,#3044,#3045));
#459=EDGE_LOOP('',(#3046,#3047,#3048,#3049));
#460=EDGE_LOOP('',(#3050,#3051,#3052,#3053));
#461=EDGE_LOOP('',(#3054,#3055,#3056,#3057));
#462=EDGE_LOOP('',(#3058,#3059,#3060,#3061));
#463=EDGE_LOOP('',(#3062,#3063,#3064,#3065));
#464=EDGE_LOOP('',(#3066,#3067,#3068,#3069));
#465=EDGE_LOOP('',(#3070,#3071,#3072,#3073));
#466=EDGE_LOOP('',(#3074,#3075,#3076,#3077));
#467=EDGE_LOOP('',(#3078,#3079,#3080,#3081));
#468=EDGE_LOOP('',(#3082,#3083,#3084,#3085));
#469=EDGE_LOOP('',(#3086,#3087,#3088,#3089));
#470=EDGE_LOOP('',(#3090,#3091,#3092,#3093));
#471=EDGE_LOOP('',(#3094,#3095,#3096,#3097));
#472=EDGE_LOOP('',(#3098,#3099,#3100,#3101));
#473=EDGE_LOOP('',(#3102,#3103,#3104,#3105));
#474=EDGE_LOOP('',(#3106,#3107,#3108,#3109));
#475=EDGE_LOOP('',(#3110,#3111,#3112,#3113));
#476=EDGE_LOOP('',(#3114));
#477=EDGE_LOOP('',(#3115));
#478=EDGE_LOOP('',(#3116));
#479=EDGE_LOOP('',(#3117));
#480=EDGE_LOOP('',(#3118));
#481=EDGE_LOOP('',(#3119));
#482=EDGE_LOOP('',(#3120));
#483=EDGE_LOOP('',(#3121));
#484=EDGE_LOOP('',(#3122,#3123,#3124,#3125));
#485=EDGE_LOOP('',(#3126,#3127,#3128,#3129));
#486=EDGE_LOOP('',(#3130,#3131,#3132,#3133));
#487=EDGE_LOOP('',(#3134,#3135,#3136,#3137));
#488=EDGE_LOOP('',(#3138,#3139,#3140,#3141));
#489=EDGE_LOOP('',(#3142,#3143,#3144,#3145));
#490=EDGE_LOOP('',(#3146,#3147,#3148,#3149));
#491=EDGE_LOOP('',(#3150,#3151,#3152,#3153));
#492=EDGE_LOOP('',(#3154,#3155,#3156,#3157));
#493=EDGE_LOOP('',(#3158,#3159,#3160,#3161));
#494=EDGE_LOOP('',(#3162,#3163,#3164,#3165,#3166,#3167,#3168,#3169,#3170,
#3171));
#495=EDGE_LOOP('',(#3172,#3173,#3174,#3175,#3176,#3177,#3178,#3179,#3180,
#3181));
#496=EDGE_LOOP('',(#3182,#3183,#3184,#3185));
#497=EDGE_LOOP('',(#3186,#3187,#3188,#3189));
#498=EDGE_LOOP('',(#3190,#3191,#3192,#3193));
#499=EDGE_LOOP('',(#3194,#3195,#3196,#3197));
#500=EDGE_LOOP('',(#3198,#3199,#3200,#3201));
#501=EDGE_LOOP('',(#3202,#3203,#3204,#3205));
#502=EDGE_LOOP('',(#3206,#3207,#3208,#3209));
#503=EDGE_LOOP('',(#3210,#3211,#3212,#3213));
#504=EDGE_LOOP('',(#3214,#3215,#3216,#3217));
#505=EDGE_LOOP('',(#3218,#3219,#3220,#3221));
#506=EDGE_LOOP('',(#3222,#3223,#3224,#3225,#3226,#3227,#3228,#3229,#3230,
#3231));
#507=EDGE_LOOP('',(#3232,#3233,#3234,#3235,#3236,#3237,#3238,#3239,#3240,
#3241));
#508=EDGE_LOOP('',(#3242,#3243,#3244,#3245));
#509=EDGE_LOOP('',(#3246,#3247,#3248,#3249));
#510=EDGE_LOOP('',(#3250,#3251,#3252,#3253));
#511=EDGE_LOOP('',(#3254,#3255,#3256,#3257));
#512=EDGE_LOOP('',(#3258,#3259,#3260,#3261));
#513=EDGE_LOOP('',(#3262,#3263,#3264,#3265));
#514=EDGE_LOOP('',(#3266,#3267,#3268,#3269));
#515=EDGE_LOOP('',(#3270,#3271,#3272,#3273));
#516=EDGE_LOOP('',(#3274,#3275,#3276,#3277));
#517=EDGE_LOOP('',(#3278,#3279,#3280,#3281));
#518=EDGE_LOOP('',(#3282,#3283,#3284,#3285,#3286,#3287,#3288,#3289,#3290,
#3291));
#519=EDGE_LOOP('',(#3292,#3293,#3294,#3295,#3296,#3297,#3298,#3299,#3300,
#3301));
#520=EDGE_LOOP('',(#3302,#3303,#3304,#3305));
#521=EDGE_LOOP('',(#3306,#3307,#3308,#3309));
#522=EDGE_LOOP('',(#3310,#3311,#3312,#3313));
#523=EDGE_LOOP('',(#3314,#3315,#3316,#3317));
#524=EDGE_LOOP('',(#3318,#3319,#3320,#3321));
#525=EDGE_LOOP('',(#3322,#3323,#3324,#3325));
#526=EDGE_LOOP('',(#3326,#3327,#3328,#3329));
#527=EDGE_LOOP('',(#3330,#3331,#3332,#3333));
#528=EDGE_LOOP('',(#3334,#3335,#3336,#3337));
#529=EDGE_LOOP('',(#3338,#3339,#3340,#3341));
#530=EDGE_LOOP('',(#3342,#3343,#3344,#3345,#3346,#3347,#3348,#3349,#3350,
#3351));
#531=EDGE_LOOP('',(#3352,#3353,#3354,#3355,#3356,#3357,#3358,#3359,#3360,
#3361));
#532=EDGE_LOOP('',(#3362,#3363,#3364,#3365));
#533=EDGE_LOOP('',(#3366,#3367,#3368,#3369));
#534=EDGE_LOOP('',(#3370,#3371,#3372,#3373));
#535=EDGE_LOOP('',(#3374,#3375,#3376,#3377));
#536=EDGE_LOOP('',(#3378,#3379,#3380,#3381));
#537=EDGE_LOOP('',(#3382,#3383,#3384,#3385));
#538=EDGE_LOOP('',(#3386,#3387,#3388,#3389));
#539=EDGE_LOOP('',(#3390,#3391,#3392,#3393));
#540=EDGE_LOOP('',(#3394,#3395,#3396,#3397));
#541=EDGE_LOOP('',(#3398,#3399,#3400,#3401));
#542=EDGE_LOOP('',(#3402,#3403,#3404,#3405));
#543=EDGE_LOOP('',(#3406,#3407,#3408,#3409));
#544=EDGE_LOOP('',(#3410,#3411,#3412,#3413));
#545=EDGE_LOOP('',(#3414,#3415,#3416,#3417));
#546=EDGE_LOOP('',(#3418,#3419,#3420,#3421,#3422,#3423,#3424,#3425,#3426,
#3427,#3428,#3429,#3430,#3431));
#547=EDGE_LOOP('',(#3432,#3433,#3434,#3435,#3436,#3437,#3438,#3439,#3440,
#3441,#3442,#3443,#3444,#3445));
#548=EDGE_LOOP('',(#3446,#3447,#3448,#3449));
#549=EDGE_LOOP('',(#3450,#3451,#3452,#3453));
#550=EDGE_LOOP('',(#3454,#3455,#3456,#3457));
#551=EDGE_LOOP('',(#3458,#3459,#3460,#3461));
#552=EDGE_LOOP('',(#3462,#3463,#3464,#3465));
#553=EDGE_LOOP('',(#3466,#3467,#3468,#3469));
#554=EDGE_LOOP('',(#3470,#3471,#3472,#3473));
#555=EDGE_LOOP('',(#3474,#3475,#3476,#3477));
#556=EDGE_LOOP('',(#3478,#3479,#3480,#3481));
#557=EDGE_LOOP('',(#3482,#3483,#3484,#3485));
#558=EDGE_LOOP('',(#3486,#3487,#3488,#3489));
#559=EDGE_LOOP('',(#3490,#3491,#3492,#3493));
#560=EDGE_LOOP('',(#3494,#3495,#3496,#3497));
#561=EDGE_LOOP('',(#3498,#3499,#3500,#3501,#3502,#3503,#3504,#3505,#3506));
#562=EDGE_LOOP('',(#3507,#3508,#3509,#3510));
#563=EDGE_LOOP('',(#3511,#3512,#3513,#3514,#3515,#3516,#3517,#3518,#3519));
#564=EDGE_LOOP('',(#3520,#3521,#3522,#3523));
#565=EDGE_LOOP('',(#3524,#3525,#3526,#3527));
#566=EDGE_LOOP('',(#3528,#3529,#3530,#3531));
#567=EDGE_LOOP('',(#3532,#3533,#3534,#3535));
#568=EDGE_LOOP('',(#3536,#3537,#3538,#3539));
#569=EDGE_LOOP('',(#3540,#3541,#3542,#3543));
#570=EDGE_LOOP('',(#3544,#3545,#3546,#3547));
#571=EDGE_LOOP('',(#3548,#3549,#3550,#3551));
#572=EDGE_LOOP('',(#3552,#3553,#3554,#3555));
#573=EDGE_LOOP('',(#3556,#3557,#3558,#3559));
#574=EDGE_LOOP('',(#3560,#3561,#3562,#3563));
#575=EDGE_LOOP('',(#3564,#3565,#3566,#3567));
#576=EDGE_LOOP('',(#3568,#3569,#3570,#3571));
#577=LINE('',#5141,#1074);
#578=LINE('',#5143,#1075);
#579=LINE('',#5145,#1076);
#580=LINE('',#5146,#1077);
#581=LINE('',#5149,#1078);
#582=LINE('',#5151,#1079);
#583=LINE('',#5152,#1080);
#584=LINE('',#5155,#1081);
#585=LINE('',#5157,#1082);
#586=LINE('',#5158,#1083);
#587=LINE('',#5160,#1084);
#588=LINE('',#5161,#1085);
#589=LINE('',#5167,#1086);
#590=LINE('',#5169,#1087);
#591=LINE('',#5171,#1088);
#592=LINE('',#5172,#1089);
#593=LINE('',#5175,#1090);
#594=LINE('',#5177,#1091);
#595=LINE('',#5178,#1092);
#596=LINE('',#5181,#1093);
#597=LINE('',#5183,#1094);
#598=LINE('',#5184,#1095);
#599=LINE('',#5187,#1096);
#600=LINE('',#5189,#1097);
#601=LINE('',#5190,#1098);
#602=LINE('',#5193,#1099);
#603=LINE('',#5195,#1100);
#604=LINE('',#5196,#1101);
#605=LINE('',#5199,#1102);
#606=LINE('',#5201,#1103);
#607=LINE('',#5202,#1104);
#608=LINE('',#5205,#1105);
#609=LINE('',#5207,#1106);
#610=LINE('',#5208,#1107);
#611=LINE('',#5211,#1108);
#612=LINE('',#5213,#1109);
#613=LINE('',#5214,#1110);
#614=LINE('',#5217,#1111);
#615=LINE('',#5219,#1112);
#616=LINE('',#5220,#1113);
#617=LINE('',#5223,#1114);
#618=LINE('',#5225,#1115);
#619=LINE('',#5226,#1116);
#620=LINE('',#5229,#1117);
#621=LINE('',#5231,#1118);
#622=LINE('',#5232,#1119);
#623=LINE('',#5235,#1120);
#624=LINE('',#5237,#1121);
#625=LINE('',#5238,#1122);
#626=LINE('',#5241,#1123);
#627=LINE('',#5243,#1124);
#628=LINE('',#5244,#1125);
#629=LINE('',#5247,#1126);
#630=LINE('',#5249,#1127);
#631=LINE('',#5250,#1128);
#632=LINE('',#5253,#1129);
#633=LINE('',#5255,#1130);
#634=LINE('',#5256,#1131);
#635=LINE('',#5258,#1132);
#636=LINE('',#5259,#1133);
#637=LINE('',#5265,#1134);
#638=LINE('',#5267,#1135);
#639=LINE('',#5269,#1136);
#640=LINE('',#5270,#1137);
#641=LINE('',#5273,#1138);
#642=LINE('',#5275,#1139);
#643=LINE('',#5276,#1140);
#644=LINE('',#5279,#1141);
#645=LINE('',#5281,#1142);
#646=LINE('',#5282,#1143);
#647=LINE('',#5285,#1144);
#648=LINE('',#5287,#1145);
#649=LINE('',#5288,#1146);
#650=LINE('',#5291,#1147);
#651=LINE('',#5293,#1148);
#652=LINE('',#5294,#1149);
#653=LINE('',#5297,#1150);
#654=LINE('',#5299,#1151);
#655=LINE('',#5300,#1152);
#656=LINE('',#5303,#1153);
#657=LINE('',#5305,#1154);
#658=LINE('',#5306,#1155);
#659=LINE('',#5309,#1156);
#660=LINE('',#5311,#1157);
#661=LINE('',#5312,#1158);
#662=LINE('',#5315,#1159);
#663=LINE('',#5317,#1160);
#664=LINE('',#5318,#1161);
#665=LINE('',#5321,#1162);
#666=LINE('',#5323,#1163);
#667=LINE('',#5324,#1164);
#668=LINE('',#5327,#1165);
#669=LINE('',#5329,#1166);
#670=LINE('',#5330,#1167);
#671=LINE('',#5333,#1168);
#672=LINE('',#5335,#1169);
#673=LINE('',#5336,#1170);
#674=LINE('',#5339,#1171);
#675=LINE('',#5341,#1172);
#676=LINE('',#5342,#1173);
#677=LINE('',#5345,#1174);
#678=LINE('',#5347,#1175);
#679=LINE('',#5348,#1176);
#680=LINE('',#5351,#1177);
#681=LINE('',#5353,#1178);
#682=LINE('',#5354,#1179);
#683=LINE('',#5357,#1180);
#684=LINE('',#5359,#1181);
#685=LINE('',#5360,#1182);
#686=LINE('',#5363,#1183);
#687=LINE('',#5365,#1184);
#688=LINE('',#5366,#1185);
#689=LINE('',#5369,#1186);
#690=LINE('',#5371,#1187);
#691=LINE('',#5372,#1188);
#692=LINE('',#5375,#1189);
#693=LINE('',#5377,#1190);
#694=LINE('',#5378,#1191);
#695=LINE('',#5381,#1192);
#696=LINE('',#5383,#1193);
#697=LINE('',#5384,#1194);
#698=LINE('',#5387,#1195);
#699=LINE('',#5389,#1196);
#700=LINE('',#5390,#1197);
#701=LINE('',#5393,#1198);
#702=LINE('',#5395,#1199);
#703=LINE('',#5396,#1200);
#704=LINE('',#5399,#1201);
#705=LINE('',#5401,#1202);
#706=LINE('',#5402,#1203);
#707=LINE('',#5404,#1204);
#708=LINE('',#5405,#1205);
#709=LINE('',#5416,#1206);
#710=LINE('',#5418,#1207);
#711=LINE('',#5420,#1208);
#712=LINE('',#5421,#1209);
#713=LINE('',#5425,#1210);
#714=LINE('',#5427,#1211);
#715=LINE('',#5429,#1212);
#716=LINE('',#5430,#1213);
#717=LINE('',#5434,#1214);
#718=LINE('',#5436,#1215);
#719=LINE('',#5438,#1216);
#720=LINE('',#5439,#1217);
#721=LINE('',#5443,#1218);
#722=LINE('',#5445,#1219);
#723=LINE('',#5447,#1220);
#724=LINE('',#5449,#1221);
#725=LINE('',#5451,#1222);
#726=LINE('',#5452,#1223);
#727=LINE('',#5456,#1224);
#728=LINE('',#5458,#1225);
#729=LINE('',#5460,#1226);
#730=LINE('',#5461,#1227);
#731=LINE('',#5465,#1228);
#732=LINE('',#5467,#1229);
#733=LINE('',#5469,#1230);
#734=LINE('',#5470,#1231);
#735=LINE('',#5474,#1232);
#736=LINE('',#5476,#1233);
#737=LINE('',#5478,#1234);
#738=LINE('',#5480,#1235);
#739=LINE('',#5482,#1236);
#740=LINE('',#5484,#1237);
#741=LINE('',#5486,#1238);
#742=LINE('',#5488,#1239);
#743=LINE('',#5490,#1240);
#744=LINE('',#5491,#1241);
#745=LINE('',#5494,#1242);
#746=LINE('',#5496,#1243);
#747=LINE('',#5498,#1244);
#748=LINE('',#5500,#1245);
#749=LINE('',#5502,#1246);
#750=LINE('',#5504,#1247);
#751=LINE('',#5505,#1248);
#752=LINE('',#5509,#1249);
#753=LINE('',#5510,#1250);
#754=LINE('',#5512,#1251);
#755=LINE('',#5514,#1252);
#756=LINE('',#5515,#1253);
#757=LINE('',#5517,#1254);
#758=LINE('',#5519,#1255);
#759=LINE('',#5520,#1256);
#760=LINE('',#5522,#1257);
#761=LINE('',#5524,#1258);
#762=LINE('',#5526,#1259);
#763=LINE('',#5528,#1260);
#764=LINE('',#5530,#1261);
#765=LINE('',#5531,#1262);
#766=LINE('',#5533,#1263);
#767=LINE('',#5534,#1264);
#768=LINE('',#5537,#1265);
#769=LINE('',#5539,#1266);
#770=LINE('',#5541,#1267);
#771=LINE('',#5542,#1268);
#772=LINE('',#5544,#1269);
#773=LINE('',#5545,#1270);
#774=LINE('',#5548,#1271);
#775=LINE('',#5550,#1272);
#776=LINE('',#5551,#1273);
#777=LINE('',#5553,#1274);
#778=LINE('',#5555,#1275);
#779=LINE('',#5556,#1276);
#780=LINE('',#5558,#1277);
#781=LINE('',#5560,#1278);
#782=LINE('',#5561,#1279);
#783=LINE('',#5563,#1280);
#784=LINE('',#5565,#1281);
#785=LINE('',#5566,#1282);
#786=LINE('',#5567,#1283);
#787=LINE('',#5571,#1284);
#788=LINE('',#5573,#1285);
#789=LINE('',#5574,#1286);
#790=LINE('',#5576,#1287);
#791=LINE('',#5578,#1288);
#792=LINE('',#5580,#1289);
#793=LINE('',#5582,#1290);
#794=LINE('',#5583,#1291);
#795=LINE('',#5586,#1292);
#796=LINE('',#5588,#1293);
#797=LINE('',#5589,#1294);
#798=LINE('',#5591,#1295);
#799=LINE('',#5593,#1296);
#800=LINE('',#5597,#1297);
#801=LINE('',#5599,#1298);
#802=LINE('',#5601,#1299);
#803=LINE('',#5602,#1300);
#804=LINE('',#5604,#1301);
#805=LINE('',#5606,#1302);
#806=LINE('',#5607,#1303);
#807=LINE('',#5609,#1304);
#808=LINE('',#5611,#1305);
#809=LINE('',#5612,#1306);
#810=LINE('',#5614,#1307);
#811=LINE('',#5616,#1308);
#812=LINE('',#5618,#1309);
#813=LINE('',#5619,#1310);
#814=LINE('',#5621,#1311);
#815=LINE('',#5623,#1312);
#816=LINE('',#5625,#1313);
#817=LINE('',#5627,#1314);
#818=LINE('',#5628,#1315);
#819=LINE('',#5630,#1316);
#820=LINE('',#5632,#1317);
#821=LINE('',#5634,#1318);
#822=LINE('',#5636,#1319);
#823=LINE('',#5638,#1320);
#824=LINE('',#5640,#1321);
#825=LINE('',#5642,#1322);
#826=LINE('',#5644,#1323);
#827=LINE('',#5646,#1324);
#828=LINE('',#5648,#1325);
#829=LINE('',#5650,#1326);
#830=LINE('',#5652,#1327);
#831=LINE('',#5655,#1328);
#832=LINE('',#5660,#1329);
#833=LINE('',#5664,#1330);
#834=LINE('',#5666,#1331);
#835=LINE('',#5667,#1332);
#836=LINE('',#5669,#1333);
#837=LINE('',#5671,#1334);
#838=LINE('',#5672,#1335);
#839=LINE('',#5674,#1336);
#840=LINE('',#5676,#1337);
#841=LINE('',#5677,#1338);
#842=LINE('',#5679,#1339);
#843=LINE('',#5681,#1340);
#844=LINE('',#5682,#1341);
#845=LINE('',#5684,#1342);
#846=LINE('',#5686,#1343);
#847=LINE('',#5688,#1344);
#848=LINE('',#5690,#1345);
#849=LINE('',#5692,#1346);
#850=LINE('',#5694,#1347);
#851=LINE('',#5696,#1348);
#852=LINE('',#5698,#1349);
#853=LINE('',#5714,#1350);
#854=LINE('',#5716,#1351);
#855=LINE('',#5718,#1352);
#856=LINE('',#5719,#1353);
#857=LINE('',#5722,#1354);
#858=LINE('',#5724,#1355);
#859=LINE('',#5725,#1356);
#860=LINE('',#5728,#1357);
#861=LINE('',#5730,#1358);
#862=LINE('',#5731,#1359);
#863=LINE('',#5733,#1360);
#864=LINE('',#5734,#1361);
#865=LINE('',#5740,#1362);
#866=LINE('',#5742,#1363);
#867=LINE('',#5744,#1364);
#868=LINE('',#5745,#1365);
#869=LINE('',#5748,#1366);
#870=LINE('',#5750,#1367);
#871=LINE('',#5751,#1368);
#872=LINE('',#5754,#1369);
#873=LINE('',#5756,#1370);
#874=LINE('',#5757,#1371);
#875=LINE('',#5759,#1372);
#876=LINE('',#5760,#1373);
#877=LINE('',#5766,#1374);
#878=LINE('',#5768,#1375);
#879=LINE('',#5770,#1376);
#880=LINE('',#5771,#1377);
#881=LINE('',#5774,#1378);
#882=LINE('',#5776,#1379);
#883=LINE('',#5777,#1380);
#884=LINE('',#5780,#1381);
#885=LINE('',#5782,#1382);
#886=LINE('',#5783,#1383);
#887=LINE('',#5785,#1384);
#888=LINE('',#5786,#1385);
#889=LINE('',#5827,#1386);
#890=LINE('',#5836,#1387);
#891=LINE('',#5839,#1388);
#892=LINE('',#5841,#1389);
#893=LINE('',#5842,#1390);
#894=LINE('',#5848,#1391);
#895=LINE('',#5851,#1392);
#896=LINE('',#5853,#1393);
#897=LINE('',#5854,#1394);
#898=LINE('',#5857,#1395);
#899=LINE('',#5859,#1396);
#900=LINE('',#5860,#1397);
#901=LINE('',#5863,#1398);
#902=LINE('',#5865,#1399);
#903=LINE('',#5866,#1400);
#904=LINE('',#5872,#1401);
#905=LINE('',#5875,#1402);
#906=LINE('',#5877,#1403);
#907=LINE('',#5878,#1404);
#908=LINE('',#5917,#1405);
#909=LINE('',#5919,#1406);
#910=LINE('',#5920,#1407);
#911=LINE('',#5926,#1408);
#912=LINE('',#5928,#1409);
#913=LINE('',#5930,#1410);
#914=LINE('',#5931,#1411);
#915=LINE('',#5934,#1412);
#916=LINE('',#5936,#1413);
#917=LINE('',#5937,#1414);
#918=LINE('',#5940,#1415);
#919=LINE('',#5942,#1416);
#920=LINE('',#5943,#1417);
#921=LINE('',#5962,#1418);
#922=LINE('',#5965,#1419);
#923=LINE('',#5967,#1420);
#924=LINE('',#5968,#1421);
#925=LINE('',#5971,#1422);
#926=LINE('',#5973,#1423);
#927=LINE('',#5974,#1424);
#928=LINE('',#5977,#1425);
#929=LINE('',#5979,#1426);
#930=LINE('',#5980,#1427);
#931=LINE('',#5983,#1428);
#932=LINE('',#5985,#1429);
#933=LINE('',#5986,#1430);
#934=LINE('',#5989,#1431);
#935=LINE('',#5991,#1432);
#936=LINE('',#5992,#1433);
#937=LINE('',#6018,#1434);
#938=LINE('',#6020,#1435);
#939=LINE('',#6022,#1436);
#940=LINE('',#6023,#1437);
#941=LINE('',#6026,#1438);
#942=LINE('',#6028,#1439);
#943=LINE('',#6029,#1440);
#944=LINE('',#6032,#1441);
#945=LINE('',#6034,#1442);
#946=LINE('',#6035,#1443);
#947=LINE('',#6054,#1444);
#948=LINE('',#6057,#1445);
#949=LINE('',#6059,#1446);
#950=LINE('',#6060,#1447);
#951=LINE('',#6063,#1448);
#952=LINE('',#6065,#1449);
#953=LINE('',#6066,#1450);
#954=LINE('',#6069,#1451);
#955=LINE('',#6071,#1452);
#956=LINE('',#6072,#1453);
#957=LINE('',#6075,#1454);
#958=LINE('',#6077,#1455);
#959=LINE('',#6078,#1456);
#960=LINE('',#6081,#1457);
#961=LINE('',#6083,#1458);
#962=LINE('',#6084,#1459);
#963=LINE('',#6125,#1460);
#964=LINE('',#6132,#1461);
#965=LINE('',#6135,#1462);
#966=LINE('',#6137,#1463);
#967=LINE('',#6138,#1464);
#968=LINE('',#6141,#1465);
#969=LINE('',#6143,#1466);
#970=LINE('',#6144,#1467);
#971=LINE('',#6147,#1468);
#972=LINE('',#6149,#1469);
#973=LINE('',#6150,#1470);
#974=LINE('',#6169,#1471);
#975=LINE('',#6172,#1472);
#976=LINE('',#6174,#1473);
#977=LINE('',#6175,#1474);
#978=LINE('',#6178,#1475);
#979=LINE('',#6180,#1476);
#980=LINE('',#6181,#1477);
#981=LINE('',#6184,#1478);
#982=LINE('',#6186,#1479);
#983=LINE('',#6187,#1480);
#984=LINE('',#6190,#1481);
#985=LINE('',#6192,#1482);
#986=LINE('',#6193,#1483);
#987=LINE('',#6195,#1484);
#988=LINE('',#6196,#1485);
#989=LINE('',#6214,#1486);
#990=LINE('',#6220,#1487);
#991=LINE('',#6223,#1488);
#992=LINE('',#6225,#1489);
#993=LINE('',#6226,#1490);
#994=LINE('',#6245,#1491);
#995=LINE('',#6248,#1492);
#996=LINE('',#6250,#1493);
#997=LINE('',#6251,#1494);
#998=LINE('',#6254,#1495);
#999=LINE('',#6256,#1496);
#1000=LINE('',#6257,#1497);
#1001=LINE('',#6260,#1498);
#1002=LINE('',#6262,#1499);
#1003=LINE('',#6263,#1500);
#1004=LINE('',#6266,#1501);
#1005=LINE('',#6268,#1502);
#1006=LINE('',#6269,#1503);
#1007=LINE('',#6272,#1504);
#1008=LINE('',#6274,#1505);
#1009=LINE('',#6275,#1506);
#1010=LINE('',#6278,#1507);
#1011=LINE('',#6280,#1508);
#1012=LINE('',#6281,#1509);
#1013=LINE('',#6284,#1510);
#1014=LINE('',#6286,#1511);
#1015=LINE('',#6287,#1512);
#1016=LINE('',#6290,#1513);
#1017=LINE('',#6292,#1514);
#1018=LINE('',#6293,#1515);
#1019=LINE('',#6296,#1516);
#1020=LINE('',#6298,#1517);
#1021=LINE('',#6299,#1518);
#1022=LINE('',#6302,#1519);
#1023=LINE('',#6304,#1520);
#1024=LINE('',#6305,#1521);
#1025=LINE('',#6307,#1522);
#1026=LINE('',#6308,#1523);
#1027=LINE('',#6314,#1524);
#1028=LINE('',#6316,#1525);
#1029=LINE('',#6318,#1526);
#1030=LINE('',#6319,#1527);
#1031=LINE('',#6322,#1528);
#1032=LINE('',#6324,#1529);
#1033=LINE('',#6325,#1530);
#1034=LINE('',#6328,#1531);
#1035=LINE('',#6330,#1532);
#1036=LINE('',#6331,#1533);
#1037=LINE('',#6377,#1534);
#1038=LINE('',#6385,#1535);
#1039=LINE('',#6388,#1536);
#1040=LINE('',#6390,#1537);
#1041=LINE('',#6391,#1538);
#1042=LINE('',#6394,#1539);
#1043=LINE('',#6396,#1540);
#1044=LINE('',#6397,#1541);
#1045=LINE('',#6428,#1542);
#1046=LINE('',#6431,#1543);
#1047=LINE('',#6433,#1544);
#1048=LINE('',#6434,#1545);
#1049=LINE('',#6469,#1546);
#1050=LINE('',#6472,#1547);
#1051=LINE('',#6474,#1548);
#1052=LINE('',#6475,#1549);
#1053=LINE('',#6478,#1550);
#1054=LINE('',#6480,#1551);
#1055=LINE('',#6481,#1552);
#1056=LINE('',#6483,#1553);
#1057=LINE('',#6484,#1554);
#1058=LINE('',#6511,#1555);
#1059=LINE('',#6520,#1556);
#1060=LINE('',#6523,#1557);
#1061=LINE('',#6525,#1558);
#1062=LINE('',#6526,#1559);
#1063=LINE('',#6547,#1560);
#1064=LINE('',#6555,#1561);
#1065=LINE('',#6556,#1562);
#1066=LINE('',#6584,#1563);
#1067=LINE('',#6594,#1564);
#1068=LINE('',#6597,#1565);
#1069=LINE('',#6599,#1566);
#1070=LINE('',#6600,#1567);
#1071=LINE('',#6631,#1568);
#1072=LINE('',#6633,#1569);
#1073=LINE('',#6634,#1570);
#1074=VECTOR('',#4218,1000.);
#1075=VECTOR('',#4219,1000.);
#1076=VECTOR('',#4220,1000.);
#1077=VECTOR('',#4221,1000.);
#1078=VECTOR('',#4224,1000.);
#1079=VECTOR('',#4225,1000.);
#1080=VECTOR('',#4226,1000.);
#1081=VECTOR('',#4229,1000.);
#1082=VECTOR('',#4230,1000.);
#1083=VECTOR('',#4231,1000.);
#1084=VECTOR('',#4234,1000.);
#1085=VECTOR('',#4235,1000.);
#1086=VECTOR('',#4242,1000.);
#1087=VECTOR('',#4243,1000.);
#1088=VECTOR('',#4244,1000.);
#1089=VECTOR('',#4245,1000.);
#1090=VECTOR('',#4248,1000.);
#1091=VECTOR('',#4249,1000.);
#1092=VECTOR('',#4250,1000.);
#1093=VECTOR('',#4253,1000.);
#1094=VECTOR('',#4254,1000.);
#1095=VECTOR('',#4255,1000.);
#1096=VECTOR('',#4258,1000.);
#1097=VECTOR('',#4259,1000.);
#1098=VECTOR('',#4260,1000.);
#1099=VECTOR('',#4263,1000.);
#1100=VECTOR('',#4264,1000.);
#1101=VECTOR('',#4265,1000.);
#1102=VECTOR('',#4268,1000.);
#1103=VECTOR('',#4269,1000.);
#1104=VECTOR('',#4270,1000.);
#1105=VECTOR('',#4273,1000.);
#1106=VECTOR('',#4274,1000.);
#1107=VECTOR('',#4275,1000.);
#1108=VECTOR('',#4278,1000.);
#1109=VECTOR('',#4279,1000.);
#1110=VECTOR('',#4280,1000.);
#1111=VECTOR('',#4283,1000.);
#1112=VECTOR('',#4284,1000.);
#1113=VECTOR('',#4285,1000.);
#1114=VECTOR('',#4288,1000.);
#1115=VECTOR('',#4289,1000.);
#1116=VECTOR('',#4290,1000.);
#1117=VECTOR('',#4293,1000.);
#1118=VECTOR('',#4294,1000.);
#1119=VECTOR('',#4295,1000.);
#1120=VECTOR('',#4298,1000.);
#1121=VECTOR('',#4299,1000.);
#1122=VECTOR('',#4300,1000.);
#1123=VECTOR('',#4303,1000.);
#1124=VECTOR('',#4304,1000.);
#1125=VECTOR('',#4305,1000.);
#1126=VECTOR('',#4308,1000.);
#1127=VECTOR('',#4309,1000.);
#1128=VECTOR('',#4310,1000.);
#1129=VECTOR('',#4313,1000.);
#1130=VECTOR('',#4314,1000.);
#1131=VECTOR('',#4315,1000.);
#1132=VECTOR('',#4318,1000.);
#1133=VECTOR('',#4319,1000.);
#1134=VECTOR('',#4326,1000.);
#1135=VECTOR('',#4327,1000.);
#1136=VECTOR('',#4328,1000.);
#1137=VECTOR('',#4329,1000.);
#1138=VECTOR('',#4332,1000.);
#1139=VECTOR('',#4333,1000.);
#1140=VECTOR('',#4334,1000.);
#1141=VECTOR('',#4337,1000.);
#1142=VECTOR('',#4338,1000.);
#1143=VECTOR('',#4339,1000.);
#1144=VECTOR('',#4342,1000.);
#1145=VECTOR('',#4343,1000.);
#1146=VECTOR('',#4344,1000.);
#1147=VECTOR('',#4347,1000.);
#1148=VECTOR('',#4348,1000.);
#1149=VECTOR('',#4349,1000.);
#1150=VECTOR('',#4352,1000.);
#1151=VECTOR('',#4353,1000.);
#1152=VECTOR('',#4354,1000.);
#1153=VECTOR('',#4357,1000.);
#1154=VECTOR('',#4358,1000.);
#1155=VECTOR('',#4359,1000.);
#1156=VECTOR('',#4362,1000.);
#1157=VECTOR('',#4363,1000.);
#1158=VECTOR('',#4364,1000.);
#1159=VECTOR('',#4367,1000.);
#1160=VECTOR('',#4368,1000.);
#1161=VECTOR('',#4369,1000.);
#1162=VECTOR('',#4372,1000.);
#1163=VECTOR('',#4373,1000.);
#1164=VECTOR('',#4374,1000.);
#1165=VECTOR('',#4377,1000.);
#1166=VECTOR('',#4378,1000.);
#1167=VECTOR('',#4379,1000.);
#1168=VECTOR('',#4382,1000.);
#1169=VECTOR('',#4383,1000.);
#1170=VECTOR('',#4384,1000.);
#1171=VECTOR('',#4387,1000.);
#1172=VECTOR('',#4388,1000.);
#1173=VECTOR('',#4389,1000.);
#1174=VECTOR('',#4392,1000.);
#1175=VECTOR('',#4393,1000.);
#1176=VECTOR('',#4394,1000.);
#1177=VECTOR('',#4397,1000.);
#1178=VECTOR('',#4398,1000.);
#1179=VECTOR('',#4399,1000.);
#1180=VECTOR('',#4402,1000.);
#1181=VECTOR('',#4403,1000.);
#1182=VECTOR('',#4404,1000.);
#1183=VECTOR('',#4407,1000.);
#1184=VECTOR('',#4408,1000.);
#1185=VECTOR('',#4409,1000.);
#1186=VECTOR('',#4412,1000.);
#1187=VECTOR('',#4413,1000.);
#1188=VECTOR('',#4414,1000.);
#1189=VECTOR('',#4417,1000.);
#1190=VECTOR('',#4418,1000.);
#1191=VECTOR('',#4419,1000.);
#1192=VECTOR('',#4422,1000.);
#1193=VECTOR('',#4423,1000.);
#1194=VECTOR('',#4424,1000.);
#1195=VECTOR('',#4427,1000.);
#1196=VECTOR('',#4428,1000.);
#1197=VECTOR('',#4429,1000.);
#1198=VECTOR('',#4432,1000.);
#1199=VECTOR('',#4433,1000.);
#1200=VECTOR('',#4434,1000.);
#1201=VECTOR('',#4437,1000.);
#1202=VECTOR('',#4438,1000.);
#1203=VECTOR('',#4439,1000.);
#1204=VECTOR('',#4442,1000.);
#1205=VECTOR('',#4443,1000.);
#1206=VECTOR('',#4456,1000.);
#1207=VECTOR('',#4457,1000.);
#1208=VECTOR('',#4458,1000.);
#1209=VECTOR('',#4459,1000.);
#1210=VECTOR('',#4462,1000.);
#1211=VECTOR('',#4463,1000.);
#1212=VECTOR('',#4464,1000.);
#1213=VECTOR('',#4465,1000.);
#1214=VECTOR('',#4468,1000.);
#1215=VECTOR('',#4469,1000.);
#1216=VECTOR('',#4470,1000.);
#1217=VECTOR('',#4471,1000.);
#1218=VECTOR('',#4474,1000.);
#1219=VECTOR('',#4475,1000.);
#1220=VECTOR('',#4476,1000.);
#1221=VECTOR('',#4477,1000.);
#1222=VECTOR('',#4478,1000.);
#1223=VECTOR('',#4479,1000.);
#1224=VECTOR('',#4482,1000.);
#1225=VECTOR('',#4483,1000.);
#1226=VECTOR('',#4484,1000.);
#1227=VECTOR('',#4485,1000.);
#1228=VECTOR('',#4488,1000.);
#1229=VECTOR('',#4489,1000.);
#1230=VECTOR('',#4490,1000.);
#1231=VECTOR('',#4491,1000.);
#1232=VECTOR('',#4494,1000.);
#1233=VECTOR('',#4495,1000.);
#1234=VECTOR('',#4496,1000.);
#1235=VECTOR('',#4497,1000.);
#1236=VECTOR('',#4498,1000.);
#1237=VECTOR('',#4499,1000.);
#1238=VECTOR('',#4500,1000.);
#1239=VECTOR('',#4501,1000.);
#1240=VECTOR('',#4502,1000.);
#1241=VECTOR('',#4503,1000.);
#1242=VECTOR('',#4506,1000.);
#1243=VECTOR('',#4507,1000.);
#1244=VECTOR('',#4508,1000.);
#1245=VECTOR('',#4509,1000.);
#1246=VECTOR('',#4510,1000.);
#1247=VECTOR('',#4511,1000.);
#1248=VECTOR('',#4512,1000.);
#1249=VECTOR('',#4515,1000.);
#1250=VECTOR('',#4516,1000.);
#1251=VECTOR('',#4517,1000.);
#1252=VECTOR('',#4518,1000.);
#1253=VECTOR('',#4519,1000.);
#1254=VECTOR('',#4520,1000.);
#1255=VECTOR('',#4521,1000.);
#1256=VECTOR('',#4522,1000.);
#1257=VECTOR('',#4523,1000.);
#1258=VECTOR('',#4524,1000.);
#1259=VECTOR('',#4525,1000.);
#1260=VECTOR('',#4526,1000.);
#1261=VECTOR('',#4527,1000.);
#1262=VECTOR('',#4528,1000.);
#1263=VECTOR('',#4529,1000.);
#1264=VECTOR('',#4530,1000.);
#1265=VECTOR('',#4533,1000.);
#1266=VECTOR('',#4534,1000.);
#1267=VECTOR('',#4535,1000.);
#1268=VECTOR('',#4536,1000.);
#1269=VECTOR('',#4537,1000.);
#1270=VECTOR('',#4538,1000.);
#1271=VECTOR('',#4541,1000.);
#1272=VECTOR('',#4542,1000.);
#1273=VECTOR('',#4543,1000.);
#1274=VECTOR('',#4544,1000.);
#1275=VECTOR('',#4545,1000.);
#1276=VECTOR('',#4546,1000.);
#1277=VECTOR('',#4547,1000.);
#1278=VECTOR('',#4548,1000.);
#1279=VECTOR('',#4549,1000.);
#1280=VECTOR('',#4550,1000.);
#1281=VECTOR('',#4551,1000.);
#1282=VECTOR('',#4552,1000.);
#1283=VECTOR('',#4553,1000.);
#1284=VECTOR('',#4558,1000.);
#1285=VECTOR('',#4559,1000.);
#1286=VECTOR('',#4560,1000.);
#1287=VECTOR('',#4561,1000.);
#1288=VECTOR('',#4562,1000.);
#1289=VECTOR('',#4563,1000.);
#1290=VECTOR('',#4564,1000.);
#1291=VECTOR('',#4565,1000.);
#1292=VECTOR('',#4568,1000.);
#1293=VECTOR('',#4569,1000.);
#1294=VECTOR('',#4570,1000.);
#1295=VECTOR('',#4573,1000.);
#1296=VECTOR('',#4576,1000.);
#1297=VECTOR('',#4581,1000.);
#1298=VECTOR('',#4582,1000.);
#1299=VECTOR('',#4583,1000.);
#1300=VECTOR('',#4584,1000.);
#1301=VECTOR('',#4585,1000.);
#1302=VECTOR('',#4586,1000.);
#1303=VECTOR('',#4587,1000.);
#1304=VECTOR('',#4588,1000.);
#1305=VECTOR('',#4589,1000.);
#1306=VECTOR('',#4590,1000.);
#1307=VECTOR('',#4591,1000.);
#1308=VECTOR('',#4592,1000.);
#1309=VECTOR('',#4593,1000.);
#1310=VECTOR('',#4594,1000.);
#1311=VECTOR('',#4595,1000.);
#1312=VECTOR('',#4596,1000.);
#1313=VECTOR('',#4597,1000.);
#1314=VECTOR('',#4598,1000.);
#1315=VECTOR('',#4599,1000.);
#1316=VECTOR('',#4602,1000.);
#1317=VECTOR('',#4605,1000.);
#1318=VECTOR('',#4608,1000.);
#1319=VECTOR('',#4611,1000.);
#1320=VECTOR('',#4614,1000.);
#1321=VECTOR('',#4617,1000.);
#1322=VECTOR('',#4620,1000.);
#1323=VECTOR('',#4623,1000.);
#1324=VECTOR('',#4626,1000.);
#1325=VECTOR('',#4629,1000.);
#1326=VECTOR('',#4632,1000.);
#1327=VECTOR('',#4635,1000.);
#1328=VECTOR('',#4640,1000.);
#1329=VECTOR('',#4649,1000.);
#1330=VECTOR('',#4654,1000.);
#1331=VECTOR('',#4655,1000.);
#1332=VECTOR('',#4656,1000.);
#1333=VECTOR('',#4657,1000.);
#1334=VECTOR('',#4658,1000.);
#1335=VECTOR('',#4659,1000.);
#1336=VECTOR('',#4660,1000.);
#1337=VECTOR('',#4661,1000.);
#1338=VECTOR('',#4662,1000.);
#1339=VECTOR('',#4663,1000.);
#1340=VECTOR('',#4664,1000.);
#1341=VECTOR('',#4665,1000.);
#1342=VECTOR('',#4668,1000.);
#1343=VECTOR('',#4671,1000.);
#1344=VECTOR('',#4674,1000.);
#1345=VECTOR('',#4677,1000.);
#1346=VECTOR('',#4680,1000.);
#1347=VECTOR('',#4683,1000.);
#1348=VECTOR('',#4686,1000.);
#1349=VECTOR('',#4689,1000.);
#1350=VECTOR('',#4712,1.);
#1351=VECTOR('',#4713,1.);
#1352=VECTOR('',#4714,1.);
#1353=VECTOR('',#4715,1.);
#1354=VECTOR('',#4718,1.);
#1355=VECTOR('',#4719,1.);
#1356=VECTOR('',#4720,1.);
#1357=VECTOR('',#4723,1.);
#1358=VECTOR('',#4724,1.);
#1359=VECTOR('',#4725,1.);
#1360=VECTOR('',#4728,1.);
#1361=VECTOR('',#4729,1.);
#1362=VECTOR('',#4736,1.);
#1363=VECTOR('',#4737,1.);
#1364=VECTOR('',#4738,1.);
#1365=VECTOR('',#4739,1.);
#1366=VECTOR('',#4742,1.);
#1367=VECTOR('',#4743,1.);
#1368=VECTOR('',#4744,1.);
#1369=VECTOR('',#4747,1.);
#1370=VECTOR('',#4748,1.);
#1371=VECTOR('',#4749,1.);
#1372=VECTOR('',#4752,1.);
#1373=VECTOR('',#4753,1.);
#1374=VECTOR('',#4760,1.);
#1375=VECTOR('',#4761,1.);
#1376=VECTOR('',#4762,1.);
#1377=VECTOR('',#4763,1.);
#1378=VECTOR('',#4766,1.);
#1379=VECTOR('',#4767,1.);
#1380=VECTOR('',#4768,1.);
#1381=VECTOR('',#4771,1.);
#1382=VECTOR('',#4772,1.);
#1383=VECTOR('',#4773,1.);
#1384=VECTOR('',#4776,1.);
#1385=VECTOR('',#4777,1.);
#1386=VECTOR('',#4802,1.);
#1387=VECTOR('',#4803,1.);
#1388=VECTOR('',#4806,1.);
#1389=VECTOR('',#4807,1.);
#1390=VECTOR('',#4808,1.);
#1391=VECTOR('',#4815,1.);
#1392=VECTOR('',#4818,1.);
#1393=VECTOR('',#4819,1.);
#1394=VECTOR('',#4820,1.);
#1395=VECTOR('',#4823,1.);
#1396=VECTOR('',#4824,1.);
#1397=VECTOR('',#4825,1.);
#1398=VECTOR('',#4828,1.);
#1399=VECTOR('',#4829,1.);
#1400=VECTOR('',#4830,1.);
#1401=VECTOR('',#4837,1.);
#1402=VECTOR('',#4840,1.);
#1403=VECTOR('',#4841,1.);
#1404=VECTOR('',#4842,1.);
#1405=VECTOR('',#4843,1.);
#1406=VECTOR('',#4846,1.);
#1407=VECTOR('',#4847,1.);
#1408=VECTOR('',#4854,1.);
#1409=VECTOR('',#4855,1.);
#1410=VECTOR('',#4856,1.);
#1411=VECTOR('',#4857,1.);
#1412=VECTOR('',#4860,1.);
#1413=VECTOR('',#4861,1.);
#1414=VECTOR('',#4862,1.);
#1415=VECTOR('',#4865,1.);
#1416=VECTOR('',#4866,1.);
#1417=VECTOR('',#4867,1.);
#1418=VECTOR('',#4868,1.);
#1419=VECTOR('',#4871,1.);
#1420=VECTOR('',#4872,1.);
#1421=VECTOR('',#4873,1.);
#1422=VECTOR('',#4876,1.);
#1423=VECTOR('',#4877,1.);
#1424=VECTOR('',#4878,1.);
#1425=VECTOR('',#4881,1.);
#1426=VECTOR('',#4882,1.);
#1427=VECTOR('',#4883,1.);
#1428=VECTOR('',#4886,1.);
#1429=VECTOR('',#4887,1.);
#1430=VECTOR('',#4888,1.);
#1431=VECTOR('',#4891,1.);
#1432=VECTOR('',#4892,1.);
#1433=VECTOR('',#4893,1.);
#1434=VECTOR('',#4900,1.);
#1435=VECTOR('',#4901,1.);
#1436=VECTOR('',#4902,1.);
#1437=VECTOR('',#4903,1.);
#1438=VECTOR('',#4906,1.);
#1439=VECTOR('',#4907,1.);
#1440=VECTOR('',#4908,1.);
#1441=VECTOR('',#4911,1.);
#1442=VECTOR('',#4912,1.);
#1443=VECTOR('',#4913,1.);
#1444=VECTOR('',#4914,1.);
#1445=VECTOR('',#4917,1.);
#1446=VECTOR('',#4918,1.);
#1447=VECTOR('',#4919,1.);
#1448=VECTOR('',#4922,1.);
#1449=VECTOR('',#4923,1.);
#1450=VECTOR('',#4924,1.);
#1451=VECTOR('',#4927,1.);
#1452=VECTOR('',#4928,1.);
#1453=VECTOR('',#4929,1.);
#1454=VECTOR('',#4932,1.);
#1455=VECTOR('',#4933,1.);
#1456=VECTOR('',#4934,1.);
#1457=VECTOR('',#4937,1.);
#1458=VECTOR('',#4938,1.);
#1459=VECTOR('',#4939,1.);
#1460=VECTOR('',#4944,1.);
#1461=VECTOR('',#4945,1.);
#1462=VECTOR('',#4948,1.);
#1463=VECTOR('',#4949,1.);
#1464=VECTOR('',#4950,1.);
#1465=VECTOR('',#4953,1.);
#1466=VECTOR('',#4954,1.);
#1467=VECTOR('',#4955,1.);
#1468=VECTOR('',#4958,1.);
#1469=VECTOR('',#4959,1.);
#1470=VECTOR('',#4960,1.);
#1471=VECTOR('',#4961,1.);
#1472=VECTOR('',#4964,1.);
#1473=VECTOR('',#4965,1.);
#1474=VECTOR('',#4966,1.);
#1475=VECTOR('',#4969,1.);
#1476=VECTOR('',#4970,1.);
#1477=VECTOR('',#4971,1.);
#1478=VECTOR('',#4974,1.);
#1479=VECTOR('',#4975,1.);
#1480=VECTOR('',#4976,1.);
#1481=VECTOR('',#4979,1.);
#1482=VECTOR('',#4980,1.);
#1483=VECTOR('',#4981,1.);
#1484=VECTOR('',#4984,1.);
#1485=VECTOR('',#4985,1.);
#1486=VECTOR('',#4990,1.);
#1487=VECTOR('',#4991,1.);
#1488=VECTOR('',#4994,1.);
#1489=VECTOR('',#4995,1.);
#1490=VECTOR('',#4996,1.);
#1491=VECTOR('',#4997,1.);
#1492=VECTOR('',#5000,1.);
#1493=VECTOR('',#5001,1.);
#1494=VECTOR('',#5002,1.);
#1495=VECTOR('',#5005,1.);
#1496=VECTOR('',#5006,1.);
#1497=VECTOR('',#5007,1.);
#1498=VECTOR('',#5010,1.);
#1499=VECTOR('',#5011,1.);
#1500=VECTOR('',#5012,1.);
#1501=VECTOR('',#5015,1.);
#1502=VECTOR('',#5016,1.);
#1503=VECTOR('',#5017,1.);
#1504=VECTOR('',#5020,1.);
#1505=VECTOR('',#5021,1.);
#1506=VECTOR('',#5022,1.);
#1507=VECTOR('',#5025,1.);
#1508=VECTOR('',#5026,1.);
#1509=VECTOR('',#5027,1.);
#1510=VECTOR('',#5030,1.);
#1511=VECTOR('',#5031,1.);
#1512=VECTOR('',#5032,1.);
#1513=VECTOR('',#5035,1.);
#1514=VECTOR('',#5036,1.);
#1515=VECTOR('',#5037,1.);
#1516=VECTOR('',#5040,1.);
#1517=VECTOR('',#5041,1.);
#1518=VECTOR('',#5042,1.);
#1519=VECTOR('',#5045,1.);
#1520=VECTOR('',#5046,1.);
#1521=VECTOR('',#5047,1.);
#1522=VECTOR('',#5050,1.);
#1523=VECTOR('',#5051,1.);
#1524=VECTOR('',#5058,1.);
#1525=VECTOR('',#5059,1.);
#1526=VECTOR('',#5060,1.);
#1527=VECTOR('',#5061,1.);
#1528=VECTOR('',#5064,1.);
#1529=VECTOR('',#5065,1.);
#1530=VECTOR('',#5066,1.);
#1531=VECTOR('',#5069,1.);
#1532=VECTOR('',#5070,1.);
#1533=VECTOR('',#5071,1.);
#1534=VECTOR('',#5072,1.);
#1535=VECTOR('',#5073,1.);
#1536=VECTOR('',#5076,1.);
#1537=VECTOR('',#5077,1.);
#1538=VECTOR('',#5078,1.);
#1539=VECTOR('',#5081,1.);
#1540=VECTOR('',#5082,1.);
#1541=VECTOR('',#5083,1.);
#1542=VECTOR('',#5084,1.);
#1543=VECTOR('',#5087,1.);
#1544=VECTOR('',#5088,1.);
#1545=VECTOR('',#5089,1.);
#1546=VECTOR('',#5090,1.);
#1547=VECTOR('',#5093,1.);
#1548=VECTOR('',#5094,1.);
#1549=VECTOR('',#5095,1.);
#1550=VECTOR('',#5098,1.);
#1551=VECTOR('',#5099,1.);
#1552=VECTOR('',#5100,1.);
#1553=VECTOR('',#5103,1.);
#1554=VECTOR('',#5104,1.);
#1555=VECTOR('',#5109,1.);
#1556=VECTOR('',#5110,1.);
#1557=VECTOR('',#5113,1.);
#1558=VECTOR('',#5114,1.);
#1559=VECTOR('',#5115,1.);
#1560=VECTOR('',#5116,1.);
#1561=VECTOR('',#5119,1.);
#1562=VECTOR('',#5120,1.);
#1563=VECTOR('',#5121,1.);
#1564=VECTOR('',#5122,1.);
#1565=VECTOR('',#5125,1.);
#1566=VECTOR('',#5126,1.);
#1567=VECTOR('',#5127,1.);
#1568=VECTOR('',#5128,1.);
#1569=VECTOR('',#5131,1.);
#1570=VECTOR('',#5132,1.);
#1571=VERTEX_POINT('',#5139);
#1572=VERTEX_POINT('',#5140);
#1573=VERTEX_POINT('',#5142);
#1574=VERTEX_POINT('',#5144);
#1575=VERTEX_POINT('',#5148);
#1576=VERTEX_POINT('',#5150);
#1577=VERTEX_POINT('',#5154);
#1578=VERTEX_POINT('',#5156);
#1579=VERTEX_POINT('',#5165);
#1580=VERTEX_POINT('',#5166);
#1581=VERTEX_POINT('',#5168);
#1582=VERTEX_POINT('',#5170);
#1583=VERTEX_POINT('',#5174);
#1584=VERTEX_POINT('',#5176);
#1585=VERTEX_POINT('',#5180);
#1586=VERTEX_POINT('',#5182);
#1587=VERTEX_POINT('',#5186);
#1588=VERTEX_POINT('',#5188);
#1589=VERTEX_POINT('',#5192);
#1590=VERTEX_POINT('',#5194);
#1591=VERTEX_POINT('',#5198);
#1592=VERTEX_POINT('',#5200);
#1593=VERTEX_POINT('',#5204);
#1594=VERTEX_POINT('',#5206);
#1595=VERTEX_POINT('',#5210);
#1596=VERTEX_POINT('',#5212);
#1597=VERTEX_POINT('',#5216);
#1598=VERTEX_POINT('',#5218);
#1599=VERTEX_POINT('',#5222);
#1600=VERTEX_POINT('',#5224);
#1601=VERTEX_POINT('',#5228);
#1602=VERTEX_POINT('',#5230);
#1603=VERTEX_POINT('',#5234);
#1604=VERTEX_POINT('',#5236);
#1605=VERTEX_POINT('',#5240);
#1606=VERTEX_POINT('',#5242);
#1607=VERTEX_POINT('',#5246);
#1608=VERTEX_POINT('',#5248);
#1609=VERTEX_POINT('',#5252);
#1610=VERTEX_POINT('',#5254);
#1611=VERTEX_POINT('',#5263);
#1612=VERTEX_POINT('',#5264);
#1613=VERTEX_POINT('',#5266);
#1614=VERTEX_POINT('',#5268);
#1615=VERTEX_POINT('',#5272);
#1616=VERTEX_POINT('',#5274);
#1617=VERTEX_POINT('',#5278);
#1618=VERTEX_POINT('',#5280);
#1619=VERTEX_POINT('',#5284);
#1620=VERTEX_POINT('',#5286);
#1621=VERTEX_POINT('',#5290);
#1622=VERTEX_POINT('',#5292);
#1623=VERTEX_POINT('',#5296);
#1624=VERTEX_POINT('',#5298);
#1625=VERTEX_POINT('',#5302);
#1626=VERTEX_POINT('',#5304);
#1627=VERTEX_POINT('',#5308);
#1628=VERTEX_POINT('',#5310);
#1629=VERTEX_POINT('',#5314);
#1630=VERTEX_POINT('',#5316);
#1631=VERTEX_POINT('',#5320);
#1632=VERTEX_POINT('',#5322);
#1633=VERTEX_POINT('',#5326);
#1634=VERTEX_POINT('',#5328);
#1635=VERTEX_POINT('',#5332);
#1636=VERTEX_POINT('',#5334);
#1637=VERTEX_POINT('',#5338);
#1638=VERTEX_POINT('',#5340);
#1639=VERTEX_POINT('',#5344);
#1640=VERTEX_POINT('',#5346);
#1641=VERTEX_POINT('',#5350);
#1642=VERTEX_POINT('',#5352);
#1643=VERTEX_POINT('',#5356);
#1644=VERTEX_POINT('',#5358);
#1645=VERTEX_POINT('',#5362);
#1646=VERTEX_POINT('',#5364);
#1647=VERTEX_POINT('',#5368);
#1648=VERTEX_POINT('',#5370);
#1649=VERTEX_POINT('',#5374);
#1650=VERTEX_POINT('',#5376);
#1651=VERTEX_POINT('',#5380);
#1652=VERTEX_POINT('',#5382);
#1653=VERTEX_POINT('',#5386);
#1654=VERTEX_POINT('',#5388);
#1655=VERTEX_POINT('',#5392);
#1656=VERTEX_POINT('',#5394);
#1657=VERTEX_POINT('',#5398);
#1658=VERTEX_POINT('',#5400);
#1659=VERTEX_POINT('',#5409);
#1660=VERTEX_POINT('',#5411);
#1661=VERTEX_POINT('',#5414);
#1662=VERTEX_POINT('',#5415);
#1663=VERTEX_POINT('',#5417);
#1664=VERTEX_POINT('',#5419);
#1665=VERTEX_POINT('',#5423);
#1666=VERTEX_POINT('',#5424);
#1667=VERTEX_POINT('',#5426);
#1668=VERTEX_POINT('',#5428);
#1669=VERTEX_POINT('',#5432);
#1670=VERTEX_POINT('',#5433);
#1671=VERTEX_POINT('',#5435);
#1672=VERTEX_POINT('',#5437);
#1673=VERTEX_POINT('',#5441);
#1674=VERTEX_POINT('',#5442);
#1675=VERTEX_POINT('',#5444);
#1676=VERTEX_POINT('',#5446);
#1677=VERTEX_POINT('',#5448);
#1678=VERTEX_POINT('',#5450);
#1679=VERTEX_POINT('',#5454);
#1680=VERTEX_POINT('',#5455);
#1681=VERTEX_POINT('',#5457);
#1682=VERTEX_POINT('',#5459);
#1683=VERTEX_POINT('',#5463);
#1684=VERTEX_POINT('',#5464);
#1685=VERTEX_POINT('',#5466);
#1686=VERTEX_POINT('',#5468);
#1687=VERTEX_POINT('',#5472);
#1688=VERTEX_POINT('',#5473);
#1689=VERTEX_POINT('',#5475);
#1690=VERTEX_POINT('',#5477);
#1691=VERTEX_POINT('',#5479);
#1692=VERTEX_POINT('',#5481);
#1693=VERTEX_POINT('',#5483);
#1694=VERTEX_POINT('',#5485);
#1695=VERTEX_POINT('',#5487);
#1696=VERTEX_POINT('',#5489);
#1697=VERTEX_POINT('',#5493);
#1698=VERTEX_POINT('',#5495);
#1699=VERTEX_POINT('',#5497);
#1700=VERTEX_POINT('',#5499);
#1701=VERTEX_POINT('',#5501);
#1702=VERTEX_POINT('',#5503);
#1703=VERTEX_POINT('',#5507);
#1704=VERTEX_POINT('',#5508);
#1705=VERTEX_POINT('',#5511);
#1706=VERTEX_POINT('',#5513);
#1707=VERTEX_POINT('',#5516);
#1708=VERTEX_POINT('',#5518);
#1709=VERTEX_POINT('',#5521);
#1710=VERTEX_POINT('',#5523);
#1711=VERTEX_POINT('',#5525);
#1712=VERTEX_POINT('',#5527);
#1713=VERTEX_POINT('',#5529);
#1714=VERTEX_POINT('',#5532);
#1715=VERTEX_POINT('',#5536);
#1716=VERTEX_POINT('',#5538);
#1717=VERTEX_POINT('',#5540);
#1718=VERTEX_POINT('',#5543);
#1719=VERTEX_POINT('',#5547);
#1720=VERTEX_POINT('',#5549);
#1721=VERTEX_POINT('',#5552);
#1722=VERTEX_POINT('',#5554);
#1723=VERTEX_POINT('',#5557);
#1724=VERTEX_POINT('',#5559);
#1725=VERTEX_POINT('',#5562);
#1726=VERTEX_POINT('',#5564);
#1727=VERTEX_POINT('',#5570);
#1728=VERTEX_POINT('',#5572);
#1729=VERTEX_POINT('',#5575);
#1730=VERTEX_POINT('',#5577);
#1731=VERTEX_POINT('',#5579);
#1732=VERTEX_POINT('',#5581);
#1733=VERTEX_POINT('',#5585);
#1734=VERTEX_POINT('',#5587);
#1735=VERTEX_POINT('',#5596);
#1736=VERTEX_POINT('',#5598);
#1737=VERTEX_POINT('',#5600);
#1738=VERTEX_POINT('',#5603);
#1739=VERTEX_POINT('',#5605);
#1740=VERTEX_POINT('',#5608);
#1741=VERTEX_POINT('',#5610);
#1742=VERTEX_POINT('',#5613);
#1743=VERTEX_POINT('',#5615);
#1744=VERTEX_POINT('',#5617);
#1745=VERTEX_POINT('',#5620);
#1746=VERTEX_POINT('',#5622);
#1747=VERTEX_POINT('',#5624);
#1748=VERTEX_POINT('',#5626);
#1749=VERTEX_POINT('',#5663);
#1750=VERTEX_POINT('',#5665);
#1751=VERTEX_POINT('',#5668);
#1752=VERTEX_POINT('',#5670);
#1753=VERTEX_POINT('',#5673);
#1754=VERTEX_POINT('',#5675);
#1755=VERTEX_POINT('',#5678);
#1756=VERTEX_POINT('',#5680);
#1757=VERTEX_POINT('',#5705);
#1758=VERTEX_POINT('',#5707);
#1759=VERTEX_POINT('',#5712);
#1760=VERTEX_POINT('',#5713);
#1761=VERTEX_POINT('',#5715);
#1762=VERTEX_POINT('',#5717);
#1763=VERTEX_POINT('',#5721);
#1764=VERTEX_POINT('',#5723);
#1765=VERTEX_POINT('',#5727);
#1766=VERTEX_POINT('',#5729);
#1767=VERTEX_POINT('',#5738);
#1768=VERTEX_POINT('',#5739);
#1769=VERTEX_POINT('',#5741);
#1770=VERTEX_POINT('',#5743);
#1771=VERTEX_POINT('',#5747);
#1772=VERTEX_POINT('',#5749);
#1773=VERTEX_POINT('',#5753);
#1774=VERTEX_POINT('',#5755);
#1775=VERTEX_POINT('',#5764);
#1776=VERTEX_POINT('',#5765);
#1777=VERTEX_POINT('',#5767);
#1778=VERTEX_POINT('',#5769);
#1779=VERTEX_POINT('',#5773);
#1780=VERTEX_POINT('',#5775);
#1781=VERTEX_POINT('',#5779);
#1782=VERTEX_POINT('',#5781);
#1783=VERTEX_POINT('',#5790);
#1784=VERTEX_POINT('',#5792);
#1785=VERTEX_POINT('',#5797);
#1786=VERTEX_POINT('',#5799);
#1787=VERTEX_POINT('',#5817);
#1788=VERTEX_POINT('',#5818);
#1789=VERTEX_POINT('',#5826);
#1790=VERTEX_POINT('',#5828);
#1791=VERTEX_POINT('',#5838);
#1792=VERTEX_POINT('',#5840);
#1793=VERTEX_POINT('',#5844);
#1794=VERTEX_POINT('',#5846);
#1795=VERTEX_POINT('',#5850);
#1796=VERTEX_POINT('',#5852);
#1797=VERTEX_POINT('',#5856);
#1798=VERTEX_POINT('',#5858);
#1799=VERTEX_POINT('',#5862);
#1800=VERTEX_POINT('',#5864);
#1801=VERTEX_POINT('',#5868);
#1802=VERTEX_POINT('',#5870);
#1803=VERTEX_POINT('',#5874);
#1804=VERTEX_POINT('',#5876);
#1805=VERTEX_POINT('',#5897);
#1806=VERTEX_POINT('',#5907);
#1807=VERTEX_POINT('',#5924);
#1808=VERTEX_POINT('',#5925);
#1809=VERTEX_POINT('',#5927);
#1810=VERTEX_POINT('',#5929);
#1811=VERTEX_POINT('',#5933);
#1812=VERTEX_POINT('',#5935);
#1813=VERTEX_POINT('',#5939);
#1814=VERTEX_POINT('',#5941);
#1815=VERTEX_POINT('',#5952);
#1816=VERTEX_POINT('',#5957);
#1817=VERTEX_POINT('',#5964);
#1818=VERTEX_POINT('',#5966);
#1819=VERTEX_POINT('',#5970);
#1820=VERTEX_POINT('',#5972);
#1821=VERTEX_POINT('',#5976);
#1822=VERTEX_POINT('',#5978);
#1823=VERTEX_POINT('',#5982);
#1824=VERTEX_POINT('',#5984);
#1825=VERTEX_POINT('',#5988);
#1826=VERTEX_POINT('',#5990);
#1827=VERTEX_POINT('',#6016);
#1828=VERTEX_POINT('',#6017);
#1829=VERTEX_POINT('',#6019);
#1830=VERTEX_POINT('',#6021);
#1831=VERTEX_POINT('',#6025);
#1832=VERTEX_POINT('',#6027);
#1833=VERTEX_POINT('',#6031);
#1834=VERTEX_POINT('',#6033);
#1835=VERTEX_POINT('',#6044);
#1836=VERTEX_POINT('',#6049);
#1837=VERTEX_POINT('',#6056);
#1838=VERTEX_POINT('',#6058);
#1839=VERTEX_POINT('',#6062);
#1840=VERTEX_POINT('',#6064);
#1841=VERTEX_POINT('',#6068);
#1842=VERTEX_POINT('',#6070);
#1843=VERTEX_POINT('',#6074);
#1844=VERTEX_POINT('',#6076);
#1845=VERTEX_POINT('',#6080);
#1846=VERTEX_POINT('',#6082);
#1847=VERTEX_POINT('',#6117);
#1848=VERTEX_POINT('',#6118);
#1849=VERTEX_POINT('',#6124);
#1850=VERTEX_POINT('',#6126);
#1851=VERTEX_POINT('',#6134);
#1852=VERTEX_POINT('',#6136);
#1853=VERTEX_POINT('',#6140);
#1854=VERTEX_POINT('',#6142);
#1855=VERTEX_POINT('',#6146);
#1856=VERTEX_POINT('',#6148);
#1857=VERTEX_POINT('',#6159);
#1858=VERTEX_POINT('',#6164);
#1859=VERTEX_POINT('',#6171);
#1860=VERTEX_POINT('',#6173);
#1861=VERTEX_POINT('',#6177);
#1862=VERTEX_POINT('',#6179);
#1863=VERTEX_POINT('',#6183);
#1864=VERTEX_POINT('',#6185);
#1865=VERTEX_POINT('',#6189);
#1866=VERTEX_POINT('',#6191);
#1867=VERTEX_POINT('',#6207);
#1868=VERTEX_POINT('',#6208);
#1869=VERTEX_POINT('',#6213);
#1870=VERTEX_POINT('',#6215);
#1871=VERTEX_POINT('',#6222);
#1872=VERTEX_POINT('',#6224);
#1873=VERTEX_POINT('',#6235);
#1874=VERTEX_POINT('',#6240);
#1875=VERTEX_POINT('',#6247);
#1876=VERTEX_POINT('',#6249);
#1877=VERTEX_POINT('',#6253);
#1878=VERTEX_POINT('',#6255);
#1879=VERTEX_POINT('',#6259);
#1880=VERTEX_POINT('',#6261);
#1881=VERTEX_POINT('',#6265);
#1882=VERTEX_POINT('',#6267);
#1883=VERTEX_POINT('',#6271);
#1884=VERTEX_POINT('',#6273);
#1885=VERTEX_POINT('',#6277);
#1886=VERTEX_POINT('',#6279);
#1887=VERTEX_POINT('',#6283);
#1888=VERTEX_POINT('',#6285);
#1889=VERTEX_POINT('',#6289);
#1890=VERTEX_POINT('',#6291);
#1891=VERTEX_POINT('',#6295);
#1892=VERTEX_POINT('',#6297);
#1893=VERTEX_POINT('',#6301);
#1894=VERTEX_POINT('',#6303);
#1895=VERTEX_POINT('',#6312);
#1896=VERTEX_POINT('',#6313);
#1897=VERTEX_POINT('',#6315);
#1898=VERTEX_POINT('',#6317);
#1899=VERTEX_POINT('',#6321);
#1900=VERTEX_POINT('',#6323);
#1901=VERTEX_POINT('',#6327);
#1902=VERTEX_POINT('',#6329);
#1903=VERTEX_POINT('',#6368);
#1904=VERTEX_POINT('',#6369);
#1905=VERTEX_POINT('',#6376);
#1906=VERTEX_POINT('',#6378);
#1907=VERTEX_POINT('',#6387);
#1908=VERTEX_POINT('',#6389);
#1909=VERTEX_POINT('',#6393);
#1910=VERTEX_POINT('',#6395);
#1911=VERTEX_POINT('',#6412);
#1912=VERTEX_POINT('',#6420);
#1913=VERTEX_POINT('',#6430);
#1914=VERTEX_POINT('',#6432);
#1915=VERTEX_POINT('',#6451);
#1916=VERTEX_POINT('',#6460);
#1917=VERTEX_POINT('',#6471);
#1918=VERTEX_POINT('',#6473);
#1919=VERTEX_POINT('',#6477);
#1920=VERTEX_POINT('',#6479);
#1921=VERTEX_POINT('',#6501);
#1922=VERTEX_POINT('',#6502);
#1923=VERTEX_POINT('',#6510);
#1924=VERTEX_POINT('',#6512);
#1925=VERTEX_POINT('',#6522);
#1926=VERTEX_POINT('',#6524);
#1927=VERTEX_POINT('',#6539);
#1928=VERTEX_POINT('',#6546);
#1929=VERTEX_POINT('',#6573);
#1930=VERTEX_POINT('',#6574);
#1931=VERTEX_POINT('',#6583);
#1932=VERTEX_POINT('',#6585);
#1933=VERTEX_POINT('',#6596);
#1934=VERTEX_POINT('',#6598);
#1935=VERTEX_POINT('',#6615);
#1936=VERTEX_POINT('',#6623);
#1937=EDGE_CURVE('',#1571,#1572,#577,.T.);
#1938=EDGE_CURVE('',#1573,#1572,#578,.T.);
#1939=EDGE_CURVE('',#1574,#1573,#579,.T.);
#1940=EDGE_CURVE('',#1574,#1571,#580,.T.);
#1941=EDGE_CURVE('',#1572,#1575,#581,.T.);
#1942=EDGE_CURVE('',#1576,#1575,#582,.T.);
#1943=EDGE_CURVE('',#1573,#1576,#583,.T.);
#1944=EDGE_CURVE('',#1575,#1577,#584,.T.);
#1945=EDGE_CURVE('',#1578,#1577,#585,.T.);
#1946=EDGE_CURVE('',#1576,#1578,#586,.T.);
#1947=EDGE_CURVE('',#1577,#1571,#587,.T.);
#1948=EDGE_CURVE('',#1578,#1574,#588,.T.);
#1949=EDGE_CURVE('',#1579,#1580,#589,.T.);
#1950=EDGE_CURVE('',#1581,#1580,#590,.T.);
#1951=EDGE_CURVE('',#1582,#1581,#591,.T.);
#1952=EDGE_CURVE('',#1582,#1579,#592,.T.);
#1953=EDGE_CURVE('',#1580,#1583,#593,.T.);
#1954=EDGE_CURVE('',#1584,#1583,#594,.T.);
#1955=EDGE_CURVE('',#1581,#1584,#595,.T.);
#1956=EDGE_CURVE('',#1583,#1585,#596,.T.);
#1957=EDGE_CURVE('',#1586,#1585,#597,.T.);
#1958=EDGE_CURVE('',#1584,#1586,#598,.T.);
#1959=EDGE_CURVE('',#1585,#1587,#599,.T.);
#1960=EDGE_CURVE('',#1588,#1587,#600,.T.);
#1961=EDGE_CURVE('',#1586,#1588,#601,.T.);
#1962=EDGE_CURVE('',#1587,#1589,#602,.T.);
#1963=EDGE_CURVE('',#1590,#1589,#603,.T.);
#1964=EDGE_CURVE('',#1588,#1590,#604,.T.);
#1965=EDGE_CURVE('',#1589,#1591,#605,.T.);
#1966=EDGE_CURVE('',#1592,#1591,#606,.T.);
#1967=EDGE_CURVE('',#1590,#1592,#607,.T.);
#1968=EDGE_CURVE('',#1591,#1593,#608,.T.);
#1969=EDGE_CURVE('',#1594,#1593,#609,.T.);
#1970=EDGE_CURVE('',#1592,#1594,#610,.T.);
#1971=EDGE_CURVE('',#1593,#1595,#611,.T.);
#1972=EDGE_CURVE('',#1596,#1595,#612,.T.);
#1973=EDGE_CURVE('',#1594,#1596,#613,.T.);
#1974=EDGE_CURVE('',#1595,#1597,#614,.T.);
#1975=EDGE_CURVE('',#1598,#1597,#615,.T.);
#1976=EDGE_CURVE('',#1596,#1598,#616,.T.);
#1977=EDGE_CURVE('',#1597,#1599,#617,.T.);
#1978=EDGE_CURVE('',#1600,#1599,#618,.T.);
#1979=EDGE_CURVE('',#1598,#1600,#619,.T.);
#1980=EDGE_CURVE('',#1599,#1601,#620,.T.);
#1981=EDGE_CURVE('',#1602,#1601,#621,.T.);
#1982=EDGE_CURVE('',#1600,#1602,#622,.T.);
#1983=EDGE_CURVE('',#1601,#1603,#623,.T.);
#1984=EDGE_CURVE('',#1604,#1603,#624,.T.);
#1985=EDGE_CURVE('',#1602,#1604,#625,.T.);
#1986=EDGE_CURVE('',#1603,#1605,#626,.T.);
#1987=EDGE_CURVE('',#1606,#1605,#627,.T.);
#1988=EDGE_CURVE('',#1604,#1606,#628,.T.);
#1989=EDGE_CURVE('',#1605,#1607,#629,.T.);
#1990=EDGE_CURVE('',#1608,#1607,#630,.T.);
#1991=EDGE_CURVE('',#1606,#1608,#631,.T.);
#1992=EDGE_CURVE('',#1607,#1609,#632,.T.);
#1993=EDGE_CURVE('',#1610,#1609,#633,.T.);
#1994=EDGE_CURVE('',#1608,#1610,#634,.T.);
#1995=EDGE_CURVE('',#1609,#1579,#635,.T.);
#1996=EDGE_CURVE('',#1610,#1582,#636,.T.);
#1997=EDGE_CURVE('',#1611,#1612,#637,.T.);
#1998=EDGE_CURVE('',#1613,#1612,#638,.T.);
#1999=EDGE_CURVE('',#1614,#1613,#639,.T.);
#2000=EDGE_CURVE('',#1614,#1611,#640,.T.);
#2001=EDGE_CURVE('',#1612,#1615,#641,.T.);
#2002=EDGE_CURVE('',#1616,#1615,#642,.T.);
#2003=EDGE_CURVE('',#1613,#1616,#643,.T.);
#2004=EDGE_CURVE('',#1615,#1617,#644,.T.);
#2005=EDGE_CURVE('',#1618,#1617,#645,.T.);
#2006=EDGE_CURVE('',#1616,#1618,#646,.T.);
#2007=EDGE_CURVE('',#1617,#1619,#647,.T.);
#2008=EDGE_CURVE('',#1620,#1619,#648,.T.);
#2009=EDGE_CURVE('',#1618,#1620,#649,.T.);
#2010=EDGE_CURVE('',#1619,#1621,#650,.T.);
#2011=EDGE_CURVE('',#1622,#1621,#651,.T.);
#2012=EDGE_CURVE('',#1620,#1622,#652,.T.);
#2013=EDGE_CURVE('',#1621,#1623,#653,.T.);
#2014=EDGE_CURVE('',#1624,#1623,#654,.T.);
#2015=EDGE_CURVE('',#1622,#1624,#655,.T.);
#2016=EDGE_CURVE('',#1623,#1625,#656,.T.);
#2017=EDGE_CURVE('',#1626,#1625,#657,.T.);
#2018=EDGE_CURVE('',#1624,#1626,#658,.T.);
#2019=EDGE_CURVE('',#1625,#1627,#659,.T.);
#2020=EDGE_CURVE('',#1628,#1627,#660,.T.);
#2021=EDGE_CURVE('',#1626,#1628,#661,.T.);
#2022=EDGE_CURVE('',#1627,#1629,#662,.T.);
#2023=EDGE_CURVE('',#1630,#1629,#663,.T.);
#2024=EDGE_CURVE('',#1628,#1630,#664,.T.);
#2025=EDGE_CURVE('',#1629,#1631,#665,.T.);
#2026=EDGE_CURVE('',#1632,#1631,#666,.T.);
#2027=EDGE_CURVE('',#1630,#1632,#667,.T.);
#2028=EDGE_CURVE('',#1631,#1633,#668,.T.);
#2029=EDGE_CURVE('',#1634,#1633,#669,.T.);
#2030=EDGE_CURVE('',#1632,#1634,#670,.T.);
#2031=EDGE_CURVE('',#1633,#1635,#671,.T.);
#2032=EDGE_CURVE('',#1636,#1635,#672,.T.);
#2033=EDGE_CURVE('',#1634,#1636,#673,.T.);
#2034=EDGE_CURVE('',#1635,#1637,#674,.T.);
#2035=EDGE_CURVE('',#1638,#1637,#675,.T.);
#2036=EDGE_CURVE('',#1636,#1638,#676,.T.);
#2037=EDGE_CURVE('',#1637,#1639,#677,.T.);
#2038=EDGE_CURVE('',#1640,#1639,#678,.T.);
#2039=EDGE_CURVE('',#1638,#1640,#679,.T.);
#2040=EDGE_CURVE('',#1639,#1641,#680,.T.);
#2041=EDGE_CURVE('',#1642,#1641,#681,.T.);
#2042=EDGE_CURVE('',#1640,#1642,#682,.T.);
#2043=EDGE_CURVE('',#1641,#1643,#683,.T.);
#2044=EDGE_CURVE('',#1644,#1643,#684,.T.);
#2045=EDGE_CURVE('',#1642,#1644,#685,.T.);
#2046=EDGE_CURVE('',#1643,#1645,#686,.T.);
#2047=EDGE_CURVE('',#1646,#1645,#687,.T.);
#2048=EDGE_CURVE('',#1644,#1646,#688,.T.);
#2049=EDGE_CURVE('',#1645,#1647,#689,.T.);
#2050=EDGE_CURVE('',#1648,#1647,#690,.T.);
#2051=EDGE_CURVE('',#1646,#1648,#691,.T.);
#2052=EDGE_CURVE('',#1647,#1649,#692,.T.);
#2053=EDGE_CURVE('',#1650,#1649,#693,.T.);
#2054=EDGE_CURVE('',#1648,#1650,#694,.T.);
#2055=EDGE_CURVE('',#1649,#1651,#695,.T.);
#2056=EDGE_CURVE('',#1652,#1651,#696,.T.);
#2057=EDGE_CURVE('',#1650,#1652,#697,.T.);
#2058=EDGE_CURVE('',#1651,#1653,#698,.T.);
#2059=EDGE_CURVE('',#1654,#1653,#699,.T.);
#2060=EDGE_CURVE('',#1652,#1654,#700,.T.);
#2061=EDGE_CURVE('',#1653,#1655,#701,.T.);
#2062=EDGE_CURVE('',#1656,#1655,#702,.T.);
#2063=EDGE_CURVE('',#1654,#1656,#703,.T.);
#2064=EDGE_CURVE('',#1655,#1657,#704,.T.);
#2065=EDGE_CURVE('',#1658,#1657,#705,.T.);
#2066=EDGE_CURVE('',#1656,#1658,#706,.T.);
#2067=EDGE_CURVE('',#1657,#1611,#707,.T.);
#2068=EDGE_CURVE('',#1658,#1614,#708,.T.);
#2069=EDGE_CURVE('',#1659,#1659,#80,.T.);
#2070=EDGE_CURVE('',#1660,#1660,#81,.T.);
#2071=EDGE_CURVE('',#1661,#1662,#709,.T.);
#2072=EDGE_CURVE('',#1663,#1661,#710,.T.);
#2073=EDGE_CURVE('',#1664,#1663,#711,.T.);
#2074=EDGE_CURVE('',#1664,#1662,#712,.T.);
#2075=EDGE_CURVE('',#1665,#1666,#713,.T.);
#2076=EDGE_CURVE('',#1667,#1665,#714,.T.);
#2077=EDGE_CURVE('',#1668,#1667,#715,.T.);
#2078=EDGE_CURVE('',#1668,#1666,#716,.T.);
#2079=EDGE_CURVE('',#1669,#1670,#717,.T.);
#2080=EDGE_CURVE('',#1671,#1669,#718,.T.);
#2081=EDGE_CURVE('',#1672,#1671,#719,.T.);
#2082=EDGE_CURVE('',#1672,#1670,#720,.T.);
#2083=EDGE_CURVE('',#1673,#1674,#721,.T.);
#2084=EDGE_CURVE('',#1675,#1673,#722,.T.);
#2085=EDGE_CURVE('',#1676,#1675,#723,.T.);
#2086=EDGE_CURVE('',#1677,#1676,#724,.T.);
#2087=EDGE_CURVE('',#1677,#1678,#725,.T.);
#2088=EDGE_CURVE('',#1674,#1678,#726,.T.);
#2089=EDGE_CURVE('',#1679,#1680,#727,.T.);
#2090=EDGE_CURVE('',#1681,#1679,#728,.T.);
#2091=EDGE_CURVE('',#1682,#1681,#729,.T.);
#2092=EDGE_CURVE('',#1682,#1680,#730,.T.);
#2093=EDGE_CURVE('',#1683,#1684,#731,.T.);
#2094=EDGE_CURVE('',#1685,#1683,#732,.T.);
#2095=EDGE_CURVE('',#1686,#1685,#733,.T.);
#2096=EDGE_CURVE('',#1686,#1684,#734,.T.);
#2097=EDGE_CURVE('',#1687,#1688,#735,.T.);
#2098=EDGE_CURVE('',#1689,#1687,#736,.T.);
#2099=EDGE_CURVE('',#1690,#1689,#737,.T.);
#2100=EDGE_CURVE('',#1691,#1690,#738,.T.);
#2101=EDGE_CURVE('',#1691,#1692,#739,.T.);
#2102=EDGE_CURVE('',#1693,#1692,#740,.T.);
#2103=EDGE_CURVE('',#1694,#1693,#741,.T.);
#2104=EDGE_CURVE('',#1695,#1694,#742,.T.);
#2105=EDGE_CURVE('',#1696,#1695,#743,.T.);
#2106=EDGE_CURVE('',#1696,#1688,#744,.T.);
#2107=EDGE_CURVE('',#1692,#1697,#745,.T.);
#2108=EDGE_CURVE('',#1697,#1698,#746,.T.);
#2109=EDGE_CURVE('',#1698,#1699,#747,.T.);
#2110=EDGE_CURVE('',#1699,#1700,#748,.T.);
#2111=EDGE_CURVE('',#1701,#1700,#749,.T.);
#2112=EDGE_CURVE('',#1702,#1701,#750,.T.);
#2113=EDGE_CURVE('',#1702,#1693,#751,.T.);
#2114=EDGE_CURVE('',#1703,#1704,#752,.T.);
#2115=EDGE_CURVE('',#1704,#1661,#753,.T.);
#2116=EDGE_CURVE('',#1662,#1705,#754,.T.);
#2117=EDGE_CURVE('',#1705,#1706,#755,.T.);
#2118=EDGE_CURVE('',#1706,#1665,#756,.T.);
#2119=EDGE_CURVE('',#1666,#1707,#757,.T.);
#2120=EDGE_CURVE('',#1707,#1708,#758,.T.);
#2121=EDGE_CURVE('',#1708,#1669,#759,.T.);
#2122=EDGE_CURVE('',#1670,#1709,#760,.T.);
#2123=EDGE_CURVE('',#1709,#1710,#761,.T.);
#2124=EDGE_CURVE('',#1710,#1711,#762,.T.);
#2125=EDGE_CURVE('',#1711,#1712,#763,.T.);
#2126=EDGE_CURVE('',#1713,#1712,#764,.T.);
#2127=EDGE_CURVE('',#1701,#1713,#765,.T.);
#2128=EDGE_CURVE('',#1700,#1714,#766,.T.);
#2129=EDGE_CURVE('',#1714,#1703,#767,.T.);
#2130=EDGE_CURVE('',#1712,#1715,#768,.T.);
#2131=EDGE_CURVE('',#1715,#1716,#769,.T.);
#2132=EDGE_CURVE('',#1716,#1717,#770,.T.);
#2133=EDGE_CURVE('',#1717,#1673,#771,.T.);
#2134=EDGE_CURVE('',#1718,#1674,#772,.T.);
#2135=EDGE_CURVE('',#1713,#1718,#773,.T.);
#2136=EDGE_CURVE('',#1678,#1719,#774,.T.);
#2137=EDGE_CURVE('',#1719,#1720,#775,.T.);
#2138=EDGE_CURVE('',#1720,#1679,#776,.T.);
#2139=EDGE_CURVE('',#1680,#1721,#777,.T.);
#2140=EDGE_CURVE('',#1721,#1722,#778,.T.);
#2141=EDGE_CURVE('',#1722,#1683,#779,.T.);
#2142=EDGE_CURVE('',#1684,#1723,#780,.T.);
#2143=EDGE_CURVE('',#1723,#1724,#781,.T.);
#2144=EDGE_CURVE('',#1724,#1687,#782,.T.);
#2145=EDGE_CURVE('',#1688,#1725,#783,.T.);
#2146=EDGE_CURVE('',#1725,#1726,#784,.T.);
#2147=EDGE_CURVE('',#1726,#1694,#785,.T.);
#2148=EDGE_CURVE('',#1718,#1702,#786,.T.);
#2149=EDGE_CURVE('',#1727,#1711,#787,.T.);
#2150=EDGE_CURVE('',#1728,#1727,#788,.T.);
#2151=EDGE_CURVE('',#1728,#1714,#789,.T.);
#2152=EDGE_CURVE('',#1729,#1699,#790,.T.);
#2153=EDGE_CURVE('',#1730,#1729,#791,.T.);
#2154=EDGE_CURVE('',#1731,#1730,#792,.T.);
#2155=EDGE_CURVE('',#1732,#1731,#793,.T.);
#2156=EDGE_CURVE('',#1732,#1715,#794,.T.);
#2157=EDGE_CURVE('',#1725,#1733,#795,.T.);
#2158=EDGE_CURVE('',#1733,#1734,#796,.T.);
#2159=EDGE_CURVE('',#1734,#1726,#797,.T.);
#2160=EDGE_CURVE('',#1734,#1695,#798,.T.);
#2161=EDGE_CURVE('',#1733,#1696,#799,.T.);
#2162=EDGE_CURVE('',#1697,#1735,#800,.T.);
#2163=EDGE_CURVE('',#1735,#1736,#801,.T.);
#2164=EDGE_CURVE('',#1736,#1737,#802,.T.);
#2165=EDGE_CURVE('',#1737,#1724,#803,.T.);
#2166=EDGE_CURVE('',#1723,#1738,#804,.T.);
#2167=EDGE_CURVE('',#1738,#1739,#805,.T.);
#2168=EDGE_CURVE('',#1739,#1722,#806,.T.);
#2169=EDGE_CURVE('',#1721,#1740,#807,.T.);
#2170=EDGE_CURVE('',#1740,#1741,#808,.T.);
#2171=EDGE_CURVE('',#1741,#1720,#809,.T.);
#2172=EDGE_CURVE('',#1719,#1742,#810,.T.);
#2173=EDGE_CURVE('',#1742,#1743,#811,.T.);
#2174=EDGE_CURVE('',#1743,#1744,#812,.T.);
#2175=EDGE_CURVE('',#1744,#1717,#813,.T.);
#2176=EDGE_CURVE('',#1716,#1745,#814,.T.);
#2177=EDGE_CURVE('',#1745,#1746,#815,.T.);
#2178=EDGE_CURVE('',#1746,#1747,#816,.T.);
#2179=EDGE_CURVE('',#1747,#1748,#817,.T.);
#2180=EDGE_CURVE('',#1748,#1698,#818,.T.);
#2181=EDGE_CURVE('',#1745,#1732,#819,.T.);
#2182=EDGE_CURVE('',#1744,#1675,#820,.T.);
#2183=EDGE_CURVE('',#1742,#1677,#821,.T.);
#2184=EDGE_CURVE('',#1741,#1681,#822,.T.);
#2185=EDGE_CURVE('',#1740,#1682,#823,.T.);
#2186=EDGE_CURVE('',#1739,#1685,#824,.T.);
#2187=EDGE_CURVE('',#1738,#1686,#825,.T.);
#2188=EDGE_CURVE('',#1737,#1689,#826,.T.);
#2189=EDGE_CURVE('',#1735,#1691,#827,.T.);
#2190=EDGE_CURVE('',#1748,#1729,#828,.T.);
#2191=EDGE_CURVE('',#1747,#1730,#829,.T.);
#2192=EDGE_CURVE('',#1746,#1731,#830,.T.);
#2193=EDGE_CURVE('',#1743,#1676,#831,.T.);
#2194=EDGE_CURVE('',#1736,#1690,#832,.T.);
#2195=EDGE_CURVE('',#1703,#1749,#833,.T.);
#2196=EDGE_CURVE('',#1749,#1750,#834,.T.);
#2197=EDGE_CURVE('',#1750,#1710,#835,.T.);
#2198=EDGE_CURVE('',#1709,#1751,#836,.T.);
#2199=EDGE_CURVE('',#1751,#1752,#837,.T.);
#2200=EDGE_CURVE('',#1752,#1708,#838,.T.);
#2201=EDGE_CURVE('',#1707,#1753,#839,.T.);
#2202=EDGE_CURVE('',#1753,#1754,#840,.T.);
#2203=EDGE_CURVE('',#1754,#1706,#841,.T.);
#2204=EDGE_CURVE('',#1705,#1755,#842,.T.);
#2205=EDGE_CURVE('',#1755,#1756,#843,.T.);
#2206=EDGE_CURVE('',#1756,#1704,#844,.T.);
#2207=EDGE_CURVE('',#1756,#1663,#845,.T.);
#2208=EDGE_CURVE('',#1755,#1664,#846,.T.);
#2209=EDGE_CURVE('',#1754,#1667,#847,.T.);
#2210=EDGE_CURVE('',#1753,#1668,#848,.T.);
#2211=EDGE_CURVE('',#1752,#1671,#849,.T.);
#2212=EDGE_CURVE('',#1751,#1672,#850,.T.);
#2213=EDGE_CURVE('',#1750,#1727,#851,.T.);
#2214=EDGE_CURVE('',#1749,#1728,#852,.T.);
#2215=EDGE_CURVE('',#1757,#1757,#82,.T.);
#2216=EDGE_CURVE('',#1758,#1758,#83,.T.);
#2217=EDGE_CURVE('',#1759,#1760,#853,.T.);
#2218=EDGE_CURVE('',#1760,#1761,#854,.T.);
#2219=EDGE_CURVE('',#1762,#1761,#855,.T.);
#2220=EDGE_CURVE('',#1759,#1762,#856,.T.);
#2221=EDGE_CURVE('',#1763,#1759,#857,.T.);
#2222=EDGE_CURVE('',#1764,#1762,#858,.T.);
#2223=EDGE_CURVE('',#1763,#1764,#859,.T.);
#2224=EDGE_CURVE('',#1765,#1763,#860,.T.);
#2225=EDGE_CURVE('',#1766,#1764,#861,.T.);
#2226=EDGE_CURVE('',#1765,#1766,#862,.T.);
#2227=EDGE_CURVE('',#1760,#1765,#863,.T.);
#2228=EDGE_CURVE('',#1761,#1766,#864,.T.);
#2229=EDGE_CURVE('',#1767,#1768,#865,.T.);
#2230=EDGE_CURVE('',#1768,#1769,#866,.T.);
#2231=EDGE_CURVE('',#1770,#1769,#867,.T.);
#2232=EDGE_CURVE('',#1767,#1770,#868,.T.);
#2233=EDGE_CURVE('',#1771,#1767,#869,.T.);
#2234=EDGE_CURVE('',#1772,#1770,#870,.T.);
#2235=EDGE_CURVE('',#1771,#1772,#871,.T.);
#2236=EDGE_CURVE('',#1773,#1771,#872,.T.);
#2237=EDGE_CURVE('',#1774,#1772,#873,.T.);
#2238=EDGE_CURVE('',#1773,#1774,#874,.T.);
#2239=EDGE_CURVE('',#1768,#1773,#875,.T.);
#2240=EDGE_CURVE('',#1769,#1774,#876,.T.);
#2241=EDGE_CURVE('',#1775,#1776,#877,.T.);
#2242=EDGE_CURVE('',#1776,#1777,#878,.T.);
#2243=EDGE_CURVE('',#1778,#1777,#879,.T.);
#2244=EDGE_CURVE('',#1775,#1778,#880,.T.);
#2245=EDGE_CURVE('',#1779,#1775,#881,.T.);
#2246=EDGE_CURVE('',#1780,#1778,#882,.T.);
#2247=EDGE_CURVE('',#1779,#1780,#883,.T.);
#2248=EDGE_CURVE('',#1781,#1779,#884,.T.);
#2249=EDGE_CURVE('',#1782,#1780,#885,.T.);
#2250=EDGE_CURVE('',#1781,#1782,#886,.T.);
#2251=EDGE_CURVE('',#1776,#1781,#887,.T.);
#2252=EDGE_CURVE('',#1777,#1782,#888,.T.);
#2253=EDGE_CURVE('',#1783,#1783,#84,.T.);
#2254=EDGE_CURVE('',#1784,#1784,#85,.T.);
#2255=EDGE_CURVE('',#1785,#1785,#86,.T.);
#2256=EDGE_CURVE('',#1786,#1786,#87,.T.);
#2257=EDGE_CURVE('',#1787,#1788,#17,.T.);
#2258=EDGE_CURVE('',#1788,#1789,#889,.T.);
#2259=EDGE_CURVE('',#1790,#1789,#18,.T.);
#2260=EDGE_CURVE('',#1787,#1790,#890,.T.);
#2261=EDGE_CURVE('',#1791,#1787,#891,.T.);
#2262=EDGE_CURVE('',#1792,#1790,#892,.T.);
#2263=EDGE_CURVE('',#1791,#1792,#893,.T.);
#2264=EDGE_CURVE('',#1793,#1791,#88,.T.);
#2265=EDGE_CURVE('',#1794,#1792,#89,.T.);
#2266=EDGE_CURVE('',#1793,#1794,#894,.T.);
#2267=EDGE_CURVE('',#1795,#1793,#895,.T.);
#2268=EDGE_CURVE('',#1796,#1794,#896,.T.);
#2269=EDGE_CURVE('',#1795,#1796,#897,.T.);
#2270=EDGE_CURVE('',#1797,#1795,#898,.T.);
#2271=EDGE_CURVE('',#1798,#1796,#899,.T.);
#2272=EDGE_CURVE('',#1797,#1798,#900,.T.);
#2273=EDGE_CURVE('',#1799,#1797,#901,.T.);
#2274=EDGE_CURVE('',#1800,#1798,#902,.T.);
#2275=EDGE_CURVE('',#1799,#1800,#903,.T.);
#2276=EDGE_CURVE('',#1801,#1799,#90,.T.);
#2277=EDGE_CURVE('',#1802,#1800,#91,.T.);
#2278=EDGE_CURVE('',#1801,#1802,#904,.T.);
#2279=EDGE_CURVE('',#1803,#1801,#905,.T.);
#2280=EDGE_CURVE('',#1804,#1802,#906,.T.);
#2281=EDGE_CURVE('',#1803,#1804,#907,.T.);
#2282=EDGE_CURVE('',#1805,#1803,#19,.T.);
#2283=EDGE_CURVE('',#1806,#1804,#20,.T.);
#2284=EDGE_CURVE('',#1805,#1806,#908,.T.);
#2285=EDGE_CURVE('',#1788,#1805,#909,.T.);
#2286=EDGE_CURVE('',#1789,#1806,#910,.T.);
#2287=EDGE_CURVE('',#1807,#1808,#911,.T.);
#2288=EDGE_CURVE('',#1808,#1809,#912,.T.);
#2289=EDGE_CURVE('',#1810,#1809,#913,.T.);
#2290=EDGE_CURVE('',#1807,#1810,#914,.T.);
#2291=EDGE_CURVE('',#1811,#1807,#915,.T.);
#2292=EDGE_CURVE('',#1812,#1810,#916,.T.);
#2293=EDGE_CURVE('',#1811,#1812,#917,.T.);
#2294=EDGE_CURVE('',#1813,#1811,#918,.T.);
#2295=EDGE_CURVE('',#1814,#1812,#919,.T.);
#2296=EDGE_CURVE('',#1813,#1814,#920,.T.);
#2297=EDGE_CURVE('',#1815,#1813,#21,.T.);
#2298=EDGE_CURVE('',#1816,#1814,#22,.T.);
#2299=EDGE_CURVE('',#1815,#1816,#921,.T.);
#2300=EDGE_CURVE('',#1817,#1815,#922,.T.);
#2301=EDGE_CURVE('',#1818,#1816,#923,.T.);
#2302=EDGE_CURVE('',#1817,#1818,#924,.T.);
#2303=EDGE_CURVE('',#1819,#1817,#925,.T.);
#2304=EDGE_CURVE('',#1820,#1818,#926,.T.);
#2305=EDGE_CURVE('',#1819,#1820,#927,.T.);
#2306=EDGE_CURVE('',#1821,#1819,#928,.T.);
#2307=EDGE_CURVE('',#1822,#1820,#929,.T.);
#2308=EDGE_CURVE('',#1821,#1822,#930,.T.);
#2309=EDGE_CURVE('',#1823,#1821,#931,.T.);
#2310=EDGE_CURVE('',#1824,#1822,#932,.T.);
#2311=EDGE_CURVE('',#1823,#1824,#933,.T.);
#2312=EDGE_CURVE('',#1825,#1823,#934,.T.);
#2313=EDGE_CURVE('',#1826,#1824,#935,.T.);
#2314=EDGE_CURVE('',#1825,#1826,#936,.T.);
#2315=EDGE_CURVE('',#1808,#1825,#23,.T.);
#2316=EDGE_CURVE('',#1809,#1826,#24,.T.);
#2317=EDGE_CURVE('',#1827,#1828,#937,.T.);
#2318=EDGE_CURVE('',#1828,#1829,#938,.T.);
#2319=EDGE_CURVE('',#1830,#1829,#939,.T.);
#2320=EDGE_CURVE('',#1827,#1830,#940,.T.);
#2321=EDGE_CURVE('',#1831,#1827,#941,.T.);
#2322=EDGE_CURVE('',#1832,#1830,#942,.T.);
#2323=EDGE_CURVE('',#1831,#1832,#943,.T.);
#2324=EDGE_CURVE('',#1833,#1831,#944,.T.);
#2325=EDGE_CURVE('',#1834,#1832,#945,.T.);
#2326=EDGE_CURVE('',#1833,#1834,#946,.T.);
#2327=EDGE_CURVE('',#1835,#1833,#25,.T.);
#2328=EDGE_CURVE('',#1836,#1834,#26,.T.);
#2329=EDGE_CURVE('',#1835,#1836,#947,.T.);
#2330=EDGE_CURVE('',#1837,#1835,#948,.T.);
#2331=EDGE_CURVE('',#1838,#1836,#949,.T.);
#2332=EDGE_CURVE('',#1837,#1838,#950,.T.);
#2333=EDGE_CURVE('',#1839,#1837,#951,.T.);
#2334=EDGE_CURVE('',#1840,#1838,#952,.T.);
#2335=EDGE_CURVE('',#1839,#1840,#953,.T.);
#2336=EDGE_CURVE('',#1841,#1839,#954,.T.);
#2337=EDGE_CURVE('',#1842,#1840,#955,.T.);
#2338=EDGE_CURVE('',#1841,#1842,#956,.T.);
#2339=EDGE_CURVE('',#1843,#1841,#957,.T.);
#2340=EDGE_CURVE('',#1844,#1842,#958,.T.);
#2341=EDGE_CURVE('',#1843,#1844,#959,.T.);
#2342=EDGE_CURVE('',#1845,#1843,#960,.T.);
#2343=EDGE_CURVE('',#1846,#1844,#961,.T.);
#2344=EDGE_CURVE('',#1845,#1846,#962,.T.);
#2345=EDGE_CURVE('',#1828,#1845,#27,.T.);
#2346=EDGE_CURVE('',#1829,#1846,#28,.T.);
#2347=EDGE_CURVE('',#1847,#1848,#29,.T.);
#2348=EDGE_CURVE('',#1848,#1849,#963,.T.);
#2349=EDGE_CURVE('',#1850,#1849,#30,.T.);
#2350=EDGE_CURVE('',#1847,#1850,#964,.T.);
#2351=EDGE_CURVE('',#1851,#1847,#965,.T.);
#2352=EDGE_CURVE('',#1852,#1850,#966,.T.);
#2353=EDGE_CURVE('',#1851,#1852,#967,.T.);
#2354=EDGE_CURVE('',#1853,#1851,#968,.T.);
#2355=EDGE_CURVE('',#1854,#1852,#969,.T.);
#2356=EDGE_CURVE('',#1853,#1854,#970,.T.);
#2357=EDGE_CURVE('',#1855,#1853,#971,.T.);
#2358=EDGE_CURVE('',#1856,#1854,#972,.T.);
#2359=EDGE_CURVE('',#1855,#1856,#973,.T.);
#2360=EDGE_CURVE('',#1857,#1855,#31,.T.);
#2361=EDGE_CURVE('',#1858,#1856,#32,.T.);
#2362=EDGE_CURVE('',#1857,#1858,#974,.T.);
#2363=EDGE_CURVE('',#1859,#1857,#975,.T.);
#2364=EDGE_CURVE('',#1860,#1858,#976,.T.);
#2365=EDGE_CURVE('',#1859,#1860,#977,.T.);
#2366=EDGE_CURVE('',#1861,#1859,#978,.T.);
#2367=EDGE_CURVE('',#1862,#1860,#979,.T.);
#2368=EDGE_CURVE('',#1861,#1862,#980,.T.);
#2369=EDGE_CURVE('',#1863,#1861,#981,.T.);
#2370=EDGE_CURVE('',#1864,#1862,#982,.T.);
#2371=EDGE_CURVE('',#1863,#1864,#983,.T.);
#2372=EDGE_CURVE('',#1865,#1863,#984,.T.);
#2373=EDGE_CURVE('',#1866,#1864,#985,.T.);
#2374=EDGE_CURVE('',#1865,#1866,#986,.T.);
#2375=EDGE_CURVE('',#1848,#1865,#987,.T.);
#2376=EDGE_CURVE('',#1849,#1866,#988,.T.);
#2377=EDGE_CURVE('',#1867,#1868,#33,.T.);
#2378=EDGE_CURVE('',#1868,#1869,#989,.T.);
#2379=EDGE_CURVE('',#1870,#1869,#34,.T.);
#2380=EDGE_CURVE('',#1867,#1870,#990,.T.);
#2381=EDGE_CURVE('',#1871,#1867,#991,.T.);
#2382=EDGE_CURVE('',#1872,#1870,#992,.T.);
#2383=EDGE_CURVE('',#1871,#1872,#993,.T.);
#2384=EDGE_CURVE('',#1873,#1871,#35,.T.);
#2385=EDGE_CURVE('',#1874,#1872,#36,.T.);
#2386=EDGE_CURVE('',#1873,#1874,#994,.T.);
#2387=EDGE_CURVE('',#1875,#1873,#995,.T.);
#2388=EDGE_CURVE('',#1876,#1874,#996,.T.);
#2389=EDGE_CURVE('',#1875,#1876,#997,.T.);
#2390=EDGE_CURVE('',#1877,#1875,#998,.T.);
#2391=EDGE_CURVE('',#1878,#1876,#999,.T.);
#2392=EDGE_CURVE('',#1877,#1878,#1000,.T.);
#2393=EDGE_CURVE('',#1879,#1877,#1001,.T.);
#2394=EDGE_CURVE('',#1880,#1878,#1002,.T.);
#2395=EDGE_CURVE('',#1879,#1880,#1003,.T.);
#2396=EDGE_CURVE('',#1881,#1879,#1004,.T.);
#2397=EDGE_CURVE('',#1882,#1880,#1005,.T.);
#2398=EDGE_CURVE('',#1881,#1882,#1006,.T.);
#2399=EDGE_CURVE('',#1883,#1881,#1007,.T.);
#2400=EDGE_CURVE('',#1884,#1882,#1008,.T.);
#2401=EDGE_CURVE('',#1883,#1884,#1009,.T.);
#2402=EDGE_CURVE('',#1885,#1883,#1010,.T.);
#2403=EDGE_CURVE('',#1886,#1884,#1011,.T.);
#2404=EDGE_CURVE('',#1885,#1886,#1012,.T.);
#2405=EDGE_CURVE('',#1887,#1885,#1013,.T.);
#2406=EDGE_CURVE('',#1888,#1886,#1014,.T.);
#2407=EDGE_CURVE('',#1887,#1888,#1015,.T.);
#2408=EDGE_CURVE('',#1889,#1887,#1016,.T.);
#2409=EDGE_CURVE('',#1890,#1888,#1017,.T.);
#2410=EDGE_CURVE('',#1889,#1890,#1018,.T.);
#2411=EDGE_CURVE('',#1891,#1889,#1019,.T.);
#2412=EDGE_CURVE('',#1892,#1890,#1020,.T.);
#2413=EDGE_CURVE('',#1891,#1892,#1021,.T.);
#2414=EDGE_CURVE('',#1893,#1891,#1022,.T.);
#2415=EDGE_CURVE('',#1894,#1892,#1023,.T.);
#2416=EDGE_CURVE('',#1893,#1894,#1024,.T.);
#2417=EDGE_CURVE('',#1868,#1893,#1025,.T.);
#2418=EDGE_CURVE('',#1869,#1894,#1026,.T.);
#2419=EDGE_CURVE('',#1895,#1896,#1027,.T.);
#2420=EDGE_CURVE('',#1895,#1897,#1028,.T.);
#2421=EDGE_CURVE('',#1898,#1897,#1029,.T.);
#2422=EDGE_CURVE('',#1896,#1898,#1030,.T.);
#2423=EDGE_CURVE('',#1899,#1895,#1031,.T.);
#2424=EDGE_CURVE('',#1899,#1900,#1032,.T.);
#2425=EDGE_CURVE('',#1897,#1900,#1033,.T.);
#2426=EDGE_CURVE('',#1901,#1899,#1034,.T.);
#2427=EDGE_CURVE('',#1901,#1902,#1035,.T.);
#2428=EDGE_CURVE('',#1900,#1902,#1036,.T.);
#2429=EDGE_CURVE('',#1896,#1901,#37,.T.);
#2430=EDGE_CURVE('',#1902,#1898,#38,.T.);
#2431=EDGE_CURVE('',#1903,#1904,#39,.T.);
#2432=EDGE_CURVE('',#1904,#1905,#1037,.T.);
#2433=EDGE_CURVE('',#1906,#1905,#40,.T.);
#2434=EDGE_CURVE('',#1903,#1906,#1038,.T.);
#2435=EDGE_CURVE('',#1907,#1903,#1039,.T.);
#2436=EDGE_CURVE('',#1908,#1906,#1040,.T.);
#2437=EDGE_CURVE('',#1907,#1908,#1041,.T.);
#2438=EDGE_CURVE('',#1909,#1907,#1042,.T.);
#2439=EDGE_CURVE('',#1910,#1908,#1043,.T.);
#2440=EDGE_CURVE('',#1909,#1910,#1044,.T.);
#2441=EDGE_CURVE('',#1911,#1909,#41,.T.);
#2442=EDGE_CURVE('',#1912,#1910,#42,.T.);
#2443=EDGE_CURVE('',#1911,#1912,#1045,.T.);
#2444=EDGE_CURVE('',#1913,#1911,#1046,.T.);
#2445=EDGE_CURVE('',#1914,#1912,#1047,.T.);
#2446=EDGE_CURVE('',#1913,#1914,#1048,.T.);
#2447=EDGE_CURVE('',#1915,#1913,#43,.T.);
#2448=EDGE_CURVE('',#1916,#1914,#44,.T.);
#2449=EDGE_CURVE('',#1915,#1916,#1049,.T.);
#2450=EDGE_CURVE('',#1917,#1915,#1050,.T.);
#2451=EDGE_CURVE('',#1918,#1916,#1051,.T.);
#2452=EDGE_CURVE('',#1917,#1918,#1052,.T.);
#2453=EDGE_CURVE('',#1919,#1917,#1053,.T.);
#2454=EDGE_CURVE('',#1920,#1918,#1054,.T.);
#2455=EDGE_CURVE('',#1919,#1920,#1055,.T.);
#2456=EDGE_CURVE('',#1904,#1919,#1056,.T.);
#2457=EDGE_CURVE('',#1905,#1920,#1057,.T.);
#2458=EDGE_CURVE('',#1921,#1922,#45,.T.);
#2459=EDGE_CURVE('',#1921,#1923,#1058,.T.);
#2460=EDGE_CURVE('',#1924,#1923,#46,.T.);
#2461=EDGE_CURVE('',#1922,#1924,#1059,.T.);
#2462=EDGE_CURVE('',#1925,#1921,#1060,.T.);
#2463=EDGE_CURVE('',#1925,#1926,#1061,.T.);
#2464=EDGE_CURVE('',#1923,#1926,#1062,.T.);
#2465=EDGE_CURVE('',#1927,#1925,#47,.T.);
#2466=EDGE_CURVE('',#1927,#1928,#1063,.T.);
#2467=EDGE_CURVE('',#1926,#1928,#48,.T.);
#2468=EDGE_CURVE('',#1922,#1927,#1064,.T.);
#2469=EDGE_CURVE('',#1928,#1924,#1065,.T.);
#2470=EDGE_CURVE('',#1929,#1930,#49,.T.);
#2471=EDGE_CURVE('',#1930,#1931,#1066,.T.);
#2472=EDGE_CURVE('',#1932,#1931,#50,.T.);
#2473=EDGE_CURVE('',#1929,#1932,#1067,.T.);
#2474=EDGE_CURVE('',#1933,#1929,#1068,.T.);
#2475=EDGE_CURVE('',#1934,#1932,#1069,.T.);
#2476=EDGE_CURVE('',#1933,#1934,#1070,.T.);
#2477=EDGE_CURVE('',#1935,#1933,#51,.T.);
#2478=EDGE_CURVE('',#1936,#1934,#52,.T.);
#2479=EDGE_CURVE('',#1935,#1936,#1071,.T.);
#2480=EDGE_CURVE('',#1930,#1935,#1072,.T.);
#2481=EDGE_CURVE('',#1931,#1936,#1073,.T.);
#2482=ORIENTED_EDGE('',*,*,#1937,.T.);
#2483=ORIENTED_EDGE('',*,*,#1938,.F.);
#2484=ORIENTED_EDGE('',*,*,#1939,.F.);
#2485=ORIENTED_EDGE('',*,*,#1940,.T.);
#2486=ORIENTED_EDGE('',*,*,#1941,.T.);
#2487=ORIENTED_EDGE('',*,*,#1942,.F.);
#2488=ORIENTED_EDGE('',*,*,#1943,.F.);
#2489=ORIENTED_EDGE('',*,*,#1938,.T.);
#2490=ORIENTED_EDGE('',*,*,#1944,.T.);
#2491=ORIENTED_EDGE('',*,*,#1945,.F.);
#2492=ORIENTED_EDGE('',*,*,#1946,.F.);
#2493=ORIENTED_EDGE('',*,*,#1942,.T.);
#2494=ORIENTED_EDGE('',*,*,#1947,.T.);
#2495=ORIENTED_EDGE('',*,*,#1940,.F.);
#2496=ORIENTED_EDGE('',*,*,#1948,.F.);
#2497=ORIENTED_EDGE('',*,*,#1945,.T.);
#2498=ORIENTED_EDGE('',*,*,#1939,.T.);
#2499=ORIENTED_EDGE('',*,*,#1943,.T.);
#2500=ORIENTED_EDGE('',*,*,#1946,.T.);
#2501=ORIENTED_EDGE('',*,*,#1948,.T.);
#2502=ORIENTED_EDGE('',*,*,#1937,.F.);
#2503=ORIENTED_EDGE('',*,*,#1947,.F.);
#2504=ORIENTED_EDGE('',*,*,#1944,.F.);
#2505=ORIENTED_EDGE('',*,*,#1941,.F.);
#2506=ORIENTED_EDGE('',*,*,#1949,.T.);
#2507=ORIENTED_EDGE('',*,*,#1950,.F.);
#2508=ORIENTED_EDGE('',*,*,#1951,.F.);
#2509=ORIENTED_EDGE('',*,*,#1952,.T.);
#2510=ORIENTED_EDGE('',*,*,#1953,.T.);
#2511=ORIENTED_EDGE('',*,*,#1954,.F.);
#2512=ORIENTED_EDGE('',*,*,#1955,.F.);
#2513=ORIENTED_EDGE('',*,*,#1950,.T.);
#2514=ORIENTED_EDGE('',*,*,#1956,.T.);
#2515=ORIENTED_EDGE('',*,*,#1957,.F.);
#2516=ORIENTED_EDGE('',*,*,#1958,.F.);
#2517=ORIENTED_EDGE('',*,*,#1954,.T.);
#2518=ORIENTED_EDGE('',*,*,#1959,.T.);
#2519=ORIENTED_EDGE('',*,*,#1960,.F.);
#2520=ORIENTED_EDGE('',*,*,#1961,.F.);
#2521=ORIENTED_EDGE('',*,*,#1957,.T.);
#2522=ORIENTED_EDGE('',*,*,#1962,.T.);
#2523=ORIENTED_EDGE('',*,*,#1963,.F.);
#2524=ORIENTED_EDGE('',*,*,#1964,.F.);
#2525=ORIENTED_EDGE('',*,*,#1960,.T.);
#2526=ORIENTED_EDGE('',*,*,#1965,.T.);
#2527=ORIENTED_EDGE('',*,*,#1966,.F.);
#2528=ORIENTED_EDGE('',*,*,#1967,.F.);
#2529=ORIENTED_EDGE('',*,*,#1963,.T.);
#2530=ORIENTED_EDGE('',*,*,#1968,.T.);
#2531=ORIENTED_EDGE('',*,*,#1969,.F.);
#2532=ORIENTED_EDGE('',*,*,#1970,.F.);
#2533=ORIENTED_EDGE('',*,*,#1966,.T.);
#2534=ORIENTED_EDGE('',*,*,#1971,.T.);
#2535=ORIENTED_EDGE('',*,*,#1972,.F.);
#2536=ORIENTED_EDGE('',*,*,#1973,.F.);
#2537=ORIENTED_EDGE('',*,*,#1969,.T.);
#2538=ORIENTED_EDGE('',*,*,#1974,.T.);
#2539=ORIENTED_EDGE('',*,*,#1975,.F.);
#2540=ORIENTED_EDGE('',*,*,#1976,.F.);
#2541=ORIENTED_EDGE('',*,*,#1972,.T.);
#2542=ORIENTED_EDGE('',*,*,#1977,.T.);
#2543=ORIENTED_EDGE('',*,*,#1978,.F.);
#2544=ORIENTED_EDGE('',*,*,#1979,.F.);
#2545=ORIENTED_EDGE('',*,*,#1975,.T.);
#2546=ORIENTED_EDGE('',*,*,#1980,.T.);
#2547=ORIENTED_EDGE('',*,*,#1981,.F.);
#2548=ORIENTED_EDGE('',*,*,#1982,.F.);
#2549=ORIENTED_EDGE('',*,*,#1978,.T.);
#2550=ORIENTED_EDGE('',*,*,#1983,.T.);
#2551=ORIENTED_EDGE('',*,*,#1984,.F.);
#2552=ORIENTED_EDGE('',*,*,#1985,.F.);
#2553=ORIENTED_EDGE('',*,*,#1981,.T.);
#2554=ORIENTED_EDGE('',*,*,#1986,.T.);
#2555=ORIENTED_EDGE('',*,*,#1987,.F.);
#2556=ORIENTED_EDGE('',*,*,#1988,.F.);
#2557=ORIENTED_EDGE('',*,*,#1984,.T.);
#2558=ORIENTED_EDGE('',*,*,#1989,.T.);
#2559=ORIENTED_EDGE('',*,*,#1990,.F.);
#2560=ORIENTED_EDGE('',*,*,#1991,.F.);
#2561=ORIENTED_EDGE('',*,*,#1987,.T.);
#2562=ORIENTED_EDGE('',*,*,#1992,.T.);
#2563=ORIENTED_EDGE('',*,*,#1993,.F.);
#2564=ORIENTED_EDGE('',*,*,#1994,.F.);
#2565=ORIENTED_EDGE('',*,*,#1990,.T.);
#2566=ORIENTED_EDGE('',*,*,#1995,.T.);
#2567=ORIENTED_EDGE('',*,*,#1952,.F.);
#2568=ORIENTED_EDGE('',*,*,#1996,.F.);
#2569=ORIENTED_EDGE('',*,*,#1993,.T.);
#2570=ORIENTED_EDGE('',*,*,#1951,.T.);
#2571=ORIENTED_EDGE('',*,*,#1955,.T.);
#2572=ORIENTED_EDGE('',*,*,#1958,.T.);
#2573=ORIENTED_EDGE('',*,*,#1961,.T.);
#2574=ORIENTED_EDGE('',*,*,#1964,.T.);
#2575=ORIENTED_EDGE('',*,*,#1967,.T.);
#2576=ORIENTED_EDGE('',*,*,#1970,.T.);
#2577=ORIENTED_EDGE('',*,*,#1973,.T.);
#2578=ORIENTED_EDGE('',*,*,#1976,.T.);
#2579=ORIENTED_EDGE('',*,*,#1979,.T.);
#2580=ORIENTED_EDGE('',*,*,#1982,.T.);
#2581=ORIENTED_EDGE('',*,*,#1985,.T.);
#2582=ORIENTED_EDGE('',*,*,#1988,.T.);
#2583=ORIENTED_EDGE('',*,*,#1991,.T.);
#2584=ORIENTED_EDGE('',*,*,#1994,.T.);
#2585=ORIENTED_EDGE('',*,*,#1996,.T.);
#2586=ORIENTED_EDGE('',*,*,#1949,.F.);
#2587=ORIENTED_EDGE('',*,*,#1995,.F.);
#2588=ORIENTED_EDGE('',*,*,#1992,.F.);
#2589=ORIENTED_EDGE('',*,*,#1989,.F.);
#2590=ORIENTED_EDGE('',*,*,#1986,.F.);
#2591=ORIENTED_EDGE('',*,*,#1983,.F.);
#2592=ORIENTED_EDGE('',*,*,#1980,.F.);
#2593=ORIENTED_EDGE('',*,*,#1977,.F.);
#2594=ORIENTED_EDGE('',*,*,#1974,.F.);
#2595=ORIENTED_EDGE('',*,*,#1971,.F.);
#2596=ORIENTED_EDGE('',*,*,#1968,.F.);
#2597=ORIENTED_EDGE('',*,*,#1965,.F.);
#2598=ORIENTED_EDGE('',*,*,#1962,.F.);
#2599=ORIENTED_EDGE('',*,*,#1959,.F.);
#2600=ORIENTED_EDGE('',*,*,#1956,.F.);
#2601=ORIENTED_EDGE('',*,*,#1953,.F.);
#2602=ORIENTED_EDGE('',*,*,#1997,.T.);
#2603=ORIENTED_EDGE('',*,*,#1998,.F.);
#2604=ORIENTED_EDGE('',*,*,#1999,.F.);
#2605=ORIENTED_EDGE('',*,*,#2000,.T.);
#2606=ORIENTED_EDGE('',*,*,#2001,.T.);
#2607=ORIENTED_EDGE('',*,*,#2002,.F.);
#2608=ORIENTED_EDGE('',*,*,#2003,.F.);
#2609=ORIENTED_EDGE('',*,*,#1998,.T.);
#2610=ORIENTED_EDGE('',*,*,#2004,.T.);
#2611=ORIENTED_EDGE('',*,*,#2005,.F.);
#2612=ORIENTED_EDGE('',*,*,#2006,.F.);
#2613=ORIENTED_EDGE('',*,*,#2002,.T.);
#2614=ORIENTED_EDGE('',*,*,#2007,.T.);
#2615=ORIENTED_EDGE('',*,*,#2008,.F.);
#2616=ORIENTED_EDGE('',*,*,#2009,.F.);
#2617=ORIENTED_EDGE('',*,*,#2005,.T.);
#2618=ORIENTED_EDGE('',*,*,#2010,.T.);
#2619=ORIENTED_EDGE('',*,*,#2011,.F.);
#2620=ORIENTED_EDGE('',*,*,#2012,.F.);
#2621=ORIENTED_EDGE('',*,*,#2008,.T.);
#2622=ORIENTED_EDGE('',*,*,#2013,.T.);
#2623=ORIENTED_EDGE('',*,*,#2014,.F.);
#2624=ORIENTED_EDGE('',*,*,#2015,.F.);
#2625=ORIENTED_EDGE('',*,*,#2011,.T.);
#2626=ORIENTED_EDGE('',*,*,#2016,.T.);
#2627=ORIENTED_EDGE('',*,*,#2017,.F.);
#2628=ORIENTED_EDGE('',*,*,#2018,.F.);
#2629=ORIENTED_EDGE('',*,*,#2014,.T.);
#2630=ORIENTED_EDGE('',*,*,#2019,.T.);
#2631=ORIENTED_EDGE('',*,*,#2020,.F.);
#2632=ORIENTED_EDGE('',*,*,#2021,.F.);
#2633=ORIENTED_EDGE('',*,*,#2017,.T.);
#2634=ORIENTED_EDGE('',*,*,#2022,.T.);
#2635=ORIENTED_EDGE('',*,*,#2023,.F.);
#2636=ORIENTED_EDGE('',*,*,#2024,.F.);
#2637=ORIENTED_EDGE('',*,*,#2020,.T.);
#2638=ORIENTED_EDGE('',*,*,#2025,.T.);
#2639=ORIENTED_EDGE('',*,*,#2026,.F.);
#2640=ORIENTED_EDGE('',*,*,#2027,.F.);
#2641=ORIENTED_EDGE('',*,*,#2023,.T.);
#2642=ORIENTED_EDGE('',*,*,#2028,.T.);
#2643=ORIENTED_EDGE('',*,*,#2029,.F.);
#2644=ORIENTED_EDGE('',*,*,#2030,.F.);
#2645=ORIENTED_EDGE('',*,*,#2026,.T.);
#2646=ORIENTED_EDGE('',*,*,#2031,.T.);
#2647=ORIENTED_EDGE('',*,*,#2032,.F.);
#2648=ORIENTED_EDGE('',*,*,#2033,.F.);
#2649=ORIENTED_EDGE('',*,*,#2029,.T.);
#2650=ORIENTED_EDGE('',*,*,#2034,.T.);
#2651=ORIENTED_EDGE('',*,*,#2035,.F.);
#2652=ORIENTED_EDGE('',*,*,#2036,.F.);
#2653=ORIENTED_EDGE('',*,*,#2032,.T.);
#2654=ORIENTED_EDGE('',*,*,#2037,.T.);
#2655=ORIENTED_EDGE('',*,*,#2038,.F.);
#2656=ORIENTED_EDGE('',*,*,#2039,.F.);
#2657=ORIENTED_EDGE('',*,*,#2035,.T.);
#2658=ORIENTED_EDGE('',*,*,#2040,.T.);
#2659=ORIENTED_EDGE('',*,*,#2041,.F.);
#2660=ORIENTED_EDGE('',*,*,#2042,.F.);
#2661=ORIENTED_EDGE('',*,*,#2038,.T.);
#2662=ORIENTED_EDGE('',*,*,#2043,.T.);
#2663=ORIENTED_EDGE('',*,*,#2044,.F.);
#2664=ORIENTED_EDGE('',*,*,#2045,.F.);
#2665=ORIENTED_EDGE('',*,*,#2041,.T.);
#2666=ORIENTED_EDGE('',*,*,#2046,.T.);
#2667=ORIENTED_EDGE('',*,*,#2047,.F.);
#2668=ORIENTED_EDGE('',*,*,#2048,.F.);
#2669=ORIENTED_EDGE('',*,*,#2044,.T.);
#2670=ORIENTED_EDGE('',*,*,#2049,.T.);
#2671=ORIENTED_EDGE('',*,*,#2050,.F.);
#2672=ORIENTED_EDGE('',*,*,#2051,.F.);
#2673=ORIENTED_EDGE('',*,*,#2047,.T.);
#2674=ORIENTED_EDGE('',*,*,#2052,.T.);
#2675=ORIENTED_EDGE('',*,*,#2053,.F.);
#2676=ORIENTED_EDGE('',*,*,#2054,.F.);
#2677=ORIENTED_EDGE('',*,*,#2050,.T.);
#2678=ORIENTED_EDGE('',*,*,#2055,.T.);
#2679=ORIENTED_EDGE('',*,*,#2056,.F.);
#2680=ORIENTED_EDGE('',*,*,#2057,.F.);
#2681=ORIENTED_EDGE('',*,*,#2053,.T.);
#2682=ORIENTED_EDGE('',*,*,#2058,.T.);
#2683=ORIENTED_EDGE('',*,*,#2059,.F.);
#2684=ORIENTED_EDGE('',*,*,#2060,.F.);
#2685=ORIENTED_EDGE('',*,*,#2056,.T.);
#2686=ORIENTED_EDGE('',*,*,#2061,.T.);
#2687=ORIENTED_EDGE('',*,*,#2062,.F.);
#2688=ORIENTED_EDGE('',*,*,#2063,.F.);
#2689=ORIENTED_EDGE('',*,*,#2059,.T.);
#2690=ORIENTED_EDGE('',*,*,#2064,.T.);
#2691=ORIENTED_EDGE('',*,*,#2065,.F.);
#2692=ORIENTED_EDGE('',*,*,#2066,.F.);
#2693=ORIENTED_EDGE('',*,*,#2062,.T.);
#2694=ORIENTED_EDGE('',*,*,#2067,.T.);
#2695=ORIENTED_EDGE('',*,*,#2000,.F.);
#2696=ORIENTED_EDGE('',*,*,#2068,.F.);
#2697=ORIENTED_EDGE('',*,*,#2065,.T.);
#2698=ORIENTED_EDGE('',*,*,#1999,.T.);
#2699=ORIENTED_EDGE('',*,*,#2003,.T.);
#2700=ORIENTED_EDGE('',*,*,#2006,.T.);
#2701=ORIENTED_EDGE('',*,*,#2009,.T.);
#2702=ORIENTED_EDGE('',*,*,#2012,.T.);
#2703=ORIENTED_EDGE('',*,*,#2015,.T.);
#2704=ORIENTED_EDGE('',*,*,#2018,.T.);
#2705=ORIENTED_EDGE('',*,*,#2021,.T.);
#2706=ORIENTED_EDGE('',*,*,#2024,.T.);
#2707=ORIENTED_EDGE('',*,*,#2027,.T.);
#2708=ORIENTED_EDGE('',*,*,#2030,.T.);
#2709=ORIENTED_EDGE('',*,*,#2033,.T.);
#2710=ORIENTED_EDGE('',*,*,#2036,.T.);
#2711=ORIENTED_EDGE('',*,*,#2039,.T.);
#2712=ORIENTED_EDGE('',*,*,#2042,.T.);
#2713=ORIENTED_EDGE('',*,*,#2045,.T.);
#2714=ORIENTED_EDGE('',*,*,#2048,.T.);
#2715=ORIENTED_EDGE('',*,*,#2051,.T.);
#2716=ORIENTED_EDGE('',*,*,#2054,.T.);
#2717=ORIENTED_EDGE('',*,*,#2057,.T.);
#2718=ORIENTED_EDGE('',*,*,#2060,.T.);
#2719=ORIENTED_EDGE('',*,*,#2063,.T.);
#2720=ORIENTED_EDGE('',*,*,#2066,.T.);
#2721=ORIENTED_EDGE('',*,*,#2068,.T.);
#2722=ORIENTED_EDGE('',*,*,#1997,.F.);
#2723=ORIENTED_EDGE('',*,*,#2067,.F.);
#2724=ORIENTED_EDGE('',*,*,#2064,.F.);
#2725=ORIENTED_EDGE('',*,*,#2061,.F.);
#2726=ORIENTED_EDGE('',*,*,#2058,.F.);
#2727=ORIENTED_EDGE('',*,*,#2055,.F.);
#2728=ORIENTED_EDGE('',*,*,#2052,.F.);
#2729=ORIENTED_EDGE('',*,*,#2049,.F.);
#2730=ORIENTED_EDGE('',*,*,#2046,.F.);
#2731=ORIENTED_EDGE('',*,*,#2043,.F.);
#2732=ORIENTED_EDGE('',*,*,#2040,.F.);
#2733=ORIENTED_EDGE('',*,*,#2037,.F.);
#2734=ORIENTED_EDGE('',*,*,#2034,.F.);
#2735=ORIENTED_EDGE('',*,*,#2031,.F.);
#2736=ORIENTED_EDGE('',*,*,#2028,.F.);
#2737=ORIENTED_EDGE('',*,*,#2025,.F.);
#2738=ORIENTED_EDGE('',*,*,#2022,.F.);
#2739=ORIENTED_EDGE('',*,*,#2019,.F.);
#2740=ORIENTED_EDGE('',*,*,#2016,.F.);
#2741=ORIENTED_EDGE('',*,*,#2013,.F.);
#2742=ORIENTED_EDGE('',*,*,#2010,.F.);
#2743=ORIENTED_EDGE('',*,*,#2007,.F.);
#2744=ORIENTED_EDGE('',*,*,#2004,.F.);
#2745=ORIENTED_EDGE('',*,*,#2001,.F.);
#2746=ORIENTED_EDGE('',*,*,#2069,.F.);
#2747=ORIENTED_EDGE('',*,*,#2070,.T.);
#2748=ORIENTED_EDGE('',*,*,#2071,.F.);
#2749=ORIENTED_EDGE('',*,*,#2072,.F.);
#2750=ORIENTED_EDGE('',*,*,#2073,.F.);
#2751=ORIENTED_EDGE('',*,*,#2074,.T.);
#2752=ORIENTED_EDGE('',*,*,#2075,.F.);
#2753=ORIENTED_EDGE('',*,*,#2076,.F.);
#2754=ORIENTED_EDGE('',*,*,#2077,.F.);
#2755=ORIENTED_EDGE('',*,*,#2078,.T.);
#2756=ORIENTED_EDGE('',*,*,#2079,.F.);
#2757=ORIENTED_EDGE('',*,*,#2080,.F.);
#2758=ORIENTED_EDGE('',*,*,#2081,.F.);
#2759=ORIENTED_EDGE('',*,*,#2082,.T.);
#2760=ORIENTED_EDGE('',*,*,#2083,.F.);
#2761=ORIENTED_EDGE('',*,*,#2084,.F.);
#2762=ORIENTED_EDGE('',*,*,#2085,.F.);
#2763=ORIENTED_EDGE('',*,*,#2086,.F.);
#2764=ORIENTED_EDGE('',*,*,#2087,.T.);
#2765=ORIENTED_EDGE('',*,*,#2088,.F.);
#2766=ORIENTED_EDGE('',*,*,#2089,.F.);
#2767=ORIENTED_EDGE('',*,*,#2090,.F.);
#2768=ORIENTED_EDGE('',*,*,#2091,.F.);
#2769=ORIENTED_EDGE('',*,*,#2092,.T.);
#2770=ORIENTED_EDGE('',*,*,#2093,.F.);
#2771=ORIENTED_EDGE('',*,*,#2094,.F.);
#2772=ORIENTED_EDGE('',*,*,#2095,.F.);
#2773=ORIENTED_EDGE('',*,*,#2096,.T.);
#2774=ORIENTED_EDGE('',*,*,#2097,.F.);
#2775=ORIENTED_EDGE('',*,*,#2098,.F.);
#2776=ORIENTED_EDGE('',*,*,#2099,.F.);
#2777=ORIENTED_EDGE('',*,*,#2100,.F.);
#2778=ORIENTED_EDGE('',*,*,#2101,.T.);
#2779=ORIENTED_EDGE('',*,*,#2102,.F.);
#2780=ORIENTED_EDGE('',*,*,#2103,.F.);
#2781=ORIENTED_EDGE('',*,*,#2104,.F.);
#2782=ORIENTED_EDGE('',*,*,#2105,.F.);
#2783=ORIENTED_EDGE('',*,*,#2106,.T.);
#2784=ORIENTED_EDGE('',*,*,#2102,.T.);
#2785=ORIENTED_EDGE('',*,*,#2107,.T.);
#2786=ORIENTED_EDGE('',*,*,#2108,.T.);
#2787=ORIENTED_EDGE('',*,*,#2109,.T.);
#2788=ORIENTED_EDGE('',*,*,#2110,.T.);
#2789=ORIENTED_EDGE('',*,*,#2111,.F.);
#2790=ORIENTED_EDGE('',*,*,#2112,.F.);
#2791=ORIENTED_EDGE('',*,*,#2113,.T.);
#2792=ORIENTED_EDGE('',*,*,#2114,.T.);
#2793=ORIENTED_EDGE('',*,*,#2115,.T.);
#2794=ORIENTED_EDGE('',*,*,#2071,.T.);
#2795=ORIENTED_EDGE('',*,*,#2116,.T.);
#2796=ORIENTED_EDGE('',*,*,#2117,.T.);
#2797=ORIENTED_EDGE('',*,*,#2118,.T.);
#2798=ORIENTED_EDGE('',*,*,#2075,.T.);
#2799=ORIENTED_EDGE('',*,*,#2119,.T.);
#2800=ORIENTED_EDGE('',*,*,#2120,.T.);
#2801=ORIENTED_EDGE('',*,*,#2121,.T.);
#2802=ORIENTED_EDGE('',*,*,#2079,.T.);
#2803=ORIENTED_EDGE('',*,*,#2122,.T.);
#2804=ORIENTED_EDGE('',*,*,#2123,.T.);
#2805=ORIENTED_EDGE('',*,*,#2124,.T.);
#2806=ORIENTED_EDGE('',*,*,#2125,.T.);
#2807=ORIENTED_EDGE('',*,*,#2126,.F.);
#2808=ORIENTED_EDGE('',*,*,#2127,.F.);
#2809=ORIENTED_EDGE('',*,*,#2111,.T.);
#2810=ORIENTED_EDGE('',*,*,#2128,.T.);
#2811=ORIENTED_EDGE('',*,*,#2129,.T.);
#2812=ORIENTED_EDGE('',*,*,#2130,.T.);
#2813=ORIENTED_EDGE('',*,*,#2131,.T.);
#2814=ORIENTED_EDGE('',*,*,#2132,.T.);
#2815=ORIENTED_EDGE('',*,*,#2133,.T.);
#2816=ORIENTED_EDGE('',*,*,#2083,.T.);
#2817=ORIENTED_EDGE('',*,*,#2134,.F.);
#2818=ORIENTED_EDGE('',*,*,#2135,.F.);
#2819=ORIENTED_EDGE('',*,*,#2126,.T.);
#2820=ORIENTED_EDGE('',*,*,#2088,.T.);
#2821=ORIENTED_EDGE('',*,*,#2136,.T.);
#2822=ORIENTED_EDGE('',*,*,#2137,.T.);
#2823=ORIENTED_EDGE('',*,*,#2138,.T.);
#2824=ORIENTED_EDGE('',*,*,#2089,.T.);
#2825=ORIENTED_EDGE('',*,*,#2139,.T.);
#2826=ORIENTED_EDGE('',*,*,#2140,.T.);
#2827=ORIENTED_EDGE('',*,*,#2141,.T.);
#2828=ORIENTED_EDGE('',*,*,#2093,.T.);
#2829=ORIENTED_EDGE('',*,*,#2142,.T.);
#2830=ORIENTED_EDGE('',*,*,#2143,.T.);
#2831=ORIENTED_EDGE('',*,*,#2144,.T.);
#2832=ORIENTED_EDGE('',*,*,#2097,.T.);
#2833=ORIENTED_EDGE('',*,*,#2145,.T.);
#2834=ORIENTED_EDGE('',*,*,#2146,.T.);
#2835=ORIENTED_EDGE('',*,*,#2147,.T.);
#2836=ORIENTED_EDGE('',*,*,#2103,.T.);
#2837=ORIENTED_EDGE('',*,*,#2113,.F.);
#2838=ORIENTED_EDGE('',*,*,#2148,.F.);
#2839=ORIENTED_EDGE('',*,*,#2134,.T.);
#2840=ORIENTED_EDGE('',*,*,#2112,.T.);
#2841=ORIENTED_EDGE('',*,*,#2127,.T.);
#2842=ORIENTED_EDGE('',*,*,#2135,.T.);
#2843=ORIENTED_EDGE('',*,*,#2148,.T.);
#2844=ORIENTED_EDGE('',*,*,#2070,.F.);
#2845=ORIENTED_EDGE('',*,*,#2125,.F.);
#2846=ORIENTED_EDGE('',*,*,#2149,.F.);
#2847=ORIENTED_EDGE('',*,*,#2150,.F.);
#2848=ORIENTED_EDGE('',*,*,#2151,.T.);
#2849=ORIENTED_EDGE('',*,*,#2128,.F.);
#2850=ORIENTED_EDGE('',*,*,#2110,.F.);
#2851=ORIENTED_EDGE('',*,*,#2152,.F.);
#2852=ORIENTED_EDGE('',*,*,#2153,.F.);
#2853=ORIENTED_EDGE('',*,*,#2154,.F.);
#2854=ORIENTED_EDGE('',*,*,#2155,.F.);
#2855=ORIENTED_EDGE('',*,*,#2156,.T.);
#2856=ORIENTED_EDGE('',*,*,#2130,.F.);
#2857=ORIENTED_EDGE('',*,*,#2157,.T.);
#2858=ORIENTED_EDGE('',*,*,#2158,.T.);
#2859=ORIENTED_EDGE('',*,*,#2159,.T.);
#2860=ORIENTED_EDGE('',*,*,#2146,.F.);
#2861=ORIENTED_EDGE('',*,*,#2159,.F.);
#2862=ORIENTED_EDGE('',*,*,#2160,.T.);
#2863=ORIENTED_EDGE('',*,*,#2104,.T.);
#2864=ORIENTED_EDGE('',*,*,#2147,.F.);
#2865=ORIENTED_EDGE('',*,*,#2106,.F.);
#2866=ORIENTED_EDGE('',*,*,#2161,.F.);
#2867=ORIENTED_EDGE('',*,*,#2157,.F.);
#2868=ORIENTED_EDGE('',*,*,#2145,.F.);
#2869=ORIENTED_EDGE('',*,*,#2105,.T.);
#2870=ORIENTED_EDGE('',*,*,#2160,.F.);
#2871=ORIENTED_EDGE('',*,*,#2158,.F.);
#2872=ORIENTED_EDGE('',*,*,#2161,.T.);
#2873=ORIENTED_EDGE('',*,*,#2162,.T.);
#2874=ORIENTED_EDGE('',*,*,#2163,.T.);
#2875=ORIENTED_EDGE('',*,*,#2164,.T.);
#2876=ORIENTED_EDGE('',*,*,#2165,.T.);
#2877=ORIENTED_EDGE('',*,*,#2143,.F.);
#2878=ORIENTED_EDGE('',*,*,#2166,.T.);
#2879=ORIENTED_EDGE('',*,*,#2167,.T.);
#2880=ORIENTED_EDGE('',*,*,#2168,.T.);
#2881=ORIENTED_EDGE('',*,*,#2140,.F.);
#2882=ORIENTED_EDGE('',*,*,#2169,.T.);
#2883=ORIENTED_EDGE('',*,*,#2170,.T.);
#2884=ORIENTED_EDGE('',*,*,#2171,.T.);
#2885=ORIENTED_EDGE('',*,*,#2137,.F.);
#2886=ORIENTED_EDGE('',*,*,#2172,.T.);
#2887=ORIENTED_EDGE('',*,*,#2173,.T.);
#2888=ORIENTED_EDGE('',*,*,#2174,.T.);
#2889=ORIENTED_EDGE('',*,*,#2175,.T.);
#2890=ORIENTED_EDGE('',*,*,#2132,.F.);
#2891=ORIENTED_EDGE('',*,*,#2176,.T.);
#2892=ORIENTED_EDGE('',*,*,#2177,.T.);
#2893=ORIENTED_EDGE('',*,*,#2178,.T.);
#2894=ORIENTED_EDGE('',*,*,#2179,.T.);
#2895=ORIENTED_EDGE('',*,*,#2180,.T.);
#2896=ORIENTED_EDGE('',*,*,#2108,.F.);
#2897=ORIENTED_EDGE('',*,*,#2156,.F.);
#2898=ORIENTED_EDGE('',*,*,#2181,.F.);
#2899=ORIENTED_EDGE('',*,*,#2176,.F.);
#2900=ORIENTED_EDGE('',*,*,#2131,.F.);
#2901=ORIENTED_EDGE('',*,*,#2175,.F.);
#2902=ORIENTED_EDGE('',*,*,#2182,.T.);
#2903=ORIENTED_EDGE('',*,*,#2084,.T.);
#2904=ORIENTED_EDGE('',*,*,#2133,.F.);
#2905=ORIENTED_EDGE('',*,*,#2087,.F.);
#2906=ORIENTED_EDGE('',*,*,#2183,.F.);
#2907=ORIENTED_EDGE('',*,*,#2172,.F.);
#2908=ORIENTED_EDGE('',*,*,#2136,.F.);
#2909=ORIENTED_EDGE('',*,*,#2171,.F.);
#2910=ORIENTED_EDGE('',*,*,#2184,.T.);
#2911=ORIENTED_EDGE('',*,*,#2090,.T.);
#2912=ORIENTED_EDGE('',*,*,#2138,.F.);
#2913=ORIENTED_EDGE('',*,*,#2092,.F.);
#2914=ORIENTED_EDGE('',*,*,#2185,.F.);
#2915=ORIENTED_EDGE('',*,*,#2169,.F.);
#2916=ORIENTED_EDGE('',*,*,#2139,.F.);
#2917=ORIENTED_EDGE('',*,*,#2168,.F.);
#2918=ORIENTED_EDGE('',*,*,#2186,.T.);
#2919=ORIENTED_EDGE('',*,*,#2094,.T.);
#2920=ORIENTED_EDGE('',*,*,#2141,.F.);
#2921=ORIENTED_EDGE('',*,*,#2096,.F.);
#2922=ORIENTED_EDGE('',*,*,#2187,.F.);
#2923=ORIENTED_EDGE('',*,*,#2166,.F.);
#2924=ORIENTED_EDGE('',*,*,#2142,.F.);
#2925=ORIENTED_EDGE('',*,*,#2165,.F.);
#2926=ORIENTED_EDGE('',*,*,#2188,.T.);
#2927=ORIENTED_EDGE('',*,*,#2098,.T.);
#2928=ORIENTED_EDGE('',*,*,#2144,.F.);
#2929=ORIENTED_EDGE('',*,*,#2101,.F.);
#2930=ORIENTED_EDGE('',*,*,#2189,.F.);
#2931=ORIENTED_EDGE('',*,*,#2162,.F.);
#2932=ORIENTED_EDGE('',*,*,#2107,.F.);
#2933=ORIENTED_EDGE('',*,*,#2180,.F.);
#2934=ORIENTED_EDGE('',*,*,#2190,.T.);
#2935=ORIENTED_EDGE('',*,*,#2152,.T.);
#2936=ORIENTED_EDGE('',*,*,#2109,.F.);
#2937=ORIENTED_EDGE('',*,*,#2153,.T.);
#2938=ORIENTED_EDGE('',*,*,#2190,.F.);
#2939=ORIENTED_EDGE('',*,*,#2179,.F.);
#2940=ORIENTED_EDGE('',*,*,#2191,.T.);
#2941=ORIENTED_EDGE('',*,*,#2154,.T.);
#2942=ORIENTED_EDGE('',*,*,#2191,.F.);
#2943=ORIENTED_EDGE('',*,*,#2178,.F.);
#2944=ORIENTED_EDGE('',*,*,#2192,.T.);
#2945=ORIENTED_EDGE('',*,*,#2155,.T.);
#2946=ORIENTED_EDGE('',*,*,#2192,.F.);
#2947=ORIENTED_EDGE('',*,*,#2177,.F.);
#2948=ORIENTED_EDGE('',*,*,#2181,.T.);
#2949=ORIENTED_EDGE('',*,*,#2085,.T.);
#2950=ORIENTED_EDGE('',*,*,#2182,.F.);
#2951=ORIENTED_EDGE('',*,*,#2174,.F.);
#2952=ORIENTED_EDGE('',*,*,#2193,.T.);
#2953=ORIENTED_EDGE('',*,*,#2086,.T.);
#2954=ORIENTED_EDGE('',*,*,#2193,.F.);
#2955=ORIENTED_EDGE('',*,*,#2173,.F.);
#2956=ORIENTED_EDGE('',*,*,#2183,.T.);
#2957=ORIENTED_EDGE('',*,*,#2091,.T.);
#2958=ORIENTED_EDGE('',*,*,#2184,.F.);
#2959=ORIENTED_EDGE('',*,*,#2170,.F.);
#2960=ORIENTED_EDGE('',*,*,#2185,.T.);
#2961=ORIENTED_EDGE('',*,*,#2095,.T.);
#2962=ORIENTED_EDGE('',*,*,#2186,.F.);
#2963=ORIENTED_EDGE('',*,*,#2167,.F.);
#2964=ORIENTED_EDGE('',*,*,#2187,.T.);
#2965=ORIENTED_EDGE('',*,*,#2099,.T.);
#2966=ORIENTED_EDGE('',*,*,#2188,.F.);
#2967=ORIENTED_EDGE('',*,*,#2164,.F.);
#2968=ORIENTED_EDGE('',*,*,#2194,.T.);
#2969=ORIENTED_EDGE('',*,*,#2100,.T.);
#2970=ORIENTED_EDGE('',*,*,#2194,.F.);
#2971=ORIENTED_EDGE('',*,*,#2163,.F.);
#2972=ORIENTED_EDGE('',*,*,#2189,.T.);
#2973=ORIENTED_EDGE('',*,*,#2195,.T.);
#2974=ORIENTED_EDGE('',*,*,#2196,.T.);
#2975=ORIENTED_EDGE('',*,*,#2197,.T.);
#2976=ORIENTED_EDGE('',*,*,#2123,.F.);
#2977=ORIENTED_EDGE('',*,*,#2198,.T.);
#2978=ORIENTED_EDGE('',*,*,#2199,.T.);
#2979=ORIENTED_EDGE('',*,*,#2200,.T.);
#2980=ORIENTED_EDGE('',*,*,#2120,.F.);
#2981=ORIENTED_EDGE('',*,*,#2201,.T.);
#2982=ORIENTED_EDGE('',*,*,#2202,.T.);
#2983=ORIENTED_EDGE('',*,*,#2203,.T.);
#2984=ORIENTED_EDGE('',*,*,#2117,.F.);
#2985=ORIENTED_EDGE('',*,*,#2204,.T.);
#2986=ORIENTED_EDGE('',*,*,#2205,.T.);
#2987=ORIENTED_EDGE('',*,*,#2206,.T.);
#2988=ORIENTED_EDGE('',*,*,#2114,.F.);
#2989=ORIENTED_EDGE('',*,*,#2206,.F.);
#2990=ORIENTED_EDGE('',*,*,#2207,.T.);
#2991=ORIENTED_EDGE('',*,*,#2072,.T.);
#2992=ORIENTED_EDGE('',*,*,#2115,.F.);
#2993=ORIENTED_EDGE('',*,*,#2074,.F.);
#2994=ORIENTED_EDGE('',*,*,#2208,.F.);
#2995=ORIENTED_EDGE('',*,*,#2204,.F.);
#2996=ORIENTED_EDGE('',*,*,#2116,.F.);
#2997=ORIENTED_EDGE('',*,*,#2203,.F.);
#2998=ORIENTED_EDGE('',*,*,#2209,.T.);
#2999=ORIENTED_EDGE('',*,*,#2076,.T.);
#3000=ORIENTED_EDGE('',*,*,#2118,.F.);
#3001=ORIENTED_EDGE('',*,*,#2078,.F.);
#3002=ORIENTED_EDGE('',*,*,#2210,.F.);
#3003=ORIENTED_EDGE('',*,*,#2201,.F.);
#3004=ORIENTED_EDGE('',*,*,#2119,.F.);
#3005=ORIENTED_EDGE('',*,*,#2200,.F.);
#3006=ORIENTED_EDGE('',*,*,#2211,.T.);
#3007=ORIENTED_EDGE('',*,*,#2080,.T.);
#3008=ORIENTED_EDGE('',*,*,#2121,.F.);
#3009=ORIENTED_EDGE('',*,*,#2082,.F.);
#3010=ORIENTED_EDGE('',*,*,#2212,.F.);
#3011=ORIENTED_EDGE('',*,*,#2198,.F.);
#3012=ORIENTED_EDGE('',*,*,#2122,.F.);
#3013=ORIENTED_EDGE('',*,*,#2197,.F.);
#3014=ORIENTED_EDGE('',*,*,#2213,.T.);
#3015=ORIENTED_EDGE('',*,*,#2149,.T.);
#3016=ORIENTED_EDGE('',*,*,#2124,.F.);
#3017=ORIENTED_EDGE('',*,*,#2151,.F.);
#3018=ORIENTED_EDGE('',*,*,#2214,.F.);
#3019=ORIENTED_EDGE('',*,*,#2195,.F.);
#3020=ORIENTED_EDGE('',*,*,#2129,.F.);
#3021=ORIENTED_EDGE('',*,*,#2073,.T.);
#3022=ORIENTED_EDGE('',*,*,#2207,.F.);
#3023=ORIENTED_EDGE('',*,*,#2205,.F.);
#3024=ORIENTED_EDGE('',*,*,#2208,.T.);
#3025=ORIENTED_EDGE('',*,*,#2077,.T.);
#3026=ORIENTED_EDGE('',*,*,#2209,.F.);
#3027=ORIENTED_EDGE('',*,*,#2202,.F.);
#3028=ORIENTED_EDGE('',*,*,#2210,.T.);
#3029=ORIENTED_EDGE('',*,*,#2081,.T.);
#3030=ORIENTED_EDGE('',*,*,#2211,.F.);
#3031=ORIENTED_EDGE('',*,*,#2199,.F.);
#3032=ORIENTED_EDGE('',*,*,#2212,.T.);
#3033=ORIENTED_EDGE('',*,*,#2150,.T.);
#3034=ORIENTED_EDGE('',*,*,#2213,.F.);
#3035=ORIENTED_EDGE('',*,*,#2196,.F.);
#3036=ORIENTED_EDGE('',*,*,#2214,.T.);
#3037=ORIENTED_EDGE('',*,*,#2069,.T.);
#3038=ORIENTED_EDGE('',*,*,#2215,.F.);
#3039=ORIENTED_EDGE('',*,*,#2216,.T.);
#3040=ORIENTED_EDGE('',*,*,#2215,.T.);
#3041=ORIENTED_EDGE('',*,*,#2216,.F.);
#3042=ORIENTED_EDGE('',*,*,#2217,.T.);
#3043=ORIENTED_EDGE('',*,*,#2218,.T.);
#3044=ORIENTED_EDGE('',*,*,#2219,.F.);
#3045=ORIENTED_EDGE('',*,*,#2220,.F.);
#3046=ORIENTED_EDGE('',*,*,#2221,.T.);
#3047=ORIENTED_EDGE('',*,*,#2220,.T.);
#3048=ORIENTED_EDGE('',*,*,#2222,.F.);
#3049=ORIENTED_EDGE('',*,*,#2223,.F.);
#3050=ORIENTED_EDGE('',*,*,#2224,.T.);
#3051=ORIENTED_EDGE('',*,*,#2223,.T.);
#3052=ORIENTED_EDGE('',*,*,#2225,.F.);
#3053=ORIENTED_EDGE('',*,*,#2226,.F.);
#3054=ORIENTED_EDGE('',*,*,#2227,.T.);
#3055=ORIENTED_EDGE('',*,*,#2226,.T.);
#3056=ORIENTED_EDGE('',*,*,#2228,.F.);
#3057=ORIENTED_EDGE('',*,*,#2218,.F.);
#3058=ORIENTED_EDGE('',*,*,#2228,.T.);
#3059=ORIENTED_EDGE('',*,*,#2225,.T.);
#3060=ORIENTED_EDGE('',*,*,#2222,.T.);
#3061=ORIENTED_EDGE('',*,*,#2219,.T.);
#3062=ORIENTED_EDGE('',*,*,#2227,.F.);
#3063=ORIENTED_EDGE('',*,*,#2217,.F.);
#3064=ORIENTED_EDGE('',*,*,#2221,.F.);
#3065=ORIENTED_EDGE('',*,*,#2224,.F.);
#3066=ORIENTED_EDGE('',*,*,#2229,.T.);
#3067=ORIENTED_EDGE('',*,*,#2230,.T.);
#3068=ORIENTED_EDGE('',*,*,#2231,.F.);
#3069=ORIENTED_EDGE('',*,*,#2232,.F.);
#3070=ORIENTED_EDGE('',*,*,#2233,.T.);
#3071=ORIENTED_EDGE('',*,*,#2232,.T.);
#3072=ORIENTED_EDGE('',*,*,#2234,.F.);
#3073=ORIENTED_EDGE('',*,*,#2235,.F.);
#3074=ORIENTED_EDGE('',*,*,#2236,.T.);
#3075=ORIENTED_EDGE('',*,*,#2235,.T.);
#3076=ORIENTED_EDGE('',*,*,#2237,.F.);
#3077=ORIENTED_EDGE('',*,*,#2238,.F.);
#3078=ORIENTED_EDGE('',*,*,#2239,.T.);
#3079=ORIENTED_EDGE('',*,*,#2238,.T.);
#3080=ORIENTED_EDGE('',*,*,#2240,.F.);
#3081=ORIENTED_EDGE('',*,*,#2230,.F.);
#3082=ORIENTED_EDGE('',*,*,#2240,.T.);
#3083=ORIENTED_EDGE('',*,*,#2237,.T.);
#3084=ORIENTED_EDGE('',*,*,#2234,.T.);
#3085=ORIENTED_EDGE('',*,*,#2231,.T.);
#3086=ORIENTED_EDGE('',*,*,#2239,.F.);
#3087=ORIENTED_EDGE('',*,*,#2229,.F.);
#3088=ORIENTED_EDGE('',*,*,#2233,.F.);
#3089=ORIENTED_EDGE('',*,*,#2236,.F.);
#3090=ORIENTED_EDGE('',*,*,#2241,.T.);
#3091=ORIENTED_EDGE('',*,*,#2242,.T.);
#3092=ORIENTED_EDGE('',*,*,#2243,.F.);
#3093=ORIENTED_EDGE('',*,*,#2244,.F.);
#3094=ORIENTED_EDGE('',*,*,#2245,.T.);
#3095=ORIENTED_EDGE('',*,*,#2244,.T.);
#3096=ORIENTED_EDGE('',*,*,#2246,.F.);
#3097=ORIENTED_EDGE('',*,*,#2247,.F.);
#3098=ORIENTED_EDGE('',*,*,#2248,.T.);
#3099=ORIENTED_EDGE('',*,*,#2247,.T.);
#3100=ORIENTED_EDGE('',*,*,#2249,.F.);
#3101=ORIENTED_EDGE('',*,*,#2250,.F.);
#3102=ORIENTED_EDGE('',*,*,#2251,.T.);
#3103=ORIENTED_EDGE('',*,*,#2250,.T.);
#3104=ORIENTED_EDGE('',*,*,#2252,.F.);
#3105=ORIENTED_EDGE('',*,*,#2242,.F.);
#3106=ORIENTED_EDGE('',*,*,#2252,.T.);
#3107=ORIENTED_EDGE('',*,*,#2249,.T.);
#3108=ORIENTED_EDGE('',*,*,#2246,.T.);
#3109=ORIENTED_EDGE('',*,*,#2243,.T.);
#3110=ORIENTED_EDGE('',*,*,#2251,.F.);
#3111=ORIENTED_EDGE('',*,*,#2241,.F.);
#3112=ORIENTED_EDGE('',*,*,#2245,.F.);
#3113=ORIENTED_EDGE('',*,*,#2248,.F.);
#3114=ORIENTED_EDGE('',*,*,#2253,.F.);
#3115=ORIENTED_EDGE('',*,*,#2254,.T.);
#3116=ORIENTED_EDGE('',*,*,#2253,.T.);
#3117=ORIENTED_EDGE('',*,*,#2254,.F.);
#3118=ORIENTED_EDGE('',*,*,#2255,.F.);
#3119=ORIENTED_EDGE('',*,*,#2256,.T.);
#3120=ORIENTED_EDGE('',*,*,#2255,.T.);
#3121=ORIENTED_EDGE('',*,*,#2256,.F.);
#3122=ORIENTED_EDGE('',*,*,#2257,.T.);
#3123=ORIENTED_EDGE('',*,*,#2258,.T.);
#3124=ORIENTED_EDGE('',*,*,#2259,.F.);
#3125=ORIENTED_EDGE('',*,*,#2260,.F.);
#3126=ORIENTED_EDGE('',*,*,#2261,.T.);
#3127=ORIENTED_EDGE('',*,*,#2260,.T.);
#3128=ORIENTED_EDGE('',*,*,#2262,.F.);
#3129=ORIENTED_EDGE('',*,*,#2263,.F.);
#3130=ORIENTED_EDGE('',*,*,#2264,.T.);
#3131=ORIENTED_EDGE('',*,*,#2263,.T.);
#3132=ORIENTED_EDGE('',*,*,#2265,.F.);
#3133=ORIENTED_EDGE('',*,*,#2266,.F.);
#3134=ORIENTED_EDGE('',*,*,#2267,.T.);
#3135=ORIENTED_EDGE('',*,*,#2266,.T.);
#3136=ORIENTED_EDGE('',*,*,#2268,.F.);
#3137=ORIENTED_EDGE('',*,*,#2269,.F.);
#3138=ORIENTED_EDGE('',*,*,#2270,.T.);
#3139=ORIENTED_EDGE('',*,*,#2269,.T.);
#3140=ORIENTED_EDGE('',*,*,#2271,.F.);
#3141=ORIENTED_EDGE('',*,*,#2272,.F.);
#3142=ORIENTED_EDGE('',*,*,#2273,.T.);
#3143=ORIENTED_EDGE('',*,*,#2272,.T.);
#3144=ORIENTED_EDGE('',*,*,#2274,.F.);
#3145=ORIENTED_EDGE('',*,*,#2275,.F.);
#3146=ORIENTED_EDGE('',*,*,#2276,.T.);
#3147=ORIENTED_EDGE('',*,*,#2275,.T.);
#3148=ORIENTED_EDGE('',*,*,#2277,.F.);
#3149=ORIENTED_EDGE('',*,*,#2278,.F.);
#3150=ORIENTED_EDGE('',*,*,#2279,.T.);
#3151=ORIENTED_EDGE('',*,*,#2278,.T.);
#3152=ORIENTED_EDGE('',*,*,#2280,.F.);
#3153=ORIENTED_EDGE('',*,*,#2281,.F.);
#3154=ORIENTED_EDGE('',*,*,#2282,.T.);
#3155=ORIENTED_EDGE('',*,*,#2281,.T.);
#3156=ORIENTED_EDGE('',*,*,#2283,.F.);
#3157=ORIENTED_EDGE('',*,*,#2284,.F.);
#3158=ORIENTED_EDGE('',*,*,#2285,.T.);
#3159=ORIENTED_EDGE('',*,*,#2284,.T.);
#3160=ORIENTED_EDGE('',*,*,#2286,.F.);
#3161=ORIENTED_EDGE('',*,*,#2258,.F.);
#3162=ORIENTED_EDGE('',*,*,#2286,.T.);
#3163=ORIENTED_EDGE('',*,*,#2283,.T.);
#3164=ORIENTED_EDGE('',*,*,#2280,.T.);
#3165=ORIENTED_EDGE('',*,*,#2277,.T.);
#3166=ORIENTED_EDGE('',*,*,#2274,.T.);
#3167=ORIENTED_EDGE('',*,*,#2271,.T.);
#3168=ORIENTED_EDGE('',*,*,#2268,.T.);
#3169=ORIENTED_EDGE('',*,*,#2265,.T.);
#3170=ORIENTED_EDGE('',*,*,#2262,.T.);
#3171=ORIENTED_EDGE('',*,*,#2259,.T.);
#3172=ORIENTED_EDGE('',*,*,#2285,.F.);
#3173=ORIENTED_EDGE('',*,*,#2257,.F.);
#3174=ORIENTED_EDGE('',*,*,#2261,.F.);
#3175=ORIENTED_EDGE('',*,*,#2264,.F.);
#3176=ORIENTED_EDGE('',*,*,#2267,.F.);
#3177=ORIENTED_EDGE('',*,*,#2270,.F.);
#3178=ORIENTED_EDGE('',*,*,#2273,.F.);
#3179=ORIENTED_EDGE('',*,*,#2276,.F.);
#3180=ORIENTED_EDGE('',*,*,#2279,.F.);
#3181=ORIENTED_EDGE('',*,*,#2282,.F.);
#3182=ORIENTED_EDGE('',*,*,#2287,.T.);
#3183=ORIENTED_EDGE('',*,*,#2288,.T.);
#3184=ORIENTED_EDGE('',*,*,#2289,.F.);
#3185=ORIENTED_EDGE('',*,*,#2290,.F.);
#3186=ORIENTED_EDGE('',*,*,#2291,.T.);
#3187=ORIENTED_EDGE('',*,*,#2290,.T.);
#3188=ORIENTED_EDGE('',*,*,#2292,.F.);
#3189=ORIENTED_EDGE('',*,*,#2293,.F.);
#3190=ORIENTED_EDGE('',*,*,#2294,.T.);
#3191=ORIENTED_EDGE('',*,*,#2293,.T.);
#3192=ORIENTED_EDGE('',*,*,#2295,.F.);
#3193=ORIENTED_EDGE('',*,*,#2296,.F.);
#3194=ORIENTED_EDGE('',*,*,#2297,.T.);
#3195=ORIENTED_EDGE('',*,*,#2296,.T.);
#3196=ORIENTED_EDGE('',*,*,#2298,.F.);
#3197=ORIENTED_EDGE('',*,*,#2299,.F.);
#3198=ORIENTED_EDGE('',*,*,#2300,.T.);
#3199=ORIENTED_EDGE('',*,*,#2299,.T.);
#3200=ORIENTED_EDGE('',*,*,#2301,.F.);
#3201=ORIENTED_EDGE('',*,*,#2302,.F.);
#3202=ORIENTED_EDGE('',*,*,#2303,.T.);
#3203=ORIENTED_EDGE('',*,*,#2302,.T.);
#3204=ORIENTED_EDGE('',*,*,#2304,.F.);
#3205=ORIENTED_EDGE('',*,*,#2305,.F.);
#3206=ORIENTED_EDGE('',*,*,#2306,.T.);
#3207=ORIENTED_EDGE('',*,*,#2305,.T.);
#3208=ORIENTED_EDGE('',*,*,#2307,.F.);
#3209=ORIENTED_EDGE('',*,*,#2308,.F.);
#3210=ORIENTED_EDGE('',*,*,#2309,.T.);
#3211=ORIENTED_EDGE('',*,*,#2308,.T.);
#3212=ORIENTED_EDGE('',*,*,#2310,.F.);
#3213=ORIENTED_EDGE('',*,*,#2311,.F.);
#3214=ORIENTED_EDGE('',*,*,#2312,.T.);
#3215=ORIENTED_EDGE('',*,*,#2311,.T.);
#3216=ORIENTED_EDGE('',*,*,#2313,.F.);
#3217=ORIENTED_EDGE('',*,*,#2314,.F.);
#3218=ORIENTED_EDGE('',*,*,#2315,.T.);
#3219=ORIENTED_EDGE('',*,*,#2314,.T.);
#3220=ORIENTED_EDGE('',*,*,#2316,.F.);
#3221=ORIENTED_EDGE('',*,*,#2288,.F.);
#3222=ORIENTED_EDGE('',*,*,#2316,.T.);
#3223=ORIENTED_EDGE('',*,*,#2313,.T.);
#3224=ORIENTED_EDGE('',*,*,#2310,.T.);
#3225=ORIENTED_EDGE('',*,*,#2307,.T.);
#3226=ORIENTED_EDGE('',*,*,#2304,.T.);
#3227=ORIENTED_EDGE('',*,*,#2301,.T.);
#3228=ORIENTED_EDGE('',*,*,#2298,.T.);
#3229=ORIENTED_EDGE('',*,*,#2295,.T.);
#3230=ORIENTED_EDGE('',*,*,#2292,.T.);
#3231=ORIENTED_EDGE('',*,*,#2289,.T.);
#3232=ORIENTED_EDGE('',*,*,#2315,.F.);
#3233=ORIENTED_EDGE('',*,*,#2287,.F.);
#3234=ORIENTED_EDGE('',*,*,#2291,.F.);
#3235=ORIENTED_EDGE('',*,*,#2294,.F.);
#3236=ORIENTED_EDGE('',*,*,#2297,.F.);
#3237=ORIENTED_EDGE('',*,*,#2300,.F.);
#3238=ORIENTED_EDGE('',*,*,#2303,.F.);
#3239=ORIENTED_EDGE('',*,*,#2306,.F.);
#3240=ORIENTED_EDGE('',*,*,#2309,.F.);
#3241=ORIENTED_EDGE('',*,*,#2312,.F.);
#3242=ORIENTED_EDGE('',*,*,#2317,.T.);
#3243=ORIENTED_EDGE('',*,*,#2318,.T.);
#3244=ORIENTED_EDGE('',*,*,#2319,.F.);
#3245=ORIENTED_EDGE('',*,*,#2320,.F.);
#3246=ORIENTED_EDGE('',*,*,#2321,.T.);
#3247=ORIENTED_EDGE('',*,*,#2320,.T.);
#3248=ORIENTED_EDGE('',*,*,#2322,.F.);
#3249=ORIENTED_EDGE('',*,*,#2323,.F.);
#3250=ORIENTED_EDGE('',*,*,#2324,.T.);
#3251=ORIENTED_EDGE('',*,*,#2323,.T.);
#3252=ORIENTED_EDGE('',*,*,#2325,.F.);
#3253=ORIENTED_EDGE('',*,*,#2326,.F.);
#3254=ORIENTED_EDGE('',*,*,#2327,.T.);
#3255=ORIENTED_EDGE('',*,*,#2326,.T.);
#3256=ORIENTED_EDGE('',*,*,#2328,.F.);
#3257=ORIENTED_EDGE('',*,*,#2329,.F.);
#3258=ORIENTED_EDGE('',*,*,#2330,.T.);
#3259=ORIENTED_EDGE('',*,*,#2329,.T.);
#3260=ORIENTED_EDGE('',*,*,#2331,.F.);
#3261=ORIENTED_EDGE('',*,*,#2332,.F.);
#3262=ORIENTED_EDGE('',*,*,#2333,.T.);
#3263=ORIENTED_EDGE('',*,*,#2332,.T.);
#3264=ORIENTED_EDGE('',*,*,#2334,.F.);
#3265=ORIENTED_EDGE('',*,*,#2335,.F.);
#3266=ORIENTED_EDGE('',*,*,#2336,.T.);
#3267=ORIENTED_EDGE('',*,*,#2335,.T.);
#3268=ORIENTED_EDGE('',*,*,#2337,.F.);
#3269=ORIENTED_EDGE('',*,*,#2338,.F.);
#3270=ORIENTED_EDGE('',*,*,#2339,.T.);
#3271=ORIENTED_EDGE('',*,*,#2338,.T.);
#3272=ORIENTED_EDGE('',*,*,#2340,.F.);
#3273=ORIENTED_EDGE('',*,*,#2341,.F.);
#3274=ORIENTED_EDGE('',*,*,#2342,.T.);
#3275=ORIENTED_EDGE('',*,*,#2341,.T.);
#3276=ORIENTED_EDGE('',*,*,#2343,.F.);
#3277=ORIENTED_EDGE('',*,*,#2344,.F.);
#3278=ORIENTED_EDGE('',*,*,#2345,.T.);
#3279=ORIENTED_EDGE('',*,*,#2344,.T.);
#3280=ORIENTED_EDGE('',*,*,#2346,.F.);
#3281=ORIENTED_EDGE('',*,*,#2318,.F.);
#3282=ORIENTED_EDGE('',*,*,#2346,.T.);
#3283=ORIENTED_EDGE('',*,*,#2343,.T.);
#3284=ORIENTED_EDGE('',*,*,#2340,.T.);
#3285=ORIENTED_EDGE('',*,*,#2337,.T.);
#3286=ORIENTED_EDGE('',*,*,#2334,.T.);
#3287=ORIENTED_EDGE('',*,*,#2331,.T.);
#3288=ORIENTED_EDGE('',*,*,#2328,.T.);
#3289=ORIENTED_EDGE('',*,*,#2325,.T.);
#3290=ORIENTED_EDGE('',*,*,#2322,.T.);
#3291=ORIENTED_EDGE('',*,*,#2319,.T.);
#3292=ORIENTED_EDGE('',*,*,#2345,.F.);
#3293=ORIENTED_EDGE('',*,*,#2317,.F.);
#3294=ORIENTED_EDGE('',*,*,#2321,.F.);
#3295=ORIENTED_EDGE('',*,*,#2324,.F.);
#3296=ORIENTED_EDGE('',*,*,#2327,.F.);
#3297=ORIENTED_EDGE('',*,*,#2330,.F.);
#3298=ORIENTED_EDGE('',*,*,#2333,.F.);
#3299=ORIENTED_EDGE('',*,*,#2336,.F.);
#3300=ORIENTED_EDGE('',*,*,#2339,.F.);
#3301=ORIENTED_EDGE('',*,*,#2342,.F.);
#3302=ORIENTED_EDGE('',*,*,#2347,.T.);
#3303=ORIENTED_EDGE('',*,*,#2348,.T.);
#3304=ORIENTED_EDGE('',*,*,#2349,.F.);
#3305=ORIENTED_EDGE('',*,*,#2350,.F.);
#3306=ORIENTED_EDGE('',*,*,#2351,.T.);
#3307=ORIENTED_EDGE('',*,*,#2350,.T.);
#3308=ORIENTED_EDGE('',*,*,#2352,.F.);
#3309=ORIENTED_EDGE('',*,*,#2353,.F.);
#3310=ORIENTED_EDGE('',*,*,#2354,.T.);
#3311=ORIENTED_EDGE('',*,*,#2353,.T.);
#3312=ORIENTED_EDGE('',*,*,#2355,.F.);
#3313=ORIENTED_EDGE('',*,*,#2356,.F.);
#3314=ORIENTED_EDGE('',*,*,#2357,.T.);
#3315=ORIENTED_EDGE('',*,*,#2356,.T.);
#3316=ORIENTED_EDGE('',*,*,#2358,.F.);
#3317=ORIENTED_EDGE('',*,*,#2359,.F.);
#3318=ORIENTED_EDGE('',*,*,#2360,.T.);
#3319=ORIENTED_EDGE('',*,*,#2359,.T.);
#3320=ORIENTED_EDGE('',*,*,#2361,.F.);
#3321=ORIENTED_EDGE('',*,*,#2362,.F.);
#3322=ORIENTED_EDGE('',*,*,#2363,.T.);
#3323=ORIENTED_EDGE('',*,*,#2362,.T.);
#3324=ORIENTED_EDGE('',*,*,#2364,.F.);
#3325=ORIENTED_EDGE('',*,*,#2365,.F.);
#3326=ORIENTED_EDGE('',*,*,#2366,.T.);
#3327=ORIENTED_EDGE('',*,*,#2365,.T.);
#3328=ORIENTED_EDGE('',*,*,#2367,.F.);
#3329=ORIENTED_EDGE('',*,*,#2368,.F.);
#3330=ORIENTED_EDGE('',*,*,#2369,.T.);
#3331=ORIENTED_EDGE('',*,*,#2368,.T.);
#3332=ORIENTED_EDGE('',*,*,#2370,.F.);
#3333=ORIENTED_EDGE('',*,*,#2371,.F.);
#3334=ORIENTED_EDGE('',*,*,#2372,.T.);
#3335=ORIENTED_EDGE('',*,*,#2371,.T.);
#3336=ORIENTED_EDGE('',*,*,#2373,.F.);
#3337=ORIENTED_EDGE('',*,*,#2374,.F.);
#3338=ORIENTED_EDGE('',*,*,#2375,.T.);
#3339=ORIENTED_EDGE('',*,*,#2374,.T.);
#3340=ORIENTED_EDGE('',*,*,#2376,.F.);
#3341=ORIENTED_EDGE('',*,*,#2348,.F.);
#3342=ORIENTED_EDGE('',*,*,#2376,.T.);
#3343=ORIENTED_EDGE('',*,*,#2373,.T.);
#3344=ORIENTED_EDGE('',*,*,#2370,.T.);
#3345=ORIENTED_EDGE('',*,*,#2367,.T.);
#3346=ORIENTED_EDGE('',*,*,#2364,.T.);
#3347=ORIENTED_EDGE('',*,*,#2361,.T.);
#3348=ORIENTED_EDGE('',*,*,#2358,.T.);
#3349=ORIENTED_EDGE('',*,*,#2355,.T.);
#3350=ORIENTED_EDGE('',*,*,#2352,.T.);
#3351=ORIENTED_EDGE('',*,*,#2349,.T.);
#3352=ORIENTED_EDGE('',*,*,#2375,.F.);
#3353=ORIENTED_EDGE('',*,*,#2347,.F.);
#3354=ORIENTED_EDGE('',*,*,#2351,.F.);
#3355=ORIENTED_EDGE('',*,*,#2354,.F.);
#3356=ORIENTED_EDGE('',*,*,#2357,.F.);
#3357=ORIENTED_EDGE('',*,*,#2360,.F.);
#3358=ORIENTED_EDGE('',*,*,#2363,.F.);
#3359=ORIENTED_EDGE('',*,*,#2366,.F.);
#3360=ORIENTED_EDGE('',*,*,#2369,.F.);
#3361=ORIENTED_EDGE('',*,*,#2372,.F.);
#3362=ORIENTED_EDGE('',*,*,#2377,.T.);
#3363=ORIENTED_EDGE('',*,*,#2378,.T.);
#3364=ORIENTED_EDGE('',*,*,#2379,.F.);
#3365=ORIENTED_EDGE('',*,*,#2380,.F.);
#3366=ORIENTED_EDGE('',*,*,#2381,.T.);
#3367=ORIENTED_EDGE('',*,*,#2380,.T.);
#3368=ORIENTED_EDGE('',*,*,#2382,.F.);
#3369=ORIENTED_EDGE('',*,*,#2383,.F.);
#3370=ORIENTED_EDGE('',*,*,#2384,.T.);
#3371=ORIENTED_EDGE('',*,*,#2383,.T.);
#3372=ORIENTED_EDGE('',*,*,#2385,.F.);
#3373=ORIENTED_EDGE('',*,*,#2386,.F.);
#3374=ORIENTED_EDGE('',*,*,#2387,.T.);
#3375=ORIENTED_EDGE('',*,*,#2386,.T.);
#3376=ORIENTED_EDGE('',*,*,#2388,.F.);
#3377=ORIENTED_EDGE('',*,*,#2389,.F.);
#3378=ORIENTED_EDGE('',*,*,#2390,.T.);
#3379=ORIENTED_EDGE('',*,*,#2389,.T.);
#3380=ORIENTED_EDGE('',*,*,#2391,.F.);
#3381=ORIENTED_EDGE('',*,*,#2392,.F.);
#3382=ORIENTED_EDGE('',*,*,#2393,.T.);
#3383=ORIENTED_EDGE('',*,*,#2392,.T.);
#3384=ORIENTED_EDGE('',*,*,#2394,.F.);
#3385=ORIENTED_EDGE('',*,*,#2395,.F.);
#3386=ORIENTED_EDGE('',*,*,#2396,.T.);
#3387=ORIENTED_EDGE('',*,*,#2395,.T.);
#3388=ORIENTED_EDGE('',*,*,#2397,.F.);
#3389=ORIENTED_EDGE('',*,*,#2398,.F.);
#3390=ORIENTED_EDGE('',*,*,#2399,.T.);
#3391=ORIENTED_EDGE('',*,*,#2398,.T.);
#3392=ORIENTED_EDGE('',*,*,#2400,.F.);
#3393=ORIENTED_EDGE('',*,*,#2401,.F.);
#3394=ORIENTED_EDGE('',*,*,#2402,.T.);
#3395=ORIENTED_EDGE('',*,*,#2401,.T.);
#3396=ORIENTED_EDGE('',*,*,#2403,.F.);
#3397=ORIENTED_EDGE('',*,*,#2404,.F.);
#3398=ORIENTED_EDGE('',*,*,#2405,.T.);
#3399=ORIENTED_EDGE('',*,*,#2404,.T.);
#3400=ORIENTED_EDGE('',*,*,#2406,.F.);
#3401=ORIENTED_EDGE('',*,*,#2407,.F.);
#3402=ORIENTED_EDGE('',*,*,#2408,.T.);
#3403=ORIENTED_EDGE('',*,*,#2407,.T.);
#3404=ORIENTED_EDGE('',*,*,#2409,.F.);
#3405=ORIENTED_EDGE('',*,*,#2410,.F.);
#3406=ORIENTED_EDGE('',*,*,#2411,.T.);
#3407=ORIENTED_EDGE('',*,*,#2410,.T.);
#3408=ORIENTED_EDGE('',*,*,#2412,.F.);
#3409=ORIENTED_EDGE('',*,*,#2413,.F.);
#3410=ORIENTED_EDGE('',*,*,#2414,.T.);
#3411=ORIENTED_EDGE('',*,*,#2413,.T.);
#3412=ORIENTED_EDGE('',*,*,#2415,.F.);
#3413=ORIENTED_EDGE('',*,*,#2416,.F.);
#3414=ORIENTED_EDGE('',*,*,#2417,.T.);
#3415=ORIENTED_EDGE('',*,*,#2416,.T.);
#3416=ORIENTED_EDGE('',*,*,#2418,.F.);
#3417=ORIENTED_EDGE('',*,*,#2378,.F.);
#3418=ORIENTED_EDGE('',*,*,#2418,.T.);
#3419=ORIENTED_EDGE('',*,*,#2415,.T.);
#3420=ORIENTED_EDGE('',*,*,#2412,.T.);
#3421=ORIENTED_EDGE('',*,*,#2409,.T.);
#3422=ORIENTED_EDGE('',*,*,#2406,.T.);
#3423=ORIENTED_EDGE('',*,*,#2403,.T.);
#3424=ORIENTED_EDGE('',*,*,#2400,.T.);
#3425=ORIENTED_EDGE('',*,*,#2397,.T.);
#3426=ORIENTED_EDGE('',*,*,#2394,.T.);
#3427=ORIENTED_EDGE('',*,*,#2391,.T.);
#3428=ORIENTED_EDGE('',*,*,#2388,.T.);
#3429=ORIENTED_EDGE('',*,*,#2385,.T.);
#3430=ORIENTED_EDGE('',*,*,#2382,.T.);
#3431=ORIENTED_EDGE('',*,*,#2379,.T.);
#3432=ORIENTED_EDGE('',*,*,#2417,.F.);
#3433=ORIENTED_EDGE('',*,*,#2377,.F.);
#3434=ORIENTED_EDGE('',*,*,#2381,.F.);
#3435=ORIENTED_EDGE('',*,*,#2384,.F.);
#3436=ORIENTED_EDGE('',*,*,#2387,.F.);
#3437=ORIENTED_EDGE('',*,*,#2390,.F.);
#3438=ORIENTED_EDGE('',*,*,#2393,.F.);
#3439=ORIENTED_EDGE('',*,*,#2396,.F.);
#3440=ORIENTED_EDGE('',*,*,#2399,.F.);
#3441=ORIENTED_EDGE('',*,*,#2402,.F.);
#3442=ORIENTED_EDGE('',*,*,#2405,.F.);
#3443=ORIENTED_EDGE('',*,*,#2408,.F.);
#3444=ORIENTED_EDGE('',*,*,#2411,.F.);
#3445=ORIENTED_EDGE('',*,*,#2414,.F.);
#3446=ORIENTED_EDGE('',*,*,#2419,.F.);
#3447=ORIENTED_EDGE('',*,*,#2420,.T.);
#3448=ORIENTED_EDGE('',*,*,#2421,.F.);
#3449=ORIENTED_EDGE('',*,*,#2422,.F.);
#3450=ORIENTED_EDGE('',*,*,#2423,.F.);
#3451=ORIENTED_EDGE('',*,*,#2424,.T.);
#3452=ORIENTED_EDGE('',*,*,#2425,.F.);
#3453=ORIENTED_EDGE('',*,*,#2420,.F.);
#3454=ORIENTED_EDGE('',*,*,#2426,.F.);
#3455=ORIENTED_EDGE('',*,*,#2427,.T.);
#3456=ORIENTED_EDGE('',*,*,#2428,.F.);
#3457=ORIENTED_EDGE('',*,*,#2424,.F.);
#3458=ORIENTED_EDGE('',*,*,#2429,.F.);
#3459=ORIENTED_EDGE('',*,*,#2422,.T.);
#3460=ORIENTED_EDGE('',*,*,#2430,.F.);
#3461=ORIENTED_EDGE('',*,*,#2427,.F.);
#3462=ORIENTED_EDGE('',*,*,#2431,.T.);
#3463=ORIENTED_EDGE('',*,*,#2432,.T.);
#3464=ORIENTED_EDGE('',*,*,#2433,.F.);
#3465=ORIENTED_EDGE('',*,*,#2434,.F.);
#3466=ORIENTED_EDGE('',*,*,#2435,.T.);
#3467=ORIENTED_EDGE('',*,*,#2434,.T.);
#3468=ORIENTED_EDGE('',*,*,#2436,.F.);
#3469=ORIENTED_EDGE('',*,*,#2437,.F.);
#3470=ORIENTED_EDGE('',*,*,#2438,.T.);
#3471=ORIENTED_EDGE('',*,*,#2437,.T.);
#3472=ORIENTED_EDGE('',*,*,#2439,.F.);
#3473=ORIENTED_EDGE('',*,*,#2440,.F.);
#3474=ORIENTED_EDGE('',*,*,#2441,.T.);
#3475=ORIENTED_EDGE('',*,*,#2440,.T.);
#3476=ORIENTED_EDGE('',*,*,#2442,.F.);
#3477=ORIENTED_EDGE('',*,*,#2443,.F.);
#3478=ORIENTED_EDGE('',*,*,#2444,.T.);
#3479=ORIENTED_EDGE('',*,*,#2443,.T.);
#3480=ORIENTED_EDGE('',*,*,#2445,.F.);
#3481=ORIENTED_EDGE('',*,*,#2446,.F.);
#3482=ORIENTED_EDGE('',*,*,#2447,.T.);
#3483=ORIENTED_EDGE('',*,*,#2446,.T.);
#3484=ORIENTED_EDGE('',*,*,#2448,.F.);
#3485=ORIENTED_EDGE('',*,*,#2449,.F.);
#3486=ORIENTED_EDGE('',*,*,#2450,.T.);
#3487=ORIENTED_EDGE('',*,*,#2449,.T.);
#3488=ORIENTED_EDGE('',*,*,#2451,.F.);
#3489=ORIENTED_EDGE('',*,*,#2452,.F.);
#3490=ORIENTED_EDGE('',*,*,#2453,.T.);
#3491=ORIENTED_EDGE('',*,*,#2452,.T.);
#3492=ORIENTED_EDGE('',*,*,#2454,.F.);
#3493=ORIENTED_EDGE('',*,*,#2455,.F.);
#3494=ORIENTED_EDGE('',*,*,#2456,.T.);
#3495=ORIENTED_EDGE('',*,*,#2455,.T.);
#3496=ORIENTED_EDGE('',*,*,#2457,.F.);
#3497=ORIENTED_EDGE('',*,*,#2432,.F.);
#3498=ORIENTED_EDGE('',*,*,#2457,.T.);
#3499=ORIENTED_EDGE('',*,*,#2454,.T.);
#3500=ORIENTED_EDGE('',*,*,#2451,.T.);
#3501=ORIENTED_EDGE('',*,*,#2448,.T.);
#3502=ORIENTED_EDGE('',*,*,#2445,.T.);
#3503=ORIENTED_EDGE('',*,*,#2442,.T.);
#3504=ORIENTED_EDGE('',*,*,#2439,.T.);
#3505=ORIENTED_EDGE('',*,*,#2436,.T.);
#3506=ORIENTED_EDGE('',*,*,#2433,.T.);
#3507=ORIENTED_EDGE('',*,*,#2421,.T.);
#3508=ORIENTED_EDGE('',*,*,#2425,.T.);
#3509=ORIENTED_EDGE('',*,*,#2428,.T.);
#3510=ORIENTED_EDGE('',*,*,#2430,.T.);
#3511=ORIENTED_EDGE('',*,*,#2456,.F.);
#3512=ORIENTED_EDGE('',*,*,#2431,.F.);
#3513=ORIENTED_EDGE('',*,*,#2435,.F.);
#3514=ORIENTED_EDGE('',*,*,#2438,.F.);
#3515=ORIENTED_EDGE('',*,*,#2441,.F.);
#3516=ORIENTED_EDGE('',*,*,#2444,.F.);
#3517=ORIENTED_EDGE('',*,*,#2447,.F.);
#3518=ORIENTED_EDGE('',*,*,#2450,.F.);
#3519=ORIENTED_EDGE('',*,*,#2453,.F.);
#3520=ORIENTED_EDGE('',*,*,#2419,.T.);
#3521=ORIENTED_EDGE('',*,*,#2429,.T.);
#3522=ORIENTED_EDGE('',*,*,#2426,.T.);
#3523=ORIENTED_EDGE('',*,*,#2423,.T.);
#3524=ORIENTED_EDGE('',*,*,#2458,.F.);
#3525=ORIENTED_EDGE('',*,*,#2459,.T.);
#3526=ORIENTED_EDGE('',*,*,#2460,.F.);
#3527=ORIENTED_EDGE('',*,*,#2461,.F.);
#3528=ORIENTED_EDGE('',*,*,#2462,.F.);
#3529=ORIENTED_EDGE('',*,*,#2463,.T.);
#3530=ORIENTED_EDGE('',*,*,#2464,.F.);
#3531=ORIENTED_EDGE('',*,*,#2459,.F.);
#3532=ORIENTED_EDGE('',*,*,#2465,.F.);
#3533=ORIENTED_EDGE('',*,*,#2466,.T.);
#3534=ORIENTED_EDGE('',*,*,#2467,.F.);
#3535=ORIENTED_EDGE('',*,*,#2463,.F.);
#3536=ORIENTED_EDGE('',*,*,#2468,.F.);
#3537=ORIENTED_EDGE('',*,*,#2461,.T.);
#3538=ORIENTED_EDGE('',*,*,#2469,.F.);
#3539=ORIENTED_EDGE('',*,*,#2466,.F.);
#3540=ORIENTED_EDGE('',*,*,#2470,.T.);
#3541=ORIENTED_EDGE('',*,*,#2471,.T.);
#3542=ORIENTED_EDGE('',*,*,#2472,.F.);
#3543=ORIENTED_EDGE('',*,*,#2473,.F.);
#3544=ORIENTED_EDGE('',*,*,#2474,.T.);
#3545=ORIENTED_EDGE('',*,*,#2473,.T.);
#3546=ORIENTED_EDGE('',*,*,#2475,.F.);
#3547=ORIENTED_EDGE('',*,*,#2476,.F.);
#3548=ORIENTED_EDGE('',*,*,#2477,.T.);
#3549=ORIENTED_EDGE('',*,*,#2476,.T.);
#3550=ORIENTED_EDGE('',*,*,#2478,.F.);
#3551=ORIENTED_EDGE('',*,*,#2479,.F.);
#3552=ORIENTED_EDGE('',*,*,#2480,.T.);
#3553=ORIENTED_EDGE('',*,*,#2479,.T.);
#3554=ORIENTED_EDGE('',*,*,#2481,.F.);
#3555=ORIENTED_EDGE('',*,*,#2471,.F.);
#3556=ORIENTED_EDGE('',*,*,#2481,.T.);
#3557=ORIENTED_EDGE('',*,*,#2478,.T.);
#3558=ORIENTED_EDGE('',*,*,#2475,.T.);
#3559=ORIENTED_EDGE('',*,*,#2472,.T.);
#3560=ORIENTED_EDGE('',*,*,#2460,.T.);
#3561=ORIENTED_EDGE('',*,*,#2464,.T.);
#3562=ORIENTED_EDGE('',*,*,#2467,.T.);
#3563=ORIENTED_EDGE('',*,*,#2469,.T.);
#3564=ORIENTED_EDGE('',*,*,#2480,.F.);
#3565=ORIENTED_EDGE('',*,*,#2470,.F.);
#3566=ORIENTED_EDGE('',*,*,#2474,.F.);
#3567=ORIENTED_EDGE('',*,*,#2477,.F.);
#3568=ORIENTED_EDGE('',*,*,#2458,.T.);
#3569=ORIENTED_EDGE('',*,*,#2468,.T.);
#3570=ORIENTED_EDGE('',*,*,#2465,.T.);
#3571=ORIENTED_EDGE('',*,*,#2462,.T.);
#3572=PLANE('',#4002);
#3573=PLANE('',#4003);
#3574=PLANE('',#4004);
#3575=PLANE('',#4005);
#3576=PLANE('',#4006);
#3577=PLANE('',#4007);
#3578=PLANE('',#4008);
#3579=PLANE('',#4009);
#3580=PLANE('',#4010);
#3581=PLANE('',#4011);
#3582=PLANE('',#4012);
#3583=PLANE('',#4013);
#3584=PLANE('',#4014);
#3585=PLANE('',#4015);
#3586=PLANE('',#4016);
#3587=PLANE('',#4017);
#3588=PLANE('',#4018);
#3589=PLANE('',#4019);
#3590=PLANE('',#4020);
#3591=PLANE('',#4021);
#3592=PLANE('',#4022);
#3593=PLANE('',#4023);
#3594=PLANE('',#4024);
#3595=PLANE('',#4025);
#3596=PLANE('',#4026);
#3597=PLANE('',#4027);
#3598=PLANE('',#4028);
#3599=PLANE('',#4029);
#3600=PLANE('',#4030);
#3601=PLANE('',#4031);
#3602=PLANE('',#4032);
#3603=PLANE('',#4033);
#3604=PLANE('',#4034);
#3605=PLANE('',#4035);
#3606=PLANE('',#4036);
#3607=PLANE('',#4037);
#3608=PLANE('',#4038);
#3609=PLANE('',#4039);
#3610=PLANE('',#4040);
#3611=PLANE('',#4041);
#3612=PLANE('',#4042);
#3613=PLANE('',#4043);
#3614=PLANE('',#4044);
#3615=PLANE('',#4045);
#3616=PLANE('',#4046);
#3617=PLANE('',#4047);
#3618=PLANE('',#4048);
#3619=PLANE('',#4049);
#3620=PLANE('',#4050);
#3621=PLANE('',#4051);
#3622=PLANE('',#4055);
#3623=PLANE('',#4056);
#3624=PLANE('',#4057);
#3625=PLANE('',#4058);
#3626=PLANE('',#4059);
#3627=PLANE('',#4060);
#3628=PLANE('',#4061);
#3629=PLANE('',#4062);
#3630=PLANE('',#4063);
#3631=PLANE('',#4064);
#3632=PLANE('',#4065);
#3633=PLANE('',#4066);
#3634=PLANE('',#4067);
#3635=PLANE('',#4068);
#3636=PLANE('',#4069);
#3637=PLANE('',#4070);
#3638=PLANE('',#4071);
#3639=PLANE('',#4072);
#3640=PLANE('',#4073);
#3641=PLANE('',#4074);
#3642=PLANE('',#4075);
#3643=PLANE('',#4076);
#3644=PLANE('',#4077);
#3645=PLANE('',#4078);
#3646=PLANE('',#4079);
#3647=PLANE('',#4080);
#3648=PLANE('',#4081);
#3649=PLANE('',#4082);
#3650=PLANE('',#4083);
#3651=PLANE('',#4084);
#3652=PLANE('',#4085);
#3653=PLANE('',#4086);
#3654=PLANE('',#4087);
#3655=PLANE('',#4088);
#3656=PLANE('',#4089);
#3657=PLANE('',#4090);
#3658=PLANE('',#4091);
#3659=PLANE('',#4092);
#3660=PLANE('',#4093);
#3661=PLANE('',#4094);
#3662=PLANE('',#4095);
#3663=PLANE('',#4096);
#3664=PLANE('',#4097);
#3665=PLANE('',#4098);
#3666=PLANE('',#4099);
#3667=PLANE('',#4100);
#3668=PLANE('',#4101);
#3669=PLANE('',#4102);
#3670=PLANE('',#4103);
#3671=PLANE('',#4104);
#3672=PLANE('',#4105);
#3673=PLANE('',#4109);
#3674=PLANE('',#4110);
#3675=PLANE('',#4111);
#3676=PLANE('',#4112);
#3677=PLANE('',#4113);
#3678=PLANE('',#4114);
#3679=PLANE('',#4115);
#3680=PLANE('',#4116);
#3681=PLANE('',#4117);
#3682=PLANE('',#4118);
#3683=PLANE('',#4119);
#3684=PLANE('',#4120);
#3685=PLANE('',#4121);
#3686=PLANE('',#4122);
#3687=PLANE('',#4123);
#3688=PLANE('',#4124);
#3689=PLANE('',#4125);
#3690=PLANE('',#4126);
#3691=PLANE('',#4127);
#3692=PLANE('',#4128);
#3693=PLANE('',#4132);
#3694=PLANE('',#4133);
#3695=PLANE('',#4137);
#3696=PLANE('',#4138);
#3697=PLANE('',#4139);
#3698=PLANE('',#4143);
#3699=PLANE('',#4144);
#3700=PLANE('',#4145);
#3701=PLANE('',#4149);
#3702=PLANE('',#4150);
#3703=PLANE('',#4151);
#3704=PLANE('',#4152);
#3705=PLANE('',#4153);
#3706=PLANE('',#4154);
#3707=PLANE('',#4155);
#3708=PLANE('',#4156);
#3709=PLANE('',#4157);
#3710=PLANE('',#4158);
#3711=PLANE('',#4159);
#3712=PLANE('',#4160);
#3713=PLANE('',#4161);
#3714=PLANE('',#4162);
#3715=PLANE('',#4163);
#3716=PLANE('',#4164);
#3717=PLANE('',#4165);
#3718=PLANE('',#4166);
#3719=PLANE('',#4167);
#3720=PLANE('',#4168);
#3721=PLANE('',#4169);
#3722=PLANE('',#4170);
#3723=PLANE('',#4171);
#3724=PLANE('',#4172);
#3725=PLANE('',#4173);
#3726=PLANE('',#4174);
#3727=PLANE('',#4175);
#3728=PLANE('',#4176);
#3729=PLANE('',#4177);
#3730=PLANE('',#4178);
#3731=PLANE('',#4179);
#3732=PLANE('',#4180);
#3733=PLANE('',#4181);
#3734=PLANE('',#4182);
#3735=PLANE('',#4183);
#3736=PLANE('',#4184);
#3737=PLANE('',#4185);
#3738=PLANE('',#4186);
#3739=PLANE('',#4187);
#3740=PLANE('',#4188);
#3741=PLANE('',#4189);
#3742=PLANE('',#4190);
#3743=PLANE('',#4191);
#3744=PLANE('',#4192);
#3745=PLANE('',#4193);
#3746=PLANE('',#4194);
#3747=PLANE('',#4195);
#3748=PLANE('',#4196);
#3749=PLANE('',#4197);
#3750=PLANE('',#4198);
#3751=PLANE('',#4199);
#3752=PLANE('',#4200);
#3753=PLANE('',#4201);
#3754=PLANE('',#4202);
#3755=PLANE('',#4203);
#3756=PLANE('',#4204);
#3757=PLANE('',#4205);
#3758=PLANE('',#4206);
#3759=PLANE('',#4207);
#3760=PLANE('',#4208);
#3761=PLANE('',#4209);
#3762=PLANE('',#4210);
#3763=PLANE('',#4211);
#3764=PLANE('',#4212);
#3765=PLANE('',#4213);
#3766=ADVANCED_FACE('',(#132),#3572,.F.);
#3767=ADVANCED_FACE('',(#133),#3573,.F.);
#3768=ADVANCED_FACE('',(#134),#3574,.F.);
#3769=ADVANCED_FACE('',(#135),#3575,.F.);
#3770=ADVANCED_FACE('',(#136),#3576,.T.);
#3771=ADVANCED_FACE('',(#137),#3577,.F.);
#3772=ADVANCED_FACE('',(#138),#3578,.F.);
#3773=ADVANCED_FACE('',(#139),#3579,.F.);
#3774=ADVANCED_FACE('',(#140),#3580,.F.);
#3775=ADVANCED_FACE('',(#141),#3581,.F.);
#3776=ADVANCED_FACE('',(#142),#3582,.F.);
#3777=ADVANCED_FACE('',(#143),#3583,.F.);
#3778=ADVANCED_FACE('',(#144),#3584,.F.);
#3779=ADVANCED_FACE('',(#145),#3585,.F.);
#3780=ADVANCED_FACE('',(#146),#3586,.F.);
#3781=ADVANCED_FACE('',(#147),#3587,.F.);
#3782=ADVANCED_FACE('',(#148),#3588,.F.);
#3783=ADVANCED_FACE('',(#149),#3589,.F.);
#3784=ADVANCED_FACE('',(#150),#3590,.F.);
#3785=ADVANCED_FACE('',(#151),#3591,.F.);
#3786=ADVANCED_FACE('',(#152),#3592,.F.);
#3787=ADVANCED_FACE('',(#153),#3593,.F.);
#3788=ADVANCED_FACE('',(#154),#3594,.T.);
#3789=ADVANCED_FACE('',(#155),#3595,.F.);
#3790=ADVANCED_FACE('',(#156),#3596,.F.);
#3791=ADVANCED_FACE('',(#157),#3597,.F.);
#3792=ADVANCED_FACE('',(#158),#3598,.F.);
#3793=ADVANCED_FACE('',(#159),#3599,.F.);
#3794=ADVANCED_FACE('',(#160),#3600,.F.);
#3795=ADVANCED_FACE('',(#161),#3601,.F.);
#3796=ADVANCED_FACE('',(#162),#3602,.F.);
#3797=ADVANCED_FACE('',(#163),#3603,.F.);
#3798=ADVANCED_FACE('',(#164),#3604,.F.);
#3799=ADVANCED_FACE('',(#165),#3605,.F.);
#3800=ADVANCED_FACE('',(#166),#3606,.F.);
#3801=ADVANCED_FACE('',(#167),#3607,.F.);
#3802=ADVANCED_FACE('',(#168),#3608,.F.);
#3803=ADVANCED_FACE('',(#169),#3609,.F.);
#3804=ADVANCED_FACE('',(#170),#3610,.F.);
#3805=ADVANCED_FACE('',(#171),#3611,.F.);
#3806=ADVANCED_FACE('',(#172),#3612,.F.);
#3807=ADVANCED_FACE('',(#173),#3613,.F.);
#3808=ADVANCED_FACE('',(#174),#3614,.F.);
#3809=ADVANCED_FACE('',(#175),#3615,.F.);
#3810=ADVANCED_FACE('',(#176),#3616,.F.);
#3811=ADVANCED_FACE('',(#177),#3617,.F.);
#3812=ADVANCED_FACE('',(#178),#3618,.F.);
#3813=ADVANCED_FACE('',(#179),#3619,.F.);
#3814=ADVANCED_FACE('',(#180),#3620,.F.);
#3815=ADVANCED_FACE('',(#181),#3621,.T.);
#3816=ADVANCED_FACE('',(#182,#71),#92,.F.);
#3817=ADVANCED_FACE('',(#183),#3622,.F.);
#3818=ADVANCED_FACE('',(#184),#3623,.F.);
#3819=ADVANCED_FACE('',(#185),#3624,.F.);
#3820=ADVANCED_FACE('',(#186),#3625,.F.);
#3821=ADVANCED_FACE('',(#187),#3626,.F.);
#3822=ADVANCED_FACE('',(#188),#3627,.F.);
#3823=ADVANCED_FACE('',(#189),#3628,.F.);
#3824=ADVANCED_FACE('',(#190),#3629,.F.);
#3825=ADVANCED_FACE('',(#191),#3630,.F.);
#3826=ADVANCED_FACE('',(#192),#3631,.F.);
#3827=ADVANCED_FACE('',(#193),#3632,.F.);
#3828=ADVANCED_FACE('',(#194,#72),#3633,.T.);
#3829=ADVANCED_FACE('',(#195),#3634,.F.);
#3830=ADVANCED_FACE('',(#196),#3635,.F.);
#3831=ADVANCED_FACE('',(#197),#3636,.F.);
#3832=ADVANCED_FACE('',(#198),#3637,.F.);
#3833=ADVANCED_FACE('',(#199),#3638,.F.);
#3834=ADVANCED_FACE('',(#200),#3639,.F.);
#3835=ADVANCED_FACE('',(#201),#3640,.F.);
#3836=ADVANCED_FACE('',(#202),#3641,.F.);
#3837=ADVANCED_FACE('',(#203),#3642,.F.);
#3838=ADVANCED_FACE('',(#204),#3643,.F.);
#3839=ADVANCED_FACE('',(#205),#3644,.F.);
#3840=ADVANCED_FACE('',(#206),#3645,.F.);
#3841=ADVANCED_FACE('',(#207),#3646,.F.);
#3842=ADVANCED_FACE('',(#208),#3647,.F.);
#3843=ADVANCED_FACE('',(#209),#3648,.F.);
#3844=ADVANCED_FACE('',(#210),#3649,.F.);
#3845=ADVANCED_FACE('',(#211),#3650,.F.);
#3846=ADVANCED_FACE('',(#212),#3651,.F.);
#3847=ADVANCED_FACE('',(#213),#3652,.F.);
#3848=ADVANCED_FACE('',(#214),#3653,.F.);
#3849=ADVANCED_FACE('',(#215),#3654,.F.);
#3850=ADVANCED_FACE('',(#216),#3655,.F.);
#3851=ADVANCED_FACE('',(#217),#3656,.F.);
#3852=ADVANCED_FACE('',(#218),#3657,.F.);
#3853=ADVANCED_FACE('',(#219),#3658,.F.);
#3854=ADVANCED_FACE('',(#220),#3659,.F.);
#3855=ADVANCED_FACE('',(#221),#3660,.F.);
#3856=ADVANCED_FACE('',(#222),#3661,.F.);
#3857=ADVANCED_FACE('',(#223),#3662,.F.);
#3858=ADVANCED_FACE('',(#224),#3663,.F.);
#3859=ADVANCED_FACE('',(#225),#3664,.F.);
#3860=ADVANCED_FACE('',(#226),#3665,.F.);
#3861=ADVANCED_FACE('',(#227),#3666,.F.);
#3862=ADVANCED_FACE('',(#228),#3667,.F.);
#3863=ADVANCED_FACE('',(#229),#3668,.F.);
#3864=ADVANCED_FACE('',(#230),#3669,.F.);
#3865=ADVANCED_FACE('',(#231),#3670,.F.);
#3866=ADVANCED_FACE('',(#232),#3671,.F.);
#3867=ADVANCED_FACE('',(#233),#3672,.T.);
#3868=ADVANCED_FACE('',(#234,#73),#93,.T.);
#3869=ADVANCED_FACE('',(#235),#3673,.T.);
#3870=ADVANCED_FACE('',(#236),#3674,.F.);
#3871=ADVANCED_FACE('',(#237),#3675,.T.);
#3872=ADVANCED_FACE('',(#238),#3676,.T.);
#3873=ADVANCED_FACE('',(#239),#3677,.T.);
#3874=ADVANCED_FACE('',(#240),#3678,.T.);
#3875=ADVANCED_FACE('',(#241),#3679,.T.);
#3876=ADVANCED_FACE('',(#242),#3680,.F.);
#3877=ADVANCED_FACE('',(#243),#3681,.T.);
#3878=ADVANCED_FACE('',(#244),#3682,.T.);
#3879=ADVANCED_FACE('',(#245),#3683,.T.);
#3880=ADVANCED_FACE('',(#246),#3684,.T.);
#3881=ADVANCED_FACE('',(#247),#3685,.T.);
#3882=ADVANCED_FACE('',(#248),#3686,.F.);
#3883=ADVANCED_FACE('',(#249),#3687,.T.);
#3884=ADVANCED_FACE('',(#250),#3688,.T.);
#3885=ADVANCED_FACE('',(#251),#3689,.T.);
#3886=ADVANCED_FACE('',(#252),#3690,.T.);
#3887=ADVANCED_FACE('',(#253),#3691,.T.);
#3888=ADVANCED_FACE('',(#254),#3692,.F.);
#3889=ADVANCED_FACE('',(#255,#74),#94,.T.);
#3890=ADVANCED_FACE('',(#256),#3693,.T.);
#3891=ADVANCED_FACE('',(#257),#3694,.F.);
#3892=ADVANCED_FACE('',(#258,#75),#95,.T.);
#3893=ADVANCED_FACE('',(#259),#3695,.T.);
#3894=ADVANCED_FACE('',(#260),#3696,.F.);
#3895=ADVANCED_FACE('',(#261),#53,.T.);
#3896=ADVANCED_FACE('',(#262),#3697,.T.);
#3897=ADVANCED_FACE('',(#263),#96,.F.);
#3898=ADVANCED_FACE('',(#264),#3698,.T.);
#3899=ADVANCED_FACE('',(#265),#3699,.T.);
#3900=ADVANCED_FACE('',(#266),#3700,.T.);
#3901=ADVANCED_FACE('',(#267),#97,.T.);
#3902=ADVANCED_FACE('',(#268),#3701,.T.);
#3903=ADVANCED_FACE('',(#269),#54,.T.);
#3904=ADVANCED_FACE('',(#270),#3702,.T.);
#3905=ADVANCED_FACE('',(#271),#3703,.T.);
#3906=ADVANCED_FACE('',(#272),#3704,.F.);
#3907=ADVANCED_FACE('',(#273),#3705,.T.);
#3908=ADVANCED_FACE('',(#274),#3706,.T.);
#3909=ADVANCED_FACE('',(#275),#3707,.T.);
#3910=ADVANCED_FACE('',(#276),#55,.T.);
#3911=ADVANCED_FACE('',(#277),#3708,.T.);
#3912=ADVANCED_FACE('',(#278),#3709,.T.);
#3913=ADVANCED_FACE('',(#279),#3710,.T.);
#3914=ADVANCED_FACE('',(#280),#3711,.T.);
#3915=ADVANCED_FACE('',(#281),#3712,.T.);
#3916=ADVANCED_FACE('',(#282),#56,.T.);
#3917=ADVANCED_FACE('',(#283),#3713,.T.);
#3918=ADVANCED_FACE('',(#284),#3714,.F.);
#3919=ADVANCED_FACE('',(#285),#3715,.T.);
#3920=ADVANCED_FACE('',(#286),#3716,.T.);
#3921=ADVANCED_FACE('',(#287),#3717,.T.);
#3922=ADVANCED_FACE('',(#288),#57,.T.);
#3923=ADVANCED_FACE('',(#289),#3718,.T.);
#3924=ADVANCED_FACE('',(#290),#3719,.T.);
#3925=ADVANCED_FACE('',(#291),#3720,.T.);
#3926=ADVANCED_FACE('',(#292),#3721,.T.);
#3927=ADVANCED_FACE('',(#293),#3722,.T.);
#3928=ADVANCED_FACE('',(#294),#58,.T.);
#3929=ADVANCED_FACE('',(#295),#3723,.T.);
#3930=ADVANCED_FACE('',(#296),#3724,.F.);
#3931=ADVANCED_FACE('',(#297),#59,.T.);
#3932=ADVANCED_FACE('',(#298),#3725,.T.);
#3933=ADVANCED_FACE('',(#299),#3726,.T.);
#3934=ADVANCED_FACE('',(#300),#3727,.T.);
#3935=ADVANCED_FACE('',(#301),#60,.T.);
#3936=ADVANCED_FACE('',(#302),#3728,.T.);
#3937=ADVANCED_FACE('',(#303),#3729,.T.);
#3938=ADVANCED_FACE('',(#304),#3730,.T.);
#3939=ADVANCED_FACE('',(#305),#3731,.T.);
#3940=ADVANCED_FACE('',(#306),#3732,.T.);
#3941=ADVANCED_FACE('',(#307),#3733,.T.);
#3942=ADVANCED_FACE('',(#308),#3734,.F.);
#3943=ADVANCED_FACE('',(#309),#61,.T.);
#3944=ADVANCED_FACE('',(#310),#3735,.T.);
#3945=ADVANCED_FACE('',(#311),#62,.T.);
#3946=ADVANCED_FACE('',(#312),#3736,.T.);
#3947=ADVANCED_FACE('',(#313),#3737,.T.);
#3948=ADVANCED_FACE('',(#314),#3738,.T.);
#3949=ADVANCED_FACE('',(#315),#3739,.T.);
#3950=ADVANCED_FACE('',(#316),#3740,.T.);
#3951=ADVANCED_FACE('',(#317),#3741,.T.);
#3952=ADVANCED_FACE('',(#318),#3742,.T.);
#3953=ADVANCED_FACE('',(#319),#3743,.T.);
#3954=ADVANCED_FACE('',(#320),#3744,.T.);
#3955=ADVANCED_FACE('',(#321),#3745,.T.);
#3956=ADVANCED_FACE('',(#322),#3746,.T.);
#3957=ADVANCED_FACE('',(#323),#3747,.T.);
#3958=ADVANCED_FACE('',(#324),#3748,.F.);
#3959=ADVANCED_FACE('',(#325),#3749,.F.);
#3960=ADVANCED_FACE('',(#326),#3750,.F.);
#3961=ADVANCED_FACE('',(#327),#3751,.F.);
#3962=ADVANCED_FACE('',(#328),#63,.F.);
#3963=ADVANCED_FACE('',(#329),#64,.T.);
#3964=ADVANCED_FACE('',(#330),#3752,.T.);
#3965=ADVANCED_FACE('',(#331),#3753,.T.);
#3966=ADVANCED_FACE('',(#332),#65,.T.);
#3967=ADVANCED_FACE('',(#333),#3754,.T.);
#3968=ADVANCED_FACE('',(#334),#66,.T.);
#3969=ADVANCED_FACE('',(#335),#3755,.T.);
#3970=ADVANCED_FACE('',(#336),#3756,.T.);
#3971=ADVANCED_FACE('',(#337),#3757,.T.);
#3972=ADVANCED_FACE('',(#338,#76),#3758,.T.);
#3973=ADVANCED_FACE('',(#339,#77),#3759,.F.);
#3974=ADVANCED_FACE('',(#340),#67,.F.);
#3975=ADVANCED_FACE('',(#341),#3760,.F.);
#3976=ADVANCED_FACE('',(#342),#68,.F.);
#3977=ADVANCED_FACE('',(#343),#3761,.F.);
#3978=ADVANCED_FACE('',(#344),#69,.T.);
#3979=ADVANCED_FACE('',(#345),#3762,.T.);
#3980=ADVANCED_FACE('',(#346),#70,.T.);
#3981=ADVANCED_FACE('',(#347),#3763,.T.);
#3982=ADVANCED_FACE('',(#348,#78),#3764,.T.);
#3983=ADVANCED_FACE('',(#349,#79),#3765,.F.);
#3984=CLOSED_SHELL('',(#3766,#3767,#3768,#3769,#3770,#3771));
#3985=CLOSED_SHELL('',(#3772,#3773,#3774,#3775,#3776,#3777,#3778,#3779,
#3780,#3781,#3782,#3783,#3784,#3785,#3786,#3787,#3788,#3789));
#3986=CLOSED_SHELL('',(#3790,#3791,#3792,#3793,#3794,#3795,#3796,#3797,
#3798,#3799,#3800,#3801,#3802,#3803,#3804,#3805,#3806,#3807,#3808,#3809,
#3810,#3811,#3812,#3813,#3814,#3815));
#3987=CLOSED_SHELL('',(#3816,#3817,#3818,#3819,#3820,#3821,#3822,#3823,
#3824,#3825,#3826,#3827,#3828,#3829,#3830,#3831,#3832,#3833,#3834,#3835,
#3836,#3837,#3838,#3839,#3840,#3841,#3842,#3843,#3844,#3845,#3846,#3847,
#3848,#3849,#3850,#3851,#3852,#3853,#3854,#3855,#3856,#3857,#3858,#3859,
#3860,#3861,#3862,#3863,#3864,#3865,#3866,#3867));
#3988=CLOSED_SHELL('',(#3868,#3869,#3870));
#3989=CLOSED_SHELL('',(#3871,#3872,#3873,#3874,#3875,#3876));
#3990=CLOSED_SHELL('',(#3877,#3878,#3879,#3880,#3881,#3882));
#3991=CLOSED_SHELL('',(#3883,#3884,#3885,#3886,#3887,#3888));
#3992=CLOSED_SHELL('',(#3889,#3890,#3891));
#3993=CLOSED_SHELL('',(#3892,#3893,#3894));
#3994=CLOSED_SHELL('',(#3895,#3896,#3897,#3898,#3899,#3900,#3901,#3902,
#3903,#3904,#3905,#3906));
#3995=CLOSED_SHELL('',(#3907,#3908,#3909,#3910,#3911,#3912,#3913,#3914,
#3915,#3916,#3917,#3918));
#3996=CLOSED_SHELL('',(#3919,#3920,#3921,#3922,#3923,#3924,#3925,#3926,
#3927,#3928,#3929,#3930));
#3997=CLOSED_SHELL('',(#3931,#3932,#3933,#3934,#3935,#3936,#3937,#3938,
#3939,#3940,#3941,#3942));
#3998=CLOSED_SHELL('',(#3943,#3944,#3945,#3946,#3947,#3948,#3949,#3950,
#3951,#3952,#3953,#3954,#3955,#3956,#3957,#3958));
#3999=CLOSED_SHELL('',(#3959,#3960,#3961,#3962,#3963,#3964,#3965,#3966,
#3967,#3968,#3969,#3970,#3971,#3972,#3973));
#4000=CLOSED_SHELL('',(#3974,#3975,#3976,#3977,#3978,#3979,#3980,#3981,
#3982,#3983));
#4001=AXIS2_PLACEMENT_3D('placement',#5137,#4214,#4215);
#4002=AXIS2_PLACEMENT_3D('',#5138,#4216,#4217);
#4003=AXIS2_PLACEMENT_3D('',#5147,#4222,#4223);
#4004=AXIS2_PLACEMENT_3D('',#5153,#4227,#4228);
#4005=AXIS2_PLACEMENT_3D('',#5159,#4232,#4233);
#4006=AXIS2_PLACEMENT_3D('',#5162,#4236,#4237);
#4007=AXIS2_PLACEMENT_3D('',#5163,#4238,#4239);
#4008=AXIS2_PLACEMENT_3D('',#5164,#4240,#4241);
#4009=AXIS2_PLACEMENT_3D('',#5173,#4246,#4247);
#4010=AXIS2_PLACEMENT_3D('',#5179,#4251,#4252);
#4011=AXIS2_PLACEMENT_3D('',#5185,#4256,#4257);
#4012=AXIS2_PLACEMENT_3D('',#5191,#4261,#4262);
#4013=AXIS2_PLACEMENT_3D('',#5197,#4266,#4267);
#4014=AXIS2_PLACEMENT_3D('',#5203,#4271,#4272);
#4015=AXIS2_PLACEMENT_3D('',#5209,#4276,#4277);
#4016=AXIS2_PLACEMENT_3D('',#5215,#4281,#4282);
#4017=AXIS2_PLACEMENT_3D('',#5221,#4286,#4287);
#4018=AXIS2_PLACEMENT_3D('',#5227,#4291,#4292);
#4019=AXIS2_PLACEMENT_3D('',#5233,#4296,#4297);
#4020=AXIS2_PLACEMENT_3D('',#5239,#4301,#4302);
#4021=AXIS2_PLACEMENT_3D('',#5245,#4306,#4307);
#4022=AXIS2_PLACEMENT_3D('',#5251,#4311,#4312);
#4023=AXIS2_PLACEMENT_3D('',#5257,#4316,#4317);
#4024=AXIS2_PLACEMENT_3D('',#5260,#4320,#4321);
#4025=AXIS2_PLACEMENT_3D('',#5261,#4322,#4323);
#4026=AXIS2_PLACEMENT_3D('',#5262,#4324,#4325);
#4027=AXIS2_PLACEMENT_3D('',#5271,#4330,#4331);
#4028=AXIS2_PLACEMENT_3D('',#5277,#4335,#4336);
#4029=AXIS2_PLACEMENT_3D('',#5283,#4340,#4341);
#4030=AXIS2_PLACEMENT_3D('',#5289,#4345,#4346);
#4031=AXIS2_PLACEMENT_3D('',#5295,#4350,#4351);
#4032=AXIS2_PLACEMENT_3D('',#5301,#4355,#4356);
#4033=AXIS2_PLACEMENT_3D('',#5307,#4360,#4361);
#4034=AXIS2_PLACEMENT_3D('',#5313,#4365,#4366);
#4035=AXIS2_PLACEMENT_3D('',#5319,#4370,#4371);
#4036=AXIS2_PLACEMENT_3D('',#5325,#4375,#4376);
#4037=AXIS2_PLACEMENT_3D('',#5331,#4380,#4381);
#4038=AXIS2_PLACEMENT_3D('',#5337,#4385,#4386);
#4039=AXIS2_PLACEMENT_3D('',#5343,#4390,#4391);
#4040=AXIS2_PLACEMENT_3D('',#5349,#4395,#4396);
#4041=AXIS2_PLACEMENT_3D('',#5355,#4400,#4401);
#4042=AXIS2_PLACEMENT_3D('',#5361,#4405,#4406);
#4043=AXIS2_PLACEMENT_3D('',#5367,#4410,#4411);
#4044=AXIS2_PLACEMENT_3D('',#5373,#4415,#4416);
#4045=AXIS2_PLACEMENT_3D('',#5379,#4420,#4421);
#4046=AXIS2_PLACEMENT_3D('',#5385,#4425,#4426);
#4047=AXIS2_PLACEMENT_3D('',#5391,#4430,#4431);
#4048=AXIS2_PLACEMENT_3D('',#5397,#4435,#4436);
#4049=AXIS2_PLACEMENT_3D('',#5403,#4440,#4441);
#4050=AXIS2_PLACEMENT_3D('',#5406,#4444,#4445);
#4051=AXIS2_PLACEMENT_3D('',#5407,#4446,#4447);
#4052=AXIS2_PLACEMENT_3D('',#5408,#4448,#4449);
#4053=AXIS2_PLACEMENT_3D('',#5410,#4450,#4451);
#4054=AXIS2_PLACEMENT_3D('',#5412,#4452,#4453);
#4055=AXIS2_PLACEMENT_3D('',#5413,#4454,#4455);
#4056=AXIS2_PLACEMENT_3D('',#5422,#4460,#4461);
#4057=AXIS2_PLACEMENT_3D('',#5431,#4466,#4467);
#4058=AXIS2_PLACEMENT_3D('',#5440,#4472,#4473);
#4059=AXIS2_PLACEMENT_3D('',#5453,#4480,#4481);
#4060=AXIS2_PLACEMENT_3D('',#5462,#4486,#4487);
#4061=AXIS2_PLACEMENT_3D('',#5471,#4492,#4493);
#4062=AXIS2_PLACEMENT_3D('',#5492,#4504,#4505);
#4063=AXIS2_PLACEMENT_3D('',#5506,#4513,#4514);
#4064=AXIS2_PLACEMENT_3D('',#5535,#4531,#4532);
#4065=AXIS2_PLACEMENT_3D('',#5546,#4539,#4540);
#4066=AXIS2_PLACEMENT_3D('',#5568,#4554,#4555);
#4067=AXIS2_PLACEMENT_3D('',#5569,#4556,#4557);
#4068=AXIS2_PLACEMENT_3D('',#5584,#4566,#4567);
#4069=AXIS2_PLACEMENT_3D('',#5590,#4571,#4572);
#4070=AXIS2_PLACEMENT_3D('',#5592,#4574,#4575);
#4071=AXIS2_PLACEMENT_3D('',#5594,#4577,#4578);
#4072=AXIS2_PLACEMENT_3D('',#5595,#4579,#4580);
#4073=AXIS2_PLACEMENT_3D('',#5629,#4600,#4601);
#4074=AXIS2_PLACEMENT_3D('',#5631,#4603,#4604);
#4075=AXIS2_PLACEMENT_3D('',#5633,#4606,#4607);
#4076=AXIS2_PLACEMENT_3D('',#5635,#4609,#4610);
#4077=AXIS2_PLACEMENT_3D('',#5637,#4612,#4613);
#4078=AXIS2_PLACEMENT_3D('',#5639,#4615,#4616);
#4079=AXIS2_PLACEMENT_3D('',#5641,#4618,#4619);
#4080=AXIS2_PLACEMENT_3D('',#5643,#4621,#4622);
#4081=AXIS2_PLACEMENT_3D('',#5645,#4624,#4625);
#4082=AXIS2_PLACEMENT_3D('',#5647,#4627,#4628);
#4083=AXIS2_PLACEMENT_3D('',#5649,#4630,#4631);
#4084=AXIS2_PLACEMENT_3D('',#5651,#4633,#4634);
#4085=AXIS2_PLACEMENT_3D('',#5653,#4636,#4637);
#4086=AXIS2_PLACEMENT_3D('',#5654,#4638,#4639);
#4087=AXIS2_PLACEMENT_3D('',#5656,#4641,#4642);
#4088=AXIS2_PLACEMENT_3D('',#5657,#4643,#4644);
#4089=AXIS2_PLACEMENT_3D('',#5658,#4645,#4646);
#4090=AXIS2_PLACEMENT_3D('',#5659,#4647,#4648);
#4091=AXIS2_PLACEMENT_3D('',#5661,#4650,#4651);
#4092=AXIS2_PLACEMENT_3D('',#5662,#4652,#4653);
#4093=AXIS2_PLACEMENT_3D('',#5683,#4666,#4667);
#4094=AXIS2_PLACEMENT_3D('',#5685,#4669,#4670);
#4095=AXIS2_PLACEMENT_3D('',#5687,#4672,#4673);
#4096=AXIS2_PLACEMENT_3D('',#5689,#4675,#4676);
#4097=AXIS2_PLACEMENT_3D('',#5691,#4678,#4679);
#4098=AXIS2_PLACEMENT_3D('',#5693,#4681,#4682);
#4099=AXIS2_PLACEMENT_3D('',#5695,#4684,#4685);
#4100=AXIS2_PLACEMENT_3D('',#5697,#4687,#4688);
#4101=AXIS2_PLACEMENT_3D('',#5699,#4690,#4691);
#4102=AXIS2_PLACEMENT_3D('',#5700,#4692,#4693);
#4103=AXIS2_PLACEMENT_3D('',#5701,#4694,#4695);
#4104=AXIS2_PLACEMENT_3D('',#5702,#4696,#4697);
#4105=AXIS2_PLACEMENT_3D('',#5703,#4698,#4699);
#4106=AXIS2_PLACEMENT_3D('',#5704,#4700,#4701);
#4107=AXIS2_PLACEMENT_3D('',#5706,#4702,#4703);
#4108=AXIS2_PLACEMENT_3D('',#5708,#4704,#4705);
#4109=AXIS2_PLACEMENT_3D('',#5709,#4706,#4707);
#4110=AXIS2_PLACEMENT_3D('',#5710,#4708,#4709);
#4111=AXIS2_PLACEMENT_3D('',#5711,#4710,#4711);
#4112=AXIS2_PLACEMENT_3D('',#5720,#4716,#4717);
#4113=AXIS2_PLACEMENT_3D('',#5726,#4721,#4722);
#4114=AXIS2_PLACEMENT_3D('',#5732,#4726,#4727);
#4115=AXIS2_PLACEMENT_3D('',#5735,#4730,#4731);
#4116=AXIS2_PLACEMENT_3D('',#5736,#4732,#4733);
#4117=AXIS2_PLACEMENT_3D('',#5737,#4734,#4735);
#4118=AXIS2_PLACEMENT_3D('',#5746,#4740,#4741);
#4119=AXIS2_PLACEMENT_3D('',#5752,#4745,#4746);
#4120=AXIS2_PLACEMENT_3D('',#5758,#4750,#4751);
#4121=AXIS2_PLACEMENT_3D('',#5761,#4754,#4755);
#4122=AXIS2_PLACEMENT_3D('',#5762,#4756,#4757);
#4123=AXIS2_PLACEMENT_3D('',#5763,#4758,#4759);
#4124=AXIS2_PLACEMENT_3D('',#5772,#4764,#4765);
#4125=AXIS2_PLACEMENT_3D('',#5778,#4769,#4770);
#4126=AXIS2_PLACEMENT_3D('',#5784,#4774,#4775);
#4127=AXIS2_PLACEMENT_3D('',#5787,#4778,#4779);
#4128=AXIS2_PLACEMENT_3D('',#5788,#4780,#4781);
#4129=AXIS2_PLACEMENT_3D('',#5789,#4782,#4783);
#4130=AXIS2_PLACEMENT_3D('',#5791,#4784,#4785);
#4131=AXIS2_PLACEMENT_3D('',#5793,#4786,#4787);
#4132=AXIS2_PLACEMENT_3D('',#5794,#4788,#4789);
#4133=AXIS2_PLACEMENT_3D('',#5795,#4790,#4791);
#4134=AXIS2_PLACEMENT_3D('',#5796,#4792,#4793);
#4135=AXIS2_PLACEMENT_3D('',#5798,#4794,#4795);
#4136=AXIS2_PLACEMENT_3D('',#5800,#4796,#4797);
#4137=AXIS2_PLACEMENT_3D('',#5801,#4798,#4799);
#4138=AXIS2_PLACEMENT_3D('',#5802,#4800,#4801);
#4139=AXIS2_PLACEMENT_3D('',#5837,#4804,#4805);
#4140=AXIS2_PLACEMENT_3D('',#5843,#4809,#4810);
#4141=AXIS2_PLACEMENT_3D('',#5845,#4811,#4812);
#4142=AXIS2_PLACEMENT_3D('',#5847,#4813,#4814);
#4143=AXIS2_PLACEMENT_3D('',#5849,#4816,#4817);
#4144=AXIS2_PLACEMENT_3D('',#5855,#4821,#4822);
#4145=AXIS2_PLACEMENT_3D('',#5861,#4826,#4827);
#4146=AXIS2_PLACEMENT_3D('',#5867,#4831,#4832);
#4147=AXIS2_PLACEMENT_3D('',#5869,#4833,#4834);
#4148=AXIS2_PLACEMENT_3D('',#5871,#4835,#4836);
#4149=AXIS2_PLACEMENT_3D('',#5873,#4838,#4839);
#4150=AXIS2_PLACEMENT_3D('',#5918,#4844,#4845);
#4151=AXIS2_PLACEMENT_3D('',#5921,#4848,#4849);
#4152=AXIS2_PLACEMENT_3D('',#5922,#4850,#4851);
#4153=AXIS2_PLACEMENT_3D('',#5923,#4852,#4853);
#4154=AXIS2_PLACEMENT_3D('',#5932,#4858,#4859);
#4155=AXIS2_PLACEMENT_3D('',#5938,#4863,#4864);
#4156=AXIS2_PLACEMENT_3D('',#5963,#4869,#4870);
#4157=AXIS2_PLACEMENT_3D('',#5969,#4874,#4875);
#4158=AXIS2_PLACEMENT_3D('',#5975,#4879,#4880);
#4159=AXIS2_PLACEMENT_3D('',#5981,#4884,#4885);
#4160=AXIS2_PLACEMENT_3D('',#5987,#4889,#4890);
#4161=AXIS2_PLACEMENT_3D('',#6013,#4894,#4895);
#4162=AXIS2_PLACEMENT_3D('',#6014,#4896,#4897);
#4163=AXIS2_PLACEMENT_3D('',#6015,#4898,#4899);
#4164=AXIS2_PLACEMENT_3D('',#6024,#4904,#4905);
#4165=AXIS2_PLACEMENT_3D('',#6030,#4909,#4910);
#4166=AXIS2_PLACEMENT_3D('',#6055,#4915,#4916);
#4167=AXIS2_PLACEMENT_3D('',#6061,#4920,#4921);
#4168=AXIS2_PLACEMENT_3D('',#6067,#4925,#4926);
#4169=AXIS2_PLACEMENT_3D('',#6073,#4930,#4931);
#4170=AXIS2_PLACEMENT_3D('',#6079,#4935,#4936);
#4171=AXIS2_PLACEMENT_3D('',#6105,#4940,#4941);
#4172=AXIS2_PLACEMENT_3D('',#6106,#4942,#4943);
#4173=AXIS2_PLACEMENT_3D('',#6133,#4946,#4947);
#4174=AXIS2_PLACEMENT_3D('',#6139,#4951,#4952);
#4175=AXIS2_PLACEMENT_3D('',#6145,#4956,#4957);
#4176=AXIS2_PLACEMENT_3D('',#6170,#4962,#4963);
#4177=AXIS2_PLACEMENT_3D('',#6176,#4967,#4968);
#4178=AXIS2_PLACEMENT_3D('',#6182,#4972,#4973);
#4179=AXIS2_PLACEMENT_3D('',#6188,#4977,#4978);
#4180=AXIS2_PLACEMENT_3D('',#6194,#4982,#4983);
#4181=AXIS2_PLACEMENT_3D('',#6197,#4986,#4987);
#4182=AXIS2_PLACEMENT_3D('',#6198,#4988,#4989);
#4183=AXIS2_PLACEMENT_3D('',#6221,#4992,#4993);
#4184=AXIS2_PLACEMENT_3D('',#6246,#4998,#4999);
#4185=AXIS2_PLACEMENT_3D('',#6252,#5003,#5004);
#4186=AXIS2_PLACEMENT_3D('',#6258,#5008,#5009);
#4187=AXIS2_PLACEMENT_3D('',#6264,#5013,#5014);
#4188=AXIS2_PLACEMENT_3D('',#6270,#5018,#5019);
#4189=AXIS2_PLACEMENT_3D('',#6276,#5023,#5024);
#4190=AXIS2_PLACEMENT_3D('',#6282,#5028,#5029);
#4191=AXIS2_PLACEMENT_3D('',#6288,#5033,#5034);
#4192=AXIS2_PLACEMENT_3D('',#6294,#5038,#5039);
#4193=AXIS2_PLACEMENT_3D('',#6300,#5043,#5044);
#4194=AXIS2_PLACEMENT_3D('',#6306,#5048,#5049);
#4195=AXIS2_PLACEMENT_3D('',#6309,#5052,#5053);
#4196=AXIS2_PLACEMENT_3D('',#6310,#5054,#5055);
#4197=AXIS2_PLACEMENT_3D('',#6311,#5056,#5057);
#4198=AXIS2_PLACEMENT_3D('',#6320,#5062,#5063);
#4199=AXIS2_PLACEMENT_3D('',#6326,#5067,#5068);
#4200=AXIS2_PLACEMENT_3D('',#6386,#5074,#5075);
#4201=AXIS2_PLACEMENT_3D('',#6392,#5079,#5080);
#4202=AXIS2_PLACEMENT_3D('',#6429,#5085,#5086);
#4203=AXIS2_PLACEMENT_3D('',#6470,#5091,#5092);
#4204=AXIS2_PLACEMENT_3D('',#6476,#5096,#5097);
#4205=AXIS2_PLACEMENT_3D('',#6482,#5101,#5102);
#4206=AXIS2_PLACEMENT_3D('',#6485,#5105,#5106);
#4207=AXIS2_PLACEMENT_3D('',#6486,#5107,#5108);
#4208=AXIS2_PLACEMENT_3D('',#6521,#5111,#5112);
#4209=AXIS2_PLACEMENT_3D('',#6554,#5117,#5118);
#4210=AXIS2_PLACEMENT_3D('',#6595,#5123,#5124);
#4211=AXIS2_PLACEMENT_3D('',#6632,#5129,#5130);
#4212=AXIS2_PLACEMENT_3D('',#6635,#5133,#5134);
#4213=AXIS2_PLACEMENT_3D('',#6636,#5135,#5136);
#4214=DIRECTION('axis',(0.,0.,1.));
#4215=DIRECTION('refdir',(1.,0.,0.));
#4216=DIRECTION('center_axis',(9.72207690770652E-16,1.,0.));
#4217=DIRECTION('ref_axis',(-1.,9.72207690770652E-16,0.));
#4218=DIRECTION('',(-1.,9.72207690770652E-16,0.));
#4219=DIRECTION('',(0.,0.,1.));
#4220=DIRECTION('',(-1.,9.72207690770652E-16,0.));
#4221=DIRECTION('',(0.,0.,1.));
#4222=DIRECTION('center_axis',(1.,-1.83697019872103E-16,0.));
#4223=DIRECTION('ref_axis',(0.,0.,1.));
#4224=DIRECTION('',(1.83697019872103E-16,1.,0.));
#4225=DIRECTION('',(0.,0.,1.));
#4226=DIRECTION('',(1.83697019872103E-16,1.,0.));
#4227=DIRECTION('center_axis',(-5.77952355321377E-16,-1.,0.));
#4228=DIRECTION('ref_axis',(1.,-5.77952355321377E-16,0.));
#4229=DIRECTION('',(1.,-5.77952355321377E-16,0.));
#4230=DIRECTION('',(0.,0.,1.));
#4231=DIRECTION('',(1.,-5.77952355321377E-16,0.));
#4232=DIRECTION('center_axis',(-1.,1.83697019872103E-16,0.));
#4233=DIRECTION('ref_axis',(0.,0.,-1.));
#4234=DIRECTION('',(-1.83697019872103E-16,-1.,0.));
#4235=DIRECTION('',(-1.83697019872103E-16,-1.,0.));
#4236=DIRECTION('center_axis',(0.,0.,-1.));
#4237=DIRECTION('ref_axis',(1.83697019872103E-16,1.,0.));
#4238=DIRECTION('center_axis',(0.,0.,-1.));
#4239=DIRECTION('ref_axis',(1.83697019872103E-16,1.,0.));
#4240=DIRECTION('center_axis',(-1.83697019872103E-16,-1.,0.));
#4241=DIRECTION('ref_axis',(0.,0.,-1.));
#4242=DIRECTION('',(1.,-1.83697019872103E-16,0.));
#4243=DIRECTION('',(0.,0.,1.));
#4244=DIRECTION('',(1.,-1.83697019872103E-16,0.));
#4245=DIRECTION('',(0.,0.,1.));
#4246=DIRECTION('center_axis',(-1.,1.83697019872103E-16,0.));
#4247=DIRECTION('ref_axis',(0.,0.,-1.));
#4248=DIRECTION('',(-1.83697019872103E-16,-1.,0.));
#4249=DIRECTION('',(0.,0.,1.));
#4250=DIRECTION('',(-1.83697019872103E-16,-1.,0.));
#4251=DIRECTION('center_axis',(5.70912081474069E-16,1.,0.));
#4252=DIRECTION('ref_axis',(-1.,5.70912081474069E-16,0.));
#4253=DIRECTION('',(-1.,5.70912081474069E-16,0.));
#4254=DIRECTION('',(0.,0.,1.));
#4255=DIRECTION('',(-1.,5.70912081474069E-16,0.));
#4256=DIRECTION('center_axis',(-1.,1.83697019872103E-16,0.));
#4257=DIRECTION('ref_axis',(0.,0.,-1.));
#4258=DIRECTION('',(-1.83697019872103E-16,-1.,0.));
#4259=DIRECTION('',(0.,0.,1.));
#4260=DIRECTION('',(-1.83697019872103E-16,-1.,0.));
#4261=DIRECTION('center_axis',(-1.83697019872103E-16,-1.,0.));
#4262=DIRECTION('ref_axis',(0.,0.,-1.));
#4263=DIRECTION('',(1.,-1.83697019872103E-16,0.));
#4264=DIRECTION('',(0.,0.,1.));
#4265=DIRECTION('',(1.,-1.83697019872103E-16,0.));
#4266=DIRECTION('center_axis',(-1.,1.83697019872103E-16,0.));
#4267=DIRECTION('ref_axis',(0.,0.,-1.));
#4268=DIRECTION('',(-1.83697019872103E-16,-1.,0.));
#4269=DIRECTION('',(0.,0.,1.));
#4270=DIRECTION('',(-1.83697019872103E-16,-1.,0.));
#4271=DIRECTION('center_axis',(5.70912081474069E-16,1.,0.));
#4272=DIRECTION('ref_axis',(-1.,5.70912081474069E-16,0.));
#4273=DIRECTION('',(-1.,5.70912081474069E-16,0.));
#4274=DIRECTION('',(0.,0.,1.));
#4275=DIRECTION('',(-1.,5.70912081474069E-16,0.));
#4276=DIRECTION('center_axis',(-1.,1.83697019872103E-16,0.));
#4277=DIRECTION('ref_axis',(0.,0.,-1.));
#4278=DIRECTION('',(-1.83697019872103E-16,-1.,0.));
#4279=DIRECTION('',(0.,0.,1.));
#4280=DIRECTION('',(-1.83697019872103E-16,-1.,0.));
#4281=DIRECTION('center_axis',(-1.83697019872103E-16,-1.,0.));
#4282=DIRECTION('ref_axis',(0.,0.,-1.));
#4283=DIRECTION('',(1.,-1.83697019872103E-16,0.));
#4284=DIRECTION('',(0.,0.,1.));
#4285=DIRECTION('',(1.,-1.83697019872103E-16,0.));
#4286=DIRECTION('center_axis',(-1.,1.83697019872103E-16,0.));
#4287=DIRECTION('ref_axis',(0.,0.,-1.));
#4288=DIRECTION('',(-1.83697019872103E-16,-1.,0.));
#4289=DIRECTION('',(0.,0.,1.));
#4290=DIRECTION('',(-1.83697019872103E-16,-1.,0.));
#4291=DIRECTION('center_axis',(1.83697019872103E-16,1.,0.));
#4292=DIRECTION('ref_axis',(0.,0.,1.));
#4293=DIRECTION('',(-1.,1.83697019872103E-16,0.));
#4294=DIRECTION('',(0.,0.,1.));
#4295=DIRECTION('',(-1.,1.83697019872103E-16,0.));
#4296=DIRECTION('center_axis',(1.,-1.83697019872103E-16,0.));
#4297=DIRECTION('ref_axis',(0.,0.,1.));
#4298=DIRECTION('',(1.83697019872103E-16,1.,0.));
#4299=DIRECTION('',(0.,0.,1.));
#4300=DIRECTION('',(1.83697019872103E-16,1.,0.));
#4301=DIRECTION('center_axis',(-1.83697019872103E-16,-1.,0.));
#4302=DIRECTION('ref_axis',(0.,0.,-1.));
#4303=DIRECTION('',(1.,-1.83697019872103E-16,0.));
#4304=DIRECTION('',(0.,0.,1.));
#4305=DIRECTION('',(1.,-1.83697019872103E-16,0.));
#4306=DIRECTION('center_axis',(-1.,1.83697019872103E-16,0.));
#4307=DIRECTION('ref_axis',(0.,0.,-1.));
#4308=DIRECTION('',(-1.83697019872103E-16,-1.,0.));
#4309=DIRECTION('',(0.,0.,1.));
#4310=DIRECTION('',(-1.83697019872103E-16,-1.,0.));
#4311=DIRECTION('center_axis',(1.83697019872103E-16,1.,0.));
#4312=DIRECTION('ref_axis',(0.,0.,1.));
#4313=DIRECTION('',(-1.,1.83697019872103E-16,0.));
#4314=DIRECTION('',(0.,0.,1.));
#4315=DIRECTION('',(-1.,1.83697019872103E-16,0.));
#4316=DIRECTION('center_axis',(-1.,1.83697019872103E-16,0.));
#4317=DIRECTION('ref_axis',(0.,0.,-1.));
#4318=DIRECTION('',(-1.83697019872103E-16,-1.,0.));
#4319=DIRECTION('',(-1.83697019872103E-16,-1.,0.));
#4320=DIRECTION('center_axis',(0.,0.,-1.));
#4321=DIRECTION('ref_axis',(1.83697019872103E-16,1.,0.));
#4322=DIRECTION('center_axis',(0.,0.,-1.));
#4323=DIRECTION('ref_axis',(1.83697019872103E-16,1.,0.));
#4324=DIRECTION('center_axis',(7.35182109450576E-18,-1.,0.));
#4325=DIRECTION('ref_axis',(1.,7.35182109450576E-18,0.));
#4326=DIRECTION('',(1.,7.35182109450577E-18,0.));
#4327=DIRECTION('',(0.,0.,1.));
#4328=DIRECTION('',(1.,7.35182109450577E-18,0.));
#4329=DIRECTION('',(0.,0.,1.));
#4330=DIRECTION('center_axis',(1.,-1.60368901063031E-17,0.));
#4331=DIRECTION('ref_axis',(1.60368901063031E-17,1.,0.));
#4332=DIRECTION('',(1.60368901063031E-17,1.,0.));
#4333=DIRECTION('',(0.,0.,1.));
#4334=DIRECTION('',(1.60368901063031E-17,1.,0.));
#4335=DIRECTION('center_axis',(-1.83697019872103E-16,-1.,0.));
#4336=DIRECTION('ref_axis',(0.,0.,-1.));
#4337=DIRECTION('',(1.,-1.83697019872103E-16,0.));
#4338=DIRECTION('',(0.,0.,1.));
#4339=DIRECTION('',(1.,-1.83697019872103E-16,0.));
#4340=DIRECTION('center_axis',(-1.,7.19236000282364E-17,0.));
#4341=DIRECTION('ref_axis',(-7.19236000282364E-17,-1.,0.));
#4342=DIRECTION('',(-7.19236000282364E-17,-1.,0.));
#4343=DIRECTION('',(0.,0.,1.));
#4344=DIRECTION('',(-7.19236000282364E-17,-1.,0.));
#4345=DIRECTION('center_axis',(-7.94515145216049E-16,-1.,0.));
#4346=DIRECTION('ref_axis',(1.,-7.9451514521605E-16,0.));
#4347=DIRECTION('',(1.,-7.9451514521605E-16,0.));
#4348=DIRECTION('',(0.,0.,1.));
#4349=DIRECTION('',(1.,-7.9451514521605E-16,0.));
#4350=DIRECTION('center_axis',(-1.,1.29890460443542E-16,0.));
#4351=DIRECTION('ref_axis',(-1.29890460443542E-16,-1.,0.));
#4352=DIRECTION('',(-1.29890460443542E-16,-1.,0.));
#4353=DIRECTION('',(0.,0.,1.));
#4354=DIRECTION('',(-1.29890460443542E-16,-1.,0.));
#4355=DIRECTION('center_axis',(-4.27121105471843E-16,1.,0.));
#4356=DIRECTION('ref_axis',(-1.,-4.27121105471843E-16,0.));
#4357=DIRECTION('',(-1.,-4.27121105471843E-16,0.));
#4358=DIRECTION('',(0.,0.,1.));
#4359=DIRECTION('',(-1.,-4.27121105471843E-16,0.));
#4360=DIRECTION('center_axis',(-1.,2.9547043971597E-16,0.));
#4361=DIRECTION('ref_axis',(-2.9547043971597E-16,-1.,0.));
#4362=DIRECTION('',(-2.9547043971597E-16,-1.,0.));
#4363=DIRECTION('',(0.,0.,1.));
#4364=DIRECTION('',(-2.9547043971597E-16,-1.,0.));
#4365=DIRECTION('center_axis',(1.83697019872103E-16,1.,0.));
#4366=DIRECTION('ref_axis',(0.,0.,1.));
#4367=DIRECTION('',(-1.,1.83697019872103E-16,0.));
#4368=DIRECTION('',(0.,0.,1.));
#4369=DIRECTION('',(-1.,1.83697019872103E-16,0.));
#4370=DIRECTION('center_axis',(1.,-3.51357149637903E-16,0.));
#4371=DIRECTION('ref_axis',(3.51357149637903E-16,1.,0.));
#4372=DIRECTION('',(3.51357149637903E-16,1.,0.));
#4373=DIRECTION('',(0.,0.,1.));
#4374=DIRECTION('',(3.51357149637903E-16,1.,0.));
#4375=DIRECTION('center_axis',(9.37924618122889E-16,1.,0.));
#4376=DIRECTION('ref_axis',(-1.,9.37924618122889E-16,0.));
#4377=DIRECTION('',(-1.,9.37924618122889E-16,0.));
#4378=DIRECTION('',(0.,0.,1.));
#4379=DIRECTION('',(-1.,9.37924618122889E-16,0.));
#4380=DIRECTION('center_axis',(1.,-3.6903072457048E-16,0.));
#4381=DIRECTION('ref_axis',(3.6903072457048E-16,1.,0.));
#4382=DIRECTION('',(3.6903072457048E-16,1.,0.));
#4383=DIRECTION('',(0.,0.,1.));
#4384=DIRECTION('',(3.6903072457048E-16,1.,0.));
#4385=DIRECTION('center_axis',(3.08317959238253E-16,1.,0.));
#4386=DIRECTION('ref_axis',(-1.,3.08317959238253E-16,0.));
#4387=DIRECTION('',(-1.,3.08317959238253E-16,0.));
#4388=DIRECTION('',(0.,0.,1.));
#4389=DIRECTION('',(-1.,3.08317959238253E-16,0.));
#4390=DIRECTION('center_axis',(1.,-1.83697019872103E-16,0.));
#4391=DIRECTION('ref_axis',(0.,0.,1.));
#4392=DIRECTION('',(1.83697019872103E-16,1.,0.));
#4393=DIRECTION('',(0.,0.,1.));
#4394=DIRECTION('',(1.83697019872103E-16,1.,0.));
#4395=DIRECTION('center_axis',(-3.84475199962011E-16,-1.,0.));
#4396=DIRECTION('ref_axis',(1.,-3.84475199962011E-16,0.));
#4397=DIRECTION('',(1.,-3.84475199962011E-16,0.));
#4398=DIRECTION('',(0.,0.,1.));
#4399=DIRECTION('',(1.,-3.84475199962011E-16,0.));
#4400=DIRECTION('center_axis',(1.,-1.83697019872103E-16,0.));
#4401=DIRECTION('ref_axis',(0.,0.,1.));
#4402=DIRECTION('',(1.83697019872103E-16,1.,0.));
#4403=DIRECTION('',(0.,0.,1.));
#4404=DIRECTION('',(1.83697019872103E-16,1.,0.));
#4405=DIRECTION('center_axis',(3.84475199962011E-16,1.,0.));
#4406=DIRECTION('ref_axis',(-1.,3.84475199962011E-16,0.));
#4407=DIRECTION('',(-1.,3.84475199962011E-16,0.));
#4408=DIRECTION('',(0.,0.,1.));
#4409=DIRECTION('',(-1.,3.84475199962011E-16,0.));
#4410=DIRECTION('center_axis',(1.,-1.83697019872103E-16,0.));
#4411=DIRECTION('ref_axis',(0.,0.,1.));
#4412=DIRECTION('',(1.83697019872103E-16,1.,0.));
#4413=DIRECTION('',(0.,0.,1.));
#4414=DIRECTION('',(1.83697019872103E-16,1.,0.));
#4415=DIRECTION('center_axis',(-3.84475199962011E-16,-1.,0.));
#4416=DIRECTION('ref_axis',(1.,-3.84475199962011E-16,0.));
#4417=DIRECTION('',(1.,-3.84475199962011E-16,0.));
#4418=DIRECTION('',(0.,0.,1.));
#4419=DIRECTION('',(1.,-3.84475199962011E-16,0.));
#4420=DIRECTION('center_axis',(1.,-1.83697019872103E-16,0.));
#4421=DIRECTION('ref_axis',(0.,0.,1.));
#4422=DIRECTION('',(1.83697019872103E-16,1.,0.));
#4423=DIRECTION('',(0.,0.,1.));
#4424=DIRECTION('',(1.83697019872103E-16,1.,0.));
#4425=DIRECTION('center_axis',(5.85253380051919E-16,1.,0.));
#4426=DIRECTION('ref_axis',(-1.,5.85253380051919E-16,0.));
#4427=DIRECTION('',(-1.,5.85253380051919E-16,0.));
#4428=DIRECTION('',(0.,0.,1.));
#4429=DIRECTION('',(-1.,5.85253380051919E-16,0.));
#4430=DIRECTION('center_axis',(1.,-1.83697019872103E-16,0.));
#4431=DIRECTION('ref_axis',(0.,0.,1.));
#4432=DIRECTION('',(1.83697019872103E-16,1.,0.));
#4433=DIRECTION('',(0.,0.,1.));
#4434=DIRECTION('',(1.83697019872103E-16,1.,0.));
#4435=DIRECTION('center_axis',(-1.83697019872103E-16,-1.,0.));
#4436=DIRECTION('ref_axis',(0.,0.,-1.));
#4437=DIRECTION('',(1.,-1.83697019872103E-16,0.));
#4438=DIRECTION('',(0.,0.,1.));
#4439=DIRECTION('',(1.,-1.83697019872103E-16,0.));
#4440=DIRECTION('center_axis',(-1.,1.83697019872103E-16,0.));
#4441=DIRECTION('ref_axis',(0.,0.,-1.));
#4442=DIRECTION('',(-1.83697019872103E-16,-1.,0.));
#4443=DIRECTION('',(-1.83697019872103E-16,-1.,0.));
#4444=DIRECTION('center_axis',(0.,0.,1.));
#4445=DIRECTION('ref_axis',(-1.83697019872103E-16,-1.,0.));
#4446=DIRECTION('center_axis',(0.,0.,1.));
#4447=DIRECTION('ref_axis',(-1.83697019872103E-16,-1.,0.));
#4448=DIRECTION('center_axis',(0.,0.,1.));
#4449=DIRECTION('ref_axis',(-1.83697019872103E-16,-1.,0.));
#4450=DIRECTION('center_axis',(0.,0.,1.));
#4451=DIRECTION('ref_axis',(-1.83697019872103E-16,-1.,0.));
#4452=DIRECTION('center_axis',(0.,0.,1.));
#4453=DIRECTION('ref_axis',(-1.83697019872103E-16,-1.,0.));
#4454=DIRECTION('center_axis',(0.,0.,1.));
#4455=DIRECTION('ref_axis',(-1.83697019872103E-16,-1.,0.));
#4456=DIRECTION('',(1.83697019872103E-16,1.,0.));
#4457=DIRECTION('',(1.,-1.83697019872103E-16,0.));
#4458=DIRECTION('',(-1.83697019872103E-16,-1.,0.));
#4459=DIRECTION('',(1.,-5.70912081474069E-16,0.));
#4460=DIRECTION('center_axis',(0.,0.,1.));
#4461=DIRECTION('ref_axis',(-1.83697019872103E-16,-1.,0.));
#4462=DIRECTION('',(1.83697019872103E-16,1.,0.));
#4463=DIRECTION('',(1.,-1.83697019872103E-16,0.));
#4464=DIRECTION('',(-1.83697019872103E-16,-1.,0.));
#4465=DIRECTION('',(1.,-5.70912081474069E-16,0.));
#4466=DIRECTION('center_axis',(0.,0.,1.));
#4467=DIRECTION('ref_axis',(-1.83697019872103E-16,-1.,0.));
#4468=DIRECTION('',(1.83697019872103E-16,1.,0.));
#4469=DIRECTION('',(1.,-1.83697019872103E-16,0.));
#4470=DIRECTION('',(-1.83697019872103E-16,-1.,0.));
#4471=DIRECTION('',(1.,-1.83697019872103E-16,0.));
#4472=DIRECTION('center_axis',(0.,0.,1.));
#4473=DIRECTION('ref_axis',(-1.83697019872103E-16,-1.,0.));
#4474=DIRECTION('',(-1.,3.86532509777211E-17,0.));
#4475=DIRECTION('',(1.60368901063031E-17,1.,0.));
#4476=DIRECTION('',(1.,7.35182109450577E-18,0.));
#4477=DIRECTION('',(-1.83697019872103E-16,-1.,0.));
#4478=DIRECTION('',(-1.,1.83697019872103E-16,0.));
#4479=DIRECTION('',(-1.83697019872103E-16,-1.,0.));
#4480=DIRECTION('center_axis',(0.,0.,1.));
#4481=DIRECTION('ref_axis',(-1.83697019872103E-16,-1.,0.));
#4482=DIRECTION('',(-1.83697019872103E-16,-1.,0.));
#4483=DIRECTION('',(-1.,5.85253380051919E-16,0.));
#4484=DIRECTION('',(1.83697019872103E-16,1.,0.));
#4485=DIRECTION('',(-1.,3.84475199962011E-16,0.));
#4486=DIRECTION('center_axis',(0.,0.,1.));
#4487=DIRECTION('ref_axis',(-1.83697019872103E-16,-1.,0.));
#4488=DIRECTION('',(-1.83697019872103E-16,-1.,0.));
#4489=DIRECTION('',(-1.,3.84475199962011E-16,0.));
#4490=DIRECTION('',(1.83697019872103E-16,1.,0.));
#4491=DIRECTION('',(-1.,3.84475199962011E-16,0.));
#4492=DIRECTION('center_axis',(0.,0.,1.));
#4493=DIRECTION('ref_axis',(-1.83697019872103E-16,-1.,0.));
#4494=DIRECTION('',(-1.83697019872103E-16,-1.,0.));
#4495=DIRECTION('',(-1.,3.08317959238253E-16,0.));
#4496=DIRECTION('',(3.6903072457048E-16,1.,0.));
#4497=DIRECTION('',(-1.,9.37924618122889E-16,0.));
#4498=DIRECTION('',(-3.51357149637903E-16,-1.,0.));
#4499=DIRECTION('',(1.,-3.86532509777211E-17,0.));
#4500=DIRECTION('',(-1.83697019872103E-16,-1.,0.));
#4501=DIRECTION('',(-1.,9.72207690770652E-16,0.));
#4502=DIRECTION('',(-1.83697019872103E-16,-1.,0.));
#4503=DIRECTION('',(-1.,5.77952355321377E-16,0.));
#4504=DIRECTION('center_axis',(3.86532509777211E-17,1.,0.));
#4505=DIRECTION('ref_axis',(-1.,3.86532509777211E-17,0.));
#4506=DIRECTION('',(0.,0.,1.));
#4507=DIRECTION('',(1.,-3.86532509777211E-17,0.));
#4508=DIRECTION('',(0.,0.,-1.));
#4509=DIRECTION('',(1.,-3.86532509777211E-17,0.));
#4510=DIRECTION('',(0.,0.,-1.));
#4511=DIRECTION('',(1.,-3.86532509777211E-17,0.));
#4512=DIRECTION('',(0.,0.,-1.));
#4513=DIRECTION('center_axis',(-1.,1.83697019872103E-16,0.));
#4514=DIRECTION('ref_axis',(0.,0.,-1.));
#4515=DIRECTION('',(1.83697019872103E-16,1.,0.));
#4516=DIRECTION('',(0.,0.,-1.));
#4517=DIRECTION('',(0.,0.,1.));
#4518=DIRECTION('',(1.83697019872103E-16,1.,0.));
#4519=DIRECTION('',(0.,0.,-1.));
#4520=DIRECTION('',(0.,0.,1.));
#4521=DIRECTION('',(1.83697019872103E-16,1.,0.));
#4522=DIRECTION('',(0.,0.,-1.));
#4523=DIRECTION('',(0.,0.,1.));
#4524=DIRECTION('',(1.83697019872103E-16,1.,0.));
#4525=DIRECTION('',(0.,0.,-1.));
#4526=DIRECTION('',(1.83697019872103E-16,1.,0.));
#4527=DIRECTION('',(0.,0.,-1.));
#4528=DIRECTION('',(1.83697019872103E-16,1.,0.));
#4529=DIRECTION('',(1.83697019872103E-16,1.,0.));
#4530=DIRECTION('',(0.,0.,1.));
#4531=DIRECTION('center_axis',(-3.86532509777211E-17,-1.,0.));
#4532=DIRECTION('ref_axis',(1.,-3.86532509777211E-17,0.));
#4533=DIRECTION('',(-1.,3.86532509777211E-17,0.));
#4534=DIRECTION('',(0.,0.,1.));
#4535=DIRECTION('',(-1.,3.86532509777211E-17,0.));
#4536=DIRECTION('',(0.,0.,-1.));
#4537=DIRECTION('',(0.,0.,-1.));
#4538=DIRECTION('',(-1.,3.86532509777211E-17,0.));
#4539=DIRECTION('center_axis',(1.,-1.83697019872103E-16,0.));
#4540=DIRECTION('ref_axis',(0.,0.,1.));
#4541=DIRECTION('',(0.,0.,1.));
#4542=DIRECTION('',(-1.83697019872103E-16,-1.,0.));
#4543=DIRECTION('',(0.,0.,-1.));
#4544=DIRECTION('',(0.,0.,1.));
#4545=DIRECTION('',(-1.83697019872103E-16,-1.,0.));
#4546=DIRECTION('',(0.,0.,-1.));
#4547=DIRECTION('',(0.,0.,1.));
#4548=DIRECTION('',(-1.83697019872103E-16,-1.,0.));
#4549=DIRECTION('',(0.,0.,-1.));
#4550=DIRECTION('',(0.,0.,1.));
#4551=DIRECTION('',(-1.83697019872103E-16,-1.,0.));
#4552=DIRECTION('',(0.,0.,-1.));
#4553=DIRECTION('',(-1.83697019872103E-16,-1.,0.));
#4554=DIRECTION('center_axis',(0.,0.,1.));
#4555=DIRECTION('ref_axis',(-1.83697019872103E-16,-1.,0.));
#4556=DIRECTION('center_axis',(0.,0.,1.));
#4557=DIRECTION('ref_axis',(-1.83697019872103E-16,-1.,0.));
#4558=DIRECTION('',(1.,-1.83697019872103E-16,0.));
#4559=DIRECTION('',(1.83697019872103E-16,1.,0.));
#4560=DIRECTION('',(1.,-1.83697019872103E-16,0.));
#4561=DIRECTION('',(-2.9547043971597E-16,-1.,0.));
#4562=DIRECTION('',(-1.,-4.27121105471843E-16,0.));
#4563=DIRECTION('',(-1.29890460443542E-16,-1.,0.));
#4564=DIRECTION('',(1.,-7.9451514521605E-16,0.));
#4565=DIRECTION('',(7.19236000282364E-17,1.,0.));
#4566=DIRECTION('center_axis',(0.,0.,1.));
#4567=DIRECTION('ref_axis',(-1.83697019872103E-16,-1.,0.));
#4568=DIRECTION('',(1.,-5.77952355321377E-16,0.));
#4569=DIRECTION('',(-1.83697019872103E-16,-1.,0.));
#4570=DIRECTION('',(-1.,9.72207690770652E-16,0.));
#4571=DIRECTION('center_axis',(-9.72207690770652E-16,-1.,0.));
#4572=DIRECTION('ref_axis',(1.,-9.72207690770652E-16,0.));
#4573=DIRECTION('',(0.,0.,-1.));
#4574=DIRECTION('center_axis',(5.77952355321377E-16,1.,0.));
#4575=DIRECTION('ref_axis',(-1.,5.77952355321377E-16,0.));
#4576=DIRECTION('',(0.,0.,-1.));
#4577=DIRECTION('center_axis',(1.,-1.83697019872103E-16,0.));
#4578=DIRECTION('ref_axis',(0.,0.,1.));
#4579=DIRECTION('center_axis',(0.,0.,1.));
#4580=DIRECTION('ref_axis',(-1.83697019872103E-16,-1.,0.));
#4581=DIRECTION('',(3.51357149637903E-16,1.,0.));
#4582=DIRECTION('',(-1.,9.37924618122889E-16,0.));
#4583=DIRECTION('',(3.6903072457048E-16,1.,0.));
#4584=DIRECTION('',(-1.,3.08317959238253E-16,0.));
#4585=DIRECTION('',(1.,-3.84475199962011E-16,0.));
#4586=DIRECTION('',(1.83697019872103E-16,1.,0.));
#4587=DIRECTION('',(-1.,3.84475199962011E-16,0.));
#4588=DIRECTION('',(1.,-3.84475199962011E-16,0.));
#4589=DIRECTION('',(1.83697019872103E-16,1.,0.));
#4590=DIRECTION('',(-1.,5.85253380051919E-16,0.));
#4591=DIRECTION('',(1.,-1.83697019872103E-16,0.));
#4592=DIRECTION('',(-1.83697019872103E-16,-1.,0.));
#4593=DIRECTION('',(1.,7.35182109450577E-18,0.));
#4594=DIRECTION('',(1.60368901063031E-17,1.,0.));
#4595=DIRECTION('',(-7.19236000282364E-17,-1.,0.));
#4596=DIRECTION('',(1.,-7.9451514521605E-16,0.));
#4597=DIRECTION('',(-1.29890460443542E-16,-1.,0.));
#4598=DIRECTION('',(-1.,-4.27121105471843E-16,0.));
#4599=DIRECTION('',(-2.9547043971597E-16,-1.,0.));
#4600=DIRECTION('center_axis',(1.,-7.19236000282364E-17,0.));
#4601=DIRECTION('ref_axis',(7.19236000282364E-17,1.,0.));
#4602=DIRECTION('',(0.,0.,-1.));
#4603=DIRECTION('center_axis',(-1.,1.60368901063031E-17,0.));
#4604=DIRECTION('ref_axis',(-1.60368901063031E-17,-1.,0.));
#4605=DIRECTION('',(0.,0.,-1.));
#4606=DIRECTION('center_axis',(1.83697019872103E-16,1.,0.));
#4607=DIRECTION('ref_axis',(0.,0.,1.));
#4608=DIRECTION('',(0.,0.,-1.));
#4609=DIRECTION('center_axis',(-5.85253380051919E-16,-1.,0.));
#4610=DIRECTION('ref_axis',(1.,-5.85253380051919E-16,0.));
#4611=DIRECTION('',(0.,0.,-1.));
#4612=DIRECTION('center_axis',(3.84475199962011E-16,1.,0.));
#4613=DIRECTION('ref_axis',(-1.,3.84475199962011E-16,0.));
#4614=DIRECTION('',(0.,0.,-1.));
#4615=DIRECTION('center_axis',(-3.84475199962011E-16,-1.,0.));
#4616=DIRECTION('ref_axis',(1.,-3.84475199962011E-16,0.));
#4617=DIRECTION('',(0.,0.,-1.));
#4618=DIRECTION('center_axis',(3.84475199962011E-16,1.,0.));
#4619=DIRECTION('ref_axis',(-1.,3.84475199962011E-16,0.));
#4620=DIRECTION('',(0.,0.,-1.));
#4621=DIRECTION('center_axis',(-3.08317959238253E-16,-1.,0.));
#4622=DIRECTION('ref_axis',(1.,-3.08317959238253E-16,0.));
#4623=DIRECTION('',(0.,0.,-1.));
#4624=DIRECTION('center_axis',(-1.,3.51357149637903E-16,0.));
#4625=DIRECTION('ref_axis',(-3.51357149637903E-16,-1.,0.));
#4626=DIRECTION('',(0.,0.,-1.));
#4627=DIRECTION('center_axis',(1.,-2.9547043971597E-16,0.));
#4628=DIRECTION('ref_axis',(2.9547043971597E-16,1.,0.));
#4629=DIRECTION('',(0.,0.,-1.));
#4630=DIRECTION('center_axis',(4.27121105471843E-16,-1.,0.));
#4631=DIRECTION('ref_axis',(1.,4.27121105471843E-16,0.));
#4632=DIRECTION('',(0.,0.,-1.));
#4633=DIRECTION('center_axis',(1.,-1.29890460443542E-16,0.));
#4634=DIRECTION('ref_axis',(1.29890460443542E-16,1.,0.));
#4635=DIRECTION('',(0.,0.,-1.));
#4636=DIRECTION('center_axis',(7.94515145216049E-16,1.,0.));
#4637=DIRECTION('ref_axis',(-1.,7.9451514521605E-16,0.));
#4638=DIRECTION('center_axis',(-7.35182109450576E-18,1.,0.));
#4639=DIRECTION('ref_axis',(-1.,-7.35182109450576E-18,0.));
#4640=DIRECTION('',(0.,0.,-1.));
#4641=DIRECTION('center_axis',(1.,-1.83697019872103E-16,0.));
#4642=DIRECTION('ref_axis',(0.,0.,1.));
#4643=DIRECTION('center_axis',(-1.,1.83697019872103E-16,0.));
#4644=DIRECTION('ref_axis',(0.,0.,-1.));
#4645=DIRECTION('center_axis',(-1.,1.83697019872103E-16,0.));
#4646=DIRECTION('ref_axis',(0.,0.,-1.));
#4647=DIRECTION('center_axis',(-1.,3.6903072457048E-16,0.));
#4648=DIRECTION('ref_axis',(-3.6903072457048E-16,-1.,0.));
#4649=DIRECTION('',(0.,0.,-1.));
#4650=DIRECTION('center_axis',(-9.37924618122889E-16,-1.,0.));
#4651=DIRECTION('ref_axis',(1.,-9.37924618122889E-16,0.));
#4652=DIRECTION('center_axis',(0.,0.,1.));
#4653=DIRECTION('ref_axis',(-1.83697019872103E-16,-1.,0.));
#4654=DIRECTION('',(-1.,1.83697019872103E-16,0.));
#4655=DIRECTION('',(1.83697019872103E-16,1.,0.));
#4656=DIRECTION('',(1.,-1.83697019872103E-16,0.));
#4657=DIRECTION('',(-1.,1.83697019872103E-16,0.));
#4658=DIRECTION('',(-1.83697019872103E-16,-1.,0.));
#4659=DIRECTION('',(1.,-1.83697019872103E-16,0.));
#4660=DIRECTION('',(-1.,5.70912081474069E-16,0.));
#4661=DIRECTION('',(-1.83697019872103E-16,-1.,0.));
#4662=DIRECTION('',(1.,-1.83697019872103E-16,0.));
#4663=DIRECTION('',(-1.,5.70912081474069E-16,0.));
#4664=DIRECTION('',(-1.83697019872103E-16,-1.,0.));
#4665=DIRECTION('',(1.,-1.83697019872103E-16,0.));
#4666=DIRECTION('center_axis',(1.83697019872103E-16,1.,0.));
#4667=DIRECTION('ref_axis',(0.,0.,1.));
#4668=DIRECTION('',(0.,0.,-1.));
#4669=DIRECTION('center_axis',(-5.70912081474069E-16,-1.,0.));
#4670=DIRECTION('ref_axis',(1.,-5.70912081474069E-16,0.));
#4671=DIRECTION('',(0.,0.,-1.));
#4672=DIRECTION('center_axis',(1.83697019872103E-16,1.,0.));
#4673=DIRECTION('ref_axis',(0.,0.,1.));
#4674=DIRECTION('',(0.,0.,-1.));
#4675=DIRECTION('center_axis',(-5.70912081474069E-16,-1.,0.));
#4676=DIRECTION('ref_axis',(1.,-5.70912081474069E-16,0.));
#4677=DIRECTION('',(0.,0.,-1.));
#4678=DIRECTION('center_axis',(1.83697019872103E-16,1.,0.));
#4679=DIRECTION('ref_axis',(0.,0.,1.));
#4680=DIRECTION('',(0.,0.,-1.));
#4681=DIRECTION('center_axis',(-1.83697019872103E-16,-1.,0.));
#4682=DIRECTION('ref_axis',(0.,0.,-1.));
#4683=DIRECTION('',(0.,0.,-1.));
#4684=DIRECTION('center_axis',(1.83697019872103E-16,1.,0.));
#4685=DIRECTION('ref_axis',(0.,0.,1.));
#4686=DIRECTION('',(0.,0.,-1.));
#4687=DIRECTION('center_axis',(-1.83697019872103E-16,-1.,0.));
#4688=DIRECTION('ref_axis',(0.,0.,-1.));
#4689=DIRECTION('',(0.,0.,-1.));
#4690=DIRECTION('center_axis',(1.,-1.83697019872103E-16,0.));
#4691=DIRECTION('ref_axis',(0.,0.,1.));
#4692=DIRECTION('center_axis',(1.,-1.83697019872103E-16,0.));
#4693=DIRECTION('ref_axis',(0.,0.,1.));
#4694=DIRECTION('center_axis',(1.,-1.83697019872103E-16,0.));
#4695=DIRECTION('ref_axis',(0.,0.,1.));
#4696=DIRECTION('center_axis',(-1.,1.83697019872103E-16,0.));
#4697=DIRECTION('ref_axis',(0.,0.,-1.));
#4698=DIRECTION('center_axis',(0.,0.,1.));
#4699=DIRECTION('ref_axis',(-1.83697019872103E-16,-1.,0.));
#4700=DIRECTION('center_axis',(0.,0.,-1.));
#4701=DIRECTION('ref_axis',(1.83697019872103E-16,1.,0.));
#4702=DIRECTION('center_axis',(0.,0.,1.));
#4703=DIRECTION('ref_axis',(-1.83697019872103E-16,-1.,0.));
#4704=DIRECTION('center_axis',(0.,0.,1.));
#4705=DIRECTION('ref_axis',(-1.83697019872103E-16,-1.,0.));
#4706=DIRECTION('center_axis',(0.,0.,1.));
#4707=DIRECTION('ref_axis',(-1.83697019872103E-16,-1.,0.));
#4708=DIRECTION('center_axis',(0.,0.,1.));
#4709=DIRECTION('ref_axis',(-1.83697019872103E-16,-1.,0.));
#4710=DIRECTION('center_axis',(1.,-1.83697019872103E-16,0.));
#4711=DIRECTION('ref_axis',(1.83697019872103E-16,1.,0.));
#4712=DIRECTION('',(1.83697019872103E-16,1.,0.));
#4713=DIRECTION('',(0.,0.,1.));
#4714=DIRECTION('',(1.83697019872103E-16,1.,0.));
#4715=DIRECTION('',(0.,0.,1.));
#4716=DIRECTION('center_axis',(-1.83697019872103E-16,-1.,0.));
#4717=DIRECTION('ref_axis',(1.,-1.83697019872103E-16,0.));
#4718=DIRECTION('',(1.,-1.83697019872103E-16,0.));
#4719=DIRECTION('',(1.,-1.83697019872103E-16,0.));
#4720=DIRECTION('',(0.,0.,1.));
#4721=DIRECTION('center_axis',(-1.,1.83697019872103E-16,0.));
#4722=DIRECTION('ref_axis',(-1.83697019872103E-16,-1.,0.));
#4723=DIRECTION('',(-1.83697019872103E-16,-1.,0.));
#4724=DIRECTION('',(-1.83697019872103E-16,-1.,0.));
#4725=DIRECTION('',(0.,0.,1.));
#4726=DIRECTION('center_axis',(1.83697019872103E-16,1.,0.));
#4727=DIRECTION('ref_axis',(-1.,1.83697019872103E-16,0.));
#4728=DIRECTION('',(-1.,1.83697019872103E-16,0.));
#4729=DIRECTION('',(-1.,1.83697019872103E-16,0.));
#4730=DIRECTION('center_axis',(0.,0.,1.));
#4731=DIRECTION('ref_axis',(-1.83697019872103E-16,-1.,0.));
#4732=DIRECTION('center_axis',(0.,0.,1.));
#4733=DIRECTION('ref_axis',(-1.83697019872103E-16,-1.,0.));
#4734=DIRECTION('center_axis',(1.,-1.83697019872103E-16,0.));
#4735=DIRECTION('ref_axis',(1.83697019872103E-16,1.,0.));
#4736=DIRECTION('',(1.83697019872103E-16,1.,0.));
#4737=DIRECTION('',(0.,0.,1.));
#4738=DIRECTION('',(1.83697019872103E-16,1.,0.));
#4739=DIRECTION('',(0.,0.,1.));
#4740=DIRECTION('center_axis',(-1.83697019872103E-16,-1.,0.));
#4741=DIRECTION('ref_axis',(1.,-1.83697019872103E-16,0.));
#4742=DIRECTION('',(1.,-1.83697019872103E-16,0.));
#4743=DIRECTION('',(1.,-1.83697019872103E-16,0.));
#4744=DIRECTION('',(0.,0.,1.));
#4745=DIRECTION('center_axis',(-1.,1.83697019872103E-16,0.));
#4746=DIRECTION('ref_axis',(-1.83697019872103E-16,-1.,0.));
#4747=DIRECTION('',(-1.83697019872103E-16,-1.,0.));
#4748=DIRECTION('',(-1.83697019872103E-16,-1.,0.));
#4749=DIRECTION('',(0.,0.,1.));
#4750=DIRECTION('center_axis',(1.83697019872103E-16,1.,0.));
#4751=DIRECTION('ref_axis',(-1.,1.83697019872103E-16,0.));
#4752=DIRECTION('',(-1.,1.83697019872103E-16,0.));
#4753=DIRECTION('',(-1.,1.83697019872103E-16,0.));
#4754=DIRECTION('center_axis',(0.,0.,1.));
#4755=DIRECTION('ref_axis',(-1.83697019872103E-16,-1.,0.));
#4756=DIRECTION('center_axis',(0.,0.,1.));
#4757=DIRECTION('ref_axis',(-1.83697019872103E-16,-1.,0.));
#4758=DIRECTION('center_axis',(-1.,1.83697019872103E-16,0.));
#4759=DIRECTION('ref_axis',(-1.83697019872103E-16,-1.,0.));
#4760=DIRECTION('',(-1.83697019872103E-16,-1.,0.));
#4761=DIRECTION('',(0.,0.,1.));
#4762=DIRECTION('',(-1.83697019872103E-16,-1.,0.));
#4763=DIRECTION('',(0.,0.,1.));
#4764=DIRECTION('center_axis',(-0.228234113348097,0.9736062805386,0.));
#4765=DIRECTION('ref_axis',(-0.973606280538601,-0.228234113348097,0.));
#4766=DIRECTION('',(-0.9736062805386,-0.228234113348097,0.));
#4767=DIRECTION('',(-0.9736062805386,-0.228234113348097,0.));
#4768=DIRECTION('',(0.,0.,1.));
#4769=DIRECTION('center_axis',(1.,-1.83697019872103E-16,0.));
#4770=DIRECTION('ref_axis',(1.83697019872103E-16,1.,0.));
#4771=DIRECTION('',(1.83697019872103E-16,1.,0.));
#4772=DIRECTION('',(1.83697019872103E-16,1.,0.));
#4773=DIRECTION('',(0.,0.,1.));
#4774=DIRECTION('center_axis',(0.228234113348102,-0.973606280538599,0.));
#4775=DIRECTION('ref_axis',(0.973606280538599,0.228234113348102,0.));
#4776=DIRECTION('',(0.973606280538599,0.228234113348102,0.));
#4777=DIRECTION('',(0.973606280538599,0.228234113348102,0.));
#4778=DIRECTION('center_axis',(0.,0.,1.));
#4779=DIRECTION('ref_axis',(-1.83697019872103E-16,-1.,0.));
#4780=DIRECTION('center_axis',(0.,0.,1.));
#4781=DIRECTION('ref_axis',(-1.83697019872103E-16,-1.,0.));
#4782=DIRECTION('center_axis',(0.,0.,1.));
#4783=DIRECTION('ref_axis',(1.83697019872103E-16,1.,0.));
#4784=DIRECTION('center_axis',(0.,0.,1.));
#4785=DIRECTION('ref_axis',(1.83697019872103E-16,1.,0.));
#4786=DIRECTION('center_axis',(0.,0.,1.));
#4787=DIRECTION('ref_axis',(1.83697019872103E-16,1.,0.));
#4788=DIRECTION('center_axis',(0.,0.,1.));
#4789=DIRECTION('ref_axis',(-1.83697019872103E-16,-1.,0.));
#4790=DIRECTION('center_axis',(0.,0.,1.));
#4791=DIRECTION('ref_axis',(-1.83697019872103E-16,-1.,0.));
#4792=DIRECTION('center_axis',(0.,0.,1.));
#4793=DIRECTION('ref_axis',(1.83697019872103E-16,1.,0.));
#4794=DIRECTION('center_axis',(0.,0.,1.));
#4795=DIRECTION('ref_axis',(1.83697019872103E-16,1.,0.));
#4796=DIRECTION('center_axis',(0.,0.,1.));
#4797=DIRECTION('ref_axis',(1.83697019872103E-16,1.,0.));
#4798=DIRECTION('center_axis',(0.,0.,1.));
#4799=DIRECTION('ref_axis',(-1.83697019872103E-16,-1.,0.));
#4800=DIRECTION('center_axis',(0.,0.,1.));
#4801=DIRECTION('ref_axis',(-1.83697019872103E-16,-1.,0.));
#4802=DIRECTION('',(0.,0.,1.));
#4803=DIRECTION('',(0.,0.,1.));
#4804=DIRECTION('center_axis',(-0.22394412873424,0.974601983994216,0.));
#4805=DIRECTION('ref_axis',(-0.974601983994216,-0.22394412873424,0.));
#4806=DIRECTION('',(-0.974601984045193,-0.223944128512388,0.));
#4807=DIRECTION('',(-0.974601984045193,-0.223944128512388,0.));
#4808=DIRECTION('',(0.,0.,1.));
#4809=DIRECTION('center_axis',(0.,0.,1.));
#4810=DIRECTION('ref_axis',(0.675423924374181,-0.737429672838692,0.));
#4811=DIRECTION('center_axis',(0.,0.,-1.));
#4812=DIRECTION('ref_axis',(-0.109098112564365,-0.994030986355502,0.));
#4813=DIRECTION('center_axis',(0.,0.,-1.));
#4814=DIRECTION('ref_axis',(-0.109098112564365,-0.994030986355502,0.));
#4815=DIRECTION('',(0.,0.,1.));
#4816=DIRECTION('center_axis',(-0.999766767589142,-0.0215965373233447,0.));
#4817=DIRECTION('ref_axis',(0.0215965373233447,-0.999766767589142,0.));
#4818=DIRECTION('',(0.0215965373233469,-0.999766767589142,0.));
#4819=DIRECTION('',(0.0215965373233469,-0.999766767589142,0.));
#4820=DIRECTION('',(0.,0.,1.));
#4821=DIRECTION('center_axis',(3.60005055419465E-14,1.,0.));
#4822=DIRECTION('ref_axis',(-1.,3.60005055419465E-14,0.));
#4823=DIRECTION('',(-1.,1.21226331938968E-14,0.));
#4824=DIRECTION('',(-1.,1.21226331938968E-14,0.));
#4825=DIRECTION('',(0.,0.,1.));
#4826=DIRECTION('center_axis',(0.997296346257988,-0.0734846769093235,0.));
#4827=DIRECTION('ref_axis',(0.0734846769093235,0.997296346257988,0.));
#4828=DIRECTION('',(0.0734846767710157,0.997296346268179,0.));
#4829=DIRECTION('',(0.0734846767710157,0.997296346268179,0.));
#4830=DIRECTION('',(0.,0.,1.));
#4831=DIRECTION('center_axis',(0.,0.,-1.));
#4832=DIRECTION('ref_axis',(0.783475344849635,-0.621422870525977,0.));
#4833=DIRECTION('center_axis',(0.,0.,1.));
#4834=DIRECTION('ref_axis',(0.9972963462433,-0.0734846771086641,0.));
#4835=DIRECTION('center_axis',(1.7180603300098E-16,-1.36270016561714E-16,
1.));
#4836=DIRECTION('ref_axis',(0.9972963462433,-0.0734846771086641,-1.89659043350152E-16));
#4837=DIRECTION('',(0.,0.,1.));
#4838=DIRECTION('center_axis',(0.219144997458317,-0.975692302977222,0.));
#4839=DIRECTION('ref_axis',(0.975692302977222,0.219144997458317,0.));
#4840=DIRECTION('',(0.975692302987926,0.219144997410659,0.));
#4841=DIRECTION('',(0.975692302987926,0.219144997410659,0.));
#4842=DIRECTION('',(0.,0.,1.));
#4843=DIRECTION('',(0.,0.,1.));
#4844=DIRECTION('center_axis',(0.434452710838479,-0.90069464417476,0.));
#4845=DIRECTION('ref_axis',(0.90069464417476,0.434452710838478,0.));
#4846=DIRECTION('',(0.90069464417476,0.434452710838478,0.));
#4847=DIRECTION('',(0.90069464417476,0.434452710838478,0.));
#4848=DIRECTION('center_axis',(0.,0.,1.));
#4849=DIRECTION('ref_axis',(-1.83697019872103E-16,-1.,0.));
#4850=DIRECTION('center_axis',(0.,0.,1.));
#4851=DIRECTION('ref_axis',(-1.83697019872103E-16,-1.,0.));
#4852=DIRECTION('center_axis',(-6.83368957243698E-17,-1.,0.));
#4853=DIRECTION('ref_axis',(1.,-6.83368957243698E-17,0.));
#4854=DIRECTION('',(1.,-1.45243645156192E-16,0.));
#4855=DIRECTION('',(0.,0.,1.));
#4856=DIRECTION('',(1.,-1.45243645156192E-16,0.));
#4857=DIRECTION('',(0.,0.,1.));
#4858=DIRECTION('center_axis',(-1.,-3.44461045054207E-15,0.));
#4859=DIRECTION('ref_axis',(3.44461045054207E-15,-1.,0.));
#4860=DIRECTION('',(1.02573880359929E-15,-1.,0.));
#4861=DIRECTION('',(1.02573880359929E-15,-1.,0.));
#4862=DIRECTION('',(0.,0.,1.));
#4863=DIRECTION('center_axis',(-2.75790983501266E-10,1.,0.));
#4864=DIRECTION('ref_axis',(-1.,-2.75790983501266E-10,0.));
#4865=DIRECTION('',(-1.,-9.19302053826462E-11,0.));
#4866=DIRECTION('',(-1.,-9.19302053826462E-11,0.));
#4867=DIRECTION('',(0.,0.,1.));
#4868=DIRECTION('',(0.,0.,1.));
#4869=DIRECTION('center_axis',(-9.62511230868841E-16,-1.,0.));
#4870=DIRECTION('ref_axis',(1.,-9.62511230868841E-16,0.));
#4871=DIRECTION('',(1.,-4.43301756871016E-16,0.));
#4872=DIRECTION('',(1.,-4.43301756871016E-16,0.));
#4873=DIRECTION('',(0.,0.,1.));
#4874=DIRECTION('center_axis',(-1.,2.22189488156883E-15,0.));
#4875=DIRECTION('ref_axis',(-2.22189488156883E-15,-1.,0.));
#4876=DIRECTION('',(-8.63096307104345E-16,-1.,0.));
#4877=DIRECTION('',(-8.63096307104345E-16,-1.,0.));
#4878=DIRECTION('',(0.,0.,1.));
#4879=DIRECTION('center_axis',(5.69975056622833E-16,1.,0.));
#4880=DIRECTION('ref_axis',(-1.,5.69975056622833E-16,0.));
#4881=DIRECTION('',(-1.,3.1245636545568E-16,0.));
#4882=DIRECTION('',(-1.,3.1245636545568E-16,0.));
#4883=DIRECTION('',(0.,0.,1.));
#4884=DIRECTION('center_axis',(1.,7.96909442691479E-15,0.));
#4885=DIRECTION('ref_axis',(-7.96909442691479E-15,1.,0.));
#4886=DIRECTION('',(-2.53390012905686E-15,1.,0.));
#4887=DIRECTION('',(-2.53390012905686E-15,1.,0.));
#4888=DIRECTION('',(0.,0.,1.));
#4889=DIRECTION('center_axis',(-2.0349440426861E-9,-1.,0.));
#4890=DIRECTION('ref_axis',(1.,-2.0349440426861E-9,0.));
#4891=DIRECTION('',(1.,-6.78314803803156E-10,0.));
#4892=DIRECTION('',(1.,-6.78314803803156E-10,0.));
#4893=DIRECTION('',(0.,0.,1.));
#4894=DIRECTION('center_axis',(0.,0.,1.));
#4895=DIRECTION('ref_axis',(-1.83697019872103E-16,-1.,0.));
#4896=DIRECTION('center_axis',(0.,0.,1.));
#4897=DIRECTION('ref_axis',(-1.83697019872103E-16,-1.,0.));
#4898=DIRECTION('center_axis',(-1.83697019872103E-16,-1.,0.));
#4899=DIRECTION('ref_axis',(1.,-1.83697019872103E-16,0.));
#4900=DIRECTION('',(1.,-1.83697019872103E-16,0.));
#4901=DIRECTION('',(0.,0.,1.));
#4902=DIRECTION('',(1.,-1.83697019872103E-16,0.));
#4903=DIRECTION('',(0.,0.,1.));
#4904=DIRECTION('center_axis',(-1.,-3.44461045054191E-15,0.));
#4905=DIRECTION('ref_axis',(3.44461045054191E-15,-1.,0.));
#4906=DIRECTION('',(1.02573880359923E-15,-1.,0.));
#4907=DIRECTION('',(1.02573880359923E-15,-1.,0.));
#4908=DIRECTION('',(0.,0.,1.));
#4909=DIRECTION('center_axis',(-4.38391316748228E-10,1.,0.));
#4910=DIRECTION('ref_axis',(-1.,-4.38391316748228E-10,0.));
#4911=DIRECTION('',(-1.,-1.46130316421692E-10,0.));
#4912=DIRECTION('',(-1.,-1.46130316421692E-10,0.));
#4913=DIRECTION('',(0.,0.,1.));
#4914=DIRECTION('',(0.,0.,1.));
#4915=DIRECTION('center_axis',(8.5472192812355E-16,-1.,0.));
#4916=DIRECTION('ref_axis',(1.,8.5472192812355E-16,0.));
#4917=DIRECTION('',(1.,1.62442629459782E-16,0.));
#4918=DIRECTION('',(1.,1.62442629459782E-16,0.));
#4919=DIRECTION('',(0.,0.,1.));
#4920=DIRECTION('center_axis',(-1.,2.22189487907432E-15,0.));
#4921=DIRECTION('ref_axis',(-2.22189487907432E-15,-1.,0.));
#4922=DIRECTION('',(-8.63096306272843E-16,-1.,0.));
#4923=DIRECTION('',(-8.63096306272843E-16,-1.,0.));
#4924=DIRECTION('',(0.,0.,1.));
#4925=DIRECTION('center_axis',(-5.88859053450162E-16,1.,0.));
#4926=DIRECTION('ref_axis',(-1.,-5.88859053450162E-16,0.));
#4927=DIRECTION('',(-1.,-7.38216712353185E-17,0.));
#4928=DIRECTION('',(-1.,-7.38216712353185E-17,0.));
#4929=DIRECTION('',(0.,0.,1.));
#4930=DIRECTION('center_axis',(1.,7.96909441693677E-15,0.));
#4931=DIRECTION('ref_axis',(-7.96909441693677E-15,1.,0.));
#4932=DIRECTION('',(-2.53390012573086E-15,1.,0.));
#4933=DIRECTION('',(-2.53390012573086E-15,1.,0.));
#4934=DIRECTION('',(0.,0.,1.));
#4935=DIRECTION('center_axis',(-3.46580096187841E-9,-1.,0.));
#4936=DIRECTION('ref_axis',(1.,-3.46580096187841E-9,0.));
#4937=DIRECTION('',(1.,-1.15526710765916E-9,0.));
#4938=DIRECTION('',(1.,-1.15526710765916E-9,0.));
#4939=DIRECTION('',(0.,0.,1.));
#4940=DIRECTION('center_axis',(0.,0.,1.));
#4941=DIRECTION('ref_axis',(-1.83697019872103E-16,-1.,0.));
#4942=DIRECTION('center_axis',(0.,0.,1.));
#4943=DIRECTION('ref_axis',(-1.83697019872103E-16,-1.,0.));
#4944=DIRECTION('',(0.,0.,1.));
#4945=DIRECTION('',(0.,0.,1.));
#4946=DIRECTION('center_axis',(3.50782695285534E-15,-1.,0.));
#4947=DIRECTION('ref_axis',(1.,3.50782695285535E-15,0.));
#4948=DIRECTION('',(1.,1.04681097103705E-15,0.));
#4949=DIRECTION('',(1.,1.04681097103705E-15,0.));
#4950=DIRECTION('',(0.,0.,1.));
#4951=DIRECTION('center_axis',(-1.,-3.44461045054203E-15,0.));
#4952=DIRECTION('ref_axis',(3.44461045054203E-15,-1.,0.));
#4953=DIRECTION('',(1.02573880359928E-15,-1.,0.));
#4954=DIRECTION('',(1.02573880359928E-15,-1.,0.));
#4955=DIRECTION('',(0.,0.,1.));
#4956=DIRECTION('center_axis',(-7.19599719998661E-11,1.,0.));
#4957=DIRECTION('ref_axis',(-1.,-7.19599719998661E-11,0.));
#4958=DIRECTION('',(-1.,-2.3986534863733E-11,0.));
#4959=DIRECTION('',(-1.,-2.3986534863733E-11,0.));
#4960=DIRECTION('',(0.,0.,1.));
#4961=DIRECTION('',(0.,0.,1.));
#4962=DIRECTION('center_axis',(-1.83697019872103E-16,-1.,0.));
#4963=DIRECTION('ref_axis',(1.,-1.83697019872103E-16,0.));
#4964=DIRECTION('',(1.,-1.83697019872103E-16,0.));
#4965=DIRECTION('',(1.,-1.83697019872103E-16,0.));
#4966=DIRECTION('',(0.,0.,1.));
#4967=DIRECTION('center_axis',(-1.,2.22189488156891E-15,0.));
#4968=DIRECTION('ref_axis',(-2.22189488156891E-15,-1.,0.));
#4969=DIRECTION('',(-8.63096307104373E-16,-1.,0.));
#4970=DIRECTION('',(-8.63096307104373E-16,-1.,0.));
#4971=DIRECTION('',(0.,0.,1.));
#4972=DIRECTION('center_axis',(1.83697019872103E-16,1.,0.));
#4973=DIRECTION('ref_axis',(-1.,1.83697019872103E-16,0.));
#4974=DIRECTION('',(-1.,1.83697019872103E-16,0.));
#4975=DIRECTION('',(-1.,1.83697019872103E-16,0.));
#4976=DIRECTION('',(0.,0.,1.));
#4977=DIRECTION('center_axis',(1.,7.96909442691514E-15,0.));
#4978=DIRECTION('ref_axis',(-7.96909442691514E-15,1.,0.));
#4979=DIRECTION('',(-2.53390012905698E-15,1.,0.));
#4980=DIRECTION('',(-2.53390012905698E-15,1.,0.));
#4981=DIRECTION('',(0.,0.,1.));
#4982=DIRECTION('center_axis',(-1.83697019872103E-16,-1.,0.));
#4983=DIRECTION('ref_axis',(1.,-1.83697019872103E-16,0.));
#4984=DIRECTION('',(1.,-1.83697019872103E-16,0.));
#4985=DIRECTION('',(1.,-1.83697019872103E-16,0.));
#4986=DIRECTION('center_axis',(0.,0.,1.));
#4987=DIRECTION('ref_axis',(-1.83697019872103E-16,-1.,0.));
#4988=DIRECTION('center_axis',(0.,0.,1.));
#4989=DIRECTION('ref_axis',(-1.83697019872103E-16,-1.,0.));
#4990=DIRECTION('',(0.,0.,1.));
#4991=DIRECTION('',(0.,0.,1.));
#4992=DIRECTION('center_axis',(-1.63284404593605E-9,-1.,0.));
#4993=DIRECTION('ref_axis',(1.,-1.63284404593605E-9,0.));
#4994=DIRECTION('',(1.,-5.44281470820647E-10,0.));
#4995=DIRECTION('',(1.,-5.44281470820647E-10,0.));
#4996=DIRECTION('',(0.,0.,1.));
#4997=DIRECTION('',(0.,0.,1.));
#4998=DIRECTION('center_axis',(6.26163286590295E-16,-1.,0.));
#4999=DIRECTION('ref_axis',(1.,6.26163286590295E-16,0.));
#5000=DIRECTION('',(1.,8.62564156153627E-17,0.));
#5001=DIRECTION('',(1.,8.62564156153627E-17,0.));
#5002=DIRECTION('',(0.,0.,1.));
#5003=DIRECTION('center_axis',(1.,-1.83697019872103E-16,0.));
#5004=DIRECTION('ref_axis',(1.83697019872103E-16,1.,0.));
#5005=DIRECTION('',(1.83697019872103E-16,1.,0.));
#5006=DIRECTION('',(1.83697019872103E-16,1.,0.));
#5007=DIRECTION('',(0.,0.,1.));
#5008=DIRECTION('center_axis',(-1.49957374782371E-15,-1.,0.));
#5009=DIRECTION('ref_axis',(1.,-1.49957374782371E-15,0.));
#5010=DIRECTION('',(1.,-6.22322595855969E-16,0.));
#5011=DIRECTION('',(1.,-6.22322595855969E-16,0.));
#5012=DIRECTION('',(0.,0.,1.));
#5013=DIRECTION('center_axis',(-1.,1.83697019872103E-16,0.));
#5014=DIRECTION('ref_axis',(-1.83697019872103E-16,-1.,0.));
#5015=DIRECTION('',(-1.83697019872103E-16,-1.,0.));
#5016=DIRECTION('',(-1.83697019872103E-16,-1.,0.));
#5017=DIRECTION('',(0.,0.,1.));
#5018=DIRECTION('center_axis',(-2.97065386541755E-16,-1.,0.));
#5019=DIRECTION('ref_axis',(1.,-2.97065386541755E-16,0.));
#5020=DIRECTION('',(1.,-2.21486475428654E-16,0.));
#5021=DIRECTION('',(1.,-2.21486475428654E-16,0.));
#5022=DIRECTION('',(0.,0.,1.));
#5023=DIRECTION('center_axis',(-1.,-3.37041628147355E-15,0.));
#5024=DIRECTION('ref_axis',(3.37041628147355E-15,-1.,0.));
#5025=DIRECTION('',(1.00100741390978E-15,-1.,0.));
#5026=DIRECTION('',(1.00100741390978E-15,-1.,0.));
#5027=DIRECTION('',(0.,0.,1.));
#5028=DIRECTION('center_axis',(1.83697019872103E-16,1.,0.));
#5029=DIRECTION('ref_axis',(-1.,1.83697019872103E-16,0.));
#5030=DIRECTION('',(-1.,1.83697019872103E-16,0.));
#5031=DIRECTION('',(-1.,1.83697019872103E-16,0.));
#5032=DIRECTION('',(0.,0.,1.));
#5033=DIRECTION('center_axis',(-1.,-7.52860743757738E-15,0.));
#5034=DIRECTION('ref_axis',(7.52860743757738E-15,-1.,0.));
#5035=DIRECTION('',(2.38707113261106E-15,-1.,0.));
#5036=DIRECTION('',(2.38707113261106E-15,-1.,0.));
#5037=DIRECTION('',(0.,0.,1.));
#5038=DIRECTION('center_axis',(3.48181610866052E-16,1.,0.));
#5039=DIRECTION('ref_axis',(-1.,3.48181610866052E-16,0.));
#5040=DIRECTION('',(-1.,2.38525216870086E-16,0.));
#5041=DIRECTION('',(-1.,2.38525216870086E-16,0.));
#5042=DIRECTION('',(0.,0.,1.));
#5043=DIRECTION('center_axis',(1.,1.52409118950269E-14,0.));
#5044=DIRECTION('ref_axis',(-1.52409118950269E-14,1.,0.));
#5045=DIRECTION('',(-4.95783928509422E-15,1.,0.));
#5046=DIRECTION('',(-4.95783928509422E-15,1.,0.));
#5047=DIRECTION('',(0.,0.,1.));
#5048=DIRECTION('center_axis',(1.83697019872103E-16,1.,0.));
#5049=DIRECTION('ref_axis',(-1.,1.83697019872103E-16,0.));
#5050=DIRECTION('',(-1.,1.83697019872103E-16,0.));
#5051=DIRECTION('',(-1.,1.83697019872103E-16,0.));
#5052=DIRECTION('center_axis',(0.,0.,1.));
#5053=DIRECTION('ref_axis',(-1.83697019872103E-16,-1.,0.));
#5054=DIRECTION('center_axis',(0.,0.,1.));
#5055=DIRECTION('ref_axis',(-1.83697019872103E-16,-1.,0.));
#5056=DIRECTION('center_axis',(-1.86161117821285E-14,-1.,0.));
#5057=DIRECTION('ref_axis',(1.,-1.86161117821285E-14,0.));
#5058=DIRECTION('',(1.,-1.86161117821285E-14,0.));
#5059=DIRECTION('',(0.,0.,1.));
#5060=DIRECTION('',(-1.,1.86161117821285E-14,0.));
#5061=DIRECTION('',(0.,0.,1.));
#5062=DIRECTION('center_axis',(-1.,-2.50532865891493E-15,0.));
#5063=DIRECTION('ref_axis',(2.50532865891493E-15,-1.,0.));
#5064=DIRECTION('',(2.50532865891493E-15,-1.,0.));
#5065=DIRECTION('',(0.,0.,1.));
#5066=DIRECTION('',(-2.50532865891493E-15,1.,0.));
#5067=DIRECTION('center_axis',(-3.533424385819E-12,1.,0.));
#5068=DIRECTION('ref_axis',(-1.,-3.533424385819E-12,0.));
#5069=DIRECTION('',(-1.,-3.533424385819E-12,0.));
#5070=DIRECTION('',(0.,0.,1.));
#5071=DIRECTION('',(1.,3.533424385819E-12,0.));
#5072=DIRECTION('',(0.,0.,1.));
#5073=DIRECTION('',(0.,0.,1.));
#5074=DIRECTION('center_axis',(1.,-1.83697019872103E-16,0.));
#5075=DIRECTION('ref_axis',(1.83697019872103E-16,1.,0.));
#5076=DIRECTION('',(1.83697019872103E-16,1.,0.));
#5077=DIRECTION('',(1.83697019872103E-16,1.,0.));
#5078=DIRECTION('',(0.,0.,1.));
#5079=DIRECTION('center_axis',(-9.63468749703864E-10,-1.,0.));
#5080=DIRECTION('ref_axis',(1.,-9.63468749703864E-10,0.));
#5081=DIRECTION('',(1.,-1.12527046914285E-14,0.));
#5082=DIRECTION('',(1.,-1.12527046914285E-14,0.));
#5083=DIRECTION('',(0.,0.,1.));
#5084=DIRECTION('',(0.,0.,1.));
#5085=DIRECTION('center_axis',(-1.29436475816964E-10,1.,0.));
#5086=DIRECTION('ref_axis',(-1.,-1.29436475816964E-10,0.));
#5087=DIRECTION('',(-1.,-4.31453695001382E-11,0.));
#5088=DIRECTION('',(-1.,-4.31453695001382E-11,0.));
#5089=DIRECTION('',(0.,0.,1.));
#5090=DIRECTION('',(0.,0.,1.));
#5091=DIRECTION('center_axis',(-1.1866188396095E-14,-1.,0.));
#5092=DIRECTION('ref_axis',(1.,-1.1866188396095E-14,0.));
#5093=DIRECTION('',(1.,-4.07786081194642E-15,0.));
#5094=DIRECTION('',(1.,-4.07786081194642E-15,0.));
#5095=DIRECTION('',(0.,0.,1.));
#5096=DIRECTION('center_axis',(-1.,1.83697019872103E-16,0.));
#5097=DIRECTION('ref_axis',(-1.83697019872103E-16,-1.,0.));
#5098=DIRECTION('',(-1.83697019872103E-16,-1.,0.));
#5099=DIRECTION('',(-1.83697019872103E-16,-1.,0.));
#5100=DIRECTION('',(0.,0.,1.));
#5101=DIRECTION('center_axis',(-1.83697019872103E-16,-1.,0.));
#5102=DIRECTION('ref_axis',(1.,-1.83697019872103E-16,0.));
#5103=DIRECTION('',(1.,-1.83697019872103E-16,0.));
#5104=DIRECTION('',(1.,-1.83697019872103E-16,0.));
#5105=DIRECTION('center_axis',(0.,0.,1.));
#5106=DIRECTION('ref_axis',(-1.83697019872103E-16,-1.,0.));
#5107=DIRECTION('center_axis',(0.,0.,1.));
#5108=DIRECTION('ref_axis',(-1.83697019872103E-16,-1.,0.));
#5109=DIRECTION('',(0.,0.,1.));
#5110=DIRECTION('',(0.,0.,1.));
#5111=DIRECTION('center_axis',(6.00889190414363E-11,-1.,0.));
#5112=DIRECTION('ref_axis',(1.,6.00889190414363E-11,0.));
#5113=DIRECTION('',(1.,6.00889190414363E-11,0.));
#5114=DIRECTION('',(0.,0.,1.));
#5115=DIRECTION('',(-1.,-6.00889190414363E-11,0.));
#5116=DIRECTION('',(0.,0.,1.));
#5117=DIRECTION('center_axis',(1.83697019872103E-16,1.,0.));
#5118=DIRECTION('ref_axis',(-1.,1.83697019872103E-16,0.));
#5119=DIRECTION('',(-1.,1.83697019872103E-16,0.));
#5120=DIRECTION('',(1.,-1.83697019872103E-16,0.));
#5121=DIRECTION('',(0.,0.,1.));
#5122=DIRECTION('',(0.,0.,1.));
#5123=DIRECTION('center_axis',(-6.07195910339463E-11,1.,0.));
#5124=DIRECTION('ref_axis',(-1.,-6.07195910339463E-11,0.));
#5125=DIRECTION('',(-1.,-2.02397412070111E-11,0.));
#5126=DIRECTION('',(-1.,-2.02397412070111E-11,0.));
#5127=DIRECTION('',(0.,0.,1.));
#5128=DIRECTION('',(0.,0.,1.));
#5129=DIRECTION('center_axis',(-1.83697019872103E-16,-1.,0.));
#5130=DIRECTION('ref_axis',(1.,-1.83697019872103E-16,0.));
#5131=DIRECTION('',(1.,-1.83697019872103E-16,0.));
#5132=DIRECTION('',(1.,-1.83697019872103E-16,0.));
#5133=DIRECTION('center_axis',(0.,0.,1.));
#5134=DIRECTION('ref_axis',(-1.83697019872103E-16,-1.,0.));
#5135=DIRECTION('center_axis',(0.,0.,1.));
#5136=DIRECTION('ref_axis',(-1.83697019872103E-16,-1.,0.));
#5137=CARTESIAN_POINT('',(0.,0.,0.));
#5138=CARTESIAN_POINT('Origin',(-1.9,-2.115,0.));
#5139=CARTESIAN_POINT('',(-1.9,-2.115,0.2));
#5140=CARTESIAN_POINT('',(-3.,-2.115,0.2));
#5141=CARTESIAN_POINT('',(-1.9,-2.115,0.2));
#5142=CARTESIAN_POINT('',(-3.,-2.115,0.));
#5143=CARTESIAN_POINT('',(-3.,-2.115,0.));
#5144=CARTESIAN_POINT('',(-1.9,-2.115,0.));
#5145=CARTESIAN_POINT('',(-1.9,-2.115,0.));
#5146=CARTESIAN_POINT('',(-1.9,-2.115,0.));
#5147=CARTESIAN_POINT('Origin',(-3.,-2.115,0.));
#5148=CARTESIAN_POINT('',(-3.,-1.695,0.2));
#5149=CARTESIAN_POINT('',(-3.,-2.115,0.2));
#5150=CARTESIAN_POINT('',(-3.,-1.695,0.));
#5151=CARTESIAN_POINT('',(-3.,-1.695,0.));
#5152=CARTESIAN_POINT('',(-3.,-2.115,0.));
#5153=CARTESIAN_POINT('Origin',(-3.,-1.695,0.));
#5154=CARTESIAN_POINT('',(-1.9,-1.695,0.2));
#5155=CARTESIAN_POINT('',(-3.,-1.695,0.2));
#5156=CARTESIAN_POINT('',(-1.9,-1.695,0.));
#5157=CARTESIAN_POINT('',(-1.9,-1.695,0.));
#5158=CARTESIAN_POINT('',(-3.,-1.695,0.));
#5159=CARTESIAN_POINT('Origin',(-1.9,-1.695,0.));
#5160=CARTESIAN_POINT('',(-1.9,-1.695,0.2));
#5161=CARTESIAN_POINT('',(-1.9,-1.695,0.));
#5162=CARTESIAN_POINT('Origin',(0.,0.,0.));
#5163=CARTESIAN_POINT('Origin',(0.,0.,0.2));
#5164=CARTESIAN_POINT('Origin',(2.72,0.844999999999999,0.));
#5165=CARTESIAN_POINT('',(2.72,0.844999999999999,0.2));
#5166=CARTESIAN_POINT('',(3.,0.844999999999999,0.2));
#5167=CARTESIAN_POINT('',(2.72,0.844999999999999,0.2));
#5168=CARTESIAN_POINT('',(3.,0.844999999999999,0.));
#5169=CARTESIAN_POINT('',(3.,0.844999999999999,0.));
#5170=CARTESIAN_POINT('',(2.72,0.844999999999999,0.));
#5171=CARTESIAN_POINT('',(2.72,0.844999999999999,0.));
#5172=CARTESIAN_POINT('',(2.72,0.844999999999999,0.));
#5173=CARTESIAN_POINT('Origin',(3.,0.844999999999999,0.));
#5174=CARTESIAN_POINT('',(3.,0.424999999999999,0.2));
#5175=CARTESIAN_POINT('',(3.,0.844999999999999,0.2));
#5176=CARTESIAN_POINT('',(3.,0.424999999999999,0.));
#5177=CARTESIAN_POINT('',(3.,0.424999999999999,0.));
#5178=CARTESIAN_POINT('',(3.,0.844999999999999,0.));
#5179=CARTESIAN_POINT('Origin',(3.,0.424999999999999,0.));
#5180=CARTESIAN_POINT('',(2.72,0.424999999999999,0.2));
#5181=CARTESIAN_POINT('',(3.,0.424999999999999,0.2));
#5182=CARTESIAN_POINT('',(2.72,0.424999999999999,0.));
#5183=CARTESIAN_POINT('',(2.72,0.424999999999999,0.));
#5184=CARTESIAN_POINT('',(3.,0.424999999999999,0.));
#5185=CARTESIAN_POINT('Origin',(2.72,0.424999999999999,0.));
#5186=CARTESIAN_POINT('',(2.72,-0.425000000000001,0.2));
#5187=CARTESIAN_POINT('',(2.72,0.424999999999999,0.2));
#5188=CARTESIAN_POINT('',(2.72,-0.425000000000001,0.));
#5189=CARTESIAN_POINT('',(2.72,-0.425000000000001,0.));
#5190=CARTESIAN_POINT('',(2.72,0.424999999999999,0.));
#5191=CARTESIAN_POINT('Origin',(2.72,-0.425000000000001,0.));
#5192=CARTESIAN_POINT('',(3.,-0.425000000000001,0.2));
#5193=CARTESIAN_POINT('',(2.72,-0.425000000000001,0.2));
#5194=CARTESIAN_POINT('',(3.,-0.425000000000001,0.));
#5195=CARTESIAN_POINT('',(3.,-0.425000000000001,0.));
#5196=CARTESIAN_POINT('',(2.72,-0.425000000000001,0.));
#5197=CARTESIAN_POINT('Origin',(3.,-0.425000000000001,0.));
#5198=CARTESIAN_POINT('',(3.,-0.845000000000001,0.2));
#5199=CARTESIAN_POINT('',(3.,-0.425000000000001,0.2));
#5200=CARTESIAN_POINT('',(3.,-0.845000000000001,0.));
#5201=CARTESIAN_POINT('',(3.,-0.845000000000001,0.));
#5202=CARTESIAN_POINT('',(3.,-0.425000000000001,0.));
#5203=CARTESIAN_POINT('Origin',(3.,-0.845000000000001,0.));
#5204=CARTESIAN_POINT('',(2.72,-0.845000000000001,0.2));
#5205=CARTESIAN_POINT('',(3.,-0.845000000000001,0.2));
#5206=CARTESIAN_POINT('',(2.72,-0.845000000000001,0.));
#5207=CARTESIAN_POINT('',(2.72,-0.845000000000001,0.));
#5208=CARTESIAN_POINT('',(3.,-0.845000000000001,0.));
#5209=CARTESIAN_POINT('Origin',(2.72,-0.845000000000001,0.));
#5210=CARTESIAN_POINT('',(2.72,-1.695,0.2));
#5211=CARTESIAN_POINT('',(2.72,-0.845000000000001,0.2));
#5212=CARTESIAN_POINT('',(2.72,-1.695,0.));
#5213=CARTESIAN_POINT('',(2.72,-1.695,0.));
#5214=CARTESIAN_POINT('',(2.72,-0.845000000000001,0.));
#5215=CARTESIAN_POINT('Origin',(2.72,-1.695,0.));
#5216=CARTESIAN_POINT('',(3.,-1.695,0.2));
#5217=CARTESIAN_POINT('',(2.72,-1.695,0.2));
#5218=CARTESIAN_POINT('',(3.,-1.695,0.));
#5219=CARTESIAN_POINT('',(3.,-1.695,0.));
#5220=CARTESIAN_POINT('',(2.72,-1.695,0.));
#5221=CARTESIAN_POINT('Origin',(3.,-1.695,0.));
#5222=CARTESIAN_POINT('',(3.,-2.115,0.2));
#5223=CARTESIAN_POINT('',(3.,-1.695,0.2));
#5224=CARTESIAN_POINT('',(3.,-2.115,0.));
#5225=CARTESIAN_POINT('',(3.,-2.115,0.));
#5226=CARTESIAN_POINT('',(3.,-1.695,0.));
#5227=CARTESIAN_POINT('Origin',(3.,-2.115,0.));
#5228=CARTESIAN_POINT('',(2.4,-2.115,0.2));
#5229=CARTESIAN_POINT('',(3.,-2.115,0.2));
#5230=CARTESIAN_POINT('',(2.4,-2.115,0.));
#5231=CARTESIAN_POINT('',(2.4,-2.115,0.));
#5232=CARTESIAN_POINT('',(3.,-2.115,0.));
#5233=CARTESIAN_POINT('Origin',(2.4,-2.115,0.));
#5234=CARTESIAN_POINT('',(2.4,2.115,0.2));
#5235=CARTESIAN_POINT('',(2.4,-2.115,0.2));
#5236=CARTESIAN_POINT('',(2.4,2.115,0.));
#5237=CARTESIAN_POINT('',(2.4,2.115,0.));
#5238=CARTESIAN_POINT('',(2.4,-2.115,0.));
#5239=CARTESIAN_POINT('Origin',(2.4,2.115,0.));
#5240=CARTESIAN_POINT('',(3.,2.115,0.2));
#5241=CARTESIAN_POINT('',(2.4,2.115,0.2));
#5242=CARTESIAN_POINT('',(3.,2.115,0.));
#5243=CARTESIAN_POINT('',(3.,2.115,0.));
#5244=CARTESIAN_POINT('',(2.4,2.115,0.));
#5245=CARTESIAN_POINT('Origin',(3.,2.115,0.));
#5246=CARTESIAN_POINT('',(3.,1.695,0.2));
#5247=CARTESIAN_POINT('',(3.,2.115,0.2));
#5248=CARTESIAN_POINT('',(3.,1.695,0.));
#5249=CARTESIAN_POINT('',(3.,1.695,0.));
#5250=CARTESIAN_POINT('',(3.,2.115,0.));
#5251=CARTESIAN_POINT('Origin',(3.,1.695,0.));
#5252=CARTESIAN_POINT('',(2.72,1.695,0.2));
#5253=CARTESIAN_POINT('',(3.,1.695,0.2));
#5254=CARTESIAN_POINT('',(2.72,1.695,0.));
#5255=CARTESIAN_POINT('',(2.72,1.695,0.));
#5256=CARTESIAN_POINT('',(3.,1.695,0.));
#5257=CARTESIAN_POINT('Origin',(2.72,1.695,0.));
#5258=CARTESIAN_POINT('',(2.72,1.695,0.2));
#5259=CARTESIAN_POINT('',(2.72,1.695,0.));
#5260=CARTESIAN_POINT('Origin',(0.,0.,0.));
#5261=CARTESIAN_POINT('Origin',(0.,0.,0.2));
#5262=CARTESIAN_POINT('Origin',(-2.38,2.015,0.));
#5263=CARTESIAN_POINT('',(-2.38,2.015,0.2));
#5264=CARTESIAN_POINT('',(-0.11,2.015,0.2));
#5265=CARTESIAN_POINT('',(-2.38,2.015,0.2));
#5266=CARTESIAN_POINT('',(-0.11,2.015,0.));
#5267=CARTESIAN_POINT('',(-0.11,2.015,0.));
#5268=CARTESIAN_POINT('',(-2.38,2.015,0.));
#5269=CARTESIAN_POINT('',(-2.38,2.015,0.));
#5270=CARTESIAN_POINT('',(-2.38,2.015,0.));
#5271=CARTESIAN_POINT('Origin',(-0.11,2.015,0.));
#5272=CARTESIAN_POINT('',(-0.11,2.5,0.2));
#5273=CARTESIAN_POINT('',(-0.11,2.015,0.2));
#5274=CARTESIAN_POINT('',(-0.11,2.5,0.));
#5275=CARTESIAN_POINT('',(-0.11,2.5,0.));
#5276=CARTESIAN_POINT('',(-0.11,2.015,0.));
#5277=CARTESIAN_POINT('Origin',(-0.11,2.5,0.));
#5278=CARTESIAN_POINT('',(0.29,2.5,0.2));
#5279=CARTESIAN_POINT('',(-0.11,2.5,0.2));
#5280=CARTESIAN_POINT('',(0.29,2.5,0.));
#5281=CARTESIAN_POINT('',(0.29,2.5,0.));
#5282=CARTESIAN_POINT('',(-0.11,2.5,0.));
#5283=CARTESIAN_POINT('Origin',(0.29,2.5,0.));
#5284=CARTESIAN_POINT('',(0.29,2.015,0.2));
#5285=CARTESIAN_POINT('',(0.29,2.5,0.2));
#5286=CARTESIAN_POINT('',(0.29,2.015,0.));
#5287=CARTESIAN_POINT('',(0.29,2.015,0.));
#5288=CARTESIAN_POINT('',(0.29,2.5,0.));
#5289=CARTESIAN_POINT('Origin',(0.29,2.015,0.));
#5290=CARTESIAN_POINT('',(1.,2.015,0.2));
#5291=CARTESIAN_POINT('',(0.29,2.015,0.2));
#5292=CARTESIAN_POINT('',(1.,2.015,0.));
#5293=CARTESIAN_POINT('',(1.,2.015,0.));
#5294=CARTESIAN_POINT('',(0.29,2.015,0.));
#5295=CARTESIAN_POINT('Origin',(1.,2.015,0.));
#5296=CARTESIAN_POINT('',(1.,-2.015,0.2));
#5297=CARTESIAN_POINT('',(1.,2.015,0.2));
#5298=CARTESIAN_POINT('',(1.,-2.015,0.));
#5299=CARTESIAN_POINT('',(1.,-2.015,0.));
#5300=CARTESIAN_POINT('',(1.,2.015,0.));
#5301=CARTESIAN_POINT('Origin',(1.,-2.015,0.));
#5302=CARTESIAN_POINT('',(0.289999999999999,-2.015,0.2));
#5303=CARTESIAN_POINT('',(1.,-2.015,0.2));
#5304=CARTESIAN_POINT('',(0.289999999999999,-2.015,0.));
#5305=CARTESIAN_POINT('',(0.289999999999999,-2.015,0.));
#5306=CARTESIAN_POINT('',(1.,-2.015,0.));
#5307=CARTESIAN_POINT('Origin',(0.289999999999999,-2.015,0.));
#5308=CARTESIAN_POINT('',(0.289999999999999,-2.5,0.2));
#5309=CARTESIAN_POINT('',(0.289999999999999,-2.015,0.2));
#5310=CARTESIAN_POINT('',(0.289999999999999,-2.5,0.));
#5311=CARTESIAN_POINT('',(0.289999999999999,-2.5,0.));
#5312=CARTESIAN_POINT('',(0.289999999999999,-2.015,0.));
#5313=CARTESIAN_POINT('Origin',(0.289999999999999,-2.5,0.));
#5314=CARTESIAN_POINT('',(-0.110000000000001,-2.5,0.2));
#5315=CARTESIAN_POINT('',(0.289999999999999,-2.5,0.2));
#5316=CARTESIAN_POINT('',(-0.110000000000001,-2.5,0.));
#5317=CARTESIAN_POINT('',(-0.110000000000001,-2.5,0.));
#5318=CARTESIAN_POINT('',(0.289999999999999,-2.5,0.));
#5319=CARTESIAN_POINT('Origin',(-0.110000000000001,-2.5,0.));
#5320=CARTESIAN_POINT('',(-0.11,-2.015,0.2));
#5321=CARTESIAN_POINT('',(-0.110000000000001,-2.5,0.2));
#5322=CARTESIAN_POINT('',(-0.11,-2.015,0.));
#5323=CARTESIAN_POINT('',(-0.11,-2.015,0.));
#5324=CARTESIAN_POINT('',(-0.110000000000001,-2.5,0.));
#5325=CARTESIAN_POINT('Origin',(-0.11,-2.015,0.));
#5326=CARTESIAN_POINT('',(-1.26,-2.015,0.2));
#5327=CARTESIAN_POINT('',(-0.11,-2.015,0.2));
#5328=CARTESIAN_POINT('',(-1.26,-2.015,0.));
#5329=CARTESIAN_POINT('',(-1.26,-2.015,0.));
#5330=CARTESIAN_POINT('',(-0.11,-2.015,0.));
#5331=CARTESIAN_POINT('Origin',(-1.26,-2.015,0.));
#5332=CARTESIAN_POINT('',(-1.26,-0.845,0.2));
#5333=CARTESIAN_POINT('',(-1.26,-2.015,0.2));
#5334=CARTESIAN_POINT('',(-1.26,-0.845,0.));
#5335=CARTESIAN_POINT('',(-1.26,-0.845,0.));
#5336=CARTESIAN_POINT('',(-1.26,-2.015,0.));
#5337=CARTESIAN_POINT('Origin',(-1.26,-0.845,0.));
#5338=CARTESIAN_POINT('',(-3.,-0.844999999999999,0.2));
#5339=CARTESIAN_POINT('',(-1.26,-0.845,0.2));
#5340=CARTESIAN_POINT('',(-3.,-0.844999999999999,0.));
#5341=CARTESIAN_POINT('',(-3.,-0.844999999999999,0.));
#5342=CARTESIAN_POINT('',(-1.26,-0.845,0.));
#5343=CARTESIAN_POINT('Origin',(-3.,-0.844999999999999,0.));
#5344=CARTESIAN_POINT('',(-3.,-0.424999999999999,0.2));
#5345=CARTESIAN_POINT('',(-3.,-0.844999999999999,0.2));
#5346=CARTESIAN_POINT('',(-3.,-0.424999999999999,0.));
#5347=CARTESIAN_POINT('',(-3.,-0.424999999999999,0.));
#5348=CARTESIAN_POINT('',(-3.,-0.844999999999999,0.));
#5349=CARTESIAN_POINT('Origin',(-3.,-0.424999999999999,0.));
#5350=CARTESIAN_POINT('',(-2.46,-0.424999999999999,0.2));
#5351=CARTESIAN_POINT('',(-3.,-0.424999999999999,0.2));
#5352=CARTESIAN_POINT('',(-2.46,-0.424999999999999,0.));
#5353=CARTESIAN_POINT('',(-2.46,-0.424999999999999,0.));
#5354=CARTESIAN_POINT('',(-3.,-0.424999999999999,0.));
#5355=CARTESIAN_POINT('Origin',(-2.46,-0.424999999999999,0.));
#5356=CARTESIAN_POINT('',(-2.46,0.425000000000001,0.2));
#5357=CARTESIAN_POINT('',(-2.46,-0.424999999999999,0.2));
#5358=CARTESIAN_POINT('',(-2.46,0.425000000000001,0.));
#5359=CARTESIAN_POINT('',(-2.46,0.425000000000001,0.));
#5360=CARTESIAN_POINT('',(-2.46,-0.424999999999999,0.));
#5361=CARTESIAN_POINT('Origin',(-2.46,0.425000000000001,0.));
#5362=CARTESIAN_POINT('',(-3.,0.425000000000001,0.2));
#5363=CARTESIAN_POINT('',(-2.46,0.425000000000001,0.2));
#5364=CARTESIAN_POINT('',(-3.,0.425000000000001,0.));
#5365=CARTESIAN_POINT('',(-3.,0.425000000000001,0.));
#5366=CARTESIAN_POINT('',(-2.46,0.425000000000001,0.));
#5367=CARTESIAN_POINT('Origin',(-3.,0.425000000000001,0.));
#5368=CARTESIAN_POINT('',(-3.,0.845000000000002,0.2));
#5369=CARTESIAN_POINT('',(-3.,0.425000000000001,0.2));
#5370=CARTESIAN_POINT('',(-3.,0.845000000000002,0.));
#5371=CARTESIAN_POINT('',(-3.,0.845000000000002,0.));
#5372=CARTESIAN_POINT('',(-3.,0.425000000000001,0.));
#5373=CARTESIAN_POINT('Origin',(-3.,0.845000000000002,0.));
#5374=CARTESIAN_POINT('',(-2.46,0.845000000000001,0.2));
#5375=CARTESIAN_POINT('',(-3.,0.845000000000002,0.2));
#5376=CARTESIAN_POINT('',(-2.46,0.845000000000001,0.));
#5377=CARTESIAN_POINT('',(-2.46,0.845000000000001,0.));
#5378=CARTESIAN_POINT('',(-3.,0.845000000000002,0.));
#5379=CARTESIAN_POINT('Origin',(-2.46,0.845000000000001,0.));
#5380=CARTESIAN_POINT('',(-2.46,1.695,0.2));
#5381=CARTESIAN_POINT('',(-2.46,0.845000000000001,0.2));
#5382=CARTESIAN_POINT('',(-2.46,1.695,0.));
#5383=CARTESIAN_POINT('',(-2.46,1.695,0.));
#5384=CARTESIAN_POINT('',(-2.46,0.845000000000001,0.));
#5385=CARTESIAN_POINT('Origin',(-2.46,1.695,0.));
#5386=CARTESIAN_POINT('',(-3.,1.695,0.2));
#5387=CARTESIAN_POINT('',(-2.46,1.695,0.2));
#5388=CARTESIAN_POINT('',(-3.,1.695,0.));
#5389=CARTESIAN_POINT('',(-3.,1.695,0.));
#5390=CARTESIAN_POINT('',(-2.46,1.695,0.));
#5391=CARTESIAN_POINT('Origin',(-3.,1.695,0.));
#5392=CARTESIAN_POINT('',(-3.,2.115,0.2));
#5393=CARTESIAN_POINT('',(-3.,1.695,0.2));
#5394=CARTESIAN_POINT('',(-3.,2.115,0.));
#5395=CARTESIAN_POINT('',(-3.,2.115,0.));
#5396=CARTESIAN_POINT('',(-3.,1.695,0.));
#5397=CARTESIAN_POINT('Origin',(-3.,2.115,0.));
#5398=CARTESIAN_POINT('',(-2.38,2.115,0.2));
#5399=CARTESIAN_POINT('',(-3.,2.115,0.2));
#5400=CARTESIAN_POINT('',(-2.38,2.115,0.));
#5401=CARTESIAN_POINT('',(-2.38,2.115,0.));
#5402=CARTESIAN_POINT('',(-3.,2.115,0.));
#5403=CARTESIAN_POINT('Origin',(-2.38,2.115,0.));
#5404=CARTESIAN_POINT('',(-2.38,2.115,0.2));
#5405=CARTESIAN_POINT('',(-2.38,2.115,0.));
#5406=CARTESIAN_POINT('Origin',(0.,0.,0.));
#5407=CARTESIAN_POINT('Origin',(0.,0.,0.2));
#5408=CARTESIAN_POINT('Origin',(-2.4975,1.8525,1.08));
#5409=CARTESIAN_POINT('',(-2.4975,1.565,1.08));
#5410=CARTESIAN_POINT('Origin',(-2.4975,1.8525,1.08));
#5411=CARTESIAN_POINT('',(-2.4975,1.565,1.1));
#5412=CARTESIAN_POINT('Origin',(-2.4975,1.8525,1.1));
#5413=CARTESIAN_POINT('Origin',(0.,0.,0.05));
#5414=CARTESIAN_POINT('',(2.99,-1.695,0.05));
#5415=CARTESIAN_POINT('',(2.99,-0.845000000000001,0.05));
#5416=CARTESIAN_POINT('',(2.99,2.49,0.05));
#5417=CARTESIAN_POINT('',(2.72,-1.695,0.05));
#5418=CARTESIAN_POINT('',(3.,-1.695,0.05));
#5419=CARTESIAN_POINT('',(2.72,-0.845000000000001,0.05));
#5420=CARTESIAN_POINT('',(2.72,-1.695,0.05));
#5421=CARTESIAN_POINT('',(-4.82420708845588E-16,-0.845,0.05));
#5422=CARTESIAN_POINT('Origin',(0.,0.,0.05));
#5423=CARTESIAN_POINT('',(2.99,-0.425000000000001,0.05));
#5424=CARTESIAN_POINT('',(2.99,0.424999999999999,0.05));
#5425=CARTESIAN_POINT('',(2.99,2.49,0.05));
#5426=CARTESIAN_POINT('',(2.72,-0.425000000000001,0.05));
#5427=CARTESIAN_POINT('',(3.,-0.425000000000001,0.05));
#5428=CARTESIAN_POINT('',(2.72,0.424999999999999,0.05));
#5429=CARTESIAN_POINT('',(2.72,-0.425000000000001,0.05));
#5430=CARTESIAN_POINT('',(2.4263763462648E-16,0.425000000000001,0.05));
#5431=CARTESIAN_POINT('Origin',(0.,0.,0.05));
#5432=CARTESIAN_POINT('',(2.99,0.844999999999999,0.05));
#5433=CARTESIAN_POINT('',(2.99,1.695,0.05));
#5434=CARTESIAN_POINT('',(2.99,2.49,0.05));
#5435=CARTESIAN_POINT('',(2.72,0.844999999999999,0.05));
#5436=CARTESIAN_POINT('',(3.,0.844999999999999,0.05));
#5437=CARTESIAN_POINT('',(2.72,1.695,0.05));
#5438=CARTESIAN_POINT('',(2.72,0.844999999999999,0.05));
#5439=CARTESIAN_POINT('',(3.11366448683214E-16,1.695,0.05));
#5440=CARTESIAN_POINT('Origin',(0.,0.,0.05));
#5441=CARTESIAN_POINT('',(-0.11,2.49,0.05));
#5442=CARTESIAN_POINT('',(-2.99,2.49,0.05));
#5443=CARTESIAN_POINT('',(2.99,2.49,0.05));
#5444=CARTESIAN_POINT('',(-0.11,2.015,0.05));
#5445=CARTESIAN_POINT('',(-0.11,2.015,0.05));
#5446=CARTESIAN_POINT('',(-2.38,2.015,0.05));
#5447=CARTESIAN_POINT('',(-2.38,2.015,0.05));
#5448=CARTESIAN_POINT('',(-2.38,2.115,0.05));
#5449=CARTESIAN_POINT('',(-2.38,2.115,0.05));
#5450=CARTESIAN_POINT('',(-2.99,2.115,0.05));
#5451=CARTESIAN_POINT('',(3.88519197029498E-16,2.115,0.05));
#5452=CARTESIAN_POINT('',(-2.99,2.49,0.05));
#5453=CARTESIAN_POINT('Origin',(0.,0.,0.05));
#5454=CARTESIAN_POINT('',(-2.99,1.695,0.05));
#5455=CARTESIAN_POINT('',(-2.99,0.845000000000002,0.05));
#5456=CARTESIAN_POINT('',(-2.99,2.49,0.05));
#5457=CARTESIAN_POINT('',(-2.46,1.695,0.05));
#5458=CARTESIAN_POINT('',(-2.46,1.695,0.05));
#5459=CARTESIAN_POINT('',(-2.46,0.845000000000001,0.05));
#5460=CARTESIAN_POINT('',(-2.46,0.845000000000001,0.05));
#5461=CARTESIAN_POINT('',(3.24881543967899E-16,0.845,0.05));
#5462=CARTESIAN_POINT('Origin',(0.,0.,0.05));
#5463=CARTESIAN_POINT('',(-2.99,0.425000000000001,0.05));
#5464=CARTESIAN_POINT('',(-2.99,-0.424999999999999,0.05));
#5465=CARTESIAN_POINT('',(-2.99,2.49,0.05));
#5466=CARTESIAN_POINT('',(-2.46,0.425000000000001,0.05));
#5467=CARTESIAN_POINT('',(-2.46,0.425000000000001,0.05));
#5468=CARTESIAN_POINT('',(-2.46,-0.424999999999999,0.05));
#5469=CARTESIAN_POINT('',(-2.46,-0.424999999999999,0.05));
#5470=CARTESIAN_POINT('',(-1.63401959983855E-16,-0.425,0.05));
#5471=CARTESIAN_POINT('Origin',(0.,0.,0.05));
#5472=CARTESIAN_POINT('',(-2.99,-0.844999999999999,0.05));
#5473=CARTESIAN_POINT('',(-2.99,-1.695,0.05));
#5474=CARTESIAN_POINT('',(-2.99,2.49,0.05));
#5475=CARTESIAN_POINT('',(-1.26,-0.845,0.05));
#5476=CARTESIAN_POINT('',(-1.26,-0.845,0.05));
#5477=CARTESIAN_POINT('',(-1.26,-2.015,0.05));
#5478=CARTESIAN_POINT('',(-1.26,-2.015,0.05));
#5479=CARTESIAN_POINT('',(-0.11,-2.015,0.05));
#5480=CARTESIAN_POINT('',(-0.11,-2.015,0.05));
#5481=CARTESIAN_POINT('',(-0.110000000000001,-2.49,0.05));
#5482=CARTESIAN_POINT('',(-0.11,3.86492864601692E-17,0.05));
#5483=CARTESIAN_POINT('',(-2.99,-2.49,0.05));
#5484=CARTESIAN_POINT('',(2.99,-2.49,0.05));
#5485=CARTESIAN_POINT('',(-2.99,-2.115,0.05));
#5486=CARTESIAN_POINT('',(-2.99,2.49,0.05));
#5487=CARTESIAN_POINT('',(-1.9,-2.115,0.05));
#5488=CARTESIAN_POINT('',(-3.,-2.115,0.05));
#5489=CARTESIAN_POINT('',(-1.9,-1.695,0.05));
#5490=CARTESIAN_POINT('',(-1.9,-2.115,0.05));
#5491=CARTESIAN_POINT('',(-9.79629242269735E-16,-1.695,0.05));
#5492=CARTESIAN_POINT('Origin',(2.99,-2.49,1.1));
#5493=CARTESIAN_POINT('',(-0.110000000000001,-2.49,0.2));
#5494=CARTESIAN_POINT('',(-0.110000000000001,-2.49,1.1));
#5495=CARTESIAN_POINT('',(0.289999999999999,-2.49,0.2));
#5496=CARTESIAN_POINT('',(2.99,-2.49,0.2));
#5497=CARTESIAN_POINT('',(0.289999999999999,-2.49,0.05));
#5498=CARTESIAN_POINT('',(0.289999999999999,-2.49,1.1));
#5499=CARTESIAN_POINT('',(2.99,-2.49,0.05));
#5500=CARTESIAN_POINT('',(2.99,-2.49,0.05));
#5501=CARTESIAN_POINT('',(2.99,-2.49,1.1));
#5502=CARTESIAN_POINT('',(2.99,-2.49,1.1));
#5503=CARTESIAN_POINT('',(-2.99,-2.49,1.1));
#5504=CARTESIAN_POINT('',(2.99,-2.49,1.1));
#5505=CARTESIAN_POINT('',(-2.99,-2.49,1.1));
#5506=CARTESIAN_POINT('Origin',(2.99,2.49,1.1));
#5507=CARTESIAN_POINT('',(2.99,-2.115,0.2));
#5508=CARTESIAN_POINT('',(2.99,-1.695,0.2));
#5509=CARTESIAN_POINT('',(2.99,2.49,0.2));
#5510=CARTESIAN_POINT('',(2.99,-1.695,1.1));
#5511=CARTESIAN_POINT('',(2.99,-0.845000000000001,0.2));
#5512=CARTESIAN_POINT('',(2.99,-0.845000000000001,1.1));
#5513=CARTESIAN_POINT('',(2.99,-0.425000000000001,0.2));
#5514=CARTESIAN_POINT('',(2.99,2.49,0.2));
#5515=CARTESIAN_POINT('',(2.99,-0.425000000000001,1.1));
#5516=CARTESIAN_POINT('',(2.99,0.424999999999999,0.2));
#5517=CARTESIAN_POINT('',(2.99,0.424999999999999,1.1));
#5518=CARTESIAN_POINT('',(2.99,0.844999999999999,0.2));
#5519=CARTESIAN_POINT('',(2.99,2.49,0.2));
#5520=CARTESIAN_POINT('',(2.99,0.844999999999999,1.1));
#5521=CARTESIAN_POINT('',(2.99,1.695,0.2));
#5522=CARTESIAN_POINT('',(2.99,1.695,1.1));
#5523=CARTESIAN_POINT('',(2.99,2.115,0.2));
#5524=CARTESIAN_POINT('',(2.99,2.49,0.2));
#5525=CARTESIAN_POINT('',(2.99,2.115,0.05));
#5526=CARTESIAN_POINT('',(2.99,2.115,1.1));
#5527=CARTESIAN_POINT('',(2.99,2.49,0.05));
#5528=CARTESIAN_POINT('',(2.99,2.49,0.05));
#5529=CARTESIAN_POINT('',(2.99,2.49,1.1));
#5530=CARTESIAN_POINT('',(2.99,2.49,1.1));
#5531=CARTESIAN_POINT('',(2.99,2.49,1.1));
#5532=CARTESIAN_POINT('',(2.99,-2.115,0.05));
#5533=CARTESIAN_POINT('',(2.99,2.49,0.05));
#5534=CARTESIAN_POINT('',(2.99,-2.115,1.1));
#5535=CARTESIAN_POINT('Origin',(2.99,2.49,1.1));
#5536=CARTESIAN_POINT('',(0.29,2.49,0.05));
#5537=CARTESIAN_POINT('',(2.99,2.49,0.05));
#5538=CARTESIAN_POINT('',(0.29,2.49,0.2));
#5539=CARTESIAN_POINT('',(0.29,2.49,1.1));
#5540=CARTESIAN_POINT('',(-0.11,2.49,0.2));
#5541=CARTESIAN_POINT('',(2.99,2.49,0.2));
#5542=CARTESIAN_POINT('',(-0.11,2.49,1.1));
#5543=CARTESIAN_POINT('',(-2.99,2.49,1.1));
#5544=CARTESIAN_POINT('',(-2.99,2.49,1.1));
#5545=CARTESIAN_POINT('',(2.99,2.49,1.1));
#5546=CARTESIAN_POINT('Origin',(-2.99,2.49,1.1));
#5547=CARTESIAN_POINT('',(-2.99,2.115,0.2));
#5548=CARTESIAN_POINT('',(-2.99,2.115,1.1));
#5549=CARTESIAN_POINT('',(-2.99,1.695,0.2));
#5550=CARTESIAN_POINT('',(-2.99,2.49,0.2));
#5551=CARTESIAN_POINT('',(-2.99,1.695,1.1));
#5552=CARTESIAN_POINT('',(-2.99,0.845000000000002,0.2));
#5553=CARTESIAN_POINT('',(-2.99,0.845000000000001,1.1));
#5554=CARTESIAN_POINT('',(-2.99,0.425000000000001,0.2));
#5555=CARTESIAN_POINT('',(-2.99,2.49,0.2));
#5556=CARTESIAN_POINT('',(-2.99,0.425000000000001,1.1));
#5557=CARTESIAN_POINT('',(-2.99,-0.424999999999999,0.2));
#5558=CARTESIAN_POINT('',(-2.99,-0.424999999999999,1.1));
#5559=CARTESIAN_POINT('',(-2.99,-0.844999999999999,0.2));
#5560=CARTESIAN_POINT('',(-2.99,2.49,0.2));
#5561=CARTESIAN_POINT('',(-2.99,-0.844999999999999,1.1));
#5562=CARTESIAN_POINT('',(-2.99,-1.695,0.2));
#5563=CARTESIAN_POINT('',(-2.99,-1.695,1.1));
#5564=CARTESIAN_POINT('',(-2.99,-2.115,0.2));
#5565=CARTESIAN_POINT('',(-2.99,2.49,0.2));
#5566=CARTESIAN_POINT('',(-2.99,-2.115,1.1));
#5567=CARTESIAN_POINT('',(-2.99,2.49,1.1));
#5568=CARTESIAN_POINT('Origin',(0.,0.,1.1));
#5569=CARTESIAN_POINT('Origin',(0.,0.,0.05));
#5570=CARTESIAN_POINT('',(2.4,2.115,0.05));
#5571=CARTESIAN_POINT('',(2.4,2.115,0.05));
#5572=CARTESIAN_POINT('',(2.4,-2.115,0.05));
#5573=CARTESIAN_POINT('',(2.4,-2.115,0.05));
#5574=CARTESIAN_POINT('',(-3.88519197029498E-16,-2.115,0.05));
#5575=CARTESIAN_POINT('',(0.289999999999999,-2.015,0.05));
#5576=CARTESIAN_POINT('',(0.289999999999999,-2.015,0.05));
#5577=CARTESIAN_POINT('',(1.,-2.015,0.05));
#5578=CARTESIAN_POINT('',(1.,-2.015,0.05));
#5579=CARTESIAN_POINT('',(1.,2.015,0.05));
#5580=CARTESIAN_POINT('',(1.,-2.015,0.05));
#5581=CARTESIAN_POINT('',(0.29,2.015,0.05));
#5582=CARTESIAN_POINT('',(0.29,2.015,0.05));
#5583=CARTESIAN_POINT('',(0.29,-2.08578440081886E-17,0.05));
#5584=CARTESIAN_POINT('Origin',(0.,0.,0.2));
#5585=CARTESIAN_POINT('',(-1.9,-1.695,0.2));
#5586=CARTESIAN_POINT('',(-3.,-1.695,0.2));
#5587=CARTESIAN_POINT('',(-1.9,-2.115,0.2));
#5588=CARTESIAN_POINT('',(-1.9,-2.115,0.2));
#5589=CARTESIAN_POINT('',(-3.,-2.115,0.2));
#5590=CARTESIAN_POINT('Origin',(-3.,-2.115,0.2));
#5591=CARTESIAN_POINT('',(-1.9,-2.115,0.2));
#5592=CARTESIAN_POINT('Origin',(-3.,-1.695,0.2));
#5593=CARTESIAN_POINT('',(-1.9,-1.695,0.2));
#5594=CARTESIAN_POINT('Origin',(-1.9,-2.115,0.2));
#5595=CARTESIAN_POINT('Origin',(0.,0.,0.2));
#5596=CARTESIAN_POINT('',(-0.11,-2.015,0.2));
#5597=CARTESIAN_POINT('',(-0.11,-2.015,0.2));
#5598=CARTESIAN_POINT('',(-1.26,-2.015,0.2));
#5599=CARTESIAN_POINT('',(-0.11,-2.015,0.2));
#5600=CARTESIAN_POINT('',(-1.26,-0.845,0.2));
#5601=CARTESIAN_POINT('',(-1.26,-2.015,0.2));
#5602=CARTESIAN_POINT('',(-1.26,-0.845,0.2));
#5603=CARTESIAN_POINT('',(-2.46,-0.424999999999999,0.2));
#5604=CARTESIAN_POINT('',(-3.,-0.424999999999999,0.2));
#5605=CARTESIAN_POINT('',(-2.46,0.425000000000001,0.2));
#5606=CARTESIAN_POINT('',(-2.46,-0.424999999999999,0.2));
#5607=CARTESIAN_POINT('',(-2.46,0.425000000000001,0.2));
#5608=CARTESIAN_POINT('',(-2.46,0.845000000000001,0.2));
#5609=CARTESIAN_POINT('',(-3.,0.845000000000002,0.2));
#5610=CARTESIAN_POINT('',(-2.46,1.695,0.2));
#5611=CARTESIAN_POINT('',(-2.46,0.845000000000001,0.2));
#5612=CARTESIAN_POINT('',(-2.46,1.695,0.2));
#5613=CARTESIAN_POINT('',(-2.38,2.115,0.2));
#5614=CARTESIAN_POINT('',(-3.,2.115,0.2));
#5615=CARTESIAN_POINT('',(-2.38,2.015,0.2));
#5616=CARTESIAN_POINT('',(-2.38,2.115,0.2));
#5617=CARTESIAN_POINT('',(-0.11,2.015,0.2));
#5618=CARTESIAN_POINT('',(-2.38,2.015,0.2));
#5619=CARTESIAN_POINT('',(-0.11,2.015,0.2));
#5620=CARTESIAN_POINT('',(0.29,2.015,0.2));
#5621=CARTESIAN_POINT('',(0.29,2.015,0.2));
#5622=CARTESIAN_POINT('',(1.,2.015,0.2));
#5623=CARTESIAN_POINT('',(0.29,2.015,0.2));
#5624=CARTESIAN_POINT('',(1.,-2.015,0.2));
#5625=CARTESIAN_POINT('',(1.,-2.015,0.2));
#5626=CARTESIAN_POINT('',(0.289999999999999,-2.015,0.2));
#5627=CARTESIAN_POINT('',(1.,-2.015,0.2));
#5628=CARTESIAN_POINT('',(0.289999999999999,-2.015,0.2));
#5629=CARTESIAN_POINT('Origin',(0.29,2.015,0.2));
#5630=CARTESIAN_POINT('',(0.29,2.015,0.2));
#5631=CARTESIAN_POINT('Origin',(-0.11,2.015,0.2));
#5632=CARTESIAN_POINT('',(-0.11,2.015,0.2));
#5633=CARTESIAN_POINT('Origin',(-3.,2.115,0.2));
#5634=CARTESIAN_POINT('',(-2.38,2.115,0.2));
#5635=CARTESIAN_POINT('Origin',(-2.46,1.695,0.2));
#5636=CARTESIAN_POINT('',(-2.46,1.695,0.2));
#5637=CARTESIAN_POINT('Origin',(-3.,0.845000000000002,0.2));
#5638=CARTESIAN_POINT('',(-2.46,0.845000000000001,0.2));
#5639=CARTESIAN_POINT('Origin',(-2.46,0.425000000000001,0.2));
#5640=CARTESIAN_POINT('',(-2.46,0.425000000000001,0.2));
#5641=CARTESIAN_POINT('Origin',(-3.,-0.424999999999999,0.2));
#5642=CARTESIAN_POINT('',(-2.46,-0.424999999999999,0.2));
#5643=CARTESIAN_POINT('Origin',(-1.26,-0.845,0.2));
#5644=CARTESIAN_POINT('',(-1.26,-0.845,0.2));
#5645=CARTESIAN_POINT('Origin',(-0.11,-2.015,0.2));
#5646=CARTESIAN_POINT('',(-0.11,-2.015,0.2));
#5647=CARTESIAN_POINT('Origin',(0.289999999999999,-2.015,0.2));
#5648=CARTESIAN_POINT('',(0.289999999999999,-2.015,0.2));
#5649=CARTESIAN_POINT('Origin',(1.,-2.015,0.2));
#5650=CARTESIAN_POINT('',(1.,-2.015,0.2));
#5651=CARTESIAN_POINT('Origin',(1.,-2.015,0.2));
#5652=CARTESIAN_POINT('',(1.,2.015,0.2));
#5653=CARTESIAN_POINT('Origin',(0.29,2.015,0.2));
#5654=CARTESIAN_POINT('Origin',(-2.38,2.015,0.2));
#5655=CARTESIAN_POINT('',(-2.38,2.015,0.2));
#5656=CARTESIAN_POINT('Origin',(-2.38,2.115,0.2));
#5657=CARTESIAN_POINT('Origin',(-2.46,0.845000000000001,0.2));
#5658=CARTESIAN_POINT('Origin',(-2.46,-0.424999999999999,0.2));
#5659=CARTESIAN_POINT('Origin',(-1.26,-2.015,0.2));
#5660=CARTESIAN_POINT('',(-1.26,-2.015,0.2));
#5661=CARTESIAN_POINT('Origin',(-0.11,-2.015,0.2));
#5662=CARTESIAN_POINT('Origin',(0.,0.,0.2));
#5663=CARTESIAN_POINT('',(2.4,-2.115,0.2));
#5664=CARTESIAN_POINT('',(3.,-2.115,0.2));
#5665=CARTESIAN_POINT('',(2.4,2.115,0.2));
#5666=CARTESIAN_POINT('',(2.4,-2.115,0.2));
#5667=CARTESIAN_POINT('',(2.4,2.115,0.2));
#5668=CARTESIAN_POINT('',(2.72,1.695,0.2));
#5669=CARTESIAN_POINT('',(2.72,1.695,0.2));
#5670=CARTESIAN_POINT('',(2.72,0.844999999999999,0.2));
#5671=CARTESIAN_POINT('',(2.72,0.844999999999999,0.2));
#5672=CARTESIAN_POINT('',(3.,0.844999999999999,0.2));
#5673=CARTESIAN_POINT('',(2.72,0.424999999999999,0.2));
#5674=CARTESIAN_POINT('',(2.72,0.424999999999999,0.2));
#5675=CARTESIAN_POINT('',(2.72,-0.425000000000001,0.2));
#5676=CARTESIAN_POINT('',(2.72,-0.425000000000001,0.2));
#5677=CARTESIAN_POINT('',(3.,-0.425000000000001,0.2));
#5678=CARTESIAN_POINT('',(2.72,-0.845000000000001,0.2));
#5679=CARTESIAN_POINT('',(2.72,-0.845000000000001,0.2));
#5680=CARTESIAN_POINT('',(2.72,-1.695,0.2));
#5681=CARTESIAN_POINT('',(2.72,-1.695,0.2));
#5682=CARTESIAN_POINT('',(3.,-1.695,0.2));
#5683=CARTESIAN_POINT('Origin',(3.,-1.695,0.2));
#5684=CARTESIAN_POINT('',(2.72,-1.695,0.2));
#5685=CARTESIAN_POINT('Origin',(2.72,-0.845000000000001,0.2));
#5686=CARTESIAN_POINT('',(2.72,-0.845000000000001,0.2));
#5687=CARTESIAN_POINT('Origin',(3.,-0.425000000000001,0.2));
#5688=CARTESIAN_POINT('',(2.72,-0.425000000000001,0.2));
#5689=CARTESIAN_POINT('Origin',(2.72,0.424999999999999,0.2));
#5690=CARTESIAN_POINT('',(2.72,0.424999999999999,0.2));
#5691=CARTESIAN_POINT('Origin',(3.,0.844999999999999,0.2));
#5692=CARTESIAN_POINT('',(2.72,0.844999999999999,0.2));
#5693=CARTESIAN_POINT('Origin',(2.72,1.695,0.2));
#5694=CARTESIAN_POINT('',(2.72,1.695,0.2));
#5695=CARTESIAN_POINT('Origin',(2.4,2.115,0.2));
#5696=CARTESIAN_POINT('',(2.4,2.115,0.2));
#5697=CARTESIAN_POINT('Origin',(3.,-2.115,0.2));
#5698=CARTESIAN_POINT('',(2.4,-2.115,0.2));
#5699=CARTESIAN_POINT('Origin',(2.72,-1.695,0.2));
#5700=CARTESIAN_POINT('Origin',(2.72,-0.425000000000001,0.2));
#5701=CARTESIAN_POINT('Origin',(2.72,0.844999999999999,0.2));
#5702=CARTESIAN_POINT('Origin',(2.4,-2.115,0.2));
#5703=CARTESIAN_POINT('Origin',(-2.4975,1.8525,1.08));
#5704=CARTESIAN_POINT('Origin',(-2.4975,1.8525,1.09));
#5705=CARTESIAN_POINT('',(-2.4975,2.14,1.09));
#5706=CARTESIAN_POINT('Origin',(-2.4975,1.8525,1.09));
#5707=CARTESIAN_POINT('',(-2.4975,2.14,1.08));
#5708=CARTESIAN_POINT('Origin',(-2.4975,1.8525,1.08));
#5709=CARTESIAN_POINT('Origin',(-2.4975,1.8525,1.09));
#5710=CARTESIAN_POINT('Origin',(-2.4975,1.8525,1.08));
#5711=CARTESIAN_POINT('Origin',(0.986002106765466,-0.316716285100848,1.1));
#5712=CARTESIAN_POINT('',(0.986002106765466,-0.316716285100848,1.1));
#5713=CARTESIAN_POINT('',(0.986002106765466,-0.235681163100846,1.1));
#5714=CARTESIAN_POINT('',(0.986002106765466,-0.316716285100848,1.1));
#5715=CARTESIAN_POINT('',(0.986002106765466,-0.235681163100846,1.11));
#5716=CARTESIAN_POINT('',(0.986002106765466,-0.235681163100846,1.1));
#5717=CARTESIAN_POINT('',(0.986002106765466,-0.316716285100848,1.11));
#5718=CARTESIAN_POINT('',(0.986002106765466,-0.316716285100848,1.11));
#5719=CARTESIAN_POINT('',(0.986002106765466,-0.316716285100848,1.1));
#5720=CARTESIAN_POINT('Origin',(0.555483904165467,-0.316716285100847,1.1));
#5721=CARTESIAN_POINT('',(0.555483904165467,-0.316716285100847,1.1));
#5722=CARTESIAN_POINT('',(0.555483904165467,-0.316716285100847,1.1));
#5723=CARTESIAN_POINT('',(0.555483904165467,-0.316716285100847,1.11));
#5724=CARTESIAN_POINT('',(0.555483904165467,-0.316716285100847,1.11));
#5725=CARTESIAN_POINT('',(0.555483904165467,-0.316716285100847,1.1));
#5726=CARTESIAN_POINT('Origin',(0.555483904165467,-0.235681163100846,1.1));
#5727=CARTESIAN_POINT('',(0.555483904165467,-0.235681163100846,1.1));
#5728=CARTESIAN_POINT('',(0.555483904165467,-0.235681163100846,1.1));
#5729=CARTESIAN_POINT('',(0.555483904165467,-0.235681163100846,1.11));
#5730=CARTESIAN_POINT('',(0.555483904165467,-0.235681163100846,1.11));
#5731=CARTESIAN_POINT('',(0.555483904165467,-0.235681163100846,1.1));
#5732=CARTESIAN_POINT('Origin',(0.986002106765466,-0.235681163100846,1.1));
#5733=CARTESIAN_POINT('',(0.986002106765466,-0.235681163100846,1.1));
#5734=CARTESIAN_POINT('',(0.986002106765466,-0.235681163100846,1.11));
#5735=CARTESIAN_POINT('Origin',(0.770743005465467,-0.276198724100847,1.11));
#5736=CARTESIAN_POINT('Origin',(0.770743005465467,-0.276198724100847,1.1));
#5737=CARTESIAN_POINT('Origin',(1.19974174676547,0.430726873399154,1.1));
#5738=CARTESIAN_POINT('',(1.19974174676547,0.430726873399154,1.1));
#5739=CARTESIAN_POINT('',(1.19974174676547,0.518666863299153,1.1));
#5740=CARTESIAN_POINT('',(1.19974174676547,0.430726873399154,1.1));
#5741=CARTESIAN_POINT('',(1.19974174676547,0.518666863299153,1.11));
#5742=CARTESIAN_POINT('',(1.19974174676547,0.518666863299153,1.1));
#5743=CARTESIAN_POINT('',(1.19974174676547,0.430726873399154,1.11));
#5744=CARTESIAN_POINT('',(1.19974174676547,0.430726873399154,1.11));
#5745=CARTESIAN_POINT('',(1.19974174676547,0.430726873399154,1.1));
#5746=CARTESIAN_POINT('Origin',(0.554878828065467,0.430726873399154,1.1));
#5747=CARTESIAN_POINT('',(0.554878828065467,0.430726873399154,1.1));
#5748=CARTESIAN_POINT('',(0.554878828065467,0.430726873399154,1.1));
#5749=CARTESIAN_POINT('',(0.554878828065467,0.430726873399154,1.11));
#5750=CARTESIAN_POINT('',(0.554878828065467,0.430726873399154,1.11));
#5751=CARTESIAN_POINT('',(0.554878828065467,0.430726873399154,1.1));
#5752=CARTESIAN_POINT('Origin',(0.554878828065467,0.518666863299153,1.1));
#5753=CARTESIAN_POINT('',(0.554878828065467,0.518666863299153,1.1));
#5754=CARTESIAN_POINT('',(0.554878828065467,0.518666863299153,1.1));
#5755=CARTESIAN_POINT('',(0.554878828065467,0.518666863299153,1.11));
#5756=CARTESIAN_POINT('',(0.554878828065467,0.518666863299153,1.11));
#5757=CARTESIAN_POINT('',(0.554878828065467,0.518666863299153,1.1));
#5758=CARTESIAN_POINT('Origin',(1.19974174676547,0.518666863299153,1.1));
#5759=CARTESIAN_POINT('',(1.19974174676547,0.518666863299153,1.1));
#5760=CARTESIAN_POINT('',(1.19974174676547,0.518666863299153,1.11));
#5761=CARTESIAN_POINT('Origin',(0.877310287415467,0.474696868349153,1.11));
#5762=CARTESIAN_POINT('Origin',(0.877310287415467,0.474696868349153,1.1));
#5763=CARTESIAN_POINT('Origin',(0.653835804565467,1.31374032879915,1.1));
#5764=CARTESIAN_POINT('',(0.653835804565467,1.31374032879915,1.1));
#5765=CARTESIAN_POINT('',(0.653835804565467,1.10872373869915,1.1));
#5766=CARTESIAN_POINT('',(0.653835804565467,1.31374032879915,1.1));
#5767=CARTESIAN_POINT('',(0.653835804565467,1.10872373869915,1.11));
#5768=CARTESIAN_POINT('',(0.653835804565467,1.10872373869915,1.1));
#5769=CARTESIAN_POINT('',(0.653835804565467,1.31374032879915,1.11));
#5770=CARTESIAN_POINT('',(0.653835804565467,1.31374032879915,1.11));
#5771=CARTESIAN_POINT('',(0.653835804565467,1.31374032879915,1.1));
#5772=CARTESIAN_POINT('Origin',(0.986002106765466,1.39160720679915,1.1));
#5773=CARTESIAN_POINT('',(0.986002106765466,1.39160720679915,1.1));
#5774=CARTESIAN_POINT('',(0.986002106765466,1.39160720679915,1.1));
#5775=CARTESIAN_POINT('',(0.986002106765466,1.39160720679915,1.11));
#5776=CARTESIAN_POINT('',(0.986002106765466,1.39160720679915,1.11));
#5777=CARTESIAN_POINT('',(0.986002106765466,1.39160720679915,1.1));
#5778=CARTESIAN_POINT('Origin',(0.986002106765466,1.18659061669915,1.1));
#5779=CARTESIAN_POINT('',(0.986002106765466,1.18659061669915,1.1));
#5780=CARTESIAN_POINT('',(0.986002106765466,1.18659061669915,1.1));
#5781=CARTESIAN_POINT('',(0.986002106765466,1.18659061669915,1.11));
#5782=CARTESIAN_POINT('',(0.986002106765466,1.18659061669915,1.11));
#5783=CARTESIAN_POINT('',(0.986002106765466,1.18659061669915,1.1));
#5784=CARTESIAN_POINT('Origin',(0.653835804565467,1.10872373869915,1.1));
#5785=CARTESIAN_POINT('',(0.653835804565467,1.10872373869915,1.1));
#5786=CARTESIAN_POINT('',(0.653835804565467,1.10872373869915,1.11));
#5787=CARTESIAN_POINT('Origin',(0.819918955665467,1.25016547274915,1.11));
#5788=CARTESIAN_POINT('Origin',(0.819918955665467,1.25016547274915,1.1));
#5789=CARTESIAN_POINT('Origin',(1.14877522346547,1.32612570119915,1.1));
#5790=CARTESIAN_POINT('',(1.14877522346547,1.2165233548098,1.11));
#5791=CARTESIAN_POINT('Origin',(1.14877522346547,1.32612570119915,1.11));
#5792=CARTESIAN_POINT('',(1.14877522346547,1.2165233548098,1.1));
#5793=CARTESIAN_POINT('Origin',(1.14877522346547,1.32612570119915,1.1));
#5794=CARTESIAN_POINT('Origin',(1.14877522346547,1.32612570119915,1.11));
#5795=CARTESIAN_POINT('Origin',(1.14877522346547,1.32612570119915,1.1));
#5796=CARTESIAN_POINT('Origin',(1.11500630206547,-0.277333980200846,1.1));
#5797=CARTESIAN_POINT('',(1.11500630206547,-0.330606429899057,1.11));
#5798=CARTESIAN_POINT('Origin',(1.11500630206547,-0.277333980200846,1.11));
#5799=CARTESIAN_POINT('',(1.11500630206547,-0.330606429899057,1.1));
#5800=CARTESIAN_POINT('Origin',(1.11500630206547,-0.277333980200846,1.1));
#5801=CARTESIAN_POINT('Origin',(1.11500630206547,-0.277333980200846,1.11));
#5802=CARTESIAN_POINT('Origin',(1.11500630206547,-0.277333980200846,1.1));
#5803=CARTESIAN_POINT('Ctrl Pts',(0.629240010665467,0.944400452499153,1.1));
#5804=CARTESIAN_POINT('Ctrl Pts',(0.629240010665467,0.944400452499153,1.11));
#5805=CARTESIAN_POINT('Ctrl Pts',(0.573443711351022,1.05982371345994,1.1));
#5806=CARTESIAN_POINT('Ctrl Pts',(0.573443711351022,1.05982371345994,1.11));
#5807=CARTESIAN_POINT('Ctrl Pts',(0.571773083989254,1.24752711863339,1.1));
#5808=CARTESIAN_POINT('Ctrl Pts',(0.571773083989254,1.24752711863339,1.11));
#5809=CARTESIAN_POINT('Ctrl Pts',(0.680222465095216,1.47899123011172,1.1));
#5810=CARTESIAN_POINT('Ctrl Pts',(0.680222465095216,1.47899123011172,1.11));
#5811=CARTESIAN_POINT('Ctrl Pts',(0.878160935672955,1.58509747675093,1.1));
#5812=CARTESIAN_POINT('Ctrl Pts',(0.878160935672955,1.58509747675093,1.11));
#5813=CARTESIAN_POINT('Ctrl Pts',(1.02548840815481,1.51450409213143,1.1));
#5814=CARTESIAN_POINT('Ctrl Pts',(1.02548840815481,1.51450409213143,1.11));
#5815=CARTESIAN_POINT('Ctrl Pts',(1.06567887646746,1.45549230585243,1.1));
#5816=CARTESIAN_POINT('Ctrl Pts',(1.06567887646746,1.45549230585243,1.11));
#5817=CARTESIAN_POINT('',(0.629240010665467,0.944400452499153,1.1));
#5818=CARTESIAN_POINT('',(1.06567887646547,1.45549230589915,1.1));
#5819=CARTESIAN_POINT('Ctrl Pts',(0.629240010665467,0.944400452499153,1.1));
#5820=CARTESIAN_POINT('Ctrl Pts',(0.573443711351022,1.05982371345994,1.1));
#5821=CARTESIAN_POINT('Ctrl Pts',(0.571773083989254,1.24752711863339,1.1));
#5822=CARTESIAN_POINT('Ctrl Pts',(0.680222465095216,1.47899123011172,1.1));
#5823=CARTESIAN_POINT('Ctrl Pts',(0.878160935672955,1.58509747675093,1.1));
#5824=CARTESIAN_POINT('Ctrl Pts',(1.02548840815481,1.51450409213143,1.1));
#5825=CARTESIAN_POINT('Ctrl Pts',(1.06567887646746,1.45549230585243,1.1));
#5826=CARTESIAN_POINT('',(1.06567887646547,1.45549230589915,1.11));
#5827=CARTESIAN_POINT('',(1.06567887646547,1.45549230589915,1.1));
#5828=CARTESIAN_POINT('',(0.629240010665467,0.944400452499153,1.11));
#5829=CARTESIAN_POINT('Ctrl Pts',(0.629240010665467,0.944400452499153,1.11));
#5830=CARTESIAN_POINT('Ctrl Pts',(0.573443711351022,1.05982371345994,1.11));
#5831=CARTESIAN_POINT('Ctrl Pts',(0.571773083989254,1.24752711863339,1.11));
#5832=CARTESIAN_POINT('Ctrl Pts',(0.680222465095216,1.47899123011172,1.11));
#5833=CARTESIAN_POINT('Ctrl Pts',(0.878160935672955,1.58509747675093,1.11));
#5834=CARTESIAN_POINT('Ctrl Pts',(1.02548840815481,1.51450409213143,1.11));
#5835=CARTESIAN_POINT('Ctrl Pts',(1.06567887646746,1.45549230585243,1.11));
#5836=CARTESIAN_POINT('',(0.629240010665467,0.944400452499153,1.1));
#5837=CARTESIAN_POINT('Origin',(1.14373033005476,1.06262008275834,1.1));
#5838=CARTESIAN_POINT('',(1.14373033005476,1.06262008275834,1.1));
#5839=CARTESIAN_POINT('',(1.14373033005476,1.06262008275834,1.1));
#5840=CARTESIAN_POINT('',(1.14373033005476,1.06262008275834,1.11));
#5841=CARTESIAN_POINT('',(1.14373033005476,1.06262008275834,1.11));
#5842=CARTESIAN_POINT('',(1.14373033005476,1.06262008275834,1.1));
#5843=CARTESIAN_POINT('Origin',(1.14532985117842,1.0771938783942,1.1));
#5844=CARTESIAN_POINT('',(1.15998774096547,1.07751051179915,1.1));
#5845=CARTESIAN_POINT('Origin',(1.14532985121999,1.07719387843818,1.1));
#5846=CARTESIAN_POINT('',(1.15998774096547,1.07751051179915,1.11));
#5847=CARTESIAN_POINT('Origin',(1.14532985121999,1.07719387843818,1.11));
#5848=CARTESIAN_POINT('',(1.15998774096547,1.07751051179915,1.1));
#5849=CARTESIAN_POINT('Origin',(1.15785850366547,1.17607912309915,1.1));
#5850=CARTESIAN_POINT('',(1.15785850366547,1.17607912309915,1.1));
#5851=CARTESIAN_POINT('',(1.15785850366547,1.17607912309915,1.1));
#5852=CARTESIAN_POINT('',(1.15785850366547,1.17607912309915,1.11));
#5853=CARTESIAN_POINT('',(1.15785850366547,1.17607912309915,1.11));
#5854=CARTESIAN_POINT('',(1.15785850366547,1.17607912309915,1.1));
#5855=CARTESIAN_POINT('Origin',(1.19505521896547,1.17607912309915,1.1));
#5856=CARTESIAN_POINT('',(1.19505521896547,1.17607912309915,1.1));
#5857=CARTESIAN_POINT('',(1.19505521896547,1.17607912309915,1.1));
#5858=CARTESIAN_POINT('',(1.19505521896547,1.17607912309915,1.11));
#5859=CARTESIAN_POINT('',(1.19505521896547,1.17607912309915,1.11));
#5860=CARTESIAN_POINT('',(1.19505521896547,1.17607912309915,1.1));
#5861=CARTESIAN_POINT('Origin',(1.18583538695378,1.05095229145901,1.1));
#5862=CARTESIAN_POINT('',(1.18583538695378,1.05095229145901,1.1));
#5863=CARTESIAN_POINT('',(1.18583538695378,1.05095229145901,1.1));
#5864=CARTESIAN_POINT('',(1.18583538695378,1.05095229145901,1.11));
#5865=CARTESIAN_POINT('',(1.18583538695378,1.05095229145901,1.11));
#5866=CARTESIAN_POINT('',(1.18583538695378,1.05095229145901,1.1));
#5867=CARTESIAN_POINT('Origin',(1.14022634681677,1.05431294307414,1.1));
#5868=CARTESIAN_POINT('',(1.15388242826547,1.01066675239915,1.1));
#5869=CARTESIAN_POINT('Origin',(1.14022634681062,1.05431294308556,1.1));
#5870=CARTESIAN_POINT('',(1.15388242826547,1.01066675239915,1.11));
#5871=CARTESIAN_POINT('Origin',(1.14022634681062,1.05431294308556,1.11));
#5872=CARTESIAN_POINT('',(1.15388242826547,1.01066675239915,1.1));
#5873=CARTESIAN_POINT('Origin',(0.629240010698776,0.892829642393176,1.1));
#5874=CARTESIAN_POINT('',(0.629240010698776,0.892829642393176,1.1));
#5875=CARTESIAN_POINT('',(0.629240010698776,0.892829642393176,1.1));
#5876=CARTESIAN_POINT('',(0.629240010698776,0.892829642393176,1.11));
#5877=CARTESIAN_POINT('',(0.629240010698776,0.892829642393176,1.11));
#5878=CARTESIAN_POINT('',(0.629240010698776,0.892829642393176,1.1));
#5879=CARTESIAN_POINT('Ctrl Pts',(1.11916340986547,1.48129072789915,1.1));
#5880=CARTESIAN_POINT('Ctrl Pts',(1.11916340986547,1.48129072789915,1.11));
#5881=CARTESIAN_POINT('Ctrl Pts',(1.08208696386882,1.55213773477609,1.1));
#5882=CARTESIAN_POINT('Ctrl Pts',(1.08208696386882,1.55213773477609,1.11));
#5883=CARTESIAN_POINT('Ctrl Pts',(0.962319661822906,1.69258466675924,1.1));
#5884=CARTESIAN_POINT('Ctrl Pts',(0.962319661822906,1.69258466675924,1.11));
#5885=CARTESIAN_POINT('Ctrl Pts',(0.732056641612563,1.63774153732089,1.1));
#5886=CARTESIAN_POINT('Ctrl Pts',(0.732056641612563,1.63774153732089,1.11));
#5887=CARTESIAN_POINT('Ctrl Pts',(0.633842194321084,1.50623745616385,1.1));
#5888=CARTESIAN_POINT('Ctrl Pts',(0.633842194321084,1.50623745616385,1.11));
#5889=CARTESIAN_POINT('Ctrl Pts',(0.560204421667151,1.36207788246956,1.1));
#5890=CARTESIAN_POINT('Ctrl Pts',(0.560204421667151,1.36207788246956,1.11));
#5891=CARTESIAN_POINT('Ctrl Pts',(0.536653738151821,1.14089283349036,1.1));
#5892=CARTESIAN_POINT('Ctrl Pts',(0.536653738151821,1.14089283349036,1.11));
#5893=CARTESIAN_POINT('Ctrl Pts',(0.571510825262407,0.970743197427718,1.1));
#5894=CARTESIAN_POINT('Ctrl Pts',(0.571510825262407,0.970743197427718,1.11));
#5895=CARTESIAN_POINT('Ctrl Pts',(0.629240010698776,0.892829642393176,1.1));
#5896=CARTESIAN_POINT('Ctrl Pts',(0.629240010698776,0.892829642393176,1.11));
#5897=CARTESIAN_POINT('',(1.11916340986547,1.48129072789915,1.1));
#5898=CARTESIAN_POINT('Ctrl Pts',(1.11916340986547,1.48129072789915,1.1));
#5899=CARTESIAN_POINT('Ctrl Pts',(1.08208696386882,1.55213773477609,1.1));
#5900=CARTESIAN_POINT('Ctrl Pts',(0.962319661822906,1.69258466675924,1.1));
#5901=CARTESIAN_POINT('Ctrl Pts',(0.732056641612563,1.63774153732089,1.1));
#5902=CARTESIAN_POINT('Ctrl Pts',(0.633842194321084,1.50623745616385,1.1));
#5903=CARTESIAN_POINT('Ctrl Pts',(0.560204421667151,1.36207788246956,1.1));
#5904=CARTESIAN_POINT('Ctrl Pts',(0.536653738151821,1.14089283349036,1.1));
#5905=CARTESIAN_POINT('Ctrl Pts',(0.571510825262407,0.970743197427718,1.1));
#5906=CARTESIAN_POINT('Ctrl Pts',(0.629240010698776,0.892829642393176,1.1));
#5907=CARTESIAN_POINT('',(1.11916340986547,1.48129072789915,1.11));
#5908=CARTESIAN_POINT('Ctrl Pts',(1.11916340986547,1.48129072789915,1.11));
#5909=CARTESIAN_POINT('Ctrl Pts',(1.08208696386882,1.55213773477609,1.11));
#5910=CARTESIAN_POINT('Ctrl Pts',(0.962319661822906,1.69258466675924,1.11));
#5911=CARTESIAN_POINT('Ctrl Pts',(0.732056641612563,1.63774153732089,1.11));
#5912=CARTESIAN_POINT('Ctrl Pts',(0.633842194321084,1.50623745616385,1.11));
#5913=CARTESIAN_POINT('Ctrl Pts',(0.560204421667151,1.36207788246956,1.11));
#5914=CARTESIAN_POINT('Ctrl Pts',(0.536653738151821,1.14089283349036,1.11));
#5915=CARTESIAN_POINT('Ctrl Pts',(0.571510825262407,0.970743197427718,1.11));
#5916=CARTESIAN_POINT('Ctrl Pts',(0.629240010698776,0.892829642393176,1.11));
#5917=CARTESIAN_POINT('',(1.11916340986547,1.48129072789915,1.1));
#5918=CARTESIAN_POINT('Origin',(1.06567887646547,1.45549230589915,1.1));
#5919=CARTESIAN_POINT('',(1.06567887646547,1.45549230589915,1.1));
#5920=CARTESIAN_POINT('',(1.06567887646547,1.45549230589915,1.11));
#5921=CARTESIAN_POINT('Origin',(0.820853256531945,1.23522552481494,1.11));
#5922=CARTESIAN_POINT('Origin',(0.820853256531945,1.23522552481494,1.1));
#5923=CARTESIAN_POINT('Origin',(0.555483904165467,0.0592978721991545,1.1));
#5924=CARTESIAN_POINT('',(0.555483904165467,0.0592978721991545,1.1));
#5925=CARTESIAN_POINT('',(0.916382990687627,0.0592978721767795,1.1));
#5926=CARTESIAN_POINT('',(0.555483904165467,0.0592978721991545,1.1));
#5927=CARTESIAN_POINT('',(0.916382990687627,0.0592978721767795,1.11));
#5928=CARTESIAN_POINT('',(0.916382990687627,0.0592978721767795,1.1));
#5929=CARTESIAN_POINT('',(0.555483904165467,0.0592978721991545,1.11));
#5930=CARTESIAN_POINT('',(0.555483904165467,0.0592978721991545,1.11));
#5931=CARTESIAN_POINT('',(0.555483904165467,0.0592978721991545,1.1));
#5932=CARTESIAN_POINT('Origin',(0.555483904165467,0.139620046199154,1.1));
#5933=CARTESIAN_POINT('',(0.555483904165467,0.139620046199154,1.1));
#5934=CARTESIAN_POINT('',(0.555483904165467,0.139620046199154,1.1));
#5935=CARTESIAN_POINT('',(0.555483904165467,0.139620046199154,1.11));
#5936=CARTESIAN_POINT('',(0.555483904165467,0.139620046199154,1.11));
#5937=CARTESIAN_POINT('',(0.555483904165467,0.139620046199154,1.1));
#5938=CARTESIAN_POINT('Origin',(0.872146720188839,0.139620046228265,1.1));
#5939=CARTESIAN_POINT('',(0.872146720188839,0.139620046228265,1.1));
#5940=CARTESIAN_POINT('',(0.872146720188839,0.139620046228265,1.1));
#5941=CARTESIAN_POINT('',(0.872146720188839,0.139620046228265,1.11));
#5942=CARTESIAN_POINT('',(0.872146720188839,0.139620046228265,1.11));
#5943=CARTESIAN_POINT('',(0.872146720188839,0.139620046228265,1.1));
#5944=CARTESIAN_POINT('Ctrl Pts',(0.875623078765467,0.243203131599152,1.1));
#5945=CARTESIAN_POINT('Ctrl Pts',(0.875623078765467,0.243203131599152,1.11));
#5946=CARTESIAN_POINT('Ctrl Pts',(0.934283374834604,0.241769669138119,1.1));
#5947=CARTESIAN_POINT('Ctrl Pts',(0.934283374834604,0.241769669138119,1.11));
#5948=CARTESIAN_POINT('Ctrl Pts',(0.936765369113974,0.138576367389671,1.1));
#5949=CARTESIAN_POINT('Ctrl Pts',(0.936765369113974,0.138576367389671,1.11));
#5950=CARTESIAN_POINT('Ctrl Pts',(0.872146720188839,0.139620046228265,1.1));
#5951=CARTESIAN_POINT('Ctrl Pts',(0.872146720188839,0.139620046228265,1.11));
#5952=CARTESIAN_POINT('',(0.875623078765467,0.243203131599152,1.1));
#5953=CARTESIAN_POINT('Ctrl Pts',(0.875623078765467,0.243203131599152,1.1));
#5954=CARTESIAN_POINT('Ctrl Pts',(0.934283374834604,0.241769669138119,1.1));
#5955=CARTESIAN_POINT('Ctrl Pts',(0.936765369113974,0.138576367389671,1.1));
#5956=CARTESIAN_POINT('Ctrl Pts',(0.872146720188839,0.139620046228265,1.1));
#5957=CARTESIAN_POINT('',(0.875623078765467,0.243203131599152,1.11));
#5958=CARTESIAN_POINT('Ctrl Pts',(0.875623078765467,0.243203131599152,1.11));
#5959=CARTESIAN_POINT('Ctrl Pts',(0.934283374834604,0.241769669138119,1.11));
#5960=CARTESIAN_POINT('Ctrl Pts',(0.936765369113974,0.138576367389671,1.11));
#5961=CARTESIAN_POINT('Ctrl Pts',(0.872146720188839,0.139620046228265,1.11));
#5962=CARTESIAN_POINT('',(0.875623078765467,0.243203131599152,1.1));
#5963=CARTESIAN_POINT('Origin',(0.554878828065467,0.243203131599152,1.1));
#5964=CARTESIAN_POINT('',(0.554878828065467,0.243203131599152,1.1));
#5965=CARTESIAN_POINT('',(0.554878828065467,0.243203131599152,1.1));
#5966=CARTESIAN_POINT('',(0.554878828065467,0.243203131599152,1.11));
#5967=CARTESIAN_POINT('',(0.554878828065467,0.243203131599152,1.11));
#5968=CARTESIAN_POINT('',(0.554878828065467,0.243203131599152,1.1));
#5969=CARTESIAN_POINT('Origin',(0.554878828065467,0.324909356899154,1.1));
#5970=CARTESIAN_POINT('',(0.554878828065467,0.324909356899154,1.1));
#5971=CARTESIAN_POINT('',(0.554878828065467,0.324909356899154,1.1));
#5972=CARTESIAN_POINT('',(0.554878828065467,0.324909356899154,1.11));
#5973=CARTESIAN_POINT('',(0.554878828065467,0.324909356899154,1.11));
#5974=CARTESIAN_POINT('',(0.554878828065467,0.324909356899154,1.1));
#5975=CARTESIAN_POINT('Origin',(0.986002106765466,0.324909356899153,1.1));
#5976=CARTESIAN_POINT('',(0.986002106765466,0.324909356899153,1.1));
#5977=CARTESIAN_POINT('',(0.986002106765466,0.324909356899153,1.1));
#5978=CARTESIAN_POINT('',(0.986002106765466,0.324909356899153,1.11));
#5979=CARTESIAN_POINT('',(0.986002106765466,0.324909356899153,1.11));
#5980=CARTESIAN_POINT('',(0.986002106765466,0.324909356899153,1.1));
#5981=CARTESIAN_POINT('Origin',(0.986002106765466,0.243203131599152,1.1));
#5982=CARTESIAN_POINT('',(0.986002106765466,0.243203131599152,1.1));
#5983=CARTESIAN_POINT('',(0.986002106765466,0.243203131599152,1.1));
#5984=CARTESIAN_POINT('',(0.986002106765466,0.243203131599152,1.11));
#5985=CARTESIAN_POINT('',(0.986002106765466,0.243203131599152,1.11));
#5986=CARTESIAN_POINT('',(0.986002106765466,0.243203131599152,1.1));
#5987=CARTESIAN_POINT('Origin',(0.950009592853711,0.243203131623566,1.1));
#5988=CARTESIAN_POINT('',(0.950009592853711,0.243203131623566,1.1));
#5989=CARTESIAN_POINT('',(0.950009592853711,0.243203131623566,1.1));
#5990=CARTESIAN_POINT('',(0.950009592853711,0.243203131623566,1.11));
#5991=CARTESIAN_POINT('',(0.950009592853711,0.243203131623566,1.11));
#5992=CARTESIAN_POINT('',(0.950009592853711,0.243203131623566,1.1));
#5993=CARTESIAN_POINT('Ctrl Pts',(0.916382990687627,0.0592978721767795,
1.1));
#5994=CARTESIAN_POINT('Ctrl Pts',(0.916382990687627,0.0592978721767795,
1.11));
#5995=CARTESIAN_POINT('Ctrl Pts',(0.955919450012064,0.063599983805794,1.1));
#5996=CARTESIAN_POINT('Ctrl Pts',(0.955919450012064,0.063599983805794,1.11));
#5997=CARTESIAN_POINT('Ctrl Pts',(1.01979912748164,0.137028381226944,1.1));
#5998=CARTESIAN_POINT('Ctrl Pts',(1.01979912748164,0.137028381226944,1.11));
#5999=CARTESIAN_POINT('Ctrl Pts',(0.975405220842238,0.216910686454158,1.1));
#6000=CARTESIAN_POINT('Ctrl Pts',(0.975405220842238,0.216910686454158,1.11));
#6001=CARTESIAN_POINT('Ctrl Pts',(0.950009592853711,0.243203131623566,1.1));
#6002=CARTESIAN_POINT('Ctrl Pts',(0.950009592853711,0.243203131623566,1.11));
#6003=CARTESIAN_POINT('Ctrl Pts',(0.916382990687627,0.0592978721767795,
1.1));
#6004=CARTESIAN_POINT('Ctrl Pts',(0.955919450012064,0.063599983805794,1.1));
#6005=CARTESIAN_POINT('Ctrl Pts',(1.01979912748164,0.137028381226944,1.1));
#6006=CARTESIAN_POINT('Ctrl Pts',(0.975405220842238,0.216910686454158,1.1));
#6007=CARTESIAN_POINT('Ctrl Pts',(0.950009592853711,0.243203131623566,1.1));
#6008=CARTESIAN_POINT('Ctrl Pts',(0.916382990687627,0.0592978721767795,
1.11));
#6009=CARTESIAN_POINT('Ctrl Pts',(0.955919450012064,0.063599983805794,1.11));
#6010=CARTESIAN_POINT('Ctrl Pts',(1.01979912748164,0.137028381226944,1.11));
#6011=CARTESIAN_POINT('Ctrl Pts',(0.975405220842238,0.216910686454158,1.11));
#6012=CARTESIAN_POINT('Ctrl Pts',(0.950009592853711,0.243203131623566,1.11));
#6013=CARTESIAN_POINT('Origin',(0.775033478973226,0.195161152171951,1.11));
#6014=CARTESIAN_POINT('Origin',(0.775033478973226,0.195161152171951,1.1));
#6015=CARTESIAN_POINT('Origin',(0.556088980365467,-0.681318076600848,1.1));
#6016=CARTESIAN_POINT('',(0.556088980365467,-0.681318076600848,1.1));
#6017=CARTESIAN_POINT('',(0.916988066832069,-0.681318076606056,1.1));
#6018=CARTESIAN_POINT('',(0.556088980365467,-0.681318076600848,1.1));
#6019=CARTESIAN_POINT('',(0.916988066832069,-0.681318076606056,1.11));
#6020=CARTESIAN_POINT('',(0.916988066832069,-0.681318076606056,1.1));
#6021=CARTESIAN_POINT('',(0.556088980365467,-0.681318076600848,1.11));
#6022=CARTESIAN_POINT('',(0.556088980365467,-0.681318076600848,1.11));
#6023=CARTESIAN_POINT('',(0.556088980365467,-0.681318076600848,1.1));
#6024=CARTESIAN_POINT('Origin',(0.556088980365467,-0.600995902600845,1.1));
#6025=CARTESIAN_POINT('',(0.556088980365467,-0.600995902600845,1.1));
#6026=CARTESIAN_POINT('',(0.556088980365467,-0.600995902600845,1.1));
#6027=CARTESIAN_POINT('',(0.556088980365467,-0.600995902600845,1.11));
#6028=CARTESIAN_POINT('',(0.556088980365467,-0.600995902600845,1.11));
#6029=CARTESIAN_POINT('',(0.556088980365467,-0.600995902600845,1.1));
#6030=CARTESIAN_POINT('Origin',(0.872751796333282,-0.600995902554571,1.1));
#6031=CARTESIAN_POINT('',(0.872751796333282,-0.600995902554571,1.1));
#6032=CARTESIAN_POINT('',(0.872751796333282,-0.600995902554571,1.1));
#6033=CARTESIAN_POINT('',(0.872751796333282,-0.600995902554571,1.11));
#6034=CARTESIAN_POINT('',(0.872751796333282,-0.600995902554571,1.11));
#6035=CARTESIAN_POINT('',(0.872751796333282,-0.600995902554571,1.1));
#6036=CARTESIAN_POINT('Ctrl Pts',(0.876228154865466,-0.497412817200846,
1.1));
#6037=CARTESIAN_POINT('Ctrl Pts',(0.876228154865466,-0.497412817200846,
1.11));
#6038=CARTESIAN_POINT('Ctrl Pts',(0.934888450979046,-0.498846279644717,
1.1));
#6039=CARTESIAN_POINT('Ctrl Pts',(0.934888450979046,-0.498846279644717,
1.11));
#6040=CARTESIAN_POINT('Ctrl Pts',(0.937370445258417,-0.602039581393164,
1.1));
#6041=CARTESIAN_POINT('Ctrl Pts',(0.937370445258417,-0.602039581393164,
1.11));
#6042=CARTESIAN_POINT('Ctrl Pts',(0.872751796333282,-0.600995902554571,
1.1));
#6043=CARTESIAN_POINT('Ctrl Pts',(0.872751796333282,-0.600995902554571,
1.11));
#6044=CARTESIAN_POINT('',(0.876228154865466,-0.497412817200846,1.1));
#6045=CARTESIAN_POINT('Ctrl Pts',(0.876228154865466,-0.497412817200846,
1.1));
#6046=CARTESIAN_POINT('Ctrl Pts',(0.934888450979046,-0.498846279644717,
1.1));
#6047=CARTESIAN_POINT('Ctrl Pts',(0.937370445258417,-0.602039581393164,
1.1));
#6048=CARTESIAN_POINT('Ctrl Pts',(0.872751796333282,-0.600995902554571,
1.1));
#6049=CARTESIAN_POINT('',(0.876228154865466,-0.497412817200846,1.11));
#6050=CARTESIAN_POINT('Ctrl Pts',(0.876228154865466,-0.497412817200846,
1.11));
#6051=CARTESIAN_POINT('Ctrl Pts',(0.934888450979046,-0.498846279644717,
1.11));
#6052=CARTESIAN_POINT('Ctrl Pts',(0.937370445258417,-0.602039581393164,
1.11));
#6053=CARTESIAN_POINT('Ctrl Pts',(0.872751796333282,-0.600995902554571,
1.11));
#6054=CARTESIAN_POINT('',(0.876228154865466,-0.497412817200846,1.1));
#6055=CARTESIAN_POINT('Origin',(0.555483904165467,-0.497412817200847,1.1));
#6056=CARTESIAN_POINT('',(0.555483904165467,-0.497412817200847,1.1));
#6057=CARTESIAN_POINT('',(0.555483904165467,-0.497412817200847,1.1));
#6058=CARTESIAN_POINT('',(0.555483904165467,-0.497412817200847,1.11));
#6059=CARTESIAN_POINT('',(0.555483904165467,-0.497412817200847,1.11));
#6060=CARTESIAN_POINT('',(0.555483904165467,-0.497412817200847,1.1));
#6061=CARTESIAN_POINT('Origin',(0.555483904165467,-0.415706591800847,1.1));
#6062=CARTESIAN_POINT('',(0.555483904165467,-0.415706591800847,1.1));
#6063=CARTESIAN_POINT('',(0.555483904165467,-0.415706591800847,1.1));
#6064=CARTESIAN_POINT('',(0.555483904165467,-0.415706591800847,1.11));
#6065=CARTESIAN_POINT('',(0.555483904165467,-0.415706591800847,1.11));
#6066=CARTESIAN_POINT('',(0.555483904165467,-0.415706591800847,1.1));
#6067=CARTESIAN_POINT('Origin',(0.986607182965466,-0.415706591800847,1.1));
#6068=CARTESIAN_POINT('',(0.986607182965466,-0.415706591800847,1.1));
#6069=CARTESIAN_POINT('',(0.986607182965466,-0.415706591800847,1.1));
#6070=CARTESIAN_POINT('',(0.986607182965466,-0.415706591800847,1.11));
#6071=CARTESIAN_POINT('',(0.986607182965466,-0.415706591800847,1.11));
#6072=CARTESIAN_POINT('',(0.986607182965466,-0.415706591800847,1.1));
#6073=CARTESIAN_POINT('Origin',(0.986607182965466,-0.497412817200847,1.1));
#6074=CARTESIAN_POINT('',(0.986607182965466,-0.497412817200847,1.1));
#6075=CARTESIAN_POINT('',(0.986607182965466,-0.497412817200847,1.1));
#6076=CARTESIAN_POINT('',(0.986607182965466,-0.497412817200847,1.11));
#6077=CARTESIAN_POINT('',(0.986607182965466,-0.497412817200847,1.11));
#6078=CARTESIAN_POINT('',(0.986607182965466,-0.497412817200847,1.1));
#6079=CARTESIAN_POINT('Origin',(0.950614668998154,-0.497412817159266,1.1));
#6080=CARTESIAN_POINT('',(0.950614668998154,-0.497412817159266,1.1));
#6081=CARTESIAN_POINT('',(0.950614668998154,-0.497412817159266,1.1));
#6082=CARTESIAN_POINT('',(0.950614668998154,-0.497412817159266,1.11));
#6083=CARTESIAN_POINT('',(0.950614668998154,-0.497412817159266,1.11));
#6084=CARTESIAN_POINT('',(0.950614668998154,-0.497412817159266,1.1));
#6085=CARTESIAN_POINT('Ctrl Pts',(0.916988066832069,-0.681318076606056,
1.1));
#6086=CARTESIAN_POINT('Ctrl Pts',(0.916988066832069,-0.681318076606056,
1.11));
#6087=CARTESIAN_POINT('Ctrl Pts',(0.956524526156508,-0.67701596497704,1.1));
#6088=CARTESIAN_POINT('Ctrl Pts',(0.956524526156508,-0.67701596497704,1.11));
#6089=CARTESIAN_POINT('Ctrl Pts',(1.02040420362608,-0.603587567555891,1.1));
#6090=CARTESIAN_POINT('Ctrl Pts',(1.02040420362608,-0.603587567555891,1.11));
#6091=CARTESIAN_POINT('Ctrl Pts',(0.976010296986682,-0.523705262328678,
1.1));
#6092=CARTESIAN_POINT('Ctrl Pts',(0.976010296986682,-0.523705262328678,
1.11));
#6093=CARTESIAN_POINT('Ctrl Pts',(0.950614668998154,-0.497412817159266,
1.1));
#6094=CARTESIAN_POINT('Ctrl Pts',(0.950614668998154,-0.497412817159266,
1.11));
#6095=CARTESIAN_POINT('Ctrl Pts',(0.916988066832069,-0.681318076606056,
1.1));
#6096=CARTESIAN_POINT('Ctrl Pts',(0.956524526156508,-0.67701596497704,1.1));
#6097=CARTESIAN_POINT('Ctrl Pts',(1.02040420362608,-0.603587567555891,1.1));
#6098=CARTESIAN_POINT('Ctrl Pts',(0.976010296986682,-0.523705262328678,
1.1));
#6099=CARTESIAN_POINT('Ctrl Pts',(0.950614668998154,-0.497412817159266,
1.1));
#6100=CARTESIAN_POINT('Ctrl Pts',(0.916988066832069,-0.681318076606056,
1.11));
#6101=CARTESIAN_POINT('Ctrl Pts',(0.956524526156508,-0.67701596497704,1.11));
#6102=CARTESIAN_POINT('Ctrl Pts',(1.02040420362608,-0.603587567555891,1.11));
#6103=CARTESIAN_POINT('Ctrl Pts',(0.976010296986682,-0.523705262328678,
1.11));
#6104=CARTESIAN_POINT('Ctrl Pts',(0.950614668998154,-0.497412817159266,
1.11));
#6105=CARTESIAN_POINT('Origin',(0.775638555134782,-0.545454796582195,1.11));
#6106=CARTESIAN_POINT('Origin',(0.775638555134782,-0.545454796582195,1.1));
#6107=CARTESIAN_POINT('Ctrl Pts',(0.916988066865467,-1.71454756880085,1.1));
#6108=CARTESIAN_POINT('Ctrl Pts',(0.916988066865467,-1.71454756880085,1.11));
#6109=CARTESIAN_POINT('Ctrl Pts',(0.956524526156508,-1.71024545721572,1.1));
#6110=CARTESIAN_POINT('Ctrl Pts',(0.956524526156508,-1.71024545721572,1.11));
#6111=CARTESIAN_POINT('Ctrl Pts',(1.02040420362608,-1.63681705979458,1.1));
#6112=CARTESIAN_POINT('Ctrl Pts',(1.02040420362608,-1.63681705979458,1.11));
#6113=CARTESIAN_POINT('Ctrl Pts',(0.976010296986682,-1.55693475456736,1.1));
#6114=CARTESIAN_POINT('Ctrl Pts',(0.976010296986682,-1.55693475456736,1.11));
#6115=CARTESIAN_POINT('Ctrl Pts',(0.950614668998154,-1.53064230939795,1.1));
#6116=CARTESIAN_POINT('Ctrl Pts',(0.950614668998154,-1.53064230939795,1.11));
#6117=CARTESIAN_POINT('',(0.916988066865467,-1.71454756880085,1.1));
#6118=CARTESIAN_POINT('',(0.950614668965467,-1.53064230940085,1.1));
#6119=CARTESIAN_POINT('Ctrl Pts',(0.916988066865467,-1.71454756880085,1.1));
#6120=CARTESIAN_POINT('Ctrl Pts',(0.956524526156508,-1.71024545721572,1.1));
#6121=CARTESIAN_POINT('Ctrl Pts',(1.02040420362608,-1.63681705979458,1.1));
#6122=CARTESIAN_POINT('Ctrl Pts',(0.976010296986682,-1.55693475456736,1.1));
#6123=CARTESIAN_POINT('Ctrl Pts',(0.950614668998154,-1.53064230939795,1.1));
#6124=CARTESIAN_POINT('',(0.950614668965467,-1.53064230940085,1.11));
#6125=CARTESIAN_POINT('',(0.950614668965467,-1.53064230940085,1.1));
#6126=CARTESIAN_POINT('',(0.916988066865467,-1.71454756880085,1.11));
#6127=CARTESIAN_POINT('Ctrl Pts',(0.916988066865467,-1.71454756880085,1.11));
#6128=CARTESIAN_POINT('Ctrl Pts',(0.956524526156508,-1.71024545721572,1.11));
#6129=CARTESIAN_POINT('Ctrl Pts',(1.02040420362608,-1.63681705979458,1.11));
#6130=CARTESIAN_POINT('Ctrl Pts',(0.976010296986682,-1.55693475456736,1.11));
#6131=CARTESIAN_POINT('Ctrl Pts',(0.950614668998154,-1.53064230939795,1.11));
#6132=CARTESIAN_POINT('',(0.916988066865467,-1.71454756880085,1.1));
#6133=CARTESIAN_POINT('Origin',(0.556088980365467,-1.71454756880085,1.1));
#6134=CARTESIAN_POINT('',(0.556088980365467,-1.71454756880085,1.1));
#6135=CARTESIAN_POINT('',(0.556088980365467,-1.71454756880085,1.1));
#6136=CARTESIAN_POINT('',(0.556088980365467,-1.71454756880085,1.11));
#6137=CARTESIAN_POINT('',(0.556088980365467,-1.71454756880085,1.11));
#6138=CARTESIAN_POINT('',(0.556088980365467,-1.71454756880085,1.1));
#6139=CARTESIAN_POINT('Origin',(0.556088980365467,-1.63422539480085,1.1));
#6140=CARTESIAN_POINT('',(0.556088980365467,-1.63422539480085,1.1));
#6141=CARTESIAN_POINT('',(0.556088980365467,-1.63422539480085,1.1));
#6142=CARTESIAN_POINT('',(0.556088980365467,-1.63422539480085,1.11));
#6143=CARTESIAN_POINT('',(0.556088980365467,-1.63422539480085,1.11));
#6144=CARTESIAN_POINT('',(0.556088980365467,-1.63422539480085,1.1));
#6145=CARTESIAN_POINT('Origin',(0.872751796333282,-1.63422539479325,1.1));
#6146=CARTESIAN_POINT('',(0.872751796333282,-1.63422539479325,1.1));
#6147=CARTESIAN_POINT('',(0.872751796333282,-1.63422539479325,1.1));
#6148=CARTESIAN_POINT('',(0.872751796333282,-1.63422539479325,1.11));
#6149=CARTESIAN_POINT('',(0.872751796333282,-1.63422539479325,1.11));
#6150=CARTESIAN_POINT('',(0.872751796333282,-1.63422539479325,1.1));
#6151=CARTESIAN_POINT('Ctrl Pts',(0.876228154865466,-1.53064230940085,1.1));
#6152=CARTESIAN_POINT('Ctrl Pts',(0.876228154865466,-1.53064230940085,1.11));
#6153=CARTESIAN_POINT('Ctrl Pts',(0.934888450979047,-1.5320757718834,1.1));
#6154=CARTESIAN_POINT('Ctrl Pts',(0.934888450979047,-1.5320757718834,1.11));
#6155=CARTESIAN_POINT('Ctrl Pts',(0.937370445258417,-1.63526907363184,1.1));
#6156=CARTESIAN_POINT('Ctrl Pts',(0.937370445258417,-1.63526907363184,1.11));
#6157=CARTESIAN_POINT('Ctrl Pts',(0.872751796333282,-1.63422539479325,1.1));
#6158=CARTESIAN_POINT('Ctrl Pts',(0.872751796333282,-1.63422539479325,1.11));
#6159=CARTESIAN_POINT('',(0.876228154865466,-1.53064230940085,1.1));
#6160=CARTESIAN_POINT('Ctrl Pts',(0.876228154865466,-1.53064230940085,1.1));
#6161=CARTESIAN_POINT('Ctrl Pts',(0.934888450979047,-1.5320757718834,1.1));
#6162=CARTESIAN_POINT('Ctrl Pts',(0.937370445258417,-1.63526907363184,1.1));
#6163=CARTESIAN_POINT('Ctrl Pts',(0.872751796333282,-1.63422539479325,1.1));
#6164=CARTESIAN_POINT('',(0.876228154865466,-1.53064230940085,1.11));
#6165=CARTESIAN_POINT('Ctrl Pts',(0.876228154865466,-1.53064230940085,1.11));
#6166=CARTESIAN_POINT('Ctrl Pts',(0.934888450979047,-1.5320757718834,1.11));
#6167=CARTESIAN_POINT('Ctrl Pts',(0.937370445258417,-1.63526907363184,1.11));
#6168=CARTESIAN_POINT('Ctrl Pts',(0.872751796333282,-1.63422539479325,1.11));
#6169=CARTESIAN_POINT('',(0.876228154865466,-1.53064230940085,1.1));
#6170=CARTESIAN_POINT('Origin',(0.555483904165467,-1.53064230940085,1.1));
#6171=CARTESIAN_POINT('',(0.555483904165467,-1.53064230940085,1.1));
#6172=CARTESIAN_POINT('',(0.555483904165467,-1.53064230940085,1.1));
#6173=CARTESIAN_POINT('',(0.555483904165467,-1.53064230940085,1.11));
#6174=CARTESIAN_POINT('',(0.555483904165467,-1.53064230940085,1.11));
#6175=CARTESIAN_POINT('',(0.555483904165467,-1.53064230940085,1.1));
#6176=CARTESIAN_POINT('Origin',(0.555483904165467,-1.44893608410085,1.1));
#6177=CARTESIAN_POINT('',(0.555483904165467,-1.44893608410085,1.1));
#6178=CARTESIAN_POINT('',(0.555483904165467,-1.44893608410085,1.1));
#6179=CARTESIAN_POINT('',(0.555483904165467,-1.44893608410085,1.11));
#6180=CARTESIAN_POINT('',(0.555483904165467,-1.44893608410085,1.11));
#6181=CARTESIAN_POINT('',(0.555483904165467,-1.44893608410085,1.1));
#6182=CARTESIAN_POINT('Origin',(0.986607182965466,-1.44893608410085,1.1));
#6183=CARTESIAN_POINT('',(0.986607182965466,-1.44893608410085,1.1));
#6184=CARTESIAN_POINT('',(0.986607182965466,-1.44893608410085,1.1));
#6185=CARTESIAN_POINT('',(0.986607182965466,-1.44893608410085,1.11));
#6186=CARTESIAN_POINT('',(0.986607182965466,-1.44893608410085,1.11));
#6187=CARTESIAN_POINT('',(0.986607182965466,-1.44893608410085,1.1));
#6188=CARTESIAN_POINT('Origin',(0.986607182965466,-1.53064230940085,1.1));
#6189=CARTESIAN_POINT('',(0.986607182965466,-1.53064230940085,1.1));
#6190=CARTESIAN_POINT('',(0.986607182965466,-1.53064230940085,1.1));
#6191=CARTESIAN_POINT('',(0.986607182965466,-1.53064230940085,1.11));
#6192=CARTESIAN_POINT('',(0.986607182965466,-1.53064230940085,1.11));
#6193=CARTESIAN_POINT('',(0.986607182965466,-1.53064230940085,1.1));
#6194=CARTESIAN_POINT('Origin',(0.950614668965467,-1.53064230940085,1.1));
#6195=CARTESIAN_POINT('',(0.950614668965467,-1.53064230940085,1.1));
#6196=CARTESIAN_POINT('',(0.950614668965467,-1.53064230940085,1.11));
#6197=CARTESIAN_POINT('Origin',(0.775638555136071,-1.5786842888188,1.11));
#6198=CARTESIAN_POINT('Origin',(0.775638555136071,-1.5786842888188,1.1));
#6199=CARTESIAN_POINT('Ctrl Pts',(1.23805474466547,-0.190471516100846,1.1));
#6200=CARTESIAN_POINT('Ctrl Pts',(1.23805474466547,-0.190471516100846,1.11));
#6201=CARTESIAN_POINT('Ctrl Pts',(1.27414268694899,-0.12987328004354,1.1));
#6202=CARTESIAN_POINT('Ctrl Pts',(1.27414268694899,-0.12987328004354,1.11));
#6203=CARTESIAN_POINT('Ctrl Pts',(1.22510955140936,-0.0485529925100289,
1.1));
#6204=CARTESIAN_POINT('Ctrl Pts',(1.22510955140936,-0.0485529925100289,
1.11));
#6205=CARTESIAN_POINT('Ctrl Pts',(1.15998774092383,-0.0421187390361146,
1.1));
#6206=CARTESIAN_POINT('Ctrl Pts',(1.15998774092383,-0.0421187390361146,
1.11));
#6207=CARTESIAN_POINT('',(1.23805474466547,-0.190471516100846,1.1));
#6208=CARTESIAN_POINT('',(1.15998774096547,-0.042118739000845,1.1));
#6209=CARTESIAN_POINT('Ctrl Pts',(1.23805474466547,-0.190471516100846,1.1));
#6210=CARTESIAN_POINT('Ctrl Pts',(1.27414268694899,-0.12987328004354,1.1));
#6211=CARTESIAN_POINT('Ctrl Pts',(1.22510955140936,-0.0485529925100289,
1.1));
#6212=CARTESIAN_POINT('Ctrl Pts',(1.15998774092383,-0.0421187390361146,
1.1));
#6213=CARTESIAN_POINT('',(1.15998774096547,-0.042118739000845,1.11));
#6214=CARTESIAN_POINT('',(1.15998774096547,-0.042118739000845,1.1));
#6215=CARTESIAN_POINT('',(1.23805474466547,-0.190471516100846,1.11));
#6216=CARTESIAN_POINT('Ctrl Pts',(1.23805474466547,-0.190471516100846,1.11));
#6217=CARTESIAN_POINT('Ctrl Pts',(1.27414268694899,-0.12987328004354,1.11));
#6218=CARTESIAN_POINT('Ctrl Pts',(1.22510955140936,-0.0485529925100289,
1.11));
#6219=CARTESIAN_POINT('Ctrl Pts',(1.15998774092383,-0.0421187390361146,
1.11));
#6220=CARTESIAN_POINT('',(1.23805474466547,-0.190471516100846,1.1));
#6221=CARTESIAN_POINT('Origin',(1.16937071938373,-0.190471516063463,1.1));
#6222=CARTESIAN_POINT('',(1.16937071938373,-0.190471516063463,1.1));
#6223=CARTESIAN_POINT('',(1.16937071938373,-0.190471516063463,1.1));
#6224=CARTESIAN_POINT('',(1.16937071938373,-0.190471516063463,1.11));
#6225=CARTESIAN_POINT('',(1.16937071938373,-0.190471516063463,1.11));
#6226=CARTESIAN_POINT('',(1.16937071938373,-0.190471516063463,1.1));
#6227=CARTESIAN_POINT('Ctrl Pts',(1.14022634676547,-0.124117684800846,1.1));
#6228=CARTESIAN_POINT('Ctrl Pts',(1.14022634676547,-0.124117684800846,1.11));
#6229=CARTESIAN_POINT('Ctrl Pts',(1.16846829540496,-0.132347954345807,1.1));
#6230=CARTESIAN_POINT('Ctrl Pts',(1.16846829540496,-0.132347954345807,1.11));
#6231=CARTESIAN_POINT('Ctrl Pts',(1.1724999229058,-0.166051759565051,1.1));
#6232=CARTESIAN_POINT('Ctrl Pts',(1.1724999229058,-0.166051759565051,1.11));
#6233=CARTESIAN_POINT('Ctrl Pts',(1.16937071938373,-0.190471516063463,1.1));
#6234=CARTESIAN_POINT('Ctrl Pts',(1.16937071938373,-0.190471516063463,1.11));
#6235=CARTESIAN_POINT('',(1.14022634676547,-0.124117684800846,1.1));
#6236=CARTESIAN_POINT('Ctrl Pts',(1.14022634676547,-0.124117684800846,1.1));
#6237=CARTESIAN_POINT('Ctrl Pts',(1.16846829540496,-0.132347954345807,1.1));
#6238=CARTESIAN_POINT('Ctrl Pts',(1.1724999229058,-0.166051759565051,1.1));
#6239=CARTESIAN_POINT('Ctrl Pts',(1.16937071938373,-0.190471516063463,1.1));
#6240=CARTESIAN_POINT('',(1.14022634676547,-0.124117684800846,1.11));
#6241=CARTESIAN_POINT('Ctrl Pts',(1.14022634676547,-0.124117684800846,1.11));
#6242=CARTESIAN_POINT('Ctrl Pts',(1.16846829540496,-0.132347954345807,1.11));
#6243=CARTESIAN_POINT('Ctrl Pts',(1.1724999229058,-0.166051759565051,1.11));
#6244=CARTESIAN_POINT('Ctrl Pts',(1.16937071938373,-0.190471516063463,1.11));
#6245=CARTESIAN_POINT('',(1.14022634676547,-0.124117684800846,1.1));
#6246=CARTESIAN_POINT('Origin',(0.986002106765466,-0.124117684800846,1.1));
#6247=CARTESIAN_POINT('',(0.986002106765466,-0.124117684800846,1.1));
#6248=CARTESIAN_POINT('',(0.986002106765466,-0.124117684800846,1.1));
#6249=CARTESIAN_POINT('',(0.986002106765466,-0.124117684800846,1.11));
#6250=CARTESIAN_POINT('',(0.986002106765466,-0.124117684800846,1.11));
#6251=CARTESIAN_POINT('',(0.986002106765466,-0.124117684800846,1.1));
#6252=CARTESIAN_POINT('Origin',(0.986002106765466,-0.187435243600847,1.1));
#6253=CARTESIAN_POINT('',(0.986002106765466,-0.187435243600847,1.1));
#6254=CARTESIAN_POINT('',(0.986002106765466,-0.187435243600847,1.1));
#6255=CARTESIAN_POINT('',(0.986002106765466,-0.187435243600847,1.11));
#6256=CARTESIAN_POINT('',(0.986002106765466,-0.187435243600847,1.11));
#6257=CARTESIAN_POINT('',(0.986002106765466,-0.187435243600847,1.1));
#6258=CARTESIAN_POINT('Origin',(0.922723590565467,-0.187435243600847,1.1));
#6259=CARTESIAN_POINT('',(0.922723590565467,-0.187435243600847,1.1));
#6260=CARTESIAN_POINT('',(0.922723590565467,-0.187435243600847,1.1));
#6261=CARTESIAN_POINT('',(0.922723590565467,-0.187435243600847,1.11));
#6262=CARTESIAN_POINT('',(0.922723590565467,-0.187435243600847,1.11));
#6263=CARTESIAN_POINT('',(0.922723590565467,-0.187435243600847,1.1));
#6264=CARTESIAN_POINT('Origin',(0.922723590565467,-0.124117684800846,1.1));
#6265=CARTESIAN_POINT('',(0.922723590565467,-0.124117684800846,1.1));
#6266=CARTESIAN_POINT('',(0.922723590565467,-0.124117684800846,1.1));
#6267=CARTESIAN_POINT('',(0.922723590565467,-0.124117684800846,1.11));
#6268=CARTESIAN_POINT('',(0.922723590565467,-0.124117684800846,1.11));
#6269=CARTESIAN_POINT('',(0.922723590565467,-0.124117684800846,1.1));
#6270=CARTESIAN_POINT('Origin',(0.555483904165467,-0.124117684800845,1.1));
#6271=CARTESIAN_POINT('',(0.555483904165467,-0.124117684800845,1.1));
#6272=CARTESIAN_POINT('',(0.555483904165467,-0.124117684800845,1.1));
#6273=CARTESIAN_POINT('',(0.555483904165467,-0.124117684800845,1.11));
#6274=CARTESIAN_POINT('',(0.555483904165467,-0.124117684800845,1.11));
#6275=CARTESIAN_POINT('',(0.555483904165467,-0.124117684800845,1.1));
#6276=CARTESIAN_POINT('Origin',(0.555483904165467,-0.0421187390008449,1.1));
#6277=CARTESIAN_POINT('',(0.555483904165467,-0.0421187390008449,1.1));
#6278=CARTESIAN_POINT('',(0.555483904165467,-0.0421187390008449,1.1));
#6279=CARTESIAN_POINT('',(0.555483904165467,-0.0421187390008449,1.11));
#6280=CARTESIAN_POINT('',(0.555483904165467,-0.0421187390008449,1.11));
#6281=CARTESIAN_POINT('',(0.555483904165467,-0.0421187390008449,1.1));
#6282=CARTESIAN_POINT('Origin',(0.922723590565467,-0.042118739000845,1.1));
#6283=CARTESIAN_POINT('',(0.922723590565467,-0.042118739000845,1.1));
#6284=CARTESIAN_POINT('',(0.922723590565467,-0.042118739000845,1.1));
#6285=CARTESIAN_POINT('',(0.922723590565467,-0.042118739000845,1.11));
#6286=CARTESIAN_POINT('',(0.922723590565467,-0.042118739000845,1.11));
#6287=CARTESIAN_POINT('',(0.922723590565467,-0.042118739000845,1.1));
#6288=CARTESIAN_POINT('Origin',(0.922723590565467,0.00106769239915382,1.1));
#6289=CARTESIAN_POINT('',(0.922723590565467,0.00106769239915382,1.1));
#6290=CARTESIAN_POINT('',(0.922723590565467,0.00106769239915382,1.1));
#6291=CARTESIAN_POINT('',(0.922723590565467,0.00106769239915382,1.11));
#6292=CARTESIAN_POINT('',(0.922723590565467,0.00106769239915382,1.11));
#6293=CARTESIAN_POINT('',(0.922723590565467,0.00106769239915382,1.1));
#6294=CARTESIAN_POINT('Origin',(0.986002106765466,0.0010676923991538,1.1));
#6295=CARTESIAN_POINT('',(0.986002106765466,0.0010676923991538,1.1));
#6296=CARTESIAN_POINT('',(0.986002106765466,0.0010676923991538,1.1));
#6297=CARTESIAN_POINT('',(0.986002106765466,0.00106769239915381,1.11));
#6298=CARTESIAN_POINT('',(0.986002106765466,0.0010676923991538,1.11));
#6299=CARTESIAN_POINT('',(0.986002106765466,0.0010676923991538,1.1));
#6300=CARTESIAN_POINT('Origin',(0.986002106765466,-0.042118739000845,1.1));
#6301=CARTESIAN_POINT('',(0.986002106765466,-0.042118739000845,1.1));
#6302=CARTESIAN_POINT('',(0.986002106765466,-0.042118739000845,1.1));
#6303=CARTESIAN_POINT('',(0.986002106765466,-0.042118739000845,1.11));
#6304=CARTESIAN_POINT('',(0.986002106765466,-0.042118739000845,1.11));
#6305=CARTESIAN_POINT('',(0.986002106765466,-0.042118739000845,1.1));
#6306=CARTESIAN_POINT('Origin',(1.15998774096547,-0.042118739000845,1.1));
#6307=CARTESIAN_POINT('',(1.15998774096547,-0.042118739000845,1.1));
#6308=CARTESIAN_POINT('',(1.15998774096547,-0.042118739000845,1.11));
#6309=CARTESIAN_POINT('Origin',(0.917897672198627,-0.0946745718204283,1.11));
#6310=CARTESIAN_POINT('Origin',(0.917897672198627,-0.0946745718204283,1.1));
#6311=CARTESIAN_POINT('Origin',(0.818598329765467,-0.952172672100847,1.1));
#6312=CARTESIAN_POINT('',(0.818598329765467,-0.952172672100847,1.1));
#6313=CARTESIAN_POINT('',(0.854737588925531,-0.952172672131044,1.1));
#6314=CARTESIAN_POINT('',(0.782618928134898,-0.952172672100846,1.1));
#6315=CARTESIAN_POINT('',(0.818598329765467,-0.952172672100847,1.11));
#6316=CARTESIAN_POINT('',(0.818598329765467,-0.952172672100847,1.1));
#6317=CARTESIAN_POINT('',(0.854737588925531,-0.952172672131044,1.11));
#6318=CARTESIAN_POINT('',(0.782618928134898,-0.952172672100846,1.11));
#6319=CARTESIAN_POINT('',(0.854737588925531,-0.952172672131044,1.1));
#6320=CARTESIAN_POINT('Origin',(0.818598329765467,-0.828311115100846,1.1));
#6321=CARTESIAN_POINT('',(0.818598329765467,-0.828311115100846,1.1));
#6322=CARTESIAN_POINT('',(0.818598329765467,-0.860959066721557,1.1));
#6323=CARTESIAN_POINT('',(0.818598329765467,-0.828311115100846,1.11));
#6324=CARTESIAN_POINT('',(0.818598329765467,-0.828311115100846,1.1));
#6325=CARTESIAN_POINT('',(0.818598329765467,-0.860959066721557,1.11));
#6326=CARTESIAN_POINT('Origin',(0.851776754892935,-0.828311115100807,1.1));
#6327=CARTESIAN_POINT('',(0.851776754892935,-0.828311115100807,1.1));
#6328=CARTESIAN_POINT('',(0.799208140698517,-0.828311115100992,1.1));
#6329=CARTESIAN_POINT('',(0.851776754892935,-0.828311115100807,1.11));
#6330=CARTESIAN_POINT('',(0.851776754892935,-0.828311115100807,1.1));
#6331=CARTESIAN_POINT('',(0.799208140698517,-0.828311115100992,1.11));
#6332=CARTESIAN_POINT('Ctrl Pts',(0.854737588925531,-0.952172672131044,
1.1));
#6333=CARTESIAN_POINT('Ctrl Pts',(0.854737588925531,-0.952172672131044,
1.11));
#6334=CARTESIAN_POINT('Ctrl Pts',(0.875054199536091,-0.947881565438483,
1.1));
#6335=CARTESIAN_POINT('Ctrl Pts',(0.875054199536091,-0.947881565438483,
1.11));
#6336=CARTESIAN_POINT('Ctrl Pts',(0.923150054681069,-0.940294021421906,
1.1));
#6337=CARTESIAN_POINT('Ctrl Pts',(0.923150054681069,-0.940294021421906,
1.11));
#6338=CARTESIAN_POINT('Ctrl Pts',(0.938638680556262,-0.854131904346906,
1.1));
#6339=CARTESIAN_POINT('Ctrl Pts',(0.938638680556262,-0.854131904346906,
1.11));
#6340=CARTESIAN_POINT('Ctrl Pts',(0.877947881482411,-0.831370793733079,
1.1));
#6341=CARTESIAN_POINT('Ctrl Pts',(0.877947881482411,-0.831370793733079,
1.11));
#6342=CARTESIAN_POINT('Ctrl Pts',(0.851776754892935,-0.828311115100807,
1.1));
#6343=CARTESIAN_POINT('Ctrl Pts',(0.851776754892935,-0.828311115100807,
1.11));
#6344=CARTESIAN_POINT('Ctrl Pts',(0.854737588925531,-0.952172672131044,
1.1));
#6345=CARTESIAN_POINT('Ctrl Pts',(0.875054199536091,-0.947881565438483,
1.1));
#6346=CARTESIAN_POINT('Ctrl Pts',(0.923150054681069,-0.940294021421906,
1.1));
#6347=CARTESIAN_POINT('Ctrl Pts',(0.938638680556262,-0.854131904346906,
1.1));
#6348=CARTESIAN_POINT('Ctrl Pts',(0.877947881482411,-0.831370793733079,
1.1));
#6349=CARTESIAN_POINT('Ctrl Pts',(0.851776754892935,-0.828311115100807,
1.1));
#6350=CARTESIAN_POINT('Ctrl Pts',(0.851776754892935,-0.828311115100807,
1.11));
#6351=CARTESIAN_POINT('Ctrl Pts',(0.877947881482411,-0.831370793733079,
1.11));
#6352=CARTESIAN_POINT('Ctrl Pts',(0.938638680556262,-0.854131904346906,
1.11));
#6353=CARTESIAN_POINT('Ctrl Pts',(0.923150054681069,-0.940294021421906,
1.11));
#6354=CARTESIAN_POINT('Ctrl Pts',(0.875054199536091,-0.947881565438483,
1.11));
#6355=CARTESIAN_POINT('Ctrl Pts',(0.854737588925531,-0.952172672131044,
1.11));
#6356=CARTESIAN_POINT('Ctrl Pts',(0.697280609465467,-0.951170537800847,
1.1));
#6357=CARTESIAN_POINT('Ctrl Pts',(0.697280609465467,-0.951170537800847,
1.11));
#6358=CARTESIAN_POINT('Ctrl Pts',(0.676183111530495,-0.948061032666701,
1.1));
#6359=CARTESIAN_POINT('Ctrl Pts',(0.676183111530495,-0.948061032666701,
1.11));
#6360=CARTESIAN_POINT('Ctrl Pts',(0.61821028483565,-0.950718203183824,1.1));
#6361=CARTESIAN_POINT('Ctrl Pts',(0.61821028483565,-0.950718203183824,1.11));
#6362=CARTESIAN_POINT('Ctrl Pts',(0.6006961030026,-0.846272370797994,1.1));
#6363=CARTESIAN_POINT('Ctrl Pts',(0.6006961030026,-0.846272370797994,1.11));
#6364=CARTESIAN_POINT('Ctrl Pts',(0.670537027912996,-0.82833898747913,1.1));
#6365=CARTESIAN_POINT('Ctrl Pts',(0.670537027912996,-0.82833898747913,1.11));
#6366=CARTESIAN_POINT('Ctrl Pts',(0.697280609453679,-0.826114114147536,
1.1));
#6367=CARTESIAN_POINT('Ctrl Pts',(0.697280609453679,-0.826114114147536,
1.11));
#6368=CARTESIAN_POINT('',(0.697280609465467,-0.951170537800847,1.1));
#6369=CARTESIAN_POINT('',(0.697280609465467,-0.826114114100847,1.1));
#6370=CARTESIAN_POINT('Ctrl Pts',(0.697280609465467,-0.951170537800847,
1.1));
#6371=CARTESIAN_POINT('Ctrl Pts',(0.676183111530495,-0.948061032666701,
1.1));
#6372=CARTESIAN_POINT('Ctrl Pts',(0.61821028483565,-0.950718203183824,1.1));
#6373=CARTESIAN_POINT('Ctrl Pts',(0.6006961030026,-0.846272370797994,1.1));
#6374=CARTESIAN_POINT('Ctrl Pts',(0.670537027912996,-0.82833898747913,1.1));
#6375=CARTESIAN_POINT('Ctrl Pts',(0.697280609453679,-0.826114114147536,
1.1));
#6376=CARTESIAN_POINT('',(0.697280609465467,-0.826114114100847,1.11));
#6377=CARTESIAN_POINT('',(0.697280609465467,-0.826114114100847,1.1));
#6378=CARTESIAN_POINT('',(0.697280609465467,-0.951170537800847,1.11));
#6379=CARTESIAN_POINT('Ctrl Pts',(0.697280609465467,-0.951170537800847,
1.11));
#6380=CARTESIAN_POINT('Ctrl Pts',(0.676183111530495,-0.948061032666701,
1.11));
#6381=CARTESIAN_POINT('Ctrl Pts',(0.61821028483565,-0.950718203183824,1.11));
#6382=CARTESIAN_POINT('Ctrl Pts',(0.6006961030026,-0.846272370797994,1.11));
#6383=CARTESIAN_POINT('Ctrl Pts',(0.670537027912996,-0.82833898747913,1.11));
#6384=CARTESIAN_POINT('Ctrl Pts',(0.697280609453679,-0.826114114147536,
1.11));
#6385=CARTESIAN_POINT('',(0.697280609465467,-0.951170537800847,1.1));
#6386=CARTESIAN_POINT('Origin',(0.697280609465467,-1.02136481300085,1.1));
#6387=CARTESIAN_POINT('',(0.697280609465467,-1.02136481300085,1.1));
#6388=CARTESIAN_POINT('',(0.697280609465467,-1.02136481300085,1.1));
#6389=CARTESIAN_POINT('',(0.697280609465467,-1.02136481300085,1.11));
#6390=CARTESIAN_POINT('',(0.697280609465467,-1.02136481300085,1.11));
#6391=CARTESIAN_POINT('',(0.697280609465467,-1.02136481300085,1.1));
#6392=CARTESIAN_POINT('Origin',(0.657160553266462,-1.02136481300085,1.1));
#6393=CARTESIAN_POINT('',(0.657160553266462,-1.02136481300085,1.1));
#6394=CARTESIAN_POINT('',(0.657160553266462,-1.02136481300085,1.1));
#6395=CARTESIAN_POINT('',(0.657160553266462,-1.02136481300085,1.11));
#6396=CARTESIAN_POINT('',(0.657160553266462,-1.02136481300085,1.11));
#6397=CARTESIAN_POINT('',(0.657160553266462,-1.02136481300085,1.1));
#6398=CARTESIAN_POINT('Ctrl Pts',(0.707806465965467,-0.755696271500847,
1.1));
#6399=CARTESIAN_POINT('Ctrl Pts',(0.707806465965467,-0.755696271500847,
1.11));
#6400=CARTESIAN_POINT('Ctrl Pts',(0.655511395454044,-0.756766682695998,
1.1));
#6401=CARTESIAN_POINT('Ctrl Pts',(0.655511395454044,-0.756766682695998,
1.11));
#6402=CARTESIAN_POINT('Ctrl Pts',(0.562986821014917,-0.787720907175313,
1.1));
#6403=CARTESIAN_POINT('Ctrl Pts',(0.562986821014917,-0.787720907175313,
1.11));
#6404=CARTESIAN_POINT('Ctrl Pts',(0.53503973712269,-0.890279833226165,1.1));
#6405=CARTESIAN_POINT('Ctrl Pts',(0.53503973712269,-0.890279833226165,1.11));
#6406=CARTESIAN_POINT('Ctrl Pts',(0.557307203072101,-0.972663712510094,
1.1));
#6407=CARTESIAN_POINT('Ctrl Pts',(0.557307203072101,-0.972663712510094,
1.11));
#6408=CARTESIAN_POINT('Ctrl Pts',(0.609313411916348,-1.01425676244912,1.1));
#6409=CARTESIAN_POINT('Ctrl Pts',(0.609313411916348,-1.01425676244912,1.11));
#6410=CARTESIAN_POINT('Ctrl Pts',(0.657160553266462,-1.02136481300085,1.1));
#6411=CARTESIAN_POINT('Ctrl Pts',(0.657160553266462,-1.02136481300085,1.11));
#6412=CARTESIAN_POINT('',(0.707806465965467,-0.755696271500847,1.1));
#6413=CARTESIAN_POINT('Ctrl Pts',(0.707806465965467,-0.755696271500847,
1.1));
#6414=CARTESIAN_POINT('Ctrl Pts',(0.655511395454044,-0.756766682695998,
1.1));
#6415=CARTESIAN_POINT('Ctrl Pts',(0.562986821014917,-0.787720907175313,
1.1));
#6416=CARTESIAN_POINT('Ctrl Pts',(0.53503973712269,-0.890279833226165,1.1));
#6417=CARTESIAN_POINT('Ctrl Pts',(0.557307203072101,-0.972663712510094,
1.1));
#6418=CARTESIAN_POINT('Ctrl Pts',(0.609313411916348,-1.01425676244912,1.1));
#6419=CARTESIAN_POINT('Ctrl Pts',(0.657160553266462,-1.02136481300085,1.1));
#6420=CARTESIAN_POINT('',(0.707806465965467,-0.755696271500847,1.11));
#6421=CARTESIAN_POINT('Ctrl Pts',(0.707806465965467,-0.755696271500847,
1.11));
#6422=CARTESIAN_POINT('Ctrl Pts',(0.655511395454044,-0.756766682695998,
1.11));
#6423=CARTESIAN_POINT('Ctrl Pts',(0.562986821014917,-0.787720907175313,
1.11));
#6424=CARTESIAN_POINT('Ctrl Pts',(0.53503973712269,-0.890279833226165,1.11));
#6425=CARTESIAN_POINT('Ctrl Pts',(0.557307203072101,-0.972663712510094,
1.11));
#6426=CARTESIAN_POINT('Ctrl Pts',(0.609313411916348,-1.01425676244912,1.11));
#6427=CARTESIAN_POINT('Ctrl Pts',(0.657160553266462,-1.02136481300085,1.11));
#6428=CARTESIAN_POINT('',(0.707806465965467,-0.755696271500847,1.1));
#6429=CARTESIAN_POINT('Origin',(0.818598329798631,-0.755696271496067,1.1));
#6430=CARTESIAN_POINT('',(0.818598329798631,-0.755696271496067,1.1));
#6431=CARTESIAN_POINT('',(0.818598329798631,-0.755696271496067,1.1));
#6432=CARTESIAN_POINT('',(0.818598329798631,-0.755696271496067,1.11));
#6433=CARTESIAN_POINT('',(0.818598329798631,-0.755696271496067,1.11));
#6434=CARTESIAN_POINT('',(0.818598329798631,-0.755696271496067,1.1));
#6435=CARTESIAN_POINT('Ctrl Pts',(0.809749997965467,-1.02814766660084,1.1));
#6436=CARTESIAN_POINT('Ctrl Pts',(0.809749997965467,-1.02814766660084,1.11));
#6437=CARTESIAN_POINT('Ctrl Pts',(0.854661900714028,-1.02754876772052,1.1));
#6438=CARTESIAN_POINT('Ctrl Pts',(0.854661900714028,-1.02754876772052,1.11));
#6439=CARTESIAN_POINT('Ctrl Pts',(0.932248055590349,-1.01829473307805,1.1));
#6440=CARTESIAN_POINT('Ctrl Pts',(0.932248055590349,-1.01829473307805,1.11));
#6441=CARTESIAN_POINT('Ctrl Pts',(1.00003999727432,-0.938508790657174,1.1));
#6442=CARTESIAN_POINT('Ctrl Pts',(1.00003999727432,-0.938508790657174,1.11));
#6443=CARTESIAN_POINT('Ctrl Pts',(0.998608077647902,-0.86083566345391,1.1));
#6444=CARTESIAN_POINT('Ctrl Pts',(0.998608077647902,-0.86083566345391,1.11));
#6445=CARTESIAN_POINT('Ctrl Pts',(0.944757167946651,-0.776984718320685,
1.1));
#6446=CARTESIAN_POINT('Ctrl Pts',(0.944757167946651,-0.776984718320685,
1.11));
#6447=CARTESIAN_POINT('Ctrl Pts',(0.867400663815146,-0.754914447873843,
1.1));
#6448=CARTESIAN_POINT('Ctrl Pts',(0.867400663815146,-0.754914447873843,
1.11));
#6449=CARTESIAN_POINT('Ctrl Pts',(0.818598329798631,-0.755696271496067,
1.1));
#6450=CARTESIAN_POINT('Ctrl Pts',(0.818598329798631,-0.755696271496067,
1.11));
#6451=CARTESIAN_POINT('',(0.809749997965467,-1.02814766660084,1.1));
#6452=CARTESIAN_POINT('Ctrl Pts',(0.809749997965467,-1.02814766660084,1.1));
#6453=CARTESIAN_POINT('Ctrl Pts',(0.854661900714028,-1.02754876772052,1.1));
#6454=CARTESIAN_POINT('Ctrl Pts',(0.932248055590349,-1.01829473307805,1.1));
#6455=CARTESIAN_POINT('Ctrl Pts',(1.00003999727432,-0.938508790657174,1.1));
#6456=CARTESIAN_POINT('Ctrl Pts',(0.998608077647902,-0.86083566345391,1.1));
#6457=CARTESIAN_POINT('Ctrl Pts',(0.944757167946651,-0.776984718320685,
1.1));
#6458=CARTESIAN_POINT('Ctrl Pts',(0.867400663815146,-0.754914447873843,
1.1));
#6459=CARTESIAN_POINT('Ctrl Pts',(0.818598329798631,-0.755696271496067,
1.1));
#6460=CARTESIAN_POINT('',(0.809749997965467,-1.02814766660084,1.11));
#6461=CARTESIAN_POINT('Ctrl Pts',(0.809749997965467,-1.02814766660084,1.11));
#6462=CARTESIAN_POINT('Ctrl Pts',(0.854661900714028,-1.02754876772052,1.11));
#6463=CARTESIAN_POINT('Ctrl Pts',(0.932248055590349,-1.01829473307805,1.11));
#6464=CARTESIAN_POINT('Ctrl Pts',(1.00003999727432,-0.938508790657174,1.11));
#6465=CARTESIAN_POINT('Ctrl Pts',(0.998608077647902,-0.86083566345391,1.11));
#6466=CARTESIAN_POINT('Ctrl Pts',(0.944757167946651,-0.776984718320685,
1.11));
#6467=CARTESIAN_POINT('Ctrl Pts',(0.867400663815146,-0.754914447873843,
1.11));
#6468=CARTESIAN_POINT('Ctrl Pts',(0.818598329798631,-0.755696271496067,
1.11));
#6469=CARTESIAN_POINT('',(0.809749997965467,-1.02814766660084,1.1));
#6470=CARTESIAN_POINT('Origin',(0.752730155765467,-1.02814766660084,1.1));
#6471=CARTESIAN_POINT('',(0.752730155765467,-1.02814766660084,1.1));
#6472=CARTESIAN_POINT('',(0.752730155765467,-1.02814766660084,1.1));
#6473=CARTESIAN_POINT('',(0.752730155765467,-1.02814766660084,1.11));
#6474=CARTESIAN_POINT('',(0.752730155765467,-1.02814766660084,1.11));
#6475=CARTESIAN_POINT('',(0.752730155765467,-1.02814766660084,1.1));
#6476=CARTESIAN_POINT('Origin',(0.752730155765467,-0.826114114100847,1.1));
#6477=CARTESIAN_POINT('',(0.752730155765467,-0.826114114100847,1.1));
#6478=CARTESIAN_POINT('',(0.752730155765467,-0.826114114100847,1.1));
#6479=CARTESIAN_POINT('',(0.752730155765467,-0.826114114100847,1.11));
#6480=CARTESIAN_POINT('',(0.752730155765467,-0.826114114100847,1.11));
#6481=CARTESIAN_POINT('',(0.752730155765467,-0.826114114100847,1.1));
#6482=CARTESIAN_POINT('Origin',(0.697280609465467,-0.826114114100847,1.1));
#6483=CARTESIAN_POINT('',(0.697280609465467,-0.826114114100847,1.1));
#6484=CARTESIAN_POINT('',(0.697280609465467,-0.826114114100847,1.11));
#6485=CARTESIAN_POINT('Origin',(0.74663952650433,-0.893607018342269,1.11));
#6486=CARTESIAN_POINT('Origin',(0.74663952650433,-0.893607018342269,1.1));
#6487=CARTESIAN_POINT('Ctrl Pts',(0.829306476465467,-1.30215526840085,1.1));
#6488=CARTESIAN_POINT('Ctrl Pts',(0.829306476465467,-1.30215526840085,1.11));
#6489=CARTESIAN_POINT('Ctrl Pts',(0.856066754215855,-1.29750560525921,1.1));
#6490=CARTESIAN_POINT('Ctrl Pts',(0.856066754215855,-1.29750560525921,1.11));
#6491=CARTESIAN_POINT('Ctrl Pts',(0.924232614560571,-1.28540732926239,1.1));
#6492=CARTESIAN_POINT('Ctrl Pts',(0.924232614560571,-1.28540732926239,1.11));
#6493=CARTESIAN_POINT('Ctrl Pts',(0.927294785691846,-1.21626175205832,1.1));
#6494=CARTESIAN_POINT('Ctrl Pts',(0.927294785691846,-1.21626175205832,1.11));
#6495=CARTESIAN_POINT('Ctrl Pts',(0.889845560835129,-1.18055400857528,1.1));
#6496=CARTESIAN_POINT('Ctrl Pts',(0.889845560835129,-1.18055400857528,1.11));
#6497=CARTESIAN_POINT('Ctrl Pts',(0.854222507231963,-1.17265530191386,1.1));
#6498=CARTESIAN_POINT('Ctrl Pts',(0.854222507231963,-1.17265530191386,1.11));
#6499=CARTESIAN_POINT('Ctrl Pts',(0.82930647645531,-1.16973310135097,1.1));
#6500=CARTESIAN_POINT('Ctrl Pts',(0.82930647645531,-1.16973310135097,1.11));
#6501=CARTESIAN_POINT('',(0.829306476465467,-1.30215526840085,1.1));
#6502=CARTESIAN_POINT('',(0.829306476465467,-1.16973310140085,1.1));
#6503=CARTESIAN_POINT('Ctrl Pts',(0.829306476465467,-1.30215526840085,1.1));
#6504=CARTESIAN_POINT('Ctrl Pts',(0.856066754215855,-1.29750560525921,1.1));
#6505=CARTESIAN_POINT('Ctrl Pts',(0.924232614560571,-1.28540732926239,1.1));
#6506=CARTESIAN_POINT('Ctrl Pts',(0.927294785691846,-1.21626175205832,1.1));
#6507=CARTESIAN_POINT('Ctrl Pts',(0.889845560835129,-1.18055400857528,1.1));
#6508=CARTESIAN_POINT('Ctrl Pts',(0.854222507231963,-1.17265530191386,1.1));
#6509=CARTESIAN_POINT('Ctrl Pts',(0.82930647645531,-1.16973310135097,1.1));
#6510=CARTESIAN_POINT('',(0.829306476465467,-1.30215526840085,1.11));
#6511=CARTESIAN_POINT('',(0.829306476465467,-1.30215526840085,1.1));
#6512=CARTESIAN_POINT('',(0.829306476465467,-1.16973310140085,1.11));
#6513=CARTESIAN_POINT('Ctrl Pts',(0.82930647645531,-1.16973310135097,1.11));
#6514=CARTESIAN_POINT('Ctrl Pts',(0.854222507231963,-1.17265530191386,1.11));
#6515=CARTESIAN_POINT('Ctrl Pts',(0.889845560835129,-1.18055400857528,1.11));
#6516=CARTESIAN_POINT('Ctrl Pts',(0.927294785691846,-1.21626175205832,1.11));
#6517=CARTESIAN_POINT('Ctrl Pts',(0.924232614560571,-1.28540732926239,1.11));
#6518=CARTESIAN_POINT('Ctrl Pts',(0.856066754215855,-1.29750560525921,1.11));
#6519=CARTESIAN_POINT('Ctrl Pts',(0.829306476465467,-1.30215526840085,1.11));
#6520=CARTESIAN_POINT('',(0.829306476465467,-1.16973310140085,1.1));
#6521=CARTESIAN_POINT('Origin',(0.707806465986119,-1.30215526840328,1.1));
#6522=CARTESIAN_POINT('',(0.707806465986119,-1.30215526840328,1.1));
#6523=CARTESIAN_POINT('',(0.737783902158333,-1.30215526840148,1.1));
#6524=CARTESIAN_POINT('',(0.707806465986119,-1.30215526840328,1.11));
#6525=CARTESIAN_POINT('',(0.707806465986119,-1.30215526840328,1.1));
#6526=CARTESIAN_POINT('',(0.737783902158333,-1.30215526840148,1.11));
#6527=CARTESIAN_POINT('Ctrl Pts',(0.707806465965467,-1.16973310140085,1.1));
#6528=CARTESIAN_POINT('Ctrl Pts',(0.707806465965467,-1.16973310140085,1.11));
#6529=CARTESIAN_POINT('Ctrl Pts',(0.682133235700656,-1.17547201788442,1.1));
#6530=CARTESIAN_POINT('Ctrl Pts',(0.682133235700656,-1.17547201788442,1.11));
#6531=CARTESIAN_POINT('Ctrl Pts',(0.605365434109212,-1.18774650076965,1.1));
#6532=CARTESIAN_POINT('Ctrl Pts',(0.605365434109212,-1.18774650076965,1.11));
#6533=CARTESIAN_POINT('Ctrl Pts',(0.620348811332512,-1.28569384409371,1.1));
#6534=CARTESIAN_POINT('Ctrl Pts',(0.620348811332512,-1.28569384409371,1.11));
#6535=CARTESIAN_POINT('Ctrl Pts',(0.678508067358609,-1.29930626387192,1.1));
#6536=CARTESIAN_POINT('Ctrl Pts',(0.678508067358609,-1.29930626387192,1.11));
#6537=CARTESIAN_POINT('Ctrl Pts',(0.707806465986119,-1.30215526840328,1.1));
#6538=CARTESIAN_POINT('Ctrl Pts',(0.707806465986119,-1.30215526840328,1.11));
#6539=CARTESIAN_POINT('',(0.707806465965467,-1.16973310140085,1.1));
#6540=CARTESIAN_POINT('Ctrl Pts',(0.707806465965467,-1.16973310140085,1.1));
#6541=CARTESIAN_POINT('Ctrl Pts',(0.682133235700656,-1.17547201788442,1.1));
#6542=CARTESIAN_POINT('Ctrl Pts',(0.605365434109212,-1.18774650076965,1.1));
#6543=CARTESIAN_POINT('Ctrl Pts',(0.620348811332512,-1.28569384409371,1.1));
#6544=CARTESIAN_POINT('Ctrl Pts',(0.678508067358609,-1.29930626387192,1.1));
#6545=CARTESIAN_POINT('Ctrl Pts',(0.707806465986119,-1.30215526840328,1.1));
#6546=CARTESIAN_POINT('',(0.707806465965467,-1.16973310140085,1.11));
#6547=CARTESIAN_POINT('',(0.707806465965467,-1.16973310140085,1.1));
#6548=CARTESIAN_POINT('Ctrl Pts',(0.707806465986119,-1.30215526840328,1.11));
#6549=CARTESIAN_POINT('Ctrl Pts',(0.678508067358609,-1.29930626387192,1.11));
#6550=CARTESIAN_POINT('Ctrl Pts',(0.620348811332512,-1.28569384409371,1.11));
#6551=CARTESIAN_POINT('Ctrl Pts',(0.605365434109212,-1.18774650076965,1.11));
#6552=CARTESIAN_POINT('Ctrl Pts',(0.682133235700656,-1.17547201788442,1.11));
#6553=CARTESIAN_POINT('Ctrl Pts',(0.707806465965467,-1.16973310140085,1.11));
#6554=CARTESIAN_POINT('Origin',(0.829306476465467,-1.16973310140085,1.1));
#6555=CARTESIAN_POINT('',(0.798533907395984,-1.16973310140085,1.1));
#6556=CARTESIAN_POINT('',(0.798533907395984,-1.16973310140085,1.11));
#6557=CARTESIAN_POINT('Ctrl Pts',(0.713767843665467,-1.09133353970084,1.1));
#6558=CARTESIAN_POINT('Ctrl Pts',(0.713767843665467,-1.09133353970084,1.11));
#6559=CARTESIAN_POINT('Ctrl Pts',(0.675502101196199,-1.09715068682682,1.1));
#6560=CARTESIAN_POINT('Ctrl Pts',(0.675502101196199,-1.09715068682682,1.11));
#6561=CARTESIAN_POINT('Ctrl Pts',(0.605830523793121,-1.10446840722009,1.1));
#6562=CARTESIAN_POINT('Ctrl Pts',(0.605830523793121,-1.10446840722009,1.11));
#6563=CARTESIAN_POINT('Ctrl Pts',(0.543278645148346,-1.18476459054331,1.1));
#6564=CARTESIAN_POINT('Ctrl Pts',(0.543278645148346,-1.18476459054331,1.11));
#6565=CARTESIAN_POINT('Ctrl Pts',(0.533014540334929,-1.27132948762319,1.1));
#6566=CARTESIAN_POINT('Ctrl Pts',(0.533014540334929,-1.27132948762319,1.11));
#6567=CARTESIAN_POINT('Ctrl Pts',(0.602907629772234,-1.35745713564906,1.1));
#6568=CARTESIAN_POINT('Ctrl Pts',(0.602907629772234,-1.35745713564906,1.11));
#6569=CARTESIAN_POINT('Ctrl Pts',(0.674815831175738,-1.3834774956801,1.1));
#6570=CARTESIAN_POINT('Ctrl Pts',(0.674815831175738,-1.3834774956801,1.11));
#6571=CARTESIAN_POINT('Ctrl Pts',(0.728524802972589,-1.37928294875305,1.1));
#6572=CARTESIAN_POINT('Ctrl Pts',(0.728524802972589,-1.37928294875305,1.11));
#6573=CARTESIAN_POINT('',(0.713767843665467,-1.09133353970084,1.1));
#6574=CARTESIAN_POINT('',(0.728524802965467,-1.37928294880085,1.1));
#6575=CARTESIAN_POINT('Ctrl Pts',(0.713767843665467,-1.09133353970084,1.1));
#6576=CARTESIAN_POINT('Ctrl Pts',(0.675502101196199,-1.09715068682682,1.1));
#6577=CARTESIAN_POINT('Ctrl Pts',(0.605830523793121,-1.10446840722009,1.1));
#6578=CARTESIAN_POINT('Ctrl Pts',(0.543278645148346,-1.18476459054331,1.1));
#6579=CARTESIAN_POINT('Ctrl Pts',(0.533014540334929,-1.27132948762319,1.1));
#6580=CARTESIAN_POINT('Ctrl Pts',(0.602907629772234,-1.35745713564906,1.1));
#6581=CARTESIAN_POINT('Ctrl Pts',(0.674815831175738,-1.3834774956801,1.1));
#6582=CARTESIAN_POINT('Ctrl Pts',(0.728524802972589,-1.37928294875305,1.1));
#6583=CARTESIAN_POINT('',(0.728524802965467,-1.37928294880085,1.11));
#6584=CARTESIAN_POINT('',(0.728524802965467,-1.37928294880085,1.1));
#6585=CARTESIAN_POINT('',(0.713767843665467,-1.09133353970084,1.11));
#6586=CARTESIAN_POINT('Ctrl Pts',(0.713767843665467,-1.09133353970084,1.11));
#6587=CARTESIAN_POINT('Ctrl Pts',(0.675502101196199,-1.09715068682682,1.11));
#6588=CARTESIAN_POINT('Ctrl Pts',(0.605830523793121,-1.10446840722009,1.11));
#6589=CARTESIAN_POINT('Ctrl Pts',(0.543278645148346,-1.18476459054331,1.11));
#6590=CARTESIAN_POINT('Ctrl Pts',(0.533014540334929,-1.27132948762319,1.11));
#6591=CARTESIAN_POINT('Ctrl Pts',(0.602907629772234,-1.35745713564906,1.11));
#6592=CARTESIAN_POINT('Ctrl Pts',(0.674815831175738,-1.3834774956801,1.11));
#6593=CARTESIAN_POINT('Ctrl Pts',(0.728524802972589,-1.37928294875305,1.11));
#6594=CARTESIAN_POINT('',(0.713767843665467,-1.09133353970084,1.1));
#6595=CARTESIAN_POINT('Origin',(0.834269177146739,-1.09133353969841,1.1));
#6596=CARTESIAN_POINT('',(0.834269177146739,-1.09133353969841,1.1));
#6597=CARTESIAN_POINT('',(0.834269177146739,-1.09133353969841,1.1));
#6598=CARTESIAN_POINT('',(0.834269177146739,-1.09133353969841,1.11));
#6599=CARTESIAN_POINT('',(0.834269177146739,-1.09133353969841,1.11));
#6600=CARTESIAN_POINT('',(0.834269177146739,-1.09133353969841,1.1));
#6601=CARTESIAN_POINT('Ctrl Pts',(0.818598329765467,-1.37928294880085,1.1));
#6602=CARTESIAN_POINT('Ctrl Pts',(0.818598329765467,-1.37928294880085,1.11));
#6603=CARTESIAN_POINT('Ctrl Pts',(0.872482669558245,-1.38261745731881,1.1));
#6604=CARTESIAN_POINT('Ctrl Pts',(0.872482669558245,-1.38261745731881,1.11));
#6605=CARTESIAN_POINT('Ctrl Pts',(0.942381769745538,-1.34892117373958,1.1));
#6606=CARTESIAN_POINT('Ctrl Pts',(0.942381769745538,-1.34892117373958,1.11));
#6607=CARTESIAN_POINT('Ctrl Pts',(1.00305108858525,-1.26241195058849,1.1));
#6608=CARTESIAN_POINT('Ctrl Pts',(1.00305108858525,-1.26241195058849,1.11));
#6609=CARTESIAN_POINT('Ctrl Pts',(0.985176997869919,-1.14238669558129,1.1));
#6610=CARTESIAN_POINT('Ctrl Pts',(0.985176997869919,-1.14238669558129,1.11));
#6611=CARTESIAN_POINT('Ctrl Pts',(0.8942462741606,-1.09087824478922,1.1));
#6612=CARTESIAN_POINT('Ctrl Pts',(0.8942462741606,-1.09087824478922,1.11));
#6613=CARTESIAN_POINT('Ctrl Pts',(0.834269177146739,-1.09133353969841,1.1));
#6614=CARTESIAN_POINT('Ctrl Pts',(0.834269177146739,-1.09133353969841,1.11));
#6615=CARTESIAN_POINT('',(0.818598329765467,-1.37928294880085,1.1));
#6616=CARTESIAN_POINT('Ctrl Pts',(0.818598329765467,-1.37928294880085,1.1));
#6617=CARTESIAN_POINT('Ctrl Pts',(0.872482669558245,-1.38261745731881,1.1));
#6618=CARTESIAN_POINT('Ctrl Pts',(0.942381769745538,-1.34892117373958,1.1));
#6619=CARTESIAN_POINT('Ctrl Pts',(1.00305108858525,-1.26241195058849,1.1));
#6620=CARTESIAN_POINT('Ctrl Pts',(0.985176997869919,-1.14238669558129,1.1));
#6621=CARTESIAN_POINT('Ctrl Pts',(0.8942462741606,-1.09087824478922,1.1));
#6622=CARTESIAN_POINT('Ctrl Pts',(0.834269177146739,-1.09133353969841,1.1));
#6623=CARTESIAN_POINT('',(0.818598329765467,-1.37928294880085,1.11));
#6624=CARTESIAN_POINT('Ctrl Pts',(0.818598329765467,-1.37928294880085,1.11));
#6625=CARTESIAN_POINT('Ctrl Pts',(0.872482669558245,-1.38261745731881,1.11));
#6626=CARTESIAN_POINT('Ctrl Pts',(0.942381769745538,-1.34892117373958,1.11));
#6627=CARTESIAN_POINT('Ctrl Pts',(1.00305108858525,-1.26241195058849,1.11));
#6628=CARTESIAN_POINT('Ctrl Pts',(0.985176997869919,-1.14238669558129,1.11));
#6629=CARTESIAN_POINT('Ctrl Pts',(0.8942462741606,-1.09087824478922,1.11));
#6630=CARTESIAN_POINT('Ctrl Pts',(0.834269177146739,-1.09133353969841,1.11));
#6631=CARTESIAN_POINT('',(0.818598329765467,-1.37928294880085,1.1));
#6632=CARTESIAN_POINT('Origin',(0.728524802965467,-1.37928294880085,1.1));
#6633=CARTESIAN_POINT('',(0.728524802965467,-1.37928294880085,1.1));
#6634=CARTESIAN_POINT('',(0.728524802965467,-1.37928294880085,1.11));
#6635=CARTESIAN_POINT('Origin',(0.7677613383265,-1.23480634799132,1.11));
#6636=CARTESIAN_POINT('Origin',(0.7677613383265,-1.23480634799132,1.1));
#6637=UNCERTAINTY_MEASURE_WITH_UNIT(LENGTH_MEASURE(0.01),#6641,
'DISTANCE_ACCURACY_VALUE',
'Maximum model space distance between geometric entities at asserted c
onnectivities');
#6638=UNCERTAINTY_MEASURE_WITH_UNIT(LENGTH_MEASURE(0.01),#6641,
'DISTANCE_ACCURACY_VALUE',
'Maximum model space distance between geometric entities at asserted c
onnectivities');
#6639=(
GEOMETRIC_REPRESENTATION_CONTEXT(3)
GLOBAL_UNCERTAINTY_ASSIGNED_CONTEXT((#6637))
GLOBAL_UNIT_ASSIGNED_CONTEXT((#6641,#6643,#6642))
REPRESENTATION_CONTEXT('','3D')
);
#6640=(
GEOMETRIC_REPRESENTATION_CONTEXT(3)
GLOBAL_UNCERTAINTY_ASSIGNED_CONTEXT((#6638))
GLOBAL_UNIT_ASSIGNED_CONTEXT((#6641,#6643,#6642))
REPRESENTATION_CONTEXT('','3D')
);
#6641=(
LENGTH_UNIT()
NAMED_UNIT(*)
SI_UNIT(.MILLI.,.METRE.)
);
#6642=(
NAMED_UNIT(*)
SI_UNIT($,.STERADIAN.)
SOLID_ANGLE_UNIT()
);
#6643=(
NAMED_UNIT(*)
PLANE_ANGLE_UNIT()
SI_UNIT($,.RADIAN.)
);
#6644=SHAPE_DEFINITION_REPRESENTATION(#6645,#6646);
#6645=PRODUCT_DEFINITION_SHAPE('',$,#6648);
#6646=SHAPE_REPRESENTATION('',(#4001),#6639);
#6647=PRODUCT_DEFINITION_CONTEXT('part definition',#6652,'design');
#6648=PRODUCT_DEFINITION('Product','Product',#6649,#6647);
#6649=PRODUCT_DEFINITION_FORMATION('',$,#6654);
#6650=PRODUCT_RELATED_PRODUCT_CATEGORY('Product','Product',(#6654));
#6651=APPLICATION_PROTOCOL_DEFINITION('international standard',
'automotive_design',2009,#6652);
#6652=APPLICATION_CONTEXT(
'Core Data for Automotive Mechanical Design Process');
#6653=PRODUCT_CONTEXT('part definition',#6652,'mechanical');
#6654=PRODUCT('Product','Product',$,(#6653));
#6655=PRESENTATION_STYLE_ASSIGNMENT((#6658));
#6656=PRESENTATION_STYLE_ASSIGNMENT((#6659));
#6657=PRESENTATION_STYLE_ASSIGNMENT((#6660));
#6658=SURFACE_STYLE_USAGE(.BOTH.,#6661);
#6659=SURFACE_STYLE_USAGE(.BOTH.,#6662);
#6660=SURFACE_STYLE_USAGE(.BOTH.,#6663);
#6661=SURFACE_SIDE_STYLE('',(#6664));
#6662=SURFACE_SIDE_STYLE('',(#6665));
#6663=SURFACE_SIDE_STYLE('',(#6666));
#6664=SURFACE_STYLE_FILL_AREA(#6667);
#6665=SURFACE_STYLE_FILL_AREA(#6668);
#6666=SURFACE_STYLE_FILL_AREA(#6669);
#6667=FILL_AREA_STYLE('',(#6670));
#6668=FILL_AREA_STYLE('',(#6671));
#6669=FILL_AREA_STYLE('',(#6672));
#6670=FILL_AREA_STYLE_COLOUR('',#6673);
#6671=FILL_AREA_STYLE_COLOUR('',#6674);
#6672=FILL_AREA_STYLE_COLOUR('',#6675);
#6673=COLOUR_RGB('',0.866666666666667,0.866666666666667,0.866666666666667);
#6674=COLOUR_RGB('',0.329411764705882,0.329411764705882,0.329411764705882);
#6675=COLOUR_RGB('',1.,1.,1.);
ENDSEC;
END-ISO-10303-21;
